<?xml version='1.0' encoding='UTF-8'?>
<text date_d="20" date_m="10" date_y="2023" format="srv3" age_limit="0" comment_count="1000" description="What would it be like to eat a meal prepared by the best chef in China? Today we find out, as legendary Chef Tam Kwok-Fung, winner of this year’s “Chef of the Year” in the Black Pearl Restaurant Guide, treats us to an epic meal, in a restaurant that only just opened!&#10;&#10;Thanks to the Macao Government Tourism Office for sponsoring this episode - we would never have got this incredible opportunity without them.&#10;&#10;If you want to be wowed by Chef Tam's cooking like we were:&#10;https://www.wynnresortsmacau.com/en/wynn-palace/dining/chef-tams-seasons&#10;&#10;Thanks again to Macao News for their brilliant help with this production!&#10;&#10;Check out our latest JOLLY merch at http://getjolly.store&#10;&#10;Click here to buy Josh's bestselling autobiography! https://amzn.eu/d/73xtwcy&#10;&#10;Hit join and become a Jollybean member to join us in our members-only livestreams:&#10;https://www.youtube.com/jolly/join&#10;&#10;Special thanks to our Jollybean VIPs for supporting us in making this video!&#10;&#10;Kyle Ann&#10;TIFFANY JACOBS&#10;Johnathon Randle&#10;Li Winslow&#10;Bettie Meier&#10;Claim2Game (a.k.a isaiah gollan 20)&#10;James Wilson&#10;63angel&#10;Florian Adamek&#10;Raileigh GJ&#10;tralalaladee&#10;Vicky Bham&#10;Jamedalamus&#10;David Whitener&#10;Reilly Willoughby&#10;12rose3&#10;Julian Leung&#10;Yun Lim&#10;Laykan Dowdy&#10;heather owen&#10;CitrusQuill&#10;Gloria Kwon&#10;lira12tan&#10;Andi526" fulltitle="#1 Chef in China cooked for us… and it was insane." like_count="43825" location="na" playlist_title="na" release_date="na" upload_date="20231020" repost_count="na" tags="JOLLY; josh; ollie; British; UK; English; englishman; comedy; duo; food; react; try; tries; best; weirdest; craziest; series; online; guest; memes; Gentleman; Brits; international; spicy; spiciest; hottest; noodles; snacks; fast food; best friends; infinite possibilities; gabie; kook; carrott; kendal; review; taste; test; steven lim; watcher; travel; sorted food; highschoolers; meme; tiktok; weird; rappers; actually good; paris; london; L.A.; mcdonalds; michelin; crazy; asmr; mukbang; nyc; new york; city; american; biscuits; gravy; southern; " title="#1 Chef in China cooked for us… and it was insane." uploader="JOLLY" view_count="1071148" webpage_url="https://www.youtube.com/watch?v=qcnm0qMujE0" autocaption="false">
  <p time="160" is_ac="false">This is the best Chinese chef in 2023.</p>
  <p time="3040" is_ac="false">What?</p>
  <p time="3560" is_ac="false">Oh my gosh.</p>
  <p time="7880" is_ac="false">Wow.</p>
  <p time="9480" is_ac="false">You're a genius.</p>
  <p time="10680" is_ac="false">One in a billion.</p>
  <p time="11800" is_ac="false">One in a billion.</p>
  <p time="12880" is_ac="false">Absolutely incredible.</p>
  <p time="14360" is_ac="false">Here we go.</p>
  <p time="15640" is_ac="false">We are in a restaurant.</p>
  <p time="17040" is_ac="false">I don't even believe is open yet.</p>
  <p time="18960" is_ac="false">They've opened it especially for us.</p>
  <p time="20640" is_ac="false">Can we talk about the gondola,</p>
  <p time="22960" is_ac="false">that we had to get in to get to this restaurant.</p>
  <p time="25360" is_ac="false">It went over a literal performing lake,</p>
  <p time="28120" is_ac="false">that they turned on, just for us.</p>
  <p time="29960" is_ac="false">The Head Chef, Chef Tam literally won
the Best Chef in all of China Award.</p>
  <p time="35160" is_ac="false">In all of China?</p>
  <p time="36240" is_ac="false">That's like a billion people.</p>
  <p time="38711" is_ac="false">Chef Tam is a one in a billion.</p>
  <p time="39920" is_ac="false">He's a one in a billion.</p>
  <p time="41400" is_ac="false">Oh gosh, first dish already.</p>
  <p time="43120" is_ac="false">That looks like it's a crab.</p>
  <p time="44360" is_ac="false">This is our appetiser.</p>
  <p time="46117" is_ac="false">We used local crab meat.</p>
  <p time="47360" is_ac="false">Mushroom and onion.</p>
  <p time="48640" is_ac="false">Stuffed in the crab shell.</p>
  <p time="50280" is_ac="false">That's in a crab head.</p>
  <p time="51280" is_ac="false">But that's not all crab.</p>
  <p time="52880" is_ac="false">It's heavy.</p>
  <p time="53440" is_ac="false">Feel how heavy that is.</p>
  <p time="56074" is_ac="false">- Oh, it's very heavy
- It's spiky.</p>
  <p time="57600" is_ac="false">I don't even know how you lifted it.</p>
  <p time="58720" is_ac="false">Well I pincered it like a crab.</p>
  <p time="61600" is_ac="false">Oh my gosh.</p>
  <p time="65240" is_ac="false">Is that cheese?</p>
  <p time="65920" is_ac="false">Crispy layer on top soft in the middle.</p>
  <p time="68440" is_ac="false">Oh the crap meat.</p>
  <p time="69760" is_ac="false">The thing is top of a macaroni cheese,</p>
  <p time="72400" is_ac="false">is one of the best things in the world, right?</p>
  <p time="74320" is_ac="false">Okay, that's not what it is.</p>
  <p time="87920" is_ac="false">Wow.</p>
  <p time="88440" is_ac="false">Wow.</p>
  <p time="91080" is_ac="false">It does taste like macaroni cheese with crab in.</p>
  <p time="94240" is_ac="false">The crab is so fresh</p>
  <p time="95960" is_ac="false">This is the second thing we've 
been served in a crab head.</p>
  <p time="99040" is_ac="false">And it is incredible.</p>
  <p time="100840" is_ac="false">Mate, I finished mine.</p>
  <p time="102720" is_ac="false">Flippen polished that off.</p>
  <p time="104280" is_ac="false">That was incredible.</p>
  <p time="105920" is_ac="false">I want someone to validate my macaroni cheese.</p>
  <p time="107920" is_ac="false">I've sat in the perfect spot today.</p>
  <p time="110460" is_ac="false">Yeah, Luke is just going to slide on over.</p>
  <p time="113080" is_ac="false">It's craboroni cheese.</p>
  <p time="114640" is_ac="false">No, don't say that.</p>
  <p time="116320" is_ac="false">I think that's cheese.</p>
  <p time="117720" is_ac="false">Yeah but it's not macaroni.</p>
  <p time="119160" is_ac="false">No it's not macaroni.</p>
  <p time="121440" is_ac="false">Oh, Chef Tam.</p>
  <p time="123000" is_ac="false">Hi.</p>
  <p time="123640" is_ac="false">Thank you for having us.</p>
  <p time="124320" is_ac="false">That was incredible.</p>
  <p time="126880" is_ac="false">It was amazing.</p>
  <p time="128240" is_ac="false">Is there cheese in that?</p>
  <p time="129740" is_ac="false">Um...</p>
  <p time="130520" is_ac="false">No cheese.</p>
  <p time="131200" is_ac="false">- No cheese!
- What?</p>
  <p time="132840" is_ac="false">I called it.</p>
  <p time="133640" is_ac="false">It's a mixture of egg yolk 
and good quality butter.</p>
  <p time="136920" is_ac="false">Butter!</p>
  <p time="137991" is_ac="false">Which is why it tasted so creamy.</p>
  <p time="139560" is_ac="false">Yes, yes.</p>
  <p time="139960" is_ac="false">Chef Tam, I've heard that 
you're the best chef in China.</p>
  <p time="142960" is_ac="false">Congratulations!</p>
  <p time="143977" is_ac="false">- Yeah, it's amazing!
- Congratulations!</p>
  <p time="145280" is_ac="false">Not to put you on the spot but 
congratulations on that award.</p>
  <p time="147400" is_ac="false">That is amazing.</p>
  <p time="148360" is_ac="false">What is this.</p>
  <p time="149440" is_ac="false">It is bone marrow from big size of sturgeon.</p>
  <p time="154160" is_ac="false">Sturgeon?</p>
  <p time="155120" is_ac="false">Fish bone marrow.</p>
  <p time="156320" is_ac="false">Try it out in the soup.</p>
  <p time="158480" is_ac="false">Okay, okay.</p>
  <p time="160640" is_ac="false">The next dish is a soup you've made.</p>
  <p time="162960" is_ac="false">This. Wow.</p>
  <p time="164320" is_ac="false">It's beautiful.</p>
  <p time="165560" is_ac="false">Wow.</p>
  <p time="166080" is_ac="false">Wow.</p>
  <p time="167240" is_ac="false">After cooking, this is what it looks like.</p>
  <p time="169400" is_ac="false">Some chicken?</p>
  <p time="170000" is_ac="false">Chicken, no it's not chicken.</p>
  <p time="172428" is_ac="false">- What's this?
- Very nice, you know, poultry.</p>
  <p time="173520" is_ac="false">- Poultry.
- It's poultry. What is it?</p>
  <p time="178160" is_ac="false">Is it pigeon?</p>
  <p time="179240" is_ac="false">Not pigeon.</p>
  <p time="181920" is_ac="false">It's a mystery?</p>
  <p time="182920" is_ac="false">Yeah, it's a mystery.</p>
  <p time="183840" is_ac="false">Okay.</p>
  <p time="184880" is_ac="false">- Do you know?
- Mystery meat.</p>
  <p time="187636" is_ac="false">- I know.
- He knows.</p>
  <p time="189454" is_ac="false">Yeah, it's a fixed menu.</p>
  <p time="189478" is_ac="false">- Thank you so much.
- Thank you Chef Tam.</p>
  <p time="191598" is_ac="false">- This is amazing.
- Amazing.</p>
  <p time="193118" is_ac="false">- Wow, I love him.
- I love him.</p>
  <p time="195078" is_ac="false">I absolutely love Chef Tam.</p>
  <p time="196400" is_ac="false">I'm a fan of him.</p>
  <p time="197480" is_ac="false">I'm a tambourine.</p>
  <p time="199560" is_ac="false">Okay, is that what you are calling his fans?</p>
  <p time="201840" is_ac="false">Look at that.</p>
  <p time="202640" is_ac="false">It's almost like gelatinous on the outside.</p>
  <p time="205200" is_ac="false">This is the first time I've 
actually looked it in the eye.</p>
  <p time="208360" is_ac="false">You scared?</p>
  <p time="217520" is_ac="false">How do you bite through it?</p>
  <p time="220440" is_ac="false">With some difficulty.</p>
  <p time="224800" is_ac="false">Very gelatinous on the outside.</p>
  <p time="228200" is_ac="false">Extremely chewy on the inside.</p>
  <p time="229840" is_ac="false">Almost like rubber.</p>
  <p time="231400" is_ac="false">Yeah, I don't love it.</p>
  <p time="232520" is_ac="false">Okay.</p>
  <p time="236840" is_ac="false">Sorry, I swallowed a big bit of it and I gagged.</p>
  <p time="239720" is_ac="false">Are you meant to eat that?</p>
  <p time="241040" is_ac="false">Yeah, surely.</p>
  <p time="241620" is_ac="false">- You sure it's not are you sure it's not flavour.
- He gave it to us.</p>
  <p time="243280" is_ac="false">No, of course I'm not sure.</p>
  <p time="246680" is_ac="false">It's my first time ever eating it.</p>
  <p time="248720" is_ac="false">This,</p>
  <p time="250520" is_ac="false">Oh my gosh, are you okay?</p>
  <p time="252840" is_ac="false">I'm trying to keep a straight face.</p>
  <p time="254800" is_ac="false">Chef Tam was right there,</p>
  <p time="256100" is_ac="false">- and he's a really sweet man.
- Is he there?</p>
  <p time="257680" is_ac="false">No, he's gone. x3</p>
  <p time="259560" is_ac="false">He was just there a second ago.</p>
  <p time="261680" is_ac="false">Where are you looking?</p>
  <p time="262560" is_ac="false">I don't want Chef Tam to see me.</p>
  <p time="263880" is_ac="false">Okay, okay.</p>
  <p time="266320" is_ac="false">Don't know what poultry that is, but it's nice.</p>
  <p time="268600" is_ac="false">Is that quail?</p>
  <p time="269600" is_ac="false">Or pheasant?</p>
  <p time="271360" is_ac="false">Could be pheasant.</p>
  <p time="272280" is_ac="false">Bone marrow, very unique texture.</p>
  <p time="275520" is_ac="false">Very.</p>
  <p time="277360" is_ac="false">I don't love that but if 
Chef Tam tells you to eat it,</p>
  <p time="280080" is_ac="false">- Yeah.
- One in a billion Chef.</p>
  <p time="281480" is_ac="false">- True.
- I kind of trust his opinion over my own.</p>
  <p time="285400" is_ac="false">You doubt your own taste buds.</p>
  <p time="286840" is_ac="false">I'm wrong.</p>
  <p time="288200" is_ac="false">Wow.</p>
  <p time="291080" is_ac="false">Wow.</p>
  <p time="291800" is_ac="false">This is more of a Chinese classic.</p>
  <p time="294440" is_ac="false">Wow, this is more familiar.</p>
  <p time="295680" is_ac="false">- I thought that was sauce.
- It's mantou.</p>
  <p time="297360" is_ac="false">- I thought that was actually sauce.
- You that was a pile of sauce.</p>
  <p time="301591" is_ac="false">You just picked it up.</p>
  <p time="302120" is_ac="false">It's mantou.</p>
  <p time="302704" is_ac="false">- Is it bread?
- This is very common in more northern China.</p>
  <p time="305320" is_ac="false">Sometimes you just dip it in condensed milk.</p>
  <p time="308280" is_ac="false">Beautiful.</p>
  <p time="309080" is_ac="false">Look at this.</p>
  <p time="310840" is_ac="false">Oh, that's different.</p>
  <p time="311840" is_ac="false">That's really different from 
from Beijing style duck.</p>
  <p time="313800" is_ac="false">- Smoky.
- Alright, let's do it.</p>
  <p time="327120" is_ac="false">It's smoky.</p>
  <p time="328000" is_ac="false">Really Smoky.</p>
  <p time="329120" is_ac="false">Little bit fatty for the flavour.</p>
  <p time="330480" is_ac="false">- It's not dry at all.
- Really lean.</p>
  <p time="332320" is_ac="false">Really juicy.</p>
  <p time="333240" is_ac="false">Bit of mantou.</p>
  <p time="335680" is_ac="false">Oh that takes me straight back.</p>
  <p time="338440" is_ac="false">Wow.</p>
  <p time="339720" is_ac="false">Growing up in China, I absolutely love this stuff.</p>
  <p time="343680" is_ac="false">Wow that's like eating a cloud.</p>
  <p time="346080" is_ac="false">But crispy, like crunch on the outside, right?</p>
  <p time="348680" is_ac="false">It's my favorite thing.</p>
  <p time="349960" is_ac="false">Super soft in the middle.</p>
  <p time="351080" is_ac="false">Easily my favourite thing.</p>
  <p time="351840" is_ac="false">The British guy.</p>
  <p time="352440" is_ac="false">The one beige item on the 
menu, his favourite thing.</p>
  <p time="356040" is_ac="false">So this restaurant is based around 24 Luna terms.</p>
  <p time="359720" is_ac="false">They have a seasonal menu 
which changes every 2 weeks.</p>
  <p time="363760" is_ac="false">That's intense.</p>
  <p time="364560" is_ac="false">That's like constantly new recipes, new dishes.</p>
  <p time="367472" is_ac="false">I mean, I don't change the things I cook at home.</p>
  <p time="369520" is_ac="false">You don't change your clothes every two weeks.</p>
  <p time="372640" is_ac="false">Sorry, sorry that's harsh.</p>
  <p time="374160" is_ac="false">Oh no, accurate.</p>
  <p time="379520" is_ac="false">I saw this.</p>
  <p time="380480" is_ac="false">We saw this on a restaurant menu outside.</p>
  <p time="382620" is_ac="false">- When we're walking last night.
- Walking around outside last night.</p>
  <p time="384920" is_ac="false">And I was like what is that I've 
never seen anything like that before.</p>
  <p time="388000" is_ac="false">I have no idea what the answer is is still.</p>
  <p time="390080" is_ac="false">This course is baked abalone and sea cucumber.</p>
  <p time="393240" is_ac="false">Okay, so, is is sea cucumber a fruit?</p>
  <p time="395200" is_ac="false">No, no, no, no, no.</p>
  <p time="396720" is_ac="false">No, no, no, no, no.</p>
  <p time="397960" is_ac="false">It's a living sea creature.</p>
  <p time="399760" is_ac="false">- That looks a bit like a...
- Like a...</p>
  <p time="402600" is_ac="false">I wasn't going to say that.</p>
  <p time="403840" is_ac="false">Didn't say that.</p>
  <p time="404720" is_ac="false">I feel like maybe,</p>
  <p time="405835" is_ac="false">he lured us into a false sense of security,</p>
  <p time="407640" is_ac="false">- with the last dish.
- Yes, definitely did.</p>
  <p time="409120" is_ac="false">Chef Tam, he's like these guys are too loud.</p>
  <p time="414440" is_ac="false">How can I shut them up.</p>
  <p time="415440" is_ac="false">Well it looks like an egg.</p>
  <p time="417160" is_ac="false">It's quite confusing</p>
  <p time="424120" is_ac="false">Gosh.</p>
  <p time="425240" is_ac="false">That's abalone.</p>
  <p time="429080" is_ac="false">Okay. It's kind of like a gelatinous flavour.</p>
  <p time="432440" is_ac="false">I don't love abalone.</p>
  <p time="434480" is_ac="false">Almost like liver.</p>
  <p time="435560" is_ac="false">Not helping.</p>
  <p time="436640" is_ac="false">I quite like that.</p>
  <p time="437640" is_ac="false">I am not a fan.</p>
  <p time="438860" is_ac="false">- No?
- No.</p>
  <p time="440360" is_ac="false">That was difficult to get down.</p>
  <p time="442080" is_ac="false">Oh wow this sea cucumber texture is very unique.</p>
  <p time="446280" is_ac="false">It's literally like jelly.</p>
  <p time="452320" is_ac="false">Mmh!</p>
  <p time="453720" is_ac="false">Oh.</p>
  <p time="454280" is_ac="false">That actually tastes really good.</p>
  <p time="456200" is_ac="false">Wow.</p>
  <p time="456680" is_ac="false">Texture.</p>
  <p time="458640" is_ac="false">Weird.</p>
  <p time="460040" is_ac="false">Super weird. But the taste...</p>
  <p time="462040" is_ac="false">I mean the texture, just tastes like,</p>
  <p time="463760" is_ac="false">it honestly just tastes like pork or beef fat.</p>
  <p time="466040" is_ac="false">When it's been properly cooked.</p>
  <p time="467560" is_ac="false">Super soft.</p>
  <p time="468320" is_ac="false">Super soft.</p>
  <p time="468920" is_ac="false">Not quite buttery.</p>
  <p time="470880" is_ac="false">Almost like jelly.</p>
  <p time="472640" is_ac="false">Okay, Luke, sea cucumber.</p>
  <p time="474760" is_ac="false">I think you need to try this.</p>
  <p time="475840" is_ac="false">The texture is going to freak you out.</p>
  <p time="477920" is_ac="false">It's good.</p>
  <p time="478720" is_ac="false">It's not even that fishy it's just...</p>
  <p time="482600" is_ac="false">The texture is like.</p>
  <p time="488480" is_ac="false">You don't like it?</p>
  <p time="489520" is_ac="false">The texture is...</p>
  <p time="490560" is_ac="false">- Challenging?
- ...not for me.</p>
  <p time="492280" is_ac="false">It feels like it's just moving 
around my mouth by itself.</p>
  <p time="496720" is_ac="false">It feels like it's got a mind of its own.</p>
  <p time="499560" is_ac="false">You're going to enjoy different main courses.</p>
  <p time="502320" is_ac="false">Oh, hello.</p>
  <p time="503920" is_ac="false">We've never ever had this.</p>
  <p time="505840" is_ac="false">Ever on the channel.</p>
  <p time="506720" is_ac="false">No one has like seen our responses to everything,</p>
  <p time="509400" is_ac="false">and been like we're going to give 
them two different main courses,</p>
  <p time="512454" is_ac="false">- That's amazing
- To suit their individual palates.</p>
  <p time="514320" is_ac="false">This rice is from Nepal.</p>
  <p time="515797" is_ac="false">On the tope is the tri-tip beef.</p>
  <p time="519280" is_ac="false">Ollie, these are your noodle.</p>
  <p time="520600" is_ac="false">We call it wonton skin noodles.</p>
  <p time="522760" is_ac="false">Wonton noodles, that's going to be good.</p>
  <p time="525040" is_ac="false">Let's go beef first.</p>
  <p time="526000" is_ac="false">Let's do it.</p>
  <p time="526360" is_ac="false">It's very conveniently two big chunks of beef.</p>
  <p time="531320" is_ac="false">Cheers mate.</p>
  <p time="541600" is_ac="false">Beef is marinated so it's super soft.</p>
  <p time="544520" is_ac="false">The rice though.</p>
  <p time="545280" is_ac="false">- The rice is unlike any rice I've ever had.
- That sauce.</p>
  <p time="547920" is_ac="false">We are getting so spoiled.</p>
  <p time="549720" is_ac="false">Wonton noodles just with so much crab meat,</p>
  <p time="551880" is_ac="false">That it looks like it's more crab 
meat with some wonton noodles.</p>
  <p time="561480" is_ac="false">Oh, wow.</p>
  <p time="563840" is_ac="false">Oh, wow.</p>
  <p time="565640" is_ac="false">Oh that's incredible, the texture of the wonton.</p>
  <p time="568960" is_ac="false">Oh Chef Tam.</p>
  <p time="570000" is_ac="false">This is incredible.</p>
  <p time="571680" is_ac="false">You are one in a billion.</p>
  <p time="573280" is_ac="false">Amazing. Genuinely amazing.</p>
  <p time="575600" is_ac="false">This is the menu.</p>
  <p time="576800" is_ac="false">- This is the menu?
- Okay.</p>
  <p time="578500" is_ac="false">Is this what we tried?</p>
  <p time="579600" is_ac="false">What was the tiny bird?</p>
  <p time="581760" is_ac="false">What was the tiny bird?</p>
  <p time="582840" is_ac="false">- Partridge!
- Partridge!</p>
  <p time="583950" is_ac="false">It was a partridge.</p>
  <p time="585720" is_ac="false">Thank you so much.</p>
  <p time="586640" is_ac="false">Thank you so much for hosting us.</p>
  <p time="588240" is_ac="false">- This has been incredible.
- You're amazing.</p>
  <p time="589840" is_ac="false">Char siu.</p>
  <p time="593000" is_ac="false">Chef Tam prepared this for you.</p>
  <p time="594800" is_ac="false">Oh this is my favourite.</p>
  <p time="604240" is_ac="false">You find it all over Southern Chinese cuisine.</p>
  <p time="606760" is_ac="false">The bottom half of that tastes like sea cucumber.</p>
  <p time="609440" is_ac="false">It is a fatty texture.</p>
  <p time="611240" is_ac="false">That might be the best char siu I've ever had.</p>
  <p time="614160" is_ac="false">Luke, try that.</p>
  <p time="615160" is_ac="false">You had char siu for breakfast this morning.</p>
  <p time="617080" is_ac="false">That is going to put in to shame.</p>
  <p time="621880" is_ac="false">I could have that every 
morning, without a question.</p>
  <p time="625080" is_ac="false">My dad is going to watch this video,</p>
  <p time="626480" is_ac="false">and he's going to be livid.</p>
  <p time="628120" is_ac="false">Once again Daryl.</p>
  <p time="629640" is_ac="false">I'm so sorry, but it is an 
honor to be here in your place.</p>
  <p time="632400" is_ac="false">That's the best char siu you I've ever had.</p>
  <p time="635193" is_ac="false">It's a privilege to bring you here, son.</p>
  <p time="636960" is_ac="false">Okay.</p>
  <p time="638280" is_ac="false">I love a dessert.</p>
  <p time="639600" is_ac="false">I love a dessert.</p>
  <p time="641480" is_ac="false">Ooh!</p>
  <p time="643160" is_ac="false">Oh, no.</p>
  <p time="644000" is_ac="false">What do you mean, "Oh no"?</p>
  <p time="645680" is_ac="false">Is it bone marrow?</p>
  <p time="646720" is_ac="false">No, it's not bone marrow.</p>
  <p time="648200" is_ac="false">This one is snow pear.</p>
  <p time="649960" is_ac="false">On the top, it's the bird's nest.</p>
  <p time="651400" is_ac="false">And the other dish is crispy walnut custard.</p>
  <p time="654240" is_ac="false">Chef used the fresh walnut,</p>
  <p time="655880" is_ac="false">and then deep fried,</p>
  <p time="657480" is_ac="false">to make it crispy on the 
outside and soft on the inside.</p>
  <p time="661040" is_ac="false">What?</p>
  <p time="662200" is_ac="false">Walnut custard.</p>
  <p time="663280" is_ac="false">Oh my gosh.</p>
  <p time="664187" is_ac="false">- It's hot.
- Crispy outer layer, it's hot.</p>
  <p time="668160" is_ac="false">Oh, wow.</p>
  <p time="669720" is_ac="false">Oh, I dropped mine in.</p>
  <p time="670760" is_ac="false">No one saw, no one saw.</p>
  <p time="675800" is_ac="false">I'm going to save that for the last bite.</p>
  <p time="677480" is_ac="false">Oh my gosh, that's incredible.</p>
  <p time="680280" is_ac="false">Oh my gosh.</p>
  <p time="680840" is_ac="false">What the heck is Walnut custard?</p>
  <p time="682200" is_ac="false">That tastes amazing.</p>
  <p time="683520" is_ac="false">What the heck is superior bird's nest?</p>
  <p time="685560" is_ac="false">About to find out.</p>
  <p time="686440" is_ac="false">What the heck is regular bird's nest?</p>
  <p time="694560" is_ac="false">Wow.</p>
  <p time="696520" is_ac="false">What?</p>
  <p time="698400" is_ac="false">Tastes like hot pear flavoured jelly.</p>
  <p time="701840" is_ac="false">Michelin style pear Boba.</p>
  <p time="704640" is_ac="false">Right, it's kind of reminiscent, 
the combination of textures.</p>
  <p time="707440" is_ac="false">Wow. Oh Chef.</p>
  <p time="709920" is_ac="false">You're good with the menu today?</p>
  <p time="711660" is_ac="false">- Oh cheers to you.
- Amazing.</p>
  <p time="713880" is_ac="false">Cheers to Chef Tam.</p>
  <p time="715320" is_ac="false">This was incredible.</p>
  <p time="716180" is_ac="false">- The whole menu was really really amazing.
- You're a genius.</p>
  <p time="719560" is_ac="false">One in a billion.</p>
  <p time="720680" is_ac="false">One in a billion.</p>
  <p time="721720" is_ac="false">Absolutely incredible.</p>
  <p time="723040" is_ac="false">Thank you for your compliment.</p>
  <p time="725520" is_ac="false">Yes, actually we hope everyone 
who visits us in the restaurant,</p>
  <p time="732120" is_ac="false">they're going to have a good experience.</p>
  <p time="735040" is_ac="false">There were some dishes which were very new to us.</p>
  <p time="737160" is_ac="false">Like the sea cucumber very strange texture.</p>
  <p time="739680" is_ac="false">Yeah.</p>
  <p time="740200" is_ac="false">But even if it's new, I mean, it's 
still such an incredible experience.</p>
  <p time="745200" is_ac="false">I didn't like the bone marrow.</p>
  <p time="746760" is_ac="false">I'm sorry.</p>
  <p time="748880" is_ac="false">Do you like it?</p>
  <p time="750720" is_ac="false">Like Jell-o.</p>
  <p time="752140" is_ac="false">Yeah.</p>
  <p time="753320" is_ac="false">I'll look forward to serving you again.</p>
  <p time="754820" is_ac="false">- Oh, please.
- I would love to come back.</p>
  <p time="756960" is_ac="false">Next time, you know, for dimsum?</p>
  <p time="758600" is_ac="false">- Yes, please!
- Oh!</p>
  <p time="760558" is_ac="false">- I mean are we busy tomorrow?
- For lunch?</p>
  <p time="764120" is_ac="false">I'm a proper Tambourine.</p>
  <p time="766720" is_ac="false">Mate, just so happy to be here with you man.</p>
  <p time="769440" is_ac="false">Aww.</p>
  <p time="769780" is_ac="false">- Love you.
- You too man.</p>
  <p time="771280" is_ac="false">This is the best job in the world.</p>
  <p time="772760" is_ac="false">Thank you guys for watching.</p>
  <p time="774680" is_ac="false">See you JOLLY soon.</p>
  <p time="776680" is_ac="false">Cheers.</p>
</text>
