<?xml version='1.0' encoding='UTF-8'?>
<text date_d="25" date_m="2" date_y="2023" format="srv3" age_limit="0" comment_count="2500" description="🎥  WATCH OUR MAIN CHANNEL » http://bit.ly/BestEverFoodReviewShow&#10;&#10;Location 1: R&amp;B's Steak and Fries&#10;Address: 2730 E Cesar Chavez St, Austin, TX 78702, United States&#10;Website: https://www.rnbssteakandfries.com/&#10;&#10;Location 2: Burro Cheese&#10;Address: 75 Rainey St, Austin, TX 78701, United States&#10;Website: http://www.burrocheesekitchen.com/ &#10;&#10;Location 3: Crimson Creek Smokehouse&#10;Address: 2250 US-290, Dripping Springs, TX 78620, United States&#10;Link: http://crimsoncreekbbq.com/&#10;&#10;Follow us on Instagram: &#10;📷 Sonny Side: @besteverfoodreviewshow&#10;- - - - - - - - - - - - - - - - -&#10;🎬CREDITS:&#10;VIDEO EDITOR » Hà Nhật Linh&#10;LOCAL PRODUCERS  » Chanda (IG: @feedmerightmau) &#10;CAMERA OPERATOR » Wife" fulltitle="$10 vs $125 Food Truck Food in Austin, Texas!!" like_count="99355" location="na" playlist_title="na" release_date="na" upload_date="20230225" repost_count="na" tags="foodtravel; foodieadventures; foodexplorer; travelingchef; foodietraveler; culinaryjourney; globaleats; foodculture; localcuisine; foodporn; travelvlog; foodvlog; foodandtravel; foodietravelguide; foodietraveller; " title="$10 vs $125 Food Truck Food in Austin, Texas!!" uploader="More Best Ever Food Review Show" view_count="7742662" webpage_url="https://www.youtube.com/watch?v=Zlzi7tsrrh4" autocaption="true">
  <p time="0" is_ac="true">in this video oh that looks delicious</p>
  <p time="3060" is_ac="true">we're going deep in Austin Texas so I'm</p>
  <p time="5160" is_ac="true">so tempted to take this down right now</p>
  <p time="6540" is_ac="true">but I would like to go to the bathroom</p>
  <p time="7740" is_ac="true">within the next six days discovering</p>
  <p time="9480" is_ac="true">food truck food you've never seen before</p>
  <p time="11099" is_ac="true">to me if you smoke it at a lower</p>
  <p time="13019" is_ac="true">temperature it's just all the flavor you</p>
  <p time="15000" is_ac="true">smoke a brisket because you want the</p>
  <p time="16680" is_ac="true">flavor you want the smoke you're gonna</p>
  <p time="18000" is_ac="true">get the smoke I like that you're gonna</p>
  <p time="19440" is_ac="true">get the smokes that sounds uh roughly</p>
  <p time="21720" is_ac="true">Like A Veiled Threat you're about to get</p>
  <p time="23460" is_ac="true">the smokes</p>
  <p time="25920" is_ac="true">we already made one food truck video</p>
  <p time="27599" is_ac="true">here in Austin and you guys loved it</p>
  <p time="29460" is_ac="true">check it out 90 billion views way better</p>
  <p time="31619" is_ac="true">than Mr Beast actually so we thought hey</p>
  <p time="33480" is_ac="true">why not make another one what blows me</p>
  <p time="34920" is_ac="true">away about the food truck scene here is</p>
  <p time="36480" is_ac="true">that there's just so much variety sure</p>
  <p time="38219" is_ac="true">New York has a lot of food trucks like</p>
  <p time="39780" is_ac="true">89 of them are Halal and this fall</p>
  <p time="41520" is_ac="true">fraction of those people will flick you</p>
  <p time="42899" is_ac="true">off if you try to film that that</p>
  <p time="43980" is_ac="true">happened to me it would have hurt my</p>
  <p time="45180" is_ac="true">feelings except I don't have any</p>
  <p time="47640" is_ac="true">in Austin it's not just about the sheer</p>
  <p time="49559" is_ac="true">quantity of food trucks it's about the</p>
  <p time="51360" is_ac="true">variety fooled from every nation people</p>
  <p time="53160" is_ac="true">coming from Venezuela people coming from</p>
  <p time="55079" is_ac="true">Mexico that's how you say Mexico in</p>
  <p time="56699" is_ac="true">Spanish folks from Asia or American food</p>
  <p time="58620" is_ac="true">crossed with other food it shouldn't</p>
  <p time="59760" is_ac="true">even be crossed with are you ready for a</p>
  <p time="61320" is_ac="true">wild food truck here in Austin Texas no</p>
  <p time="63660" is_ac="true">oh I was expecting you to say yes</p>
  <p time="66790" is_ac="true">[Music]</p>
  <p time="71280" is_ac="true">behind me we have our first location</p>
  <p time="72780" is_ac="true">this is rmv's steak and fries two</p>
  <p time="75420" is_ac="true">brothers originally from New Jersey came</p>
  <p time="77280" is_ac="true">all the way here to Austin Texas to</p>
  <p time="79080" is_ac="true">bring locals cheese sticks here's how it</p>
  <p time="81000" is_ac="true">works you build your own sandwich and</p>
  <p time="82560" is_ac="true">you get to choose your own cheese</p>
  <p time="83640" is_ac="true">there's American there's provolone</p>
  <p time="85140" is_ac="true">orders cheese whiz and this is where I'm</p>
  <p time="87540" is_ac="true">stuck already they say classic is the</p>
  <p time="89159" is_ac="true">cheese whiz but cheese whiz just feels</p>
  <p time="90780" is_ac="true">so white trashy like it doesn't contain</p>
  <p time="92460" is_ac="true">any dairy products I think it's just oil</p>
  <p time="94080" is_ac="true">and flavoring well hold on at my core I</p>
  <p time="96360" is_ac="true">am white trash so I should get cheese</p>
  <p time="97680" is_ac="true">whiz right and then they have provolone</p>
  <p time="99119" is_ac="true">and I love provolone uh I'm gonna have</p>
  <p time="100979" is_ac="true">to ask them inside I'm not sure let's go</p>
  <p time="102540" is_ac="true">for it</p>
  <p time="104360" is_ac="true">foreign</p>
  <p time="106759" is_ac="true">on right here and I have to ask you when</p>
  <p time="109560" is_ac="true">you build the sandwich the first and</p>
  <p time="111240" is_ac="true">most important decision is what kind of</p>
  <p time="112560" is_ac="true">cheese to put on it correct correct I</p>
  <p time="114060" is_ac="true">love provolone cheese whiz the white</p>
  <p time="117299" is_ac="true">trash part of me is like you should get</p>
  <p time="118860" is_ac="true">the chemical cheese from a can and then</p>
  <p time="120479" is_ac="true">the part of me who is so respectable and</p>
  <p time="122280" is_ac="true">culinary Ambassador for the world is</p>
  <p time="124020" is_ac="true">like probably going provolone I think</p>
  <p time="125640" is_ac="true">what you should do is get provolone</p>
  <p time="127380" is_ac="true">cheese on it and then we'll hit it with</p>
  <p time="128819" is_ac="true">a little whiz drizzle and get you a</p>
  <p time="130259" is_ac="true">little bit of everything flavor yeah all</p>
  <p time="132060" is_ac="true">right whiz drizzle like won my white</p>
  <p time="133739" is_ac="true">page when I leave on the toilet seat</p>
  <p time="135420" is_ac="true">sorry I decided about the Wiz drizzle</p>
  <p time="137640" is_ac="true">I'd like your idealist if you find the</p>
  <p time="139080" is_ac="true">cheeses and uh let's get started I'm</p>
  <p time="140520" is_ac="true">gonna grab my meat and get started some</p>
  <p time="142319" is_ac="true">people don't know that the industry's</p>
  <p time="143640" is_ac="true">standard on meat giving at a Cheesesteak</p>
  <p time="145379" is_ac="true">spot is four ounces we Pump It Up four</p>
  <p time="147840" is_ac="true">and a half that meat kind of broken up</p>
  <p time="150080" is_ac="true">100 Texas grade a bean a little bit of a</p>
  <p time="154319" is_ac="true">seasoning we got a little bit of black</p>
  <p time="156000" is_ac="true">pepper got a caramelized onions over</p>
  <p time="158040" is_ac="true">here also we've got our mushrooms as</p>
  <p time="160319" is_ac="true">well there's also that fresh jalapeno</p>
  <p time="162840" is_ac="true">that gives it that perfect spice yeah</p>
  <p time="164640" is_ac="true">this looks fantastic</p>
  <p time="168180" is_ac="true">let's get that problem popping a nice</p>
  <p time="170580" is_ac="true">sharp provolone cheese just to do the</p>
  <p time="172680" is_ac="true">trick hit it with one more little spray</p>
  <p time="174420" is_ac="true">of water just to make sure it's nice and</p>
  <p time="176160" is_ac="true">cleaned up and then cover that up</p>
  <p time="177480" is_ac="true">anytime let me check this whiz and make</p>
  <p time="179640" is_ac="true">sure this whiz is where we want it to be</p>
  <p time="181260" is_ac="true">now you're with Drizzle sunny but are</p>
  <p time="182959" is_ac="true">I'm just gonna slide that right in there</p>
  <p time="185400" is_ac="true">like that oh yeah all right are you</p>
  <p time="188220" is_ac="true">ready for this drizzle my friend yes oh</p>
  <p time="190319" is_ac="true">what is drizzle oh yeah just get a nice</p>
  <p time="193019" is_ac="true">little cut in that funny this is your</p>
  <p time="194879" is_ac="true">provolone whiz drizzle onion jalapeno</p>
  <p time="197760" is_ac="true">mushroom and it's ready for you to</p>
  <p time="199260" is_ac="true">devour it glorious come on check it out</p>
  <p time="201599" is_ac="true">right here this is a lot of food let's</p>
  <p time="203280" is_ac="true">start with this right here Philly</p>
  <p time="204599" is_ac="true">cheesesteak fries until these are</p>
  <p time="206159" is_ac="true">award-winning loaded fries and they look</p>
  <p time="208319" is_ac="true">gorgeous you can see that mushrooms the</p>
  <p time="209819" is_ac="true">onions the green peppers the meat all of</p>
  <p time="211860" is_ac="true">it mixed together two different types of</p>
  <p time="213300" is_ac="true">liquid cheese here we go</p>
  <p time="216620" is_ac="true">peppery delicious soft mean heavy cheese</p>
  <p time="219540" is_ac="true">the only thing you got to be quick and</p>
  <p time="221879" is_ac="true">we're gonna get a soggy if they do a SOG</p>
  <p time="223440" is_ac="true">up you can always mix it with more beef</p>
  <p time="224760" is_ac="true">more jalapeno more onions and then here</p>
  <p time="226739" is_ac="true">on this side buffalo sauce foreign</p>
  <p time="233830" is_ac="true">[Music]</p>
  <p time="234980" is_ac="true">give me a beer and I'll be in heaven</p>
  <p time="237299" is_ac="true">here this is the main event take a look</p>
  <p time="239099" is_ac="true">at that we got steak sticky provolone</p>
  <p time="241260" is_ac="true">and just a little bit of a whiz drizzle</p>
  <p time="242879" is_ac="true">let's try it out</p>
  <p time="243940" is_ac="true">[Music]</p>
  <p time="247739" is_ac="true">full blown stretchy delicious cheesy</p>
  <p time="249959" is_ac="true">amount of steak inside it's not just</p>
  <p time="251819" is_ac="true">four ounces it's four and a half ounces</p>
  <p time="253500" is_ac="true">it's actually 12 and a half percent more</p>
  <p time="255180" is_ac="true">meat</p>
  <p time="257400" is_ac="true">there's just a hint of the cheese whiz</p>
  <p time="259739" is_ac="true">which is nice it's super salty I mean it</p>
  <p time="261720" is_ac="true">is enough sodium for about a week and a</p>
  <p time="263340" is_ac="true">half and that's if you're a rhinoceros</p>
  <p time="264780" is_ac="true">oh this is how you know it's good cheese</p>
  <p time="266280" is_ac="true">whiz it has a skin people who draw blood</p>
  <p time="268680" is_ac="true">can practice on this seeing if they can</p>
  <p time="270479" is_ac="true">pierce the cheese let's get a little bit</p>
  <p time="271979" is_ac="true">of a dip all right a big messy cheesy</p>
  <p time="274380" is_ac="true">bite</p>
  <p time="275900" is_ac="true">I love the cheese but I'm always gonna</p>
  <p time="278040" is_ac="true">swipe right I'm double down it's got</p>
  <p time="279720" is_ac="true">body you've got a cheese pulled I've</p>
  <p time="281280" is_ac="true">seen the cheese weighs more like a good</p>
  <p time="282419" is_ac="true">friend that has a truck and they help me</p>
  <p time="283740" is_ac="true">move every once in a while gotta keep</p>
  <p time="284880" is_ac="true">that friendship otherwise this is</p>
  <p time="286139" is_ac="true">fantastic</p>
  <p time="288650" is_ac="true">[Music]</p>
  <p time="289820" is_ac="true">we've come to another food truck right</p>
  <p time="292080" is_ac="true">here Venezuelan food this place is</p>
  <p time="293820" is_ac="true">called for brothers so I've never been</p>
  <p time="295560" is_ac="true">to Venezuela before it seems right now</p>
  <p time="297240" is_ac="true">it might not be the most tourist</p>
  <p time="298800" is_ac="true">friendly destination in the world but in</p>
  <p time="300600" is_ac="true">the meantime their food is here in Texas</p>
  <p time="302699" is_ac="true">so why not enjoy it if you're not</p>
  <p time="304380" is_ac="true">familiar with Venezuelan food like me</p>
  <p time="306180" is_ac="true">this will give you some hints as to what</p>
  <p time="307800" is_ac="true">you can get let's start with this the</p>
  <p time="309600" is_ac="true">arepas there's a gluten-free corn</p>
  <p time="311460" is_ac="true">sandwich served with avocado sauce and</p>
  <p time="313440" is_ac="true">garlic sauce Wikipedia says it is a</p>
  <p time="315660" is_ac="true">primary Cuisine of Colombia and</p>
  <p time="317040" is_ac="true">Venezuela</p>
  <p time="319400" is_ac="true">you might be wondering well it's right</p>
  <p time="321419" is_ac="true">here can you read sweet corn pancake</p>
  <p time="323160" is_ac="true">served as a quesadilla with cheese</p>
  <p time="324900" is_ac="true">beyond that they have Yucca my buddy Oro</p>
  <p time="327180" is_ac="true">who is Cuban told me Yuka means cassava</p>
  <p time="329400" is_ac="true">but this guy here is saying Yuka means</p>
  <p time="330900" is_ac="true">potato I don't know for sure I'm gonna</p>
  <p time="332220" is_ac="true">order that too and find out</p>
  <p time="336620" is_ac="true">I'm in the truck with reuben reuben is a</p>
  <p time="339240" is_ac="true">little bit worried because his English</p>
  <p time="340199" is_ac="true">he said it's just okay</p>
  <p time="341660" is_ac="true">English but I will try okay your English</p>
  <p time="344759" is_ac="true">is much better than my Venezuela yeah</p>
  <p time="346320" is_ac="true">let's go to speak in Spanish</p>
  <p time="350220" is_ac="true">see that okay today I want the four</p>
  <p time="353100" is_ac="true">brothers with chicken or pork what do</p>
  <p time="355919" is_ac="true">you like foreign</p>
  <p time="377530" is_ac="true">[Music]</p>
  <p time="385150" is_ac="true">[Music]</p>
  <p time="386360" is_ac="true">sizzling on the flat top that looks</p>
  <p time="388560" is_ac="true">great this is like Venezuelan Burger now</p>
  <p time="390419" is_ac="true">we will put the garlic sauce this is the</p>
  <p time="392580" is_ac="true">avocado sauce people call Wasa Kaka it's</p>
  <p time="395280" is_ac="true">like cilantro sauce also it's vegan good</p>
  <p time="397680" is_ac="true">vegan sauce right on top of that chicken</p>
  <p time="399300" is_ac="true">two slices of avocado I like plantains</p>
  <p time="402960" is_ac="true">refried the plantains and we put it on</p>
  <p time="404940" is_ac="true">top it's a big sandwich um in the finish</p>
  <p time="407340" is_ac="true">one slice of tomato we close the repair</p>
  <p time="409560" is_ac="true">with the Venezuelan cheese wow that is</p>
  <p time="411780" is_ac="true">so thick so that is it right there</p>
  <p time="413340" is_ac="true">beautiful</p>
  <p time="414259" is_ac="true">yes the people call quesadilla is</p>
  <p time="417560" is_ac="true">going to give this a little bit of a</p>
  <p time="419400" is_ac="true">flip but it looks like it's already</p>
  <p time="420780" is_ac="true">cooked it's already up there it's needed</p>
  <p time="422819" is_ac="true">to heat it up</p>
  <p time="426050" is_ac="true">[Music]</p>
  <p time="435800" is_ac="true">so that is gonna melt yeah you have to</p>
  <p time="438660" is_ac="true">melt that's thick is this the same as</p>
  <p time="441120" is_ac="true">how you make it in Venezuela it's the</p>
  <p time="443220" is_ac="true">same yeah</p>
  <p time="444270" is_ac="true">[Music]</p>
  <p time="446599" is_ac="true">this food looks incredible</p>
  <p time="449539" is_ac="true">hey thank you so oh yes sorry right here</p>
  <p time="454259" is_ac="true">we have three foods I've never tried</p>
  <p time="455699" is_ac="true">before in my life and what's interesting</p>
  <p time="457139" is_ac="true">is trying to figure out what is</p>
  <p time="458220" is_ac="true">Venezuelan and what is kind of catering</p>
  <p time="460139" is_ac="true">to the American taste buds for example</p>
  <p time="461819" is_ac="true">this this is the Yucca now oral called</p>
  <p time="463979" is_ac="true">the Yuca to me it was cassava and I was</p>
  <p time="466020" is_ac="true">right until they take this and then they</p>
  <p time="467460" is_ac="true">fry it after that this is a part that</p>
  <p time="469139" is_ac="true">felt a little bit more Americanized so</p>
  <p time="470699" is_ac="true">you think the cheese they put it on top</p>
  <p time="472020" is_ac="true">they melt the cheese and then they put</p>
  <p time="473400" is_ac="true">on two different types of sauces let's</p>
  <p time="475020" is_ac="true">try this out</p>
  <p time="476560" is_ac="true">[Music]</p>
  <p time="477919" is_ac="true">oh yeah when you do loaded fries all the</p>
  <p time="480599" is_ac="true">fries get soggy but cassava is stronger</p>
  <p time="482880" is_ac="true">than a potato so even though there's an</p>
  <p time="484680" is_ac="true">onslaught of sauce is here the cassava</p>
  <p time="486720" is_ac="true">is keeping its Integrity</p>
  <p time="488720" is_ac="true">right here the kachapa only two</p>
  <p time="491280" is_ac="true">ingredients is basically a corned meal</p>
  <p time="493139" is_ac="true">pancake that's already been pre-cooked</p>
  <p time="494699" is_ac="true">and then look at the inside that is just</p>
  <p time="496740" is_ac="true">a huge thick layer of cheese I'm gonna</p>
  <p time="498960" is_ac="true">try to do a cheese pull</p>
  <p time="500599" is_ac="true">yeah that's good oh my God</p>
  <p time="505580" is_ac="true">oh that's a good cheese pole the cheese</p>
  <p time="508680" is_ac="true">it's something between like mozzarella</p>
  <p time="510479" is_ac="true">and halloumi it is so salty dense thick</p>
  <p time="512940" is_ac="true">beautiful</p>
  <p time="516200" is_ac="true">so this is a bit sweet because this has</p>
  <p time="518520" is_ac="true">a corn base I thought it might be dry</p>
  <p time="520020" is_ac="true">but I think it's been fried in so much</p>
  <p time="521520" is_ac="true">oil that is not dry at all</p>
  <p time="524580" is_ac="true">she's my new favorite</p>
  <p time="528779" is_ac="true">oh my God that's all the cheese that's</p>
  <p time="530820" is_ac="true">just falling out I'm so tempted to take</p>
  <p time="532500" is_ac="true">this down right now but I would like to</p>
  <p time="533820" is_ac="true">go to the bathroom within the next six</p>
  <p time="535260" is_ac="true">days but here we have the arepa</p>
  <p time="537120" is_ac="true">Cornflower bun on the outside cheese</p>
  <p time="538980" is_ac="true">we've got tomato sweet plantains avocado</p>
  <p time="541440" is_ac="true">chicken so much going on here okay first</p>
  <p time="543480" is_ac="true">of all it's ridiculously thick and the</p>
  <p time="545279" is_ac="true">bottom has already started to get a</p>
  <p time="547080" is_ac="true">little bit soggy ah how do I get a bite</p>
  <p time="549180" is_ac="true">with everything here we go</p>
  <p time="552200" is_ac="true">I find it hard to believe that in</p>
  <p time="554399" is_ac="true">Venezuela the sandwiches are this big</p>
  <p time="556080" is_ac="true">this has to be Texas sized hmm stringy</p>
  <p time="559200" is_ac="true">delicious chicken you can taste the</p>
  <p time="560640" is_ac="true">beans the sauce cheese tomato everything</p>
  <p time="562560" is_ac="true">working together</p>
  <p time="565040" is_ac="true">I love the bread on the outside the only</p>
  <p time="567480" is_ac="true">issue I do see here is that I feel like</p>
  <p time="569100" is_ac="true">there's enough fillings in here for two</p>
  <p time="570600" is_ac="true">sandwiches I would say in the future I</p>
  <p time="572040" is_ac="true">want to be a little bit less wide a</p>
  <p time="573600" is_ac="true">little bit easier to get my unusually</p>
  <p time="575279" is_ac="true">small mouth around that is three</p>
  <p time="576839" is_ac="true">Venezuelan Foods I've never had before</p>
  <p time="578279" is_ac="true">in my life I gotta say excellent the ace</p>
  <p time="580560" is_ac="true">out of the ace that means 10 out of 10</p>
  <p time="582779" is_ac="true">in Spanish if you like to party and if</p>
  <p time="584880" is_ac="true">you like food then this collection of</p>
  <p time="586740" is_ac="true">food trucks is for you</p>
  <p time="588400" is_ac="true">[Music]</p>
  <p time="591560" is_ac="true">right here on Austin's iconic rainy</p>
  <p time="594420" is_ac="true">streak a place packed with tourists but</p>
  <p time="596399" is_ac="true">not enough to drive the locals away</p>
  <p time="598610" is_ac="true">[Music]</p>
  <p time="599779" is_ac="true">here my next Food Truck of choice burrow</p>
  <p time="602940" is_ac="true">grilled cheese where they're selling</p>
  <p time="604800" is_ac="true">well grilled cheese sandwiches but trust</p>
  <p time="607260" is_ac="true">me it goes a lot deeper than that</p>
  <p time="610640" is_ac="true">right now I'm in the kitchen with</p>
  <p time="613140" is_ac="true">Scott's kitchen they have my dream</p>
  <p time="614760" is_ac="true">refrigerators it is just full of 100</p>
  <p time="616560" is_ac="true">pounds of cheese and then you hold it on</p>
  <p time="618540" is_ac="true">the bottom the only thing that's missing</p>
  <p time="619620" is_ac="true">is a bottle of Jack Daniels where's that</p>
  <p time="621540" is_ac="true">Ah that's in my car hey cool yeah that's</p>
  <p time="624420" is_ac="true">what he does he drives around and says</p>
  <p time="626040" is_ac="true">hey kids take a look at this he doesn't</p>
  <p time="627540" is_ac="true">do that no I'm here you guys do four</p>
  <p time="629339" is_ac="true">different types of grilled cheese you're</p>
  <p time="630720" is_ac="true">getting the Waylon and Willie which is</p>
  <p time="632040" is_ac="true">one of our most popular and it's got a</p>
  <p time="633959" is_ac="true">spicy maple bacon sauce it's got</p>
  <p time="635459" is_ac="true">caramelized onions peppercinis colby</p>
  <p time="637740" is_ac="true">jack cheddar cheese on there it's got a</p>
  <p time="639720" is_ac="true">nice like bacony sweet profile to it</p>
  <p time="641940" is_ac="true">love it I love uh profiles all right</p>
  <p time="644220" is_ac="true">let's get into it start off with some</p>
  <p time="645480" is_ac="true">fresh sourdoughs we got our spicy maple</p>
  <p time="647760" is_ac="true">bacon sauce we make this in-house got</p>
  <p time="650459" is_ac="true">maple syrup bacon cilantro other flavors</p>
  <p time="654420" is_ac="true">in their mayonnaise get a mount on there</p>
  <p time="656519" is_ac="true">so now we're putting some caramelized</p>
  <p time="658260" is_ac="true">onions that we grilled up this morning</p>
  <p time="659880" is_ac="true">then we get a few peppercinis it gives</p>
  <p time="662040" is_ac="true">it like a little kick and then we're</p>
  <p time="663480" is_ac="true">hitting it with the colby jack cheddar</p>
  <p time="665459" is_ac="true">blend we layer it on there for this guy</p>
  <p time="667740" is_ac="true">it's called a salamander kind of does a</p>
  <p time="669660" is_ac="true">melt on it before you throw it in the</p>
  <p time="671820" is_ac="true">oven</p>
  <p time="672899" is_ac="true">it's just to speed up the process</p>
  <p time="675300" is_ac="true">essentially so that we don't have to</p>
  <p time="676980" is_ac="true">grill it for as long so that the bread</p>
  <p time="678720" is_ac="true">can still be crispy but not taken to Too</p>
  <p time="682260" is_ac="true">Much crisps so then we're just gonna</p>
  <p time="683820" is_ac="true">fold her up and get some fresh butter</p>
  <p time="686100" is_ac="true">rub it on there so this guy on there a</p>
  <p time="689040" is_ac="true">little slab on top and we let it work</p>
  <p time="695399" is_ac="true">Scott how do you feel about that I feel</p>
  <p time="697260" is_ac="true">like I want to eat it I have my food</p>
  <p time="699959" is_ac="true">right here come and take a look it's</p>
  <p time="701160" is_ac="true">glorious this sourdough bread is the</p>
  <p time="703320" is_ac="true">ideal bread for this type of thing</p>
  <p time="704700" is_ac="true">because you can't have a bread that's</p>
  <p time="705839" is_ac="true">going to</p>
  <p time="706620" is_ac="true">skin it or two top that's gonna fall</p>
  <p time="708240" is_ac="true">apart as I open it you can see some of</p>
  <p time="709860" is_ac="true">those caramelized onions and the</p>
  <p time="711540" is_ac="true">pepperoncinis the pepperoncini is the</p>
  <p time="713579" is_ac="true">only part of the apprehensive because I</p>
  <p time="715500" is_ac="true">think it's gonna have a strong dominant</p>
  <p time="717060" is_ac="true">flavor I'm gonna try to fight without</p>
  <p time="718320" is_ac="true">the pepperoncini first let's go for it</p>
  <p time="720000" is_ac="true">huh</p>
  <p time="722519" is_ac="true">oh</p>
  <p time="723100" is_ac="true">[Music]</p>
  <p time="728339" is_ac="true">the beginning of May have made bacon now</p>
  <p time="730380" is_ac="true">the pepper Genie I'm going for it</p>
  <p time="735660" is_ac="true">shower punching shower spicy I think I</p>
  <p time="739680" is_ac="true">like it overall very nice</p>
  <p time="742640" is_ac="true">Crimson Creek Smokehouse a barbecue food</p>
  <p time="745380" is_ac="true">truck slightly out of town is</p>
  <p time="747240" is_ac="true">strategically located across a vodka</p>
  <p time="749339" is_ac="true">Tasting Room</p>
  <p time="750860" is_ac="true">instead of the usual Texas barbecue</p>
  <p time="753480" is_ac="true">style where they heavily utilize salt</p>
  <p time="755220" is_ac="true">pepper and garlic here it's all about</p>
  <p time="757140" is_ac="true">Oklahoma style barbecue they give the</p>
  <p time="759420" is_ac="true">meat a little bit extra</p>
  <p time="761300" is_ac="true">Marcus and Jamie are the power couple</p>
  <p time="763620" is_ac="true">behind this meat making machine and he's</p>
  <p time="765720" is_ac="true">about to give me a tour of his Greatest</p>
  <p time="767399" is_ac="true">Hits right here we have a couple things</p>
  <p time="769019" is_ac="true">on the grill right now tell me what</p>
  <p time="770459" is_ac="true">we're looking at we have two Tomahawk</p>
  <p time="772380" is_ac="true">Ribeyes and then we have the bone marrow</p>
  <p time="774480" is_ac="true">this one's has smoked for about four and</p>
  <p time="776639" is_ac="true">a half five hours so it should have some</p>
  <p time="778320" is_ac="true">pretty good flavor and what do you put</p>
  <p time="779820" is_ac="true">that on top of on that steak right there</p>
  <p time="781920" is_ac="true">oh my God it's so rich was about three</p>
  <p time="784980" is_ac="true">and a half pounds when we started</p>
  <p time="786720" is_ac="true">roughly be around three pounds when we</p>
  <p time="788760" is_ac="true">get finished and we finished this one</p>
  <p time="790380" is_ac="true">off with duck fat and butter mix that we</p>
  <p time="793079" is_ac="true">do and then you scrape the bone marrow</p>
  <p time="795120" is_ac="true">on top of that this is my first time</p>
  <p time="796200" is_ac="true">seeing a tomahawk that's actually been</p>
  <p time="797639" is_ac="true">smoked for hours what is so good about</p>
  <p time="799740" is_ac="true">smoking this cut to me if you smoke it</p>
  <p time="801959" is_ac="true">lower temperature it's just all the</p>
  <p time="803940" is_ac="true">flavor you smoke a brisket because you</p>
  <p time="805920" is_ac="true">want the flavor you want the smoke</p>
  <p time="807060" is_ac="true">you're going to get the smoke and then</p>
  <p time="808380" is_ac="true">we finish it off on a hot fire I like</p>
  <p time="810180" is_ac="true">that you're going to get the smoke that</p>
  <p time="811380" is_ac="true">sounds uh roughly Like A Veiled Threat</p>
  <p time="813660" is_ac="true">you're about to get the smoke all right</p>
  <p time="816240" is_ac="true">let's do it so what we have here is</p>
  <p time="818040" is_ac="true">clarified butter and duck fat and what</p>
  <p time="820079" is_ac="true">we're gonna do we're just gonna sprinkle</p>
  <p time="821339" is_ac="true">a little bit on top</p>
  <p time="822740" is_ac="true">and then we're going to throw it on some</p>
  <p time="824880" is_ac="true">hot fire we're gonna have a nice big</p>
  <p time="826680" is_ac="true">flame we're gonna get a nice little</p>
  <p time="828060" is_ac="true">finish on it</p>
  <p time="834839" is_ac="true">oh that looks delicious we're gonna</p>
  <p time="836639" is_ac="true">bring it back over here at our little</p>
  <p time="838380" is_ac="true">Merrell bones oh thank you right now I'm</p>
  <p time="840540" is_ac="true">in the kitchen with Jamie and she's</p>
  <p time="841680" is_ac="true">gonna be preparing what rib tips so this</p>
  <p time="844440" is_ac="true">is the part of the spare rib that when</p>
  <p time="846660" is_ac="true">you cut St Louis into the nice neat</p>
  <p time="848639" is_ac="true">rectangle this leftover piece usually is</p>
  <p time="851399" is_ac="true">kept for the Pit Master snacks we turned</p>
  <p time="853860" is_ac="true">them into what we call Rib nuggets or</p>
  <p time="855779" is_ac="true">rib tips here and they in my opinion are</p>
  <p time="858420" is_ac="true">really the sweetest part of the pig all</p>
  <p time="860519" is_ac="true">right so real elegant here we're putting</p>
  <p time="863160" is_ac="true">that into chunks what makes this</p>
  <p time="865380" is_ac="true">Oklahoma style barbecue is we sauce</p>
  <p time="867600" is_ac="true">after the smoke and we get these good</p>
  <p time="870120" is_ac="true">and spicy all of these just big meaty</p>
  <p time="873360" is_ac="true">rib nuggets ready to go so right here we</p>
  <p time="876000" is_ac="true">have the pork belly burned ends it</p>
  <p time="878220" is_ac="true">almost looks like some kind of beautiful</p>
  <p time="879420" is_ac="true">braised Vietnamese pork belly but I'm</p>
  <p time="881459" is_ac="true">sure it tastes completely different a</p>
  <p time="882899" is_ac="true">little bit different but it's still</p>
  <p time="884399" is_ac="true">going to be a very spicy lean and fatty</p>
  <p time="887339" is_ac="true">combined bite of pork those are big well</p>
  <p time="891180" is_ac="true">oh we'll get now is some bread and some</p>
  <p time="892980" is_ac="true">pickles and we'll get you ready to go</p>
  <p time="894240" is_ac="true">thank you right here we have an</p>
  <p time="896100" is_ac="true">incredible wild protein pack spread and</p>
  <p time="898800" is_ac="true">this there's a little place across the</p>
  <p time="900420" is_ac="true">parking lot selling vodka and somehow I</p>
  <p time="902519" is_ac="true">got into my cup</p>
  <p time="904500" is_ac="true">anyways right here we have the pork rib</p>
  <p time="906240" is_ac="true">tips and then right here we have burnt</p>
  <p time="908040" is_ac="true">ends from the pork belly I've never even</p>
  <p time="909779" is_ac="true">heard of such a thing it's too big for</p>
  <p time="911820" is_ac="true">one bite I'm gonna cut that in half well</p>
  <p time="913440" is_ac="true">you don't even need a knife it's so soft</p>
  <p time="915300" is_ac="true">and tender take a look inside you can</p>
  <p time="917639" is_ac="true">see if it's pink it's white it's</p>
  <p time="919560" is_ac="true">gorgeous try it out</p>
  <p time="920900" is_ac="true">[Music]</p>
  <p time="923160" is_ac="true">well I'm so soft and delicious the</p>
  <p time="926160" is_ac="true">outside is a little bit sweet it's so</p>
  <p time="927839" is_ac="true">different from braising it's like a</p>
  <p time="929339" is_ac="true">whole different texture when you braise</p>
  <p time="930660" is_ac="true">pork belly in Asian cooking it gets</p>
  <p time="932339" is_ac="true">really really soft and this is also</p>
  <p time="934019" is_ac="true">tender but it's like you can feel the</p>
  <p time="935760" is_ac="true">different layers as you're chewing it</p>
  <p time="938699" is_ac="true">drink some barbecue</p>
  <p time="940380" is_ac="true">very satisfying right here we have the</p>
  <p time="942180" is_ac="true">rib tips the outside is so soft fatty</p>
  <p time="945060" is_ac="true">and juicy that looks wonderful look how</p>
  <p time="947399" is_ac="true">dark that bark is on the outside but how</p>
  <p time="949380" is_ac="true">light and delicious it is on the inside</p>
  <p time="951020" is_ac="true">[Music]</p>
  <p time="953820" is_ac="true">oh similarly delicious Smoky tender of</p>
  <p time="956399" is_ac="true">sweet this is heavy food and so on the</p>
  <p time="958139" is_ac="true">side they've got pickles</p>
  <p time="960540" is_ac="true">because there's vinegar in there what's</p>
  <p time="961920" is_ac="true">Wild because that's an appetizer for</p>
  <p time="963839" is_ac="true">this right here this is our big bad</p>
  <p time="966120" is_ac="true">Tomahawk what's amazing as they said on</p>
  <p time="968100" is_ac="true">the side we have bone marrow which is</p>
  <p time="969720" is_ac="true">basically pure fat we have duck fat</p>
  <p time="971220" is_ac="true">which is also pure fat and I said what</p>
  <p time="973560" is_ac="true">do you have to like uh cut the heaviness</p>
  <p time="975660" is_ac="true">she's like huh like what like bread</p>
  <p time="978180" is_ac="true">so we got some bread too let's take a</p>
  <p time="979860" is_ac="true">look at the marrow first wow the marrow</p>
  <p time="981600" is_ac="true">goes deep into some of these parts here</p>
  <p time="983040" is_ac="true">look at that this is all just super</p>
  <p time="984899" is_ac="true">fatty gritty Super Rich bone marrow</p>
  <p time="989240" is_ac="true">Smoky beefy greasy very satisfying now</p>
  <p time="992459" is_ac="true">that bone marrow is actually supposed to</p>
  <p time="993600" is_ac="true">be the dip for this it could probably be</p>
  <p time="995519" is_ac="true">close to rare oh my God so there are</p>
  <p time="999120" is_ac="true">definitely some singly parts on the</p>
  <p time="1000500" is_ac="true">edges here incredible color this has</p>
  <p time="1002000" is_ac="true">been smoking for hours</p>
  <p time="1004779" is_ac="true">wow the spices are incredible it's full</p>
  <p time="1007220" is_ac="true">of juiciness it's very tender right here</p>
  <p time="1009380" is_ac="true">duck fat give a little bit of a dip hey</p>
  <p time="1011000" is_ac="true">when in Oklahoma do what the Oklahomans</p>
  <p time="1012860" is_ac="true">do let's try it out</p>
  <p time="1014100" is_ac="true">[Music]</p>
  <p time="1016820" is_ac="true">stop that with butter oh my gosh and</p>
  <p time="1019339" is_ac="true">unlikely Duo a perfect combination it</p>
  <p time="1021320" is_ac="true">was so fatty I cheated like twice and it</p>
  <p time="1023000" is_ac="true">fell down my throat and the seasonings</p>
  <p time="1024559" is_ac="true">on here it was peppery they got their</p>
  <p time="1026240" is_ac="true">own secret seasonings everybody gets</p>
  <p time="1028520" is_ac="true">better but what I have to try now is</p>
  <p time="1029959" is_ac="true">using this as a vehicle to transport</p>
  <p time="1032120" is_ac="true">more bone marrow into my mouth</p>
  <p time="1034050" is_ac="true">[Music]</p>
  <p time="1034470" is_ac="true">[Laughter]</p>
  <p time="1037819" is_ac="true">it's like eating a stick of butter and</p>
  <p time="1039439" is_ac="true">putting some olive oil on top it is just</p>
  <p time="1041480" is_ac="true">pure decadence to try it out</p>
  <p time="1044440" is_ac="true">[Music]</p>
  <p time="1047799" is_ac="true">oh wow it feels all right and so wrong</p>
  <p time="1050600" is_ac="true">at the same time I feel naughty with so</p>
  <p time="1052700" is_ac="true">much meat and so much fat and so much</p>
  <p time="1054260" is_ac="true">flavor it's rich but it doesn't feel too</p>
  <p time="1055820" is_ac="true">rich I thought it'd be too much though</p>
  <p time="1057140" is_ac="true">and I got the same easily balance it out</p>
  <p time="1058880" is_ac="true">with one pickle for a good balance am I</p>
  <p time="1061700" is_ac="true">gonna eat a whole 125 three pound</p>
  <p time="1063799" is_ac="true">Tomahawk by myself yes but should I no I</p>
  <p time="1066500" is_ac="true">should probably find some people to</p>
  <p time="1067520" is_ac="true">share it with on craigslist do I find</p>
  <p time="1069140" is_ac="true">all my other friends for me I've never</p>
  <p time="1070580" is_ac="true">tried Oklahoma barbecue but after trying</p>
  <p time="1072380" is_ac="true">this this is like the best advertisement</p>
  <p time="1074660" is_ac="true">for Oklahoma State tourism I want to go</p>
  <p time="1076700" is_ac="true">there I want to try the food I want to</p>
  <p time="1078260" is_ac="true">try the barbecue and see what it's all</p>
  <p time="1079580" is_ac="true">about just this small sampler platter</p>
  <p time="1081260" is_ac="true">here very delicious very tempting oh</p>
  <p time="1083299" is_ac="true">guys that is the end of the video I hope</p>
  <p time="1084740" is_ac="true">you enjoyed it food trucks here in</p>
  <p time="1086360" is_ac="true">Austin there is nothing like it it's</p>
  <p time="1087860" is_ac="true">food except for it's inside a truck</p>
  <p time="1089480" is_ac="true">instead of a restaurant it's not fun</p>
  <p time="1090919" is_ac="true">they can drive it around like to my</p>
  <p time="1092419" is_ac="true">house why don't they just come to my</p>
  <p time="1093919" is_ac="true">house instead of me going to them</p>
  <p time="1095660" is_ac="true">anyways I hope you enjoyed this video</p>
  <p time="1097340" is_ac="true">guys thank you so much for watching I</p>
  <p time="1098539" is_ac="true">will see you next time</p>
  <p time="1101539" is_ac="true">oh I'm so bloated and pretending</p>
  <p time="1103640" is_ac="true">pretending everything's fine but I feel</p>
  <p time="1105679" is_ac="true">so sick inside oh it's too much food</p>
</text>
