<?xml version='1.0' encoding='UTF-8'?>
<text date_d="12" date_m="6" date_y="2022" format="srv3" age_limit="0" comment_count="868" description="In this video, we'll take you to 5 hidden gems where locals go. &#10;👉 READ THIS: Since June 2022 the Paris Travel Guide download is NO LONGER FREE.  &#10;We had to charge a small fee so we can focus on making videos for the channel.  We hope the small price is okay with you.  Thanks for watching and for your support 😁&#10;&#10;=== 🔥 NEW 2023 TRAVEL &amp; FOODIE ONLINE GUIDES 🔥 ===&#10;GET YOUR OWN Paris Travel Guide &#10;👉 https://bit.ly/LesFrenchiesParisTravelGuides &#10;&#10;RECOMMENDED GUIDED TOURS in PARIS&#10;👉 https://bit.ly/RecommendedParisGuidedTours&#10;&#10;RECOMMENDED &amp; CURATED  ACTIVITIES (VIATOR)&#10;👉 https://bit.ly/RecommendedParisViatorActivities&#10;&#10;RECOMMENDED &amp; CURATED ACTIVITIES  (GET YOUR GUIDE)&#10;👉 https://bit.ly/RecommendedGetYourGuideActivities&#10;&#10;RECOMMENDED &amp; CURATED CLASSES &amp; WORKSHOPS&#10;👉 https://bit.ly/RecommendedClassesWorkshops&#10;&#10;RECOMMENDED DAY TRIPS  FROM PARIS&#10;👉 https://bit.ly/RecommendedParisDayTrips&#10;&#10;RECOMMENDED DAY TRIP TO CHAMPAGNE (PRIVATE VIP) &#10;👉 https://bit.ly/VIPDayTripToChampagneFromParis&#10;&#10;RECOMMENDED DAY TRIP TO  NORMANDY  (PRIVATE VIP)&#10;👉 https://bit.ly/PrivateNormandyToursFromParis&#10;&#10;TOP RECOMMENDED DAY TRIPS FROM PARIS (PRIVATE DRIVER)&#10;👉 https://bit.ly/VIPDayTripsFromParis&#10;&#10;BOOK YOUR PARIS AIRPORT TRANSFERS (PRIVATE DRIVER)&#10;👉 https://bit.ly/RecommendedParisAirportTransfers&#10;&#10;GET YOUR ANTI-THEFT TRAVEL GEAR &#10;👉 https://geni.us/AntiTheftTravelGear&#10;&#10;📍 Chez Germaine&#10;https://bit.ly/ChezGermaine&#10;&#10;📍 Chez Savy&#10;https://bit.ly/ChezSavyParis&#10;&#10;📍 Le Bistrot de Paris&#10;https://bit.ly/BistrotDeParisStGermain&#10;&#10;📍 Le Petit Vendôme&#10;https://bit.ly/PetitVendome&#10;&#10;📍 Chez René&#10;https://bit.ly/ChezRene&#10;&#10;#lesfrenchiestravel&#10;&#10;==== OTHER WAYS TO CONNECT WITH LES FRENCHIES ====&#10;https://lesfrenchiestravel.com/&#10;For Questions &amp; Personal Inquiries: https://www.facebook.com/groups/248615420946312&#10;https://www.instagram.com/lesfrenchiestravel&#10;For Business Inquiries ONLY: lesfrenchiestravel@gmail.com &#10;&#10;As you can imagine, we're on the go most of the time. So it may take us a little bit of time to get back to you and respond. Just be patient, we're doing our best to get back to everybody 😁&#10;&#10;==== DISCLAIMERS ====&#10;⚖️ All clips used for fair use commentary, criticism, and educational purposes.  See Hosseinzadeh v. Klein, 276 F.Supp.3d 34 (S.D.N.Y. 2017); Equals Three, LLC v. Jukin Media, Inc., 139 F. Supp. 3d 1094 (C.D. Cal. 2015). Almost all, if not 100% of the clips are sourced via an active royalty-free license agreement with Storyblocks. (https://www.storyblocks.com/)&#10;&#10;In compliance with the FTC guidelines, please understand the following about some of the links in the description :&#10;📌  A few links on our channel's description are affiliate links of which we receive a small commission from sales of certain items, but the price is the same for you.&#10;📌  If we post an affiliate link to a product or service, it is something that we personally use, support, and would recommend even without an affiliate link.&#10;📌  Our first priority is always providing valuable information and resources to help you create positive experiences during your visit to France, and we will only ever link to products or resources (affiliate or otherwise) that fit within this purpose.&#10;📌  We do not accept money from vendors to showcase their products or services. Often time, we pay for them out of pocket. &#10;📌  Finally, the small commission we earn helps us create more videos like the one you watched.&#10; &#10;© 2022 Les Frenchies Travel. All rights reserved." fulltitle="5 Best Restaurants &amp; Bistros in Paris (Where Locals Eat)" like_count="15249" location="PARIS" playlist_title="na" release_date="na" upload_date="20220612" repost_count="na" tags="restaurants in paris where locals eat; best paris restaurants; best restaurants in paris; what to eat in paris; paris restaurants guide; paris restaurants where locals eat; what to eat in paris france; paris restaurants; les frenchies; where to eat in paris; best food in paris; restaurants to try in paris; paris restaurant guide; best food paris; restaurants in paris; paris food tour; les frenchies travel; paris travel tips; things to do in paris; Paris travel guide; " title="5 Best Restaurants &amp; Bistros in Paris (Where Locals Eat)" uploader="Les Frenchies" view_count="856247" webpage_url="https://www.youtube.com/watch?v=Be2HlpLExcw" autocaption="true">
  <p time="80" is_ac="true">there are thousands of restaurants</p>
  <p time="2159" is_ac="true">options in paris but the request that we</p>
  <p time="4400" is_ac="true">get the most is where do the locals eat</p>
  <p time="7440" is_ac="true">where do the parisians eat so in this</p>
  <p time="9840" is_ac="true">video we're gonna take you to five gems</p>
  <p time="13360" is_ac="true">typical parisian bistros where only</p>
  <p time="16400" is_ac="true">parisians go there's not a lot of</p>
  <p time="17920" is_ac="true">tourists there and we're going to try</p>
  <p time="19279" is_ac="true">some of the favorites in paris like bev</p>
  <p time="21119" is_ac="true">borgino of your mayonnaise</p>
  <p time="23519" is_ac="true">and all the stuff you want to try when</p>
  <p time="25199" is_ac="true">you're in paris so are you ready do you</p>
  <p time="26880" is_ac="true">bring an appetite i'm ready</p>
  <p time="29039" is_ac="true">levan let's go let's go</p>
  <p time="33250" is_ac="true">[Music]</p>
  <p time="35120" is_ac="true">so we're gonna go have lunch today in a</p>
  <p time="37040" is_ac="true">place where parisian people eat lunch</p>
  <p time="39440" is_ac="true">not at altruistic just a little</p>
  <p time="41360" is_ac="true">neighborhood spot where you're gonna</p>
  <p time="43440" is_ac="true">find amazing classic french typical</p>
  <p time="46480" is_ac="true">stuff and it's just here you ready yeah</p>
  <p time="49200" is_ac="true">let's go</p>
  <p time="59520" is_ac="true">if you're looking for a parisian</p>
  <p time="60719" is_ac="true">authentic restaurant</p>
  <p time="62320" is_ac="true">this is the place cherene all the people</p>
  <p time="64640" is_ac="true">are eating here are parisians and the</p>
  <p time="66080" is_ac="true">food is absolutely authentic amazing</p>
  <p time="68880" is_ac="true">stuff so i can't wait to try it</p>
  <p time="75920" is_ac="true">this is a cream sauce with onions garlic</p>
  <p time="78960" is_ac="true">and chives</p>
  <p time="80240" is_ac="true">and it's just</p>
  <p time="81920" is_ac="true">crispy toasted french bread like a</p>
  <p time="83759" is_ac="true">sourdough french bread and it's just</p>
  <p time="85840" is_ac="true">wonderful</p>
  <p time="86960" is_ac="true">now i need one</p>
  <p time="89840" is_ac="true">if you come here you want to sit</p>
  <p time="91600" is_ac="true">wherever daniel is serving because this</p>
  <p time="93920" is_ac="true">waiter is playful he's fun he knows his</p>
  <p time="96640" is_ac="true">stuff he's obviously been here a long</p>
  <p time="98159" is_ac="true">time and he speaks perfect english in a</p>
  <p time="100400" is_ac="true">very funny way</p>
  <p time="102000" is_ac="true">awesome this is uh your waitress my name</p>
  <p time="104399" is_ac="true">is danielle so this is this is</p>
  <p time="107520" is_ac="true">and this is a quantum central of the</p>
  <p time="109200" is_ac="true">french appetizers it's actually really</p>
  <p time="111439" is_ac="true">old school and it's awesome</p>
  <p time="116159" is_ac="true">the mango is amazing</p>
  <p time="122150" is_ac="true">[Music]</p>
  <p time="126479" is_ac="true">i don't know what kind of goat cheese</p>
  <p time="127840" is_ac="true">that is</p>
  <p time="128879" is_ac="true">but it feels like somewhere between</p>
  <p time="132160" is_ac="true">a really creamy mozzarella sour cream</p>
  <p time="134400" is_ac="true">and a goat cheese it is amazing tastes</p>
  <p time="137440" is_ac="true">like a great summertime dish it's</p>
  <p time="139920" is_ac="true">amazing</p>
  <p time="145680" is_ac="true">there is a prototype for a typical</p>
  <p time="147599" is_ac="true">parisian bistro</p>
  <p time="149840" is_ac="true">right here</p>
  <p time="153690" is_ac="true">[Music]</p>
  <p time="159680" is_ac="true">the sauce alone is worth ordering the</p>
  <p time="161519" is_ac="true">dish</p>
  <p time="163260" is_ac="true">[Music]</p>
  <p time="175020" is_ac="true">[Music]</p>
  <p time="180319" is_ac="true">a little bit of mustard</p>
  <p time="186400" is_ac="true">this is a very simple dish</p>
  <p time="188640" is_ac="true">it's just really awesome</p>
  <p time="200159" is_ac="true">this is just divine i mean honestly it's</p>
  <p time="202720" is_ac="true">really good</p>
  <p time="214570" is_ac="true">[Music]</p>
  <p time="217040" is_ac="true">today we're having lunch at shae german</p>
  <p time="219200" is_ac="true">and we're meeting our friend karen there</p>
  <p time="220560" is_ac="true">so let's go</p>
  <p time="223120" is_ac="true">[Music]</p>
  <p time="231710" is_ac="true">[Music]</p>
  <p time="240820" is_ac="true">[Music]</p>
  <p time="247200" is_ac="true">huh</p>
  <p time="254520" is_ac="true">[Music]</p>
  <p time="261570" is_ac="true">[Music]</p>
  <p time="265280" is_ac="true">yes</p>
  <p time="270280" is_ac="true">[Music]</p>
  <p time="274160" is_ac="true">and that is a little bit crispy very</p>
  <p time="276639" is_ac="true">tender and then the potato is crispy too</p>
  <p time="278720" is_ac="true">so it's just a lot of yum</p>
  <p time="282000" is_ac="true">good stuff</p>
  <p time="284270" is_ac="true">[Music]</p>
  <p time="293560" is_ac="true">[Music]</p>
  <p time="305060" is_ac="true">[Music]</p>
  <p time="314240" is_ac="true">i never heard of cla foodie until my</p>
  <p time="316400" is_ac="true">mother-in-law taught me and she made it</p>
  <p time="318320" is_ac="true">with apples but the original cla foodie</p>
  <p time="320560" is_ac="true">is made with cherries this one is with a</p>
  <p time="323440" is_ac="true">flat currant and it is extraordinary</p>
  <p time="326800" is_ac="true">it's light it's fluffy and it's like oh</p>
  <p time="328960" is_ac="true">my god good</p>
  <p time="331280" is_ac="true">today we tried j german in the middle of</p>
  <p time="333600" is_ac="true">saint germain area and this was very</p>
  <p time="336400" is_ac="true">highly recommended by locals and i</p>
  <p time="338479" is_ac="true">understand why because you know we've</p>
  <p time="340160" is_ac="true">seen people who've probably been coming</p>
  <p time="342240" is_ac="true">to this place to eat for many many years</p>
  <p time="345280" is_ac="true">and it's just charming quaint small not</p>
  <p time="348240" is_ac="true">very many tables and the food here is</p>
  <p time="351440" is_ac="true">amazing like my duck fell off the bone</p>
  <p time="354639" is_ac="true">it was just really extraordinary and</p>
  <p time="356960" is_ac="true">it's the kind of place where you come</p>
  <p time="358240" is_ac="true">and dine for an experience because the</p>
  <p time="360400" is_ac="true">service isn't all that quick but you</p>
  <p time="362000" is_ac="true">don't mind because you're enjoying the</p>
  <p time="363440" is_ac="true">ambiance and the experience of it and</p>
  <p time="365360" is_ac="true">you're just dining but and this is the</p>
  <p time="367440" is_ac="true">kind of place you're just gonna have to</p>
  <p time="369039" is_ac="true">try</p>
  <p time="371260" is_ac="true">[Music]</p>
  <p time="378120" is_ac="true">[Music]</p>
  <p time="387039" is_ac="true">we are headed over to shea savvy which</p>
  <p time="389360" is_ac="true">is right off the champs-elysees and</p>
  <p time="391680" is_ac="true">right around the corner from gucci ralph</p>
  <p time="394000" is_ac="true">lauren chanel all of these places and</p>
  <p time="396319" is_ac="true">we're gonna have a great lunch so</p>
  <p time="398000" is_ac="true">let's go</p>
  <p time="401720" is_ac="true">[Music]</p>
  <p time="408400" is_ac="true">then we have um what's called a baby</p>
  <p time="410080" is_ac="true">lamb</p>
  <p time="411199" is_ac="true">roasted that's awesome the lamb special</p>
  <p time="413919" is_ac="true">of the day sounds fabulous to me another</p>
  <p time="416400" is_ac="true">pork chop it has a sweet potato on the</p>
  <p time="418000" is_ac="true">bottom ah perfect really good</p>
  <p time="422960" is_ac="true">i thought it was butter but this is</p>
  <p time="425360" is_ac="true">riaz</p>
  <p time="431919" is_ac="true">that right there is pear this restaurant</p>
  <p time="434000" is_ac="true">goes back to 1920</p>
  <p time="436639" is_ac="true">and you can feel the age of it a little</p>
  <p time="438560" is_ac="true">bit even though it's been modernized</p>
  <p time="440720" is_ac="true">some but they kept the old feeling and</p>
  <p time="442960" is_ac="true">the menu</p>
  <p time="444240" is_ac="true">has very typical things you know we</p>
  <p time="446479" is_ac="true">haven't done in a video before the bone</p>
  <p time="448479" is_ac="true">marrow which is a very parisian very</p>
  <p time="451280" is_ac="true">french thing to do so i'm going to try</p>
  <p time="452800" is_ac="true">that today</p>
  <p time="454080" is_ac="true">and by the way our waiter's name is</p>
  <p time="455919" is_ac="true">sebastian and he was born here</p>
  <p time="458560" is_ac="true">grew up in the u.s perfect english so</p>
  <p time="461039" is_ac="true">this cute little spoon is for me to dig</p>
  <p time="462880" is_ac="true">the marrow out of the bone and if it's</p>
  <p time="465680" is_ac="true">not salty enough i've got this cute</p>
  <p time="467520" is_ac="true">little pot of salt that i can add salt</p>
  <p time="470160" is_ac="true">and put it on little points of this</p>
  <p time="471599" is_ac="true">bread so let's check it out</p>
  <p time="478880" is_ac="true">[Music]</p>
  <p time="487680" is_ac="true">again is a staple of uh a french food</p>
  <p time="490879" is_ac="true">and they had a world championship</p>
  <p time="493280" is_ac="true">contest for your mayonnaise they didn't</p>
  <p time="495520" is_ac="true">win but they were selected as the</p>
  <p time="497360" is_ac="true">finalists for abdominis this is amazing</p>
  <p time="500000" is_ac="true">and the presentation is really really</p>
  <p time="501599" is_ac="true">cool so</p>
  <p time="502720" is_ac="true">i'm gonna give it a shot</p>
  <p time="508940" is_ac="true">[Music]</p>
  <p time="517039" is_ac="true">merci</p>
  <p time="521200" is_ac="true">and what i got is a pork chop</p>
  <p time="524080" is_ac="true">served with a glaze sauce uh served on a</p>
  <p time="526399" is_ac="true">bed of mashed sweet potatoes that sounds</p>
  <p time="529839" is_ac="true">like heaven so</p>
  <p time="531600" is_ac="true">bon appetit so what i got is roasted</p>
  <p time="534720" is_ac="true">lamb and i'm ready to try that it comes</p>
  <p time="537360" is_ac="true">with roasted peppers and eggplants and</p>
  <p time="540320" is_ac="true">celery and different vegetables and it</p>
  <p time="542560" is_ac="true">smells incredible</p>
  <p time="545620" is_ac="true">[Music]</p>
  <p time="571920" is_ac="true">today we're gonna go have lunch at the</p>
  <p time="573839" is_ac="true">bistro de paris and again it's another</p>
  <p time="576880" is_ac="true">gem where the locals eat and i can't</p>
  <p time="578959" is_ac="true">wait to try it let's go</p>
  <p time="582160" is_ac="true">[Music]</p>
  <p time="587920" is_ac="true">today we're having lunch at the bistro</p>
  <p time="589440" is_ac="true">de paris and i'm starving i can't wait</p>
  <p time="592080" is_ac="true">and this place looks charming i bet the</p>
  <p time="594480" is_ac="true">food's just as good what they gave us</p>
  <p time="596320" is_ac="true">here is radishes with a little butter</p>
  <p time="598160" is_ac="true">and some bread and that's a really</p>
  <p time="600399" is_ac="true">typical parisian touch so that's that</p>
  <p time="602720" is_ac="true">already is setting the mood we're in</p>
  <p time="604240" is_ac="true">paris here</p>
  <p time="612399" is_ac="true">so when you're in a restaurant and they</p>
  <p time="614240" is_ac="true">ask you what you want to have to drink</p>
  <p time="616320" is_ac="true">the aperitif is usually something a</p>
  <p time="618079" is_ac="true">little more special so</p>
  <p time="619839" is_ac="true">champagne it's a wine glass for most</p>
  <p time="621839" is_ac="true">americans but champagne is a perfectly</p>
  <p time="624800" is_ac="true">good pair of teeth we don't save it for</p>
  <p time="626720" is_ac="true">special occasions in france we drink it</p>
  <p time="628800" is_ac="true">all the time with pizza with whatever</p>
  <p time="631519" is_ac="true">you want and certainly before lunch it's</p>
  <p time="634480" is_ac="true">a good option</p>
  <p time="637130" is_ac="true">[Music]</p>
  <p time="653279" is_ac="true">oh yeah</p>
  <p time="657630" is_ac="true">[Music]</p>
  <p time="663450" is_ac="true">[Music]</p>
  <p time="672839" is_ac="true">yes i'm a happy camper</p>
  <p time="675620" is_ac="true">[Music]</p>
  <p time="677279" is_ac="true">the seasoning in here there's capers</p>
  <p time="679600" is_ac="true">that wakes up the flavor of the meat</p>
  <p time="681600" is_ac="true">it's just so good it may sound crazy to</p>
  <p time="683920" is_ac="true">eat ravi</p>
  <p time="685600" is_ac="true">but oh my god it's good it's it's</p>
  <p time="687839" is_ac="true">classic french</p>
  <p time="690000" is_ac="true">and i know why it's just good</p>
  <p time="695510" is_ac="true">[Music]</p>
  <p time="704610" is_ac="true">[Music]</p>
  <p time="710720" is_ac="true">how are you</p>
  <p time="713530" is_ac="true">[Music]</p>
  <p time="719600" is_ac="true">there was a time</p>
  <p time="721040" is_ac="true">when i thought profiterole is just a</p>
  <p time="723839" is_ac="true">cream puff with ice cream and chocolate</p>
  <p time="725440" is_ac="true">sauce</p>
  <p time="726639" is_ac="true">but there's so much more than that it's</p>
  <p time="729200" is_ac="true">just it's hard to explain how good this</p>
  <p time="731920" is_ac="true">really is</p>
  <p time="734560" is_ac="true">i know that and when you go to paris you</p>
  <p time="736480" is_ac="true">gotta go to versailles you gotta lose</p>
  <p time="738480" is_ac="true">you gotta see the eiffel tower</p>
  <p time="740800" is_ac="true">you have</p>
  <p time="742000" is_ac="true">the ad</p>
  <p time="743040" is_ac="true">eating coffee to all chocolate</p>
  <p time="745600" is_ac="true">while you stay here this is one of the</p>
  <p time="747360" is_ac="true">most magnificent dessert a cream puff</p>
  <p time="750000" is_ac="true">vanilla ice cream hot chocolate sauce</p>
  <p time="752160" is_ac="true">sometimes they put a little bit of</p>
  <p time="753360" is_ac="true">almonds</p>
  <p time="754399" is_ac="true">but it's just like</p>
  <p time="755920" is_ac="true">trust me make room for dessert and try</p>
  <p time="758560" is_ac="true">it before you go back home</p>
  <p time="767160" is_ac="true">[Music]</p>
  <p time="773310" is_ac="true">[Music]</p>
  <p time="779760" is_ac="true">and today we're going to go and try a</p>
  <p time="782000" is_ac="true">quintessential french bistro called le</p>
  <p time="784880" is_ac="true">petit random right there they have</p>
  <p time="786720" is_ac="true">amazing french food and also one of the</p>
  <p time="789519" is_ac="true">best jumbo beer you can have in paris so</p>
  <p time="792079" is_ac="true">let's go</p>
  <p time="793700" is_ac="true">[Music]</p>
  <p time="796639" is_ac="true">it is lunchtime in paris at a parisian</p>
  <p time="799279" is_ac="true">spot and it is hopping</p>
  <p time="808560" is_ac="true">he stole my wine but i don't drink beer</p>
  <p time="810880" is_ac="true">so</p>
  <p time="827040" is_ac="true">people</p>
  <p time="837200" is_ac="true">[Music]</p>
  <p time="852959" is_ac="true">they don't eat french fries with ketchup</p>
  <p time="854639" is_ac="true">they eat them with mayonnaise</p>
  <p time="858660" is_ac="true">[Music]</p>
  <p time="862800" is_ac="true">i never in my life imagine pistachio</p>
  <p time="865839" is_ac="true">flavored creme brulee that's good stuff</p>
  <p time="873520" is_ac="true">[Music]</p>
  <p time="882820" is_ac="true">[Music]</p>
  <p time="887920" is_ac="true">two</p>
</text>
