<?xml version='1.0' encoding='UTF-8'?>
<text date_d="22" date_m="2" date_y="2023" format="srv3" age_limit="0" comment_count="561" description="Seafood spaghetti marinara is one of the best seafood pasta recipes that you can make. This dish is made with fresh seafood like shrimps (prawns), scallops, and mussels, which impart a beautiful flavor of the sea to the pasta. The key to making this dish is cooking the seafood separately, as different seafood cook at different rates. Doing this will prevent you from having tough and overcooked seafood, which can happen if you cook everything together. Once the water boils and the pasta is cooked, you’re pretty much all done with the recipe.&#10;&#10;Another delicious pasta recipe is the authentic fettuccine Alfredo. This dish is made with only three ingredients – cheese, butter, and pasta. The key to a good fettuccine Alfredo is to use good quality butter and cheese. Freshly made fettuccine gives the dish an extra touch of authenticity, but you can also use store-bought pasta if you’re short on time. The best cheese to use is the real deal Parmigiano Reggiano cheese, and the best butter is grass-fed dairy cow butter. This dish is smooth, silky, and rich, making it a delectable pasta meal.&#10;&#10;Fried eggplant pasta, also known as Spaghetti Melanzana Fritta, is a simple and easy-to-make dish that is perfect for a quick weeknight meal. The eggplant is sliced and fried in olive oil until golden brown, then cooked with a little water and garlic until it breaks apart. The eggplant is then tossed with the spaghetti to create a thick and tasty sauce. The eggplant adds a slight sweetness to the pasta, and the fried caramelized flavor takes the dish to a whole new level. You can make the eggplant part ahead of time and reheat it, or serve it immediately, either way, it’s sure to be a hit.&#10;&#10;Pappardelle Alla Puttanesca is a take on the southern Italian recipe, made with olives, capers, anchovies, chili, herbs, and garlic in a tomato sauce. The sauce is supposed to have originated in Naples, Italy, and its name translates to “Lady of the night style”, with uncertain origins. This recipe is similar to Puttanesca, but replaces the acidity of the capers with white wine, and has Pecorino cheese melted into the sauce, making it creamier. The pasta is freshly made with whole-wheat flour, but you can use store-bought pasta if you’re short on time. The dish is quick to make, has amazing umami flavors, and is sure to be a hit.&#10;&#10;Spaghetti Carbonara is a classic pasta dish that has become a worldwide favorite. The dish is rich, flavorful, and simple, with its golden eggy sauce, flavorful cheesy sauce, and cured aged pork. The key to making a good spaghetti carbonara is to use the best ingredients, including aged pork guanciale, Pecorino cheese, and aged Parmigiano-Reggiano cheese. The sauce should be silky smooth and creamy, without any cream, to maintain the authenticity of the dish.&#10;&#10;Finally, the Sicilian spaghetti is a tasty pasta meal with the flavors of Sicily. This dish is made with a mixed variety of olives, capers, tomatoes, anchovies, and chili in a garlic and herb tomato sauce. The pasta is cooked with these ingredients, and then topped with grated ricotta salata cheese for an extra burst of flavor. This dish is simple, flavorful, and easy to make, and is sure to be a hit with your family and friendsGet these written recipes here:  &#10;&#10;👉Sicilian style:  https://recipe30.com/sicilian-spaghetti.html/&#10;&#10;👉Spaghetti carbonara: https://recipe30.com/spaghetti-carbonara-2.html/&#10;&#10;👉Puttanesca: https://recipe30.com/pappardelle-alla-puttanesca.html/&#10;&#10;👉Spaghetti Melanzana Fritta: https://recipe30.com/fried-eggplant-pasta.html/&#10;&#10;👉Fettucine alfredo: https://recipe30.com/authentic-fettuccine-alfredo.html/&#10;&#10;👉Marinara: https://recipe30.com/seafood-spaghetti-marinara.html/&#10;&#10;&#10;&#10;&#10;▶ Check out my favourite kitchen tools here (affiliate):  https://www.amazon.com/shop/recipe30  &#10;&#10;▶ Follow me on Instagram: https://www.instagram.com/recipe30/&#10;▶ Follow me on Facebook: https://www.facebook.com/recipe30/&#10;▶Music by Epidemic Sound:  https://www.epidemicsound.com/referral/39ip8k&#10;&#10;Want to mail me something? &#10;Fan mail and products&#10;MAILING ADDRESS:&#10;RECIPE30&#10;PO BOX 416&#10;MOUNT MARTHA 3934&#10;VICTORIA AUSTRALIA" fulltitle="6 Italian Pasta Recipes You Can't Miss" like_count="33801" location="na" playlist_title="na" release_date="na" upload_date="20230222" repost_count="na" tags="#recipe30; italian food; italian recipe; pasta recipe; pasta recipe at home; " title="6 Italian Pasta Recipes You Can't Miss" uploader="Recipe30" view_count="1722831" webpage_url="https://www.youtube.com/watch?v=HW2SoMJToIo" autocaption="true">
  <p time="719" is_ac="true">foreign</p>
  <p time="3420" is_ac="true">[Music]</p>
  <p time="19300" is_ac="true">[Music]</p>
  <p time="31439" is_ac="true">hahaha</p>
  <p time="32659" is_ac="true">[Music]</p>
  <p time="53150" is_ac="true">[Applause]</p>
  <p time="53760" is_ac="true">[Music]</p>
  <p time="65140" is_ac="true">[Applause]</p>
  <p time="68620" is_ac="true">[Music]</p>
  <p time="73150" is_ac="true">[Applause]</p>
  <p time="76500" is_ac="true">foreign</p>
  <p time="77540" is_ac="true">[Music]</p>
  <p time="79710" is_ac="true">[Applause]</p>
  <p time="82170" is_ac="true">[Music]</p>
  <p time="109090" is_ac="true">[Applause]</p>
  <p time="113670" is_ac="true">[Music]</p>
  <p time="116579" is_ac="true">foreign</p>
  <p time="117670" is_ac="true">[Music]</p>
  <p time="127670" is_ac="true">[Music]</p>
  <p time="158540" is_ac="true">thank you</p>
  <p time="160500" is_ac="true">laughs</p>
  <p time="165160" is_ac="true">[Applause]</p>
  <p time="165240" is_ac="true">[Music]</p>
  <p time="178140" is_ac="true">[Applause]</p>
  <p time="184630" is_ac="true">[Music]</p>
  <p time="186660" is_ac="true">foreign</p>
  <p time="188640" is_ac="true">[Music]</p>
  <p time="190300" is_ac="true">[Applause]</p>
  <p time="193739" is_ac="true">foreign</p>
  <p time="196120" is_ac="true">[Music]</p>
  <p time="222659" is_ac="true">foreign</p>
  <p time="242730" is_ac="true">[Music]</p>
  <p time="250190" is_ac="true">[Music]</p>
  <p time="255420" is_ac="true">foreign</p>
  <p time="261279" is_ac="true">[Music]</p>
  <p time="270850" is_ac="true">[Music]</p>
  <p time="286750" is_ac="true">[Music]</p>
  <p time="289560" is_ac="true">foreign</p>
  <p time="290690" is_ac="true">[Music]</p>
  <p time="298110" is_ac="true">[Music]</p>
  <p time="313180" is_ac="true">[Music]</p>
  <p time="320220" is_ac="true">foreign</p>
  <p time="329080" is_ac="true">[Music]</p>
  <p time="340330" is_ac="true">[Applause]</p>
  <p time="342760" is_ac="true">[Music]</p>
  <p time="354120" is_ac="true">foreign</p>
  <p time="355890" is_ac="true">[Music]</p>
  <p time="363030" is_ac="true">[Music]</p>
  <p time="370280" is_ac="true">[Music]</p>
  <p time="388740" is_ac="true">foreign</p>
  <p time="390790" is_ac="true">[Music]</p>
  <p time="409930" is_ac="true">[Music]</p>
  <p time="419580" is_ac="true">foreign</p>
  <p time="422550" is_ac="true">[Music]</p>
  <p time="431110" is_ac="true">[Applause]</p>
  <p time="434050" is_ac="true">[Music]</p>
  <p time="456360" is_ac="true">foreign</p>
  <p time="456740" is_ac="true">[Music]</p>
  <p time="496680" is_ac="true">foreign</p>
  <p time="498370" is_ac="true">[Music]</p>
  <p time="512460" is_ac="true">[Applause]</p>
  <p time="513150" is_ac="true">[Music]</p>
  <p time="520440" is_ac="true">[Music]</p>
  <p time="529290" is_ac="true">[Music]</p>
  <p time="532200" is_ac="true">foreign</p>
  <p time="533390" is_ac="true">[Music]</p>
  <p time="568920" is_ac="true">foreign</p>
  <p time="573850" is_ac="true">[Music]</p>
  <p time="585380" is_ac="true">spaghetti dish made with fried eggplant</p>
  <p time="588660" is_ac="true">cheese and olive oil so few ingredients</p>
  <p time="591540" is_ac="true">yet the flavors will Amaze you what do</p>
  <p time="594600" is_ac="true">you think whiskey</p>
  <p time="596540" is_ac="true">[Music]</p>
  <p time="615800" is_ac="true">thank you</p>
  <p time="616960" is_ac="true">[Music]</p>
  <p time="636060" is_ac="true">foreign</p>
  <p time="638010" is_ac="true">[Music]</p>
  <p time="677100" is_ac="true">foreign</p>
  <p time="678070" is_ac="true">[Music]</p>
  <p time="695630" is_ac="true">[Music]</p>
  <p time="705830" is_ac="true">[Music]</p>
  <p time="721860" is_ac="true">[Music]</p>
  <p time="727800" is_ac="true">foreign</p>
  <p time="730270" is_ac="true">[Music]</p>
  <p time="764579" is_ac="true">foreign</p>
  <p time="770420" is_ac="true">barbecue sausage</p>
  <p time="774360" is_ac="true">okay</p>
  <p time="776160" is_ac="true">good boy</p>
  <p time="785110" is_ac="true">[Music]</p>
  <p time="801779" is_ac="true">foreign</p>
  <p time="803880" is_ac="true">[Music]</p>
  <p time="831360" is_ac="true">foreign</p>
  <p time="834940" is_ac="true">[Music]</p>
  <p time="856820" is_ac="true">[Music]</p>
  <p time="879860" is_ac="true">thank you</p>
  <p time="881580" is_ac="true">[Music]</p>
  <p time="896399" is_ac="true">foreign</p>
  <p time="898020" is_ac="true">[Music]</p>
  <p time="910820" is_ac="true">guys it was such a beautiful day today I</p>
  <p time="913680" is_ac="true">didn't want to be stuck in the kitchen</p>
  <p time="914880" is_ac="true">inside so I'm brought the kitchen</p>
  <p time="916920" is_ac="true">outside and we're going to cook</p>
  <p time="918660" is_ac="true">spaghetti marinara spaghetti marinara is</p>
  <p time="921480" is_ac="true">a pasta is a seafood pasta made with</p>
  <p time="924180" is_ac="true">fresh local seafood and I'm going to use</p>
  <p time="926279" is_ac="true">the mussels just to give you that really</p>
  <p time="928680" is_ac="true">nice sea flavor you're gonna love it so</p>
  <p time="931860" is_ac="true">let's hit it first let's boil some water</p>
  <p time="936660" is_ac="true">for this I'm using a whole chili split</p>
  <p time="940139" is_ac="true">in half scrape the seeds chop finely set</p>
  <p time="943620" is_ac="true">it aside some flat leaf parsley it's</p>
  <p time="946260" is_ac="true">been washed chopped finely</p>
  <p time="949079" is_ac="true">set aside</p>
  <p time="951420" is_ac="true">once water boils add some salt</p>
  <p time="957420" is_ac="true">cook your pasta almost al dente</p>
  <p time="961199" is_ac="true">I've got some beautiful fresh scallops</p>
  <p time="965880" is_ac="true">add them in half width wise if they're</p>
  <p time="968519" is_ac="true">really small just skip this step</p>
  <p time="970740" is_ac="true">with the muscles you want to make sure</p>
  <p time="973019" is_ac="true">they've been cleaned just scrub them and</p>
  <p time="975120" is_ac="true">remove any beards okay let's start</p>
  <p time="977699" is_ac="true">cooking some olive oil</p>
  <p time="980880" is_ac="true">and you want high heat</p>
  <p time="984120" is_ac="true">some prawns or shrimps</p>
  <p time="987360" is_ac="true">you want to see them nicely on each side</p>
  <p time="990360" is_ac="true">that's where all the flavor is</p>
  <p time="993060" is_ac="true">no need to cook them right through just</p>
  <p time="995100" is_ac="true">yet Now set them aside as Seafood Cooks</p>
  <p time="998160" is_ac="true">at different rates</p>
  <p time="1003680" is_ac="true">some anchovies</p>
  <p time="1006639" is_ac="true">place them on a cutting board and give</p>
  <p time="1008959" is_ac="true">them a rough chop</p>
  <p time="1010940" is_ac="true">back with the same pan on high heat you</p>
  <p time="1013759" is_ac="true">may need a little more olive oil</p>
  <p time="1016220" is_ac="true">add the capers</p>
  <p time="1018800" is_ac="true">the chopped chili and the chopped</p>
  <p time="1021500" is_ac="true">anchovies</p>
  <p time="1022639" is_ac="true">some garlic minced or chopped</p>
  <p time="1026000" is_ac="true">mix it up and leave it until it starts</p>
  <p time="1028100" is_ac="true">to Brown</p>
  <p time="1029660" is_ac="true">then quickly deglaze with white wine</p>
  <p time="1034579" is_ac="true">add some marinara sauce it's a tomato</p>
  <p time="1036740" is_ac="true">sauce you can buy it or see my recipe</p>
  <p time="1039380" is_ac="true">how to make it now mix that up</p>
  <p time="1042020" is_ac="true">add the muscles give them a mix and cook</p>
  <p time="1045799" is_ac="true">for three minutes with the lid on</p>
  <p time="1050000" is_ac="true">return the prawns and add the scallops</p>
  <p time="1055400" is_ac="true">[Music]</p>
  <p time="1056740" is_ac="true">add the chopped parsley Now drain and</p>
  <p time="1060320" is_ac="true">add your spaghetti straight to the sauce</p>
  <p time="1062299" is_ac="true">cook for another 30 seconds</p>
  <p time="1065419" is_ac="true">mix well</p>
  <p time="1067520" is_ac="true">spaghetti marinara is ready</p>
  <p time="1070630" is_ac="true">[Music]</p>
  <p time="1075770" is_ac="true">[Music]</p>
  <p time="1080120" is_ac="true">oh yum</p>
</text>
