<?xml version='1.0' encoding='UTF-8'?>
<text date_d="4" date_m="12" date_y="2022" format="srv3" age_limit="0" comment_count="560" description="Street food in Italy - In this video, I will take you on a huge Italian street food tour to eat the best food in Rome, Italy.&#10;&#10;To start our street food tour in Rome, Italy, we went to Trastevere to have the traditional pasta Carbonara and Amatriciana and finishing our meal with an amazing Tiramisu.&#10;&#10;Moving on with our street food tour in Rome, Italy, we went for Italian Gelato.&#10;&#10;After walking around Rome for a while, we ended up having an aperitif while enjoying the beautiful Colosseo.&#10;&#10;To end the first day of our street food tour in Rome, Italy, we went for another Roman classic, Baccala' or salted cod.&#10;&#10;The following day, to begin our street food tour in Rome, Italy, we went to a local coffee shop and Patisserie to have an iconic breakfast, cappuccino and Maritozzo con la panna.&#10;&#10;Later on, we headed to Campo de' Fiori to have some charcuterie, a salumi and cheese platter.&#10;&#10;To continue our street food tour in Rome, Italy, we had another Italian specialty, sandwich with Porchetta.&#10;&#10;To end our second day of eating street food in Italy, we went to Tiburtina area to have a proprer Italian dinner, bruschette and more pasta.&#10;&#10;To complete our 3 day full of eating street food in Italy, we went to one of the most popular pizzeria al taglio in Rome to try their famous pizza.&#10;&#10;LOCATIONS:&#10;&#10;1-Nannarella, Osteria, Roma Trastevere&#10;&#10;2-Giolitti&#10;&#10;3-La Biga Ristoracaffé Wine Food&#10;&#10;4-Dar Filettaro a Santa Barbara&#10;&#10;5-Regoli Pasticceria&#10;&#10;6-Norcineria Viola&#10;&#10;7-Barretta Pesce e Porchetta&#10;&#10;8-Il Pettirosso&#10;&#10;9-Bonci Pizzarium&#10;&#10;Hope you my first-ever video about street food in Italy. Stay tuned for more street food videos in Italy.&#10;&#10;------------------------------------------------------- &#10;&#10;As an Amazon Associate, I earn from qualifying purchases. This means if you take actions ( i.e: clicking the link or making a purchase) from one of these links, I will earn small coffee money. More coffee more interesting content! &#10;  &#10;*** &#10;&#10;Tubebuddy: #1 Rated YouTube Video Optimization and Management Toolkit  &#10;&#10;https://www.tubebuddy.com/abroadandhungry &#10;&#10;VPN ( Virtual Private Network ) https://www.expressvpn.com/refer-a-friend/30-days-free?referrer_id=40692850&amp;utm_campaign=referrals&amp;utm_medium=copy_link&amp;utm_source=referral_dashboard &#10;&#10;My music: https://share.epidemicsound.com/s5mlnl &#10;&#10;  &#10;--------------------------------------------------------- &#10;&#10;SUBSCRIBE TO SUPPORT MY JOURNEY!  &#10;&#10;  &#10;Buongiorno guys, I'm Max Ginestra.  &#10;&#10;I've always had a dream to travel for food around the world.   &#10;&#10;I believe that through the food we can deeply explore new cultures, traditions and get to know the people.  &#10;&#10;In this channel, Abroad and Hungry, I will share my passion for street food, local and traditional cuisine." fulltitle="72 Hours Eating ITALIAN FOOD in Rome - CARBONARA + PIZZA - Italian street food tour in Rome, Italy" like_count="8254" location="ROME" playlist_title="na" release_date="na" upload_date="20221204" repost_count="na" tags="Street food in Italy; street food in italy rome; street food pizza in italy; italian street food in italy; most extreme street food in italy; street food in italy florence; street food in naples italy; Best food in Rome; Italian street food in Rome; Rome street food tour; Italian food in Rome; abroad and hungry; max ginestra; abroad and hungry Italy; best food in rome italy; best street food in rome; best italian food in rome; best pizza in rome italy; rome italy; rome vlog; " title="72 Hours Eating ITALIAN FOOD in Rome - CARBONARA + PIZZA - Italian street food tour in Rome, Italy" uploader="Abroad and Hungry" view_count="503221" webpage_url="https://www.youtube.com/watch?v=dI-5IBE_vIs" autocaption="false">
  <p time="89" is_ac="false">Buongiorno guys, it's Max Ginestra.</p>
  <p time="2748" is_ac="false">I can finally say it, I'm in Rome</p>
  <p time="4994" is_ac="false">Italy</p>
  <p time="5494" is_ac="false">precisely in Piazza del Popolo</p>
  <p time="7444" is_ac="false">I'm super excited</p>
  <p time="9071" is_ac="false">We have a three-day full of eating here in Rome</p>
  <p time="11414" is_ac="false">and I can't wait to share everything with you</p>
  <p time="14542" is_ac="false">Are you hungry?</p>
  <p time="16189" is_ac="false">Of course, you are</p>
  <p time="17689" is_ac="false">Andiamo!</p>
  <p time="28316" is_ac="false">For lunch, we came to a 90-year-old restaurant here in Rome</p>
  <p time="32656" is_ac="false">This is an institution here in Trastevere, a very historical neighborhood</p>
  <p time="36514" is_ac="false">Take a look at what we ordered</p>
  <p time="38055" is_ac="false">This is called "Carciofo alla Giudia"</p>
  <p time="40771" is_ac="false">which is a Jewish-style artichoke</p>
  <p time="43959" is_ac="false">which is fried and served with some salt, parsley and I think some olive oil</p>
  <p time="48479" is_ac="false">I haven't eaten this in 10 years probably</p>
  <p time="51474" is_ac="false">my grandma used to make this</p>
  <p time="57928" is_ac="false">Buon appetito</p>
  <p time="64219" is_ac="false">Mamma mia, so crispy!</p>
  <p time="66083" is_ac="false">The artichoke has this very unique taste</p>
  <p time="68997" is_ac="false">A bit salty, it's not greasy at all</p>
  <p time="71283" is_ac="false">This is a dish that dates back centuries probably</p>
  <p time="74956" is_ac="false">because we have a big Jewish Community</p>
  <p time="77687" is_ac="false">There is a Roman ghetto which is a Jewish neighborhood</p>
  <p time="81582" is_ac="false">that influenced our cuisine</p>
  <p time="83242" is_ac="false">and this is one of their dishes</p>
  <p time="87084" is_ac="false">As a main</p>
  <p time="88211" is_ac="false">Two Roman classics</p>
  <p time="91011" is_ac="false">Carbonara</p>
  <p time="92016" is_ac="false">Mamma mia, I haven't had Carbonara
in ages</p>
  <p time="94501" is_ac="false">This is one of my favorite dishes of all time</p>
  <p time="97297" is_ac="false">These are Tonnarelli</p>
  <p time="98596" is_ac="false">It's like thick spaghetti served with cured pork cheek, pecorino Romano cheese, pepper, and egg</p>
  <p time="105385" is_ac="false">And then</p>
  <p time="106668" is_ac="false">another very famous dish of Roman cuisine</p>
  <p time="110069" is_ac="false">Amatriciana from Amatrice</p>
  <p time="112282" is_ac="false">a small city close to Rome</p>
  <p time="114294" is_ac="false">The same type of pasta, Tonnarello</p>
  <p time="116189" is_ac="false">then we have tomato sauce, the same cured pork cheek, pepper, and pecorino Romano</p>
  <p time="122148" is_ac="false">This is illegal</p>
  <p time="124150" is_ac="false">I already can tell</p>
  <p time="144427" is_ac="false">I'm dreaming</p>
  <p time="146510" is_ac="false">I need to pinch myself</p>
  <p time="148159" is_ac="false">Am I dreaming or what?</p>
  <p time="150000" is_ac="false">No no, it's so good</p>
  <p time="151503" is_ac="false">You got the cheesiness, the fattiness,</p>
  <p time="154298" is_ac="false">it's a bit peppery, the egg yolk gives the creaminess</p>
  <p time="158015" is_ac="false">the pasta is perfectly cooked</p>
  <p time="159565" is_ac="false">Look at the fatty cured pork cheek</p>
  <p time="161608" is_ac="false">This tastes like childhood</p>
  <p time="163162" is_ac="false">Vai di Amatriciana</p>
  <p time="166201" is_ac="false">Huge chunks of guanciale</p>
  <p time="177272" is_ac="false">Oh, the tomato sauce</p>
  <p time="180000" is_ac="false">Sweet</p>
  <p time="180868" is_ac="false">Then you got that punch of the pecorino Romano</p>
  <p time="183978" is_ac="false">perfectly cooked, everything is still hot</p>
  <p time="186285" is_ac="false">and the fatty guanciale truly makes the difference</p>
  <p time="189334" is_ac="false">And as a dessert</p>
  <p time="191371" is_ac="false">of course</p>
  <p time="192209" is_ac="false">Tiramisu</p>
  <p time="193042" is_ac="false">freshly made Tiramisu</p>
  <p time="194609" is_ac="false">I think with Mascarpone cream and this is Gentilini, a traditional Roman biscuit</p>
  <p time="204808" is_ac="false">Mamma mia!</p>
  <p time="220787" is_ac="false">So elegant</p>
  <p time="221589" is_ac="false">Not too sweet</p>
  <p time="222557" is_ac="false">and the top is very soft then if you go down with your spoon it gets more solid</p>
  <p time="227503" is_ac="false">Amazing!</p>
  <p time="228454" is_ac="false">The best of the best</p>
  <p time="237834" is_ac="false">What an incredible place!</p>
  <p time="239460" is_ac="false">This is a place that no matter many times you come and visit gives you goosebumps all the time</p>
  <p time="245537" is_ac="false">It's incredible really, magical</p>
  <p time="247839" is_ac="false">And you can also get ice cream and enjoy it right in front of the Fontana
di Trevi</p>
  <p time="254364" is_ac="false">You have to take a picture, video throw the coin</p>
  <p time="258720" is_ac="false">I think your first time in Rome</p>
  <p time="260981" is_ac="false">so Rome is huge, very big</p>
  <p time="263317" is_ac="false">If you don't have enough time, there are at least three places that you must visit</p>
  <p time="268503" is_ac="false">One of these is Fontana di Trevi</p>
  <p time="270218" is_ac="false">Piazza di Spagna or Spanish steps and the Colosseum</p>
  <p time="272734" is_ac="false">after that, the rest is a bonus</p>
  <p time="277182" is_ac="false">All right</p>
  <p time="278333" is_ac="false">Let's make all a wish</p>
  <p time="283395" is_ac="false">Done</p>
  <p time="284834" is_ac="false">Rome is magical</p>
  <p time="289955" is_ac="false">Done</p>
  <p time="314042" is_ac="false">We came to probably one of the most
famous ice cream shops and pastry shops in Rome</p>
  <p time="320044" is_ac="false">This is very traditional, it's called Giolitti</p>
  <p time="322334" is_ac="false">This is a medium size cone</p>
  <p time="324821" is_ac="false">in terms of flavor, well there were so many options</p>
  <p time="326964" is_ac="false">I followed the guy's recommendation</p>
  <p time="329322" is_ac="false">We got dark chocolate, pistachio, hazelnut, and Panna on top, cream</p>
  <p time="333540" is_ac="false">All right, let's go for it</p>
  <p time="339064" is_ac="false">Oh, yeah! This is heaven</p>
  <p time="340891" is_ac="false">Not really sweet</p>
  <p time="341959" is_ac="false">We've been walking around Rome, the weather is beautiful, it's November</p>
  <p time="345938" is_ac="false">I still can't believe it's 20 degrees</p>
  <p time="348380" is_ac="false">It's fantastic</p>
  <p time="349282" is_ac="false">It's good to be back in Italy</p>
  <p time="357334" is_ac="false">I just wanted to show you</p>
  <p time="359435" is_ac="false">This beautiful Altare Della Patria which is in Piazza Venezia this is on the way to the Colosseum is one of my
favorite monuments in Rome</p>
  <p time="368793" is_ac="false">All right, andiamo</p>
  <p time="382125" is_ac="false">And now I've taken you to the most iconic place here in Rome</p>
  <p time="386553" is_ac="false">the one and only</p>
  <p time="388470" is_ac="false">The Colosseum</p>
  <p time="389499" is_ac="false">or as we call it</p>
  <p time="390467" is_ac="false">Er Colosseo</p>
  <p time="393517" is_ac="false">What a beautiful place</p>
  <p time="395024" is_ac="false">Now</p>
  <p time="396913" is_ac="false">I think I'm hungry</p>
  <p time="398296" is_ac="false">so we should go for maybe an aperitif</p>
  <p time="409756" is_ac="false">You can't miss an aperitif in front of the
Colosseum</p>
  <p time="438890" is_ac="false">For dinner, we came to have one of the most popular dishes here in Rome</p>
  <p time="444836" is_ac="false">Baccala'</p>
  <p time="446080" is_ac="false">This is battered salted cod</p>
  <p time="448437" is_ac="false">very simple but very traditional</p>
  <p time="450663" is_ac="false">And we came to probably the most popular restaurants in the city</p>
  <p time="454494" is_ac="false">which is still very old school full of classic Roman sentences or ways of saying</p>
  <p time="460499" is_ac="false">in dialect</p>
  <p time="461464" is_ac="false">Oh, so cool!</p>
  <p time="462426" is_ac="false">And these are Puntarelle</p>
  <p time="463995" is_ac="false">It's chicory family, these are the shoots</p>
  <p time="466528" is_ac="false">and they're dressed in a Roman way
with the anchovies</p>
  <p time="469495" is_ac="false">and also they told me to put vinegar and olive oil</p>
  <p time="475500" is_ac="false">And now it's time to go for it</p>
  <p time="479507" is_ac="false">They make them fresh at the back</p>
  <p time="490011" is_ac="false">Oh, wow!</p>
  <p time="492000" is_ac="false">Mamma mia!</p>
  <p time="495943" is_ac="false">So crunchy and crispy</p>
  <p time="498000" is_ac="false">Not greasy at all</p>
  <p time="499005" is_ac="false">so meaty</p>
  <p time="500003" is_ac="false">Not fishy</p>
  <p time="500876" is_ac="false">Oh, wow!</p>
  <p time="501775" is_ac="false">Can't get wrong with Baccala' in Roma</p>
  <p time="503542" is_ac="false">And let's try also the Punterelle</p>
  <p time="506714" is_ac="false">Oh, let's mix everything up</p>
  <p time="508632" is_ac="false">The smell of the anchovies</p>
  <p time="510241" is_ac="false">This is very unique to Rome</p>
  <p time="516913" is_ac="false">A bit salty because of the anchovies</p>
  <p time="518527" is_ac="false">a bit bitter because Puntarelle are a bit bitter</p>
  <p time="520852" is_ac="false">Crunchy</p>
  <p time="521787" is_ac="false">so refreshing</p>
  <p time="523104" is_ac="false">Oh, really nice</p>
  <p time="524232" is_ac="false">Every meal</p>
  <p time="525556" is_ac="false">in Italy</p>
  <p time="526349" is_ac="false">has to end with the dessert</p>
  <p time="528000" is_ac="false">and what we ordered is</p>
  <p time="529306" is_ac="false">homemade Crostata with ricotta and visciole</p>
  <p time="532856" is_ac="false">so this is a tart with ricotta</p>
  <p time="534993" is_ac="false">visciole are sour cherries</p>
  <p time="544917" is_ac="false">You taste the sweetness of the Ricotta</p>
  <p time="547970" is_ac="false">and then the sweet and sour punch of the visciole, of the sour cherries</p>
  <p time="554184" is_ac="false">I really miss my food</p>
  <p time="555738" is_ac="false">I really miss this food</p>
  <p time="558000" is_ac="false">I'm like a kid</p>
  <p time="559518" is_ac="false">I'm enjoying things like it's my first time again</p>
  <p time="562663" is_ac="false">Wow! It's fantastic</p>
  <p time="570792" is_ac="false">Buongiorno! This is day two from La Capitale</p>
  <p time="574682" is_ac="false">It's nine o'clock in the morning</p>
  <p time="576159" is_ac="false">and now</p>
  <p time="576901" is_ac="false">I'm going to show you the best way to start your day here in Rome</p>
  <p time="580189" is_ac="false">Andiamo!</p>
  <p time="598474" is_ac="false">For breakfast, we came to another iconic pasticceria or bar, coffee shop here in Rome</p>
  <p time="605297" is_ac="false">Regoli Pasticceria</p>
  <p time="606522" is_ac="false">This is a Roman classic</p>
  <p time="607917" is_ac="false">This is a crostatina,</p>
  <p time="609814" is_ac="false">so tart with small cherries and cream</p>
  <p time="612935" is_ac="false">Then Maritozzo con la Panna which is this soft bun with cream</p>
  <p time="617370" is_ac="false">This is a recipe in our cuisine that has been going on for centuries,</p>
  <p time="622069" is_ac="false">probably 3-4 centuries</p>
  <p time="624272" is_ac="false">It actually means "Not husband yet"</p>
  <p time="626320" is_ac="false">It used to be given, legend says, back in the day to girls to court them</p>
  <p time="631055" is_ac="false">And this is my father's favorite</p>
  <p time="632542" is_ac="false">Very soft bun with a kilo of cream on top</p>
  <p time="643118" is_ac="false">Oh, mamma mia!</p>
  <p time="644443" is_ac="false">The bun</p>
  <p time="646568" is_ac="false">absolutely soft</p>
  <p time="648000" is_ac="false">It's like a sweet brioche which is actually not too sweet</p>
  <p time="651262" is_ac="false">Mamma mia! This is a bomb</p>
  <p time="652786" is_ac="false">The last time I had it was</p>
  <p time="654651" is_ac="false">I don't know</p>
  <p time="655486" is_ac="false">10 years ago</p>
  <p time="656410" is_ac="false">And now</p>
  <p time="657236" is_ac="false">this gigantic tart</p>
  <p time="659454" is_ac="false">completely packed with ingredients</p>
  <p time="665167" is_ac="false">Sweet cherries, the tart is extraordinary</p>
  <p time="668182" is_ac="false">Crunchy, elegant, soft, that's why you want to wake up in the morning with</p>
  <p time="677005" is_ac="false">What a breakfast!</p>
  <p time="678306" is_ac="false">Oh, guys, if you want a real Maritozzo con la Panna</p>
  <p time="681279" is_ac="false">which is a must-try here in Rome, you have to come here</p>
  <p time="684669" is_ac="false">I'm a bit full,</p>
  <p time="685905" is_ac="false">I have to digest,</p>
  <p time="687047" is_ac="false">so let's walk</p>
  <p time="705900" is_ac="false">We have arrived in Campo de' Fiori which is probably my favorite part of the city</p>
  <p time="709676" is_ac="false">because at night time is very lively, you can enjoy an aperitif, a drink and stay out until late at night</p>
  <p time="716379" is_ac="false">During the day is very popular because there is a market</p>
  <p time="718938" is_ac="false">They sell local produce, clothes, and everything and of course, flowers</p>
  <p time="722384" is_ac="false">because Campo de' Fiori means flowers field</p>
  <p time="725257" is_ac="false">and is also full of very old little gems where you can get a proper
Roman snack</p>
  <p time="738810" is_ac="false">Oh, nice! Look at all the spices</p>
  <p time="744000" is_ac="false">See, this is what's very famous in our cuisine</p>
  <p time="746879" is_ac="false">Carciofo Romanesco</p>
  <p time="748232" is_ac="false">and Puntarelle</p>
  <p time="749463" is_ac="false">that we had yesterday</p>
  <p time="753115" is_ac="false">And Porcini mushrooms</p>
  <p time="754582" is_ac="false">especially now they are in season</p>
  <p time="756667" is_ac="false">and they're very very good</p>
  <p time="763118" is_ac="false">Ah, look at the cheese</p>
  <p time="774290" is_ac="false">Nice Parmigiano</p>
  <p time="775233" is_ac="false">Ah, look at the porchetta</p>
  <p time="776715" is_ac="false">Porchetta, Rosetta and Coppiettte</p>
  <p time="781392" is_ac="false">Typical Roman food</p>
  <p time="789959" is_ac="false">Right next to the market there is a famous local joint called Norcineria Viola opened since 1890</p>
  <p time="796841" is_ac="false">and take a look at what they serve</p>
  <p time="798474" is_ac="false">Salumi, cheese</p>
  <p time="800264" is_ac="false">Everything is local</p>
  <p time="801520" is_ac="false">Italian</p>
  <p time="802387" is_ac="false">Also from our region, Lazio</p>
  <p time="804705" is_ac="false">The smell is incredible</p>
  <p time="806842" is_ac="false">Almost overwhelming</p>
  <p time="809307" is_ac="false">Amazing</p>
  <p time="810000" is_ac="false">Let me introduce you</p>
  <p time="810929" is_ac="false">We have parmesan,</p>
  <p time="812444" is_ac="false">pecorino Romano cheese</p>
  <p time="813966" is_ac="false">a couple of other cheeses</p>
  <p time="815207" is_ac="false">These are called Puntarelle which is kind of a pork jerky</p>
  <p time="818527" is_ac="false">so dried pork</p>
  <p time="819442" is_ac="false">then we have prosciutto,</p>
  <p time="821235" is_ac="false">Lonza and four types of salami</p>
  <p time="823750" is_ac="false">Everything is accompanied by a local beer</p>
  <p time="826795" is_ac="false">and this is my favorite part</p>
  <p time="828737" is_ac="false">bread</p>
  <p time="829587" is_ac="false">prosciutto</p>
  <p time="831323" is_ac="false">and the spicy cheese</p>
  <p time="833430" is_ac="false">How much I miss this</p>
  <p time="834370" is_ac="false">Buon Appetito</p>
  <p time="838485" is_ac="false">Mamma mia!</p>
  <p time="839404" is_ac="false">We got the</p>
  <p time="840367" is_ac="false">thinly sliced prosciutto</p>
  <p time="842164" is_ac="false">that falls apart in your mouth</p>
  <p time="843910" is_ac="false">spicy cheese, fresh bread</p>
  <p time="845334" is_ac="false">Let's try Puntarelle</p>
  <p time="847588" is_ac="false">It should be a bit spicy, let's see</p>
  <p time="852664" is_ac="false">Oh, yes!</p>
  <p time="854147" is_ac="false">That's a bit spicy</p>
  <p time="855278" is_ac="false">Seasoned with a bit of fennel I believe,</p>
  <p time="856961" is_ac="false">chili, you can see it on top</p>
  <p time="858308" is_ac="false">Oh, really really nice! I missed this</p>
  <p time="860219" is_ac="false">Let's go for the salame as well</p>
  <p time="861384" is_ac="false">Oh, this is a classic</p>
  <p time="862718" is_ac="false">See, with pepper in it</p>
  <p time="863802" is_ac="false">Fatty</p>
  <p time="867684" is_ac="false">This tastes like childhood</p>
  <p time="869103" is_ac="false">Okay, let's go for the ultimate one</p>
  <p time="870762" is_ac="false">A couple of slices</p>
  <p time="872227" is_ac="false">My favorite is pecorino but I don't think suits perfectly this sandwich</p>
  <p time="876475" is_ac="false">Take a look!</p>
  <p time="877086" is_ac="false">This is a bit peppery and soft</p>
  <p time="879822" is_ac="false">Pecorino Romano and Parmigiano are hard cheeses</p>
  <p time="887042" is_ac="false">Peppery, fatty, it's got soft cheese.</p>
  <p time="889980" is_ac="false">So good!</p>
  <p time="890677" is_ac="false">I was looking around and I think what I ordered wasn't enough</p>
  <p time="894212" is_ac="false">This is a wild boar dry sausage</p>
  <p time="897075" is_ac="false">I'm kind of a nostalgic person</p>
  <p time="899860" is_ac="false">We used to own wild boars and pigs</p>
  <p time="902565" is_ac="false">and</p>
  <p time="903827" is_ac="false">yeah, my grandma used to make it and I really wanted to get one</p>
  <p time="906975" is_ac="false">It reminds me of her</p>
  <p time="912000" is_ac="false">So good!</p>
  <p time="913445" is_ac="false">Oh, wow!</p>
  <p time="914420" is_ac="false">This is a bomb</p>
  <p time="915793" is_ac="false">Really tender, fatty</p>
  <p time="917468" is_ac="false">You would think is dry</p>
  <p time="918688" is_ac="false">It's something like a jerky but it's not at all</p>
  <p time="921743" is_ac="false">It's not salty,</p>
  <p time="922892" is_ac="false">a bit peppery</p>
  <p time="924000" is_ac="false">it depends on how they make it</p>
  <p time="925299" is_ac="false">Really really good</p>
  <p time="962650" is_ac="false">Another classic</p>
  <p time="964499" is_ac="false">snack</p>
  <p time="965174" is_ac="false">well</p>
  <p time="966408" is_ac="false">It's up to you whether it's a snack or a meal</p>
  <p time="969542" is_ac="false">Panino con la porchetta</p>
  <p time="972000" is_ac="false">Sandwich with porchetta which is
a spit-roasted boneless pig</p>
  <p time="978459" is_ac="false">seasoned with fennel, rosemary, garlic, and also some pepper</p>
  <p time="983010" is_ac="false">I think this is Umbria style which is a region just up north, not really far from Rome</p>
  <p time="989713" is_ac="false">And I ordered a sandwich</p>
  <p time="993000" is_ac="false">Romanesco sandwich with artichokes, olive oil and onion *and pecorino romano cheese</p>
  <p time="997200" is_ac="false">Buon appetito</p>
  <p time="1002565" is_ac="false">Mamma mia!</p>
  <p time="1005454" is_ac="false">This is super mega illegal</p>
  <p time="1007855" is_ac="false">This is spaziale</p>
  <p time="1009917" is_ac="false">It takes you to the space</p>
  <p time="1011192" is_ac="false">First of all the bread</p>
  <p time="1012448" is_ac="false">fresh and crunchy</p>
  <p time="1013720" is_ac="false">You can taste the fresh extra virgin olive oil</p>
  <p time="1015998" is_ac="false">You got the porchetta which is soft,</p>
  <p time="1018526" is_ac="false">tender, juicy,</p>
  <p time="1020176" is_ac="false">fatty, super aromatic</p>
  <p time="1021872" is_ac="false">This is worth the ticket to Rome for</p>
  <p time="1050258" is_ac="false">And for dinner, we came to a very local restaurant close to Tiburtina station</p>
  <p time="1054584" is_ac="false">which is a bit far from the city center</p>
  <p time="1057125" is_ac="false">I came with my father before and I was very impressed by the food,</p>
  <p time="1061460" is_ac="false">service, and ambiance</p>
  <p time="1062815" is_ac="false">And look at what we have</p>
  <p time="1063838" is_ac="false">This is my favorite entree, bruschette</p>
  <p time="1066498" is_ac="false">This is a selection of different types of bruschette</p>
  <p time="1069112" is_ac="false">We have a classic with olive oil and salt</p>
  <p time="1072025" is_ac="false">Tomatoes</p>
  <p time="1073004" is_ac="false">Prosciutto</p>
  <p time="1074166" is_ac="false">This is olive pate</p>
  <p time="1076373" is_ac="false">Cherry tomatoes and buffalo mozzarella</p>
  <p time="1078669" is_ac="false">and I think this is</p>
  <p time="1080000" is_ac="false">something spicy, maybe nduja which
is Calabrian spicy sausage</p>
  <p time="1084536" is_ac="false">Let's start</p>
  <p time="1085265" is_ac="false">For sure the first one needs to be this one</p>
  <p time="1087533" is_ac="false">Buon Appetito</p>
  <p time="1094652" is_ac="false">A bit salty, milky, sweet and sour
tomatoes,</p>
  <p time="1097691" is_ac="false">crunchy bread,</p>
  <p time="1098840" is_ac="false">olive oil on top</p>
  <p time="1099891" is_ac="false">So fresh!</p>
  <p time="1101005" is_ac="false">Now, it's time for this olive pate</p>
  <p time="1108338" is_ac="false">Oooh!</p>
  <p time="1109672" is_ac="false">A bit grainy almost</p>
  <p time="1111072" is_ac="false">A bit bitter</p>
  <p time="1112254" is_ac="false">olive oil on top</p>
  <p time="1113707" is_ac="false">Usually in Italy when you order the selection of bruschette</p>
  <p time="1117702" is_ac="false">you always have Olive Pate</p>
  <p time="1120972" is_ac="false">Moving on</p>
  <p time="1121647" is_ac="false">I don't know what's this</p>
  <p time="1122765" is_ac="false">I think it's nduja</p>
  <p time="1124760" is_ac="false">I like nduja, especially on pizza</p>
  <p time="1127341" is_ac="false">Ma che te lo dico a fa'</p>
  <p time="1128456" is_ac="false">That's what we say in Rome</p>
  <p time="1131937" is_ac="false">Oh, yeah!</p>
  <p time="1132971" is_ac="false">It's nduja</p>
  <p time="1135822" is_ac="false">Oooh!</p>
  <p time="1136986" is_ac="false">Spicy, a bit tomatoey</p>
  <p time="1138821" is_ac="false">It's full of chili and tomatoes</p>
  <p time="1140606" is_ac="false">When you put this one on Pizza</p>
  <p time="1144277" is_ac="false">You will be on fire</p>
  <p time="1149515" is_ac="false">And as mains</p>
  <p time="1150839" is_ac="false">Of course, we had two plates of pasta</p>
  <p time="1152228" is_ac="false">These are linguine allo Scoglio</p>
  <p time="1155006" is_ac="false">with mixed seafood, cherry tomatoes, garlic, white wine, parsley</p>
  <p time="1159786" is_ac="false">I'm mouthwatering while I'm describing it</p>
  <p time="1161844" is_ac="false">Also, handmade gnocchi actually gnocchetti, small gnocchi</p>
  <p time="1165902" is_ac="false">potatoes gnocchi of course</p>
  <p time="1167534" is_ac="false">with Gorgonzola cheese which is a blue cheese</p>
  <p time="1170714" is_ac="false">and spicy nduja which is the one we had the bruschetta with before, the spicy one</p>
  <p time="1175955" is_ac="false">All right</p>
  <p time="1177045" is_ac="false">Let's try the fish first which is a bit you know lighter and less aggressive</p>
  <p time="1181604" is_ac="false">in flavor</p>
  <p time="1184582" is_ac="false">Let's get calamari as well</p>
  <p time="1186549" is_ac="false">Buon appetito</p>
  <p time="1201938" is_ac="false">Oh, wow!</p>
  <p time="1202992" is_ac="false">Look at mussels</p>
  <p time="1206000" is_ac="false">Mamma mia!</p>
  <p time="1209855" is_ac="false">Oh, so creamy!</p>
  <p time="1211007" is_ac="false">Pasta al dente</p>
  <p time="1212293" is_ac="false">It's got that nice touch of cherry tomato and garlic</p>
  <p time="1215084" is_ac="false">Fresh seafood</p>
  <p time="1216231" is_ac="false">right from the sea</p>
  <p time="1218831" is_ac="false">Oh my God!</p>
  <p time="1219862" is_ac="false">This is heaven on Earth</p>
  <p time="1221813" is_ac="false">And it's time to try gnocchi</p>
  <p time="1231098" is_ac="false">Okay</p>
  <p time="1232053" is_ac="false">A bit spicy because of the nduja</p>
  <p time="1234011" is_ac="false">See, this is the nduja</p>
  <p time="1235505" is_ac="false">It's pretty spicy</p>
  <p time="1236897" is_ac="false">Very creamy because of the cheesy gorgonzola cream</p>
  <p time="1240847" is_ac="false">The cheese is not too strong</p>
  <p time="1242157" is_ac="false">I expected a stronger taste</p>
  <p time="1244282" is_ac="false">While in Rome, you absolutely have to have gnocchi</p>
  <p time="1247345" is_ac="false">I haven't been back in almost nine years</p>
  <p time="1249492" is_ac="false">and you know</p>
  <p time="1250866" is_ac="false">walking around the city</p>
  <p time="1252959" is_ac="false">It's like enjoying and appreciating the city and the food as well the way I should have done before leaving Italy</p>
  <p time="1260577" is_ac="false">Because sometimes to appreciate certain things</p>
  <p time="1264160" is_ac="false">or to understand</p>
  <p time="1266000" is_ac="false">certain things</p>
  <p time="1267120" is_ac="false">You don't have to have them for a bit</p>
  <p time="1268505" is_ac="false">I hope you get what I mean</p>
  <p time="1269830" is_ac="false">I'm really loving it</p>
  <p time="1271077" is_ac="false">It's like I'm falling in love again with my country</p>
  <p time="1294212" is_ac="false">Third day here in Rome</p>
  <p time="1295795" is_ac="false">I mean, we couldn't leave the city without</p>
  <p time="1299149" is_ac="false">the famous</p>
  <p time="1300122" is_ac="false">Pizza al Taglio</p>
  <p time="1302000" is_ac="false">Mamma mia!</p>
  <p time="1303702" is_ac="false">Bonci Pizzeria</p>
  <p time="1305191" is_ac="false">Very close to the Vatican</p>
  <p time="1306861" is_ac="false">They're in documentaries and stuff</p>
  <p time="1308793" is_ac="false">also probably the most expensive pizza I've ever had</p>
  <p time="1312491" is_ac="false">but</p>
  <p time="1313405" is_ac="false">I'm sure it's good</p>
  <p time="1314483" is_ac="false">Take a look</p>
  <p time="1314983" is_ac="false">This is spicy salame with goat cheese cream and tomato base</p>
  <p time="1319489" is_ac="false">This is with the prosciutto, mozzarella, I believe mushrooms and tomato base</p>
  <p time="1324856" is_ac="false">This is with pumpkin, potatoes and sausage</p>
  <p time="1328579" is_ac="false">This is with pancetta which is a cured pork belly, egg and potatoes</p>
  <p time="1333907" is_ac="false">One more thing, I forgot to mention</p>
  <p time="1335481" is_ac="false">I've also ordered the classic Roman Suppli' which is breaded rice with tomato base and mozzarella in it</p>
  <p time="1348100" is_ac="false">I like the tomato base, it's a bit sweet</p>
  <p time="1349732" is_ac="false">Crunchy, nice mozzarella</p>
  <p time="1351293" is_ac="false">Soft rice, almost a bit al dente</p>
  <p time="1353750" is_ac="false">Can't get wrong with Suppli'</p>
  <p time="1354960" is_ac="false">Alright</p>
  <p time="1356299" is_ac="false">it's time for the pizza</p>
  <p time="1357334" is_ac="false">I have to start with this one</p>
  <p time="1359006" is_ac="false">I've been recommended by one of the guys there</p>
  <p time="1362162" is_ac="false">Pumpkin, sausage, rosemary, rocket</p>
  <p time="1365564" is_ac="false">Buon appetito</p>
  <p time="1370899" is_ac="false">Mamma miaaa!</p>
  <p time="1374710" is_ac="false">Perfect base</p>
  <p time="1377903" is_ac="false">Crunchy!</p>
  <p time="1378775" is_ac="false">The pumpkin is so creamy, sweet</p>
  <p time="1380909" is_ac="false">You got that fattiness and savoriness of the sausage</p>
  <p time="1384367" is_ac="false">I never tried a combination like this before</p>
  <p time="1387144" is_ac="false">Now</p>
  <p time="1389261" is_ac="false">This one</p>
  <p time="1390470" is_ac="false">with pancetta, egg</p>
  <p time="1392369" is_ac="false">And look at the pancetta, the fat,</p>
  <p time="1394585" is_ac="false">parsley on top, egg</p>
  <p time="1403468" is_ac="false">It's all about the pancetta</p>
  <p time="1405559" is_ac="false">Peppery, fatty, salty</p>
  <p time="1407307" is_ac="false">The egg gives that creaminess and just a touch of very thinly sliced potato</p>
  <p time="1412250" is_ac="false">And now it's time for one of my favorites</p>
  <p time="1415309" is_ac="false">The one with prosciutto</p>
  <p time="1416524" is_ac="false">This is an Italian classic</p>
  <p time="1418379" is_ac="false">You can't get wrong with prosciutto on top of the margarita</p>
  <p time="1433645" is_ac="false">I'm dancing, I'm dreaming</p>
  <p time="1435462" is_ac="false">Mild mozzarella, thinly sliced prosciutto</p>
  <p time="1438546" is_ac="false">Prosciutto is my favorite cured meat of all time</p>
  <p time="1442567" is_ac="false">A bit of bitterness from the rocket</p>
  <p time="1444289" is_ac="false">The dough</p>
  <p time="1445313" is_ac="false">Ma che te lo dico a fa'</p>
  <p time="1446560" is_ac="false">Super crunchy</p>
  <p time="1447710" is_ac="false">This is the winner, I already know</p>
  <p time="1449472" is_ac="false">and now the last one</p>
  <p time="1450715" is_ac="false">Spicy salami, tomato base,</p>
  <p time="1453326" is_ac="false">parsley,</p>
  <p time="1454322" is_ac="false">one potato in the middle by mistake, and goat cheese cream</p>
  <p time="1459471" is_ac="false">Buon Appetito</p>
  <p time="1465898" is_ac="false">I love the goat cheese</p>
  <p time="1467187" is_ac="false">The cream is a bit airy</p>
  <p time="1469194" is_ac="false">it's like whipped cream but a bit savory</p>
  <p time="1472209" is_ac="false">After trying them all, they're amazing</p>
  <p time="1474272" is_ac="false">What makes a difference</p>
  <p time="1476000" is_ac="false">ingredients</p>
  <p time="1476882" is_ac="false">but I think the dough is the number one thing</p>
  <p time="1479078" is_ac="false">My favorite has to be the one with prosciutto</p>
  <p time="1481283" is_ac="false">It's a very popular place</p>
  <p time="1482744" is_ac="false">We went there 30 minutes before
they opened</p>
  <p time="1484966" is_ac="false">There were people lining up</p>
  <p time="1486542" is_ac="false">The place got really crowded from tourists and locals</p>
  <p time="1489421" is_ac="false">It's a bit expensive but I think you have to try it while in Rome</p>
  <p time="1492518" is_ac="false">That's a suggestion</p>
  <p time="1507660" is_ac="false">We're ending our video in another country</p>
  <p time="1510914" is_ac="false">in Vatican</p>
  <p time="1512243" is_ac="false">We are in the beautiful piazza San Pietro in front of the Basilica</p>
  <p time="1516309" is_ac="false">They're doing some renovation,</p>
  <p time="1518040" is_ac="false">they're preparing actually</p>
  <p time="1519693" is_ac="false">for tomorrow morning's service held by the pope himself</p>
  <p time="1523106" is_ac="false">People are lining up to get into the Basilica</p>
  <p time="1525319" is_ac="false">just to visit it</p>
  <p time="1526918" is_ac="false">It's one-kilometer long queue</p>
  <p time="1529070" is_ac="false">It's beautiful, we enjoyed our time a lot</p>
  <p time="1532022" is_ac="false">and I just wanted to ask Sherly</p>
  <p time="1535166" is_ac="false">What was her favorite food here in Rome</p>
  <p time="1538207" is_ac="false">in this trip</p>
  <p time="1538825" is_ac="false">Did you enjoy your first time here in Rome?</p>
  <p time="1541092" is_ac="false">This is my first time and I enjoyed it so much</p>
  <p time="1544593" is_ac="false">Rome is such a beautiful city</p>
  <p time="1547074" is_ac="false">What was your favorite food?</p>
  <p time="1550852" is_ac="false">That's hard to choose but I would say the seafood pasta</p>
  <p time="1554372" is_ac="false">That was good</p>
  <p time="1555469" is_ac="false">And also the pizza that we had</p>
  <p time="1557400" is_ac="false">Oh, yeah!</p>
  <p time="1557931" is_ac="false">Today it was really really really good</p>
  <p time="1561894" is_ac="false">The pizza this morning was insane</p>
  <p time="1565015" is_ac="false">Okay, Max, tell me what was your favourite food</p>
  <p time="1568338" is_ac="false">It's hard to choose</p>
  <p time="1569907" is_ac="false">I've had really nice food in the past three days</p>
  <p time="1573371" is_ac="false">But I have to go for</p>
  <p time="1575575" is_ac="false">the Amatriciana that we were at the first day</p>
  <p time="1578155" is_ac="false">That was illegal</p>
  <p time="1580200" is_ac="false">And the pizza that we've had today</p>
  <p time="1582344" is_ac="false">It was on another level</p>
  <p time="1584000" is_ac="false">Anyway, we need to end our video</p>
  <p time="1586246" is_ac="false">Hope you guys enjoyed it</p>
  <p time="1587604" is_ac="false">because we enjoyed walking around the city and eating and showing everything to you</p>
  <p time="1593305" is_ac="false">Let us know in the comment section down below which one was your favorite food in this video</p>
  <p time="1598606" is_ac="false">and what we need to say babe</p>
  <p time="1600589" is_ac="false">Ciao ciao!</p>
  <p time="1601553" is_ac="false">Ciao guys! See you next
Sunday :)</p>
</text>
