<?xml version='1.0' encoding='UTF-8'?>
<text date_d="10" date_m="6" date_y="2023" format="srv3" age_limit="0" comment_count="3300" description="🇦🇺 Ultimate Australian Food Tour: https://youtu.be/3xAG5f5waDw&#10;👕 T-shirts: https://store.migrationology.com/ &#10;🌶 Ghost Chili: https://amzn.to/3PNTvNQ &#10;&#10;SYDNEY, AUSTRALIA - Welcome to Sydney, Australia! Today we’re going on a cheap eats tour of Sydney to eat 5 of the most iconic and affordable meals that you have to try. From charcoal chicken to Halal snack pack, it’s going to be a delicious day of food in Australia!&#10;&#10;1. Marrickville Pork Roll - https://goo.gl/maps/Fu6oDvRozM6nLGgX6 Price - $8 AUD (5.37 USD) per roll - Sydney has a large Vietnamese population and banh mi are extremely popular and affordable.&#10;&#10;2. Metro One Kebab Ashfield - https://goo.gl/maps/dBs51Jbw4TaQCqyg9 Price - $20 AUD (13.42 USD) for Large - One of the most famous Sydney foods is a Halal snack pack, HSP for short - and it’s one of the greatest Australian cheap eats.&#10;&#10;3. El Jannah Granville - https://goo.gl/maps/wVL84F87ME3eAe4r6 Price - $15.90 AUD (10.67 USD) for ½ chicken plate - El Jannah Granville serves Lebanese charcoal roasted chicken.&#10;&#10;4. Chinese Noodle Restaurant - https://goo.gl/maps/FuR3yokWEuLsFnzu9 Price - $15.80 AUD (10.58 USD) - This noodle restaurant is known for their northern Chinese fried noodles and dumplings.&#10;&#10;5. Indian Home Diner - https://goo.gl/maps/gudGiYZp3G5RiaC26 Price - $15 AUD (10.06 USD) for Double Chicken Tikka Kebab, which was tasty and convenient.&#10;&#10;Of course this only scratches the surface of the diversity and the quantity of what you can eat in Sydney - there’s so much delicious food to discover!&#10;&#10;Social Media:&#10;Facebook: https://www.facebook.com/markwiensfoodvideos &#10;Instagram: https://www.instagram.com/migrationology/ &#10;Tiktok: https://www.tiktok.com/@markwiens &#10;&#10;👕 T-shirts: https://store.migrationology.com/ &#10;🌶 Ghost Chili: https://amzn.to/3PNTvNQ&#10;🎥 Camera gear I use: https://amzn.to/3FVdBUd &#10;(some of these are Amazon affiliate links)" fulltitle="Australian Fast Food!! 🇦🇺 TOP 5 CHEAP EATS in Sydney, Australia!" like_count="46275" location="SYDNEY" playlist_title="na" release_date="na" upload_date="20230610" repost_count="na" tags="Sydney; Australia; Australian food; Sydney fast food; fast food; Australian fast food; Aussie food; HSP; halal snack pack; Sydney cheap eats; best Aussie food; Mark Wiens; Mark Wiens food; food videos; food vlog; vlog; food tour; Australian food tour; cheap eats; cheap food; cheap food Australia; " title="Australian Fast Food!! 🇦🇺 TOP 5 CHEAP EATS in Sydney, Australia!" uploader="Mark Wiens" view_count="2958673" webpage_url="https://www.youtube.com/watch?v=JCfI9Xlj7Io" autocaption="true">
  <p time="0" is_ac="true">[Music]</p>
  <p time="1520" is_ac="true">I'm in Sydney Australia and today I'm</p>
  <p time="5100" is_ac="true">taking you on an ultimate Cheap Eats</p>
  <p time="8099" is_ac="true">tour of Sydney</p>
  <p time="10080" is_ac="true">it's the fiery furnace the coals are so</p>
  <p time="12960" is_ac="true">hot they're thick they're hearty they're</p>
  <p time="15540" is_ac="true">boiled and then stir-fried can't wait to</p>
  <p time="17699" is_ac="true">try this</p>
  <p time="18180" is_ac="true">[Music]</p>
  <p time="21920" is_ac="true">everyone's expecting it to be and more</p>
  <p time="26340" is_ac="true">hey everyone hope you're having an</p>
  <p time="28260" is_ac="true">amazing day it's Mark Wiens and it's a</p>
  <p time="30539" is_ac="true">beautiful morning in Sydney Australia</p>
  <p time="34559" is_ac="true">So today we're going to be focusing on</p>
  <p time="36180" is_ac="true">eating some of the greatest some of the</p>
  <p time="37680" is_ac="true">iconic legendary Cheap Eats of Sydney</p>
  <p time="41640" is_ac="true">[Music]</p>
  <p time="52879" is_ac="true">we're beginning this cheap eats tour in</p>
  <p time="56280" is_ac="true">Merrickville and it's a little ways</p>
  <p time="58980" is_ac="true">outside of the center of Sydney there's</p>
  <p time="61320" is_ac="true">a big Vietnamese population here</p>
  <p time="68420" is_ac="true">so the first place we're going is the</p>
  <p time="72240" is_ac="true">original one of the most iconic bun me</p>
  <p time="74700" is_ac="true">sandwiches pork rolls in all of Sydney</p>
  <p time="77280" is_ac="true">and it used to be in this little tiny</p>
  <p time="80340" is_ac="true">closet sized shop right here but then I</p>
  <p time="83220" is_ac="true">think uh they expanded to the next door</p>
  <p time="85380" is_ac="true">location so now there's still a Juice</p>
  <p time="87360" is_ac="true">Shop here but the pork roll sandwich is</p>
  <p time="90600" is_ac="true">next door</p>
  <p time="91979" is_ac="true">the original with everything</p>
  <p time="94439" is_ac="true">pork roll yes chili original with chili</p>
  <p time="98220" is_ac="true">and crispy pork as well</p>
  <p time="100200" is_ac="true">does it come with oh okay okay maybe we</p>
  <p time="103560" is_ac="true">can do two then one is the pork roll and</p>
  <p time="105360" is_ac="true">then one is the crispy pork okay okay</p>
  <p time="107220" is_ac="true">thank you very much</p>
  <p time="110159" is_ac="true">how long have you been open</p>
  <p time="111899" is_ac="true">here for 13 years 13 years and was it</p>
  <p time="114840" is_ac="true">originally yeah next door it was</p>
  <p time="116820" is_ac="true">originally next door okay but now juices</p>
  <p time="118560" is_ac="true">is there and now you've moved here</p>
  <p time="123180" is_ac="true">so the original Merrickville pork roll</p>
  <p time="126540" is_ac="true">this place is so iconic and Sydney I</p>
  <p time="130020" is_ac="true">mean they're known for bun me bun me is</p>
  <p time="132300" is_ac="true">so popular people have just huge</p>
  <p time="135239" is_ac="true">followings for banmi and this place is</p>
  <p time="138180" is_ac="true">one of the places that started it all</p>
  <p time="139739" is_ac="true">with the pork roll they actually they're</p>
  <p time="142260" is_ac="true">really nice here and then I decided to</p>
  <p time="144060" is_ac="true">order two different versions one is the</p>
  <p time="145800" is_ac="true">original pork roll which comes with all</p>
  <p time="147239" is_ac="true">the Vietnamese ham and all of the</p>
  <p time="148980" is_ac="true">different cold cuts uh deli meats and</p>
  <p time="152280" is_ac="true">then another one which is the crispy</p>
  <p time="153660" is_ac="true">pork roll which is more of a crispy pork</p>
  <p time="156300" is_ac="true">belly which goes into the roll but one</p>
  <p time="158220" is_ac="true">of the incredible things here is just</p>
  <p time="160140" is_ac="true">this they have this mountain of fresh</p>
  <p time="162480" is_ac="true">herbs and vegetables and a small</p>
  <p time="165300" is_ac="true">mountain of Pate but there's coriander</p>
  <p time="167160" is_ac="true">there's onions there's pickled carrots</p>
  <p time="168720" is_ac="true">there's mixed vegetables it's an</p>
  <p time="171120" is_ac="true">impressive display of all the toppings</p>
  <p time="173040" is_ac="true">and ingredients and I think one of the</p>
  <p time="174239" is_ac="true">great things is they're so generous with</p>
  <p time="176340" is_ac="true">the ingredients they just pile things</p>
  <p time="178379" is_ac="true">into your roll okay</p>
  <p time="181560" is_ac="true">all right thank you very much</p>
  <p time="186360" is_ac="true">here we go let's try let's see what we</p>
  <p time="189060" is_ac="true">get first wow that's heavy that's fully</p>
  <p time="191400" is_ac="true">fully packed</p>
  <p time="194420" is_ac="true">or or it's it's huge I think we're</p>
  <p time="198120" is_ac="true">starting with the pork roll the original</p>
  <p time="199379" is_ac="true">bread is so crispy and then it's big but</p>
  <p time="202560" is_ac="true">you can tell it's light at the same time</p>
  <p time="204780" is_ac="true">there's chilies all the pickled</p>
  <p time="206459" is_ac="true">vegetables the carrots the radish the</p>
  <p time="208920" is_ac="true">green onions the coriander and there's a</p>
  <p time="211319" is_ac="true">variety of porks and Vietnamese hams</p>
  <p time="213659" is_ac="true">onions in there</p>
  <p time="222900" is_ac="true">um</p>
  <p time="226860" is_ac="true">oh it's so good it's so</p>
  <p time="229340" is_ac="true">there's so many toppings so many things</p>
  <p time="231599" is_ac="true">going on in there oh nice chili in there</p>
  <p time="233640" is_ac="true">you got the freshness of the Cucumber</p>
  <p time="235680" is_ac="true">the carrots you got that pickle flavor</p>
  <p time="238400" is_ac="true">and then the the combination</p>
  <p time="241860" is_ac="true">the bread is extremely crispy but so</p>
  <p time="244620" is_ac="true">light and Airy and puffy all at the same</p>
  <p time="246540" is_ac="true">time and then that combination of the</p>
  <p time="248159" is_ac="true">Pate the mayonnaise</p>
  <p time="249900" is_ac="true">just makes the perfect</p>
  <p time="251819" is_ac="true">moisture</p>
  <p time="253500" is_ac="true">layer that just keeps it so juicy all</p>
  <p time="257940" is_ac="true">the way through</p>
  <p time="269060" is_ac="true">I'm gonna move</p>
  <p time="271080" is_ac="true">I mean I've had</p>
  <p time="272580" is_ac="true">the amazing bun me in Saigon which are</p>
  <p time="275880" is_ac="true">similar to this but this is a little bit</p>
  <p time="279060" is_ac="true">of the the owners their own style I mean</p>
  <p time="281639" is_ac="true">taking on that but then the way they</p>
  <p time="284040" is_ac="true">make it and that mountain of vegetables</p>
  <p time="287040" is_ac="true">oh this is just a like absolute classic</p>
  <p time="291720" is_ac="true">delicious no wonder it's so highly rated</p>
  <p time="293820" is_ac="true">why so many people love it dedicated to</p>
  <p time="297540" is_ac="true">the pork roll here at Merrickville</p>
  <p time="302400" is_ac="true">now we need to try the crispy Fork come</p>
  <p time="304800" is_ac="true">back up let's do a switch</p>
  <p time="307440" is_ac="true">thank you</p>
  <p time="309479" is_ac="true">so Mike has been Michael's been already</p>
  <p time="311759" is_ac="true">enjoying the crispy pork crispy pork</p>
  <p time="314280" is_ac="true">belly roll oh look at the insides of</p>
  <p time="316620" is_ac="true">that so it has crispy pork belly</p>
  <p time="319080" is_ac="true">loaded in there there's also the pate</p>
  <p time="320880" is_ac="true">and mayonnaise mixture plus all the</p>
  <p time="322860" is_ac="true">vegetables put some chilies in there</p>
  <p time="324180" is_ac="true">huge slices of cucumber</p>
  <p time="334800" is_ac="true">some Pac-Man Mariners on my</p>
  <p time="337440" is_ac="true">okay</p>
  <p time="338820" is_ac="true">we're definitely going to have a pate</p>
  <p time="340740" is_ac="true">mustache when you eat this but</p>
  <p time="342960" is_ac="true">um</p>
  <p time="345060" is_ac="true">you have the Smoky roasted flavor of the</p>
  <p time="347039" is_ac="true">pork belly a little bit of the crispy</p>
  <p time="348900" is_ac="true">edges and then all of the refreshing</p>
  <p time="350759" is_ac="true">herbs as well I love the Cucumbers thick</p>
  <p time="353520" is_ac="true">cut and huge one slice of cucumber fills</p>
  <p time="355919" is_ac="true">the entire roll</p>
  <p time="357960" is_ac="true">a little bit of chili in there you've</p>
  <p time="359520" is_ac="true">got the the acidity of the pickles which</p>
  <p time="361979" is_ac="true">contrasts the richness of the pork belly</p>
  <p time="364680" is_ac="true">then all wrapped up in that crispy roll</p>
  <p time="368340" is_ac="true">delicious you can't go wrong a bun me</p>
  <p time="370800" is_ac="true">like this a sandwich okay so it's like</p>
  <p time="373320" is_ac="true">if you come here here even if you're not</p>
  <p time="375180" is_ac="true">hungry like you'll still eat the whole</p>
  <p time="377759" is_ac="true">thing and it will go down so easily it's</p>
  <p time="380759" is_ac="true">like deceivingly</p>
  <p time="382680" is_ac="true">light and fluffy yet fulfilling</p>
  <p time="390240" is_ac="true">we're off to a great start that was</p>
  <p time="392280" is_ac="true">extremely tasty we're moving on to the</p>
  <p time="395400" is_ac="true">next cheap eat</p>
  <p time="398960" is_ac="true">next up on this cheap eats tour of</p>
  <p time="401759" is_ac="true">Sydney we're in an area that's called</p>
  <p time="403620" is_ac="true">Asheville and we're on our way to a</p>
  <p time="405720" is_ac="true">kebab shop to eat something that is</p>
  <p time="409340" is_ac="true">extremely iconic uh this is one of the</p>
  <p time="413580" is_ac="true">the things I was most looking forward to</p>
  <p time="415380" is_ac="true">eating in this entire food tour and the</p>
  <p time="418440" is_ac="true">Kebab shops should be somewhere</p>
  <p time="420660" is_ac="true">somewhere just down the road</p>
  <p time="422490" is_ac="true">[Music]</p>
  <p time="425100" is_ac="true">welcome to Metro One Kebab shop and we</p>
  <p time="428580" is_ac="true">are here to eat something called the</p>
  <p time="430860" is_ac="true">Halal snack pack or HSP for short</p>
  <p time="447720" is_ac="true">oh so that hot meat melts the cheese</p>
  <p time="450979" is_ac="true">based on Turkish Cuisine but it's kind</p>
  <p time="455340" is_ac="true">of a thing that was started right here</p>
  <p time="457740" is_ac="true">in Sydney it's an Australian it's a like</p>
  <p time="460740" is_ac="true">iconic takeout staple of Australia and</p>
  <p time="464580" is_ac="true">especially in Sydney</p>
  <p time="466800" is_ac="true">and so she starts with fries chips that</p>
  <p time="470580" is_ac="true">are fried and that makes the base you</p>
  <p time="472560" is_ac="true">can choose oh one more thing is that you</p>
  <p time="473940" is_ac="true">can choose</p>
  <p time="475020" is_ac="true">from like eight different sizes all the</p>
  <p time="478020" is_ac="true">way from kids size to regular to large</p>
  <p time="480300" is_ac="true">to nine inch to 11 inch 13 inch 15 inch</p>
  <p time="483419" is_ac="true">pizza box an entire pizza box of a Halal</p>
  <p time="487560" is_ac="true">Snack Pack I went with the the large</p>
  <p time="489360" is_ac="true">size which is one of the classic sizes</p>
  <p time="491340" is_ac="true">uh but they start with a base of french</p>
  <p time="493020" is_ac="true">fries then I got the mix of meat so a</p>
  <p time="495300" is_ac="true">mix of chicken as well as beef uh which</p>
  <p time="498000" is_ac="true">he then griddle fries that goes over the</p>
  <p time="500160" is_ac="true">fries and then on top three different</p>
  <p time="502860" is_ac="true">sauces the garlic sauce the barbecue</p>
  <p time="505199" is_ac="true">sauce the chili sauce all that is heavy</p>
  <p time="508680" is_ac="true">thank you very much</p>
  <p time="510979" is_ac="true">thank you</p>
  <p time="515959" is_ac="true">hot warm gooey Saucy it's so heavy oh I</p>
  <p time="522240" is_ac="true">forgot about the cheese there's cheese</p>
  <p time="524219" is_ac="true">melted</p>
  <p time="525839" is_ac="true">oh there's so much going on</p>
  <p time="528779" is_ac="true">oh fully loaded the cheese</p>
  <p time="536760" is_ac="true">um</p>
  <p time="538980" is_ac="true">oh</p>
  <p time="545279" is_ac="true">oh wow yes</p>
  <p time="547620" is_ac="true">oh that</p>
  <p time="549360" is_ac="true">got everything I was expecting it to be</p>
  <p time="551519" is_ac="true">and more those hot freshly cooked crispy</p>
  <p time="554580" is_ac="true">fries the cheese the layer of cheese</p>
  <p time="556920" is_ac="true">which I had totally forgotten about just</p>
  <p time="558420" is_ac="true">melted on top the meat on the spit then</p>
  <p time="561899" is_ac="true">griddle fried then draped</p>
  <p time="564720" is_ac="true">all the Kebab Meats</p>
  <p time="567120" is_ac="true">and then all of those sweet and sour and</p>
  <p time="569399" is_ac="true">slightly spicy sauces the garlic</p>
  <p time="573000" is_ac="true">chili sauce the barbecue sauce</p>
  <p time="577380" is_ac="true">oh man that's tasty</p>
  <p time="586019" is_ac="true">one of the great things is that they</p>
  <p time="587399" is_ac="true">cook it all hot and fresh</p>
  <p time="589200" is_ac="true">so much meat on top of it so much cheese</p>
  <p time="592440" is_ac="true">so much sauces it's moist it's gooey as</p>
  <p time="595620" is_ac="true">we continue to eat this I do want to</p>
  <p time="597420" is_ac="true">tell you a little bit of a story of how</p>
  <p time="599459" is_ac="true">this was invented and how it became so</p>
  <p time="601860" is_ac="true">popular here in Australia because there</p>
  <p time="603240" is_ac="true">are I mean around the world I think</p>
  <p time="604860" is_ac="true">there are variations that are similar to</p>
  <p time="607680" is_ac="true">this but also a little bit different</p>
  <p time="611160" is_ac="true">from what I'm reading a little bit about</p>
  <p time="612660" is_ac="true">their history it can be traced back to</p>
  <p time="615060" is_ac="true">the 1980s and you know it has origins in</p>
  <p time="618480" is_ac="true">Turkish food with the Middle Eastern</p>
  <p time="620399" is_ac="true">Community in Sydney that began I mean</p>
  <p time="624000" is_ac="true">adapting to the local culture adapting</p>
  <p time="626700" is_ac="true">also to the European influence in Sydney</p>
  <p time="630360" is_ac="true">to come up with this dish but as the</p>
  <p time="633480" is_ac="true">story goes it wasn't until about 2015</p>
  <p time="636060" is_ac="true">there was a there was actually a</p>
  <p time="637860" is_ac="true">Facebook group here in Sydney called the</p>
  <p time="640140" is_ac="true">Halal snack appreciation society that</p>
  <p time="643920" is_ac="true">began</p>
  <p time="645120" is_ac="true">talking and creating a buzz around Halal</p>
  <p time="647940" is_ac="true">snack packs reviewing Halal snack packs</p>
  <p time="650220" is_ac="true">uh rating them really bringing cultures</p>
  <p time="653100" is_ac="true">together through this dish I think</p>
  <p time="655560" is_ac="true">through the Facebook group through the</p>
  <p time="657360" is_ac="true">the talking about Halal snack packs it</p>
  <p time="659579" is_ac="true">led one of the the Australian</p>
  <p time="662040" is_ac="true">Senators Sam dastyari</p>
  <p time="665519" is_ac="true">was in the Australian Parliament to hold</p>
  <p time="668339" is_ac="true">the debate about Halal certification and</p>
  <p time="671760" is_ac="true">halal food and that's what's what's also</p>
  <p time="674339" is_ac="true">created a buzz and created a more of an</p>
  <p time="678000" is_ac="true">awareness about Halal food in Sydney and</p>
  <p time="680820" is_ac="true">the Halal snack packs so here we are</p>
  <p time="682800" is_ac="true">today it is a staple an iconic dish</p>
  <p time="686700" is_ac="true">something that you absolutely have to</p>
  <p time="688860" is_ac="true">try when you come to Sydney</p>
  <p time="694399" is_ac="true">the better it gets the fries get a</p>
  <p time="697560" is_ac="true">little soggier saturated with the meat</p>
  <p time="700140" is_ac="true">juice and sauces and the cheese oil</p>
  <p time="703640" is_ac="true">thank you very much thank you thank you</p>
  <p time="707040" is_ac="true">very much nice to meet you also</p>
  <p time="710120" is_ac="true">hsps would be available at any basically</p>
  <p time="712980" is_ac="true">any Kebab shop throughout Sydney that</p>
  <p time="715620" is_ac="true">you can find like the place that we went</p>
  <p time="717240" is_ac="true">to is called Metro One Kebab highly</p>
  <p time="719160" is_ac="true">recommended when I was doing research</p>
  <p time="720420" is_ac="true">about the best HSP in Sydney uh this</p>
  <p time="723899" is_ac="true">consistently ranked as one of the best</p>
  <p time="725700" is_ac="true">with a lot of loyal fans customers and</p>
  <p time="729060" is_ac="true">now I can see why huge portion sizes</p>
  <p time="731220" is_ac="true">good quality ingredients really friendly</p>
  <p time="733200" is_ac="true">service it was outstanding and that</p>
  <p time="735720" is_ac="true">entire box cost 20 dollars so but it's</p>
  <p time="739200" is_ac="true">huge and she did put two forks in it so</p>
  <p time="741120" is_ac="true">I think it could be considered for two</p>
  <p time="742920" is_ac="true">people it's a it's a sharing Snack Pack</p>
  <p time="745620" is_ac="true">I would highly recommend it okay we're</p>
  <p time="748320" is_ac="true">moving on we've got a lot more food to</p>
  <p time="750720" is_ac="true">eat</p>
  <p time="753420" is_ac="true">thank you</p>
  <p time="755220" is_ac="true">next up we took the train out to an area</p>
  <p time="758279" is_ac="true">of town that's called Granville it was</p>
  <p time="760200" is_ac="true">about a 30 minute train ride out of town</p>
  <p time="762060" is_ac="true">into the suburbs of Sydney and I wanted</p>
  <p time="765600" is_ac="true">to especially come the restaurant that</p>
  <p time="767579" is_ac="true">we're going to they have a few locations</p>
  <p time="768899" is_ac="true">around town now but I especially wanted</p>
  <p time="770399" is_ac="true">to come out here because I believe this</p>
  <p time="772320" is_ac="true">is where the original location is</p>
  <p time="782660" is_ac="true">welcome to El Jannah this restaurant is</p>
  <p time="786899" is_ac="true">an institution in city started back in</p>
  <p time="789300" is_ac="true">1998 but they have multiple locations</p>
  <p time="791279" is_ac="true">across town now and it's a Lebanese</p>
  <p time="793800" is_ac="true">Australian charcoal roasted chicken is</p>
  <p time="796920" is_ac="true">what you come here for although they</p>
  <p time="798120" is_ac="true">have Fried Chicken on their menu too I</p>
  <p time="799920" is_ac="true">you know I believe it's developed it's</p>
  <p time="801779" is_ac="true">changed it's almost run like a fast food</p>
  <p time="804060" is_ac="true">restaurant now where you get of all your</p>
  <p time="806160" is_ac="true">food at the front and they have some</p>
  <p time="807360" is_ac="true">seeding a lot of takeaway orders but uh</p>
  <p time="810180" is_ac="true">you walk in here you can immediately</p>
  <p time="811740" is_ac="true">smell the aroma of that charcoal chicken</p>
  <p time="814500" is_ac="true">warning you may eat more chicken than</p>
  <p time="817079" is_ac="true">planned that's perfectly normal</p>
  <p time="823620" is_ac="true">okay so we're getting an exclusive look</p>
  <p time="825899" is_ac="true">in the grill room here at El Jannah it's</p>
  <p time="828660" is_ac="true">an amazing I mean they have capacity to</p>
  <p time="830820" is_ac="true">do</p>
  <p time="831720" is_ac="true">how many chickens could you do at once</p>
  <p time="833399" is_ac="true">here in one cheese week before four</p>
  <p time="835920" is_ac="true">chickens per sheet yeah it's busy</p>
  <p time="839720" is_ac="true">especially during weekends old school</p>
  <p time="842339" is_ac="true">all full yeah</p>
  <p time="844860" is_ac="true">oh look at that action spring when the</p>
  <p time="847980" is_ac="true">Fire gets too hot and that's incredible</p>
  <p time="850860" is_ac="true">but there's three car sized grills going</p>
  <p time="853800" is_ac="true">down it's just a fiery furnace just the</p>
  <p time="856980" is_ac="true">coals are so hot and then the they have</p>
  <p time="859980" is_ac="true">an automatic rotisserie on a Little</p>
  <p time="861899" is_ac="true">Engine That continuously spins them so</p>
  <p time="863940" is_ac="true">that's how they get that incredible Char</p>
  <p time="866700" is_ac="true">on the skin the smokiness the fat drips</p>
  <p time="870000" is_ac="true">down and the smoke comes up and just</p>
  <p time="871980" is_ac="true">embeds into the meat wow what a what a</p>
  <p time="875040" is_ac="true">grill room</p>
  <p time="882660" is_ac="true">oh fresh chickens</p>
  <p time="887880" is_ac="true">okay</p>
  <p time="892560" is_ac="true">[Music]</p>
  <p time="899399" is_ac="true">oh man it was an honor to spend some</p>
  <p time="901260" is_ac="true">time back here in the pits of el Jannah</p>
  <p time="904199" is_ac="true">they wrote the roasting chicken is</p>
  <p time="906899" is_ac="true">unbelievable that's a fresh batch</p>
  <p time="908459" is_ac="true">they're ready to be served and so when</p>
  <p time="910440" is_ac="true">you eat here I mean you're just</p>
  <p time="911639" is_ac="true">guaranteed hot fresh charcoal roasted</p>
  <p time="914760" is_ac="true">chicken</p>
  <p time="917399" is_ac="true">thank you very much thank you very much</p>
  <p time="919740" is_ac="true">thank you yeah that charcoal chicken</p>
  <p time="923760" is_ac="true">smells so good and it's so cool that</p>
  <p time="926519" is_ac="true">this place aljana is a fast food</p>
  <p time="928860" is_ac="true">restaurant but it's a it's its own</p>
  <p time="931139" is_ac="true">homegrown restaurant right here out of</p>
  <p time="934500" is_ac="true">Sydney Lebanese in ethnicity and origin</p>
  <p time="938220" is_ac="true">but then truly developed right here in</p>
  <p time="941459" is_ac="true">Sydney Australia that chicken looks</p>
  <p time="943320" is_ac="true">incredible oopsie spilled the fries and</p>
  <p time="947279" is_ac="true">the fries I Believe come with uh their</p>
  <p time="949019" is_ac="true">own chicken salt as well we got pickles</p>
  <p time="951120" is_ac="true">we've got the garlic sauce we got bread</p>
  <p time="952440" is_ac="true">underneath it</p>
  <p time="953899" is_ac="true">oh yes look at that chicken look at that</p>
  <p time="956459" is_ac="true">skin it's so bubbly and puffy and crispy</p>
  <p time="959579" is_ac="true">okay I got half a chicken so I got the</p>
  <p time="961920" is_ac="true">breast and the thigh drumstick in one</p>
  <p time="965040" is_ac="true">side oh oh should we just tear this open</p>
  <p time="968880" is_ac="true">it's so crispy</p>
  <p time="971639" is_ac="true">oh I bet it's so juicy and hot on the</p>
  <p time="973500" is_ac="true">center</p>
  <p time="974579" is_ac="true">let's just bite into it</p>
  <p time="981850" is_ac="true">[Music]</p>
  <p time="985980" is_ac="true">okay</p>
  <p time="987830" is_ac="true">[Music]</p>
  <p time="990800" is_ac="true">oh wow that's tasty</p>
  <p time="993779" is_ac="true">you immediately taste the flavor of the</p>
  <p time="995699" is_ac="true">charcoal the smoke in the chicken</p>
  <p time="998160" is_ac="true">the skin is so crispy it's almost the</p>
  <p time="1000620" is_ac="true">crispiness of it being deep fried it's</p>
  <p time="1002540" is_ac="true">actually because you have the fat</p>
  <p time="1004040" is_ac="true">reacting to that hot charcoal</p>
  <p time="1007040" is_ac="true">I think he taste a little bit of that</p>
  <p time="1008360" is_ac="true">chicken salt that maybe has been</p>
  <p time="1010639" is_ac="true">sprinkled well on the fries for sure</p>
  <p time="1012500" is_ac="true">maybe a little bit on the chicken as</p>
  <p time="1013699" is_ac="true">well or did that happen when I spilled</p>
  <p time="1015860" is_ac="true">the fries</p>
  <p time="1016880" is_ac="true">but anyway it's just like a really</p>
  <p time="1020540" is_ac="true">clean smoky</p>
  <p time="1023180" is_ac="true">chicken with crispy skin and with the</p>
  <p time="1025699" is_ac="true">meat leaving the meat really moist</p>
  <p time="1029079" is_ac="true">pickles I've heard a lot of good things</p>
  <p time="1032480" is_ac="true">about the the garlic sauce and then</p>
  <p time="1034819" is_ac="true">let's tear in for a for a piece of bread</p>
  <p time="1036980" is_ac="true">let's try that garlic sauce</p>
  <p time="1039620" is_ac="true">and I do remember being in Lebanon and</p>
  <p time="1042199" is_ac="true">eating the roast chicken it always has</p>
  <p time="1044360" is_ac="true">to be eaten with garlic sauce and some</p>
  <p time="1045860" is_ac="true">of the greatest garlic sauce you'll ever</p>
  <p time="1047059" is_ac="true">eat in your life</p>
  <p time="1052880" is_ac="true">oh with that garlic sauce</p>
  <p time="1055220" is_ac="true">oh man that's creamy so rich so fluffy</p>
  <p time="1059660" is_ac="true">and creamy and dense actually and then</p>
  <p time="1062240" is_ac="true">immediately you taste that garlicky</p>
  <p time="1063679" is_ac="true">Aroma while that's good with the roasted</p>
  <p time="1065960" is_ac="true">Smoky chicken next up let's try it with</p>
  <p time="1068240" is_ac="true">with bread</p>
  <p time="1071059" is_ac="true">try that chicken breast</p>
  <p time="1072980" is_ac="true">break off</p>
  <p time="1074660" is_ac="true">break off a piece</p>
  <p time="1076340" is_ac="true">so moist and juicy in the center add on</p>
  <p time="1078740" is_ac="true">some of these bright pickles</p>
  <p time="1081679" is_ac="true">squeeze on a little bit of that garlic</p>
  <p time="1083240" is_ac="true">sauce</p>
  <p time="1084380" is_ac="true">oh it's so thick</p>
  <p time="1086600" is_ac="true">it's so thick a piece of chicken got</p>
  <p time="1088160" is_ac="true">stuck in it from my last dip</p>
  <p time="1101840" is_ac="true">again the smokiness of the cooking</p>
  <p time="1104660" is_ac="true">the richness of that garlic sauce and</p>
  <p time="1107419" is_ac="true">then I like it with the pickles the</p>
  <p time="1108559" is_ac="true">acidity to just contrast to break down</p>
  <p time="1110900" is_ac="true">the richness of that sauce all of the</p>
  <p time="1112760" is_ac="true">flavors complementing together</p>
  <p time="1117020" is_ac="true">[Music]</p>
  <p time="1118640" is_ac="true">excellent okay and now we do have the</p>
  <p time="1120980" is_ac="true">fridge which are coated you can if you</p>
  <p time="1123620" is_ac="true">look closely you can see the fries are</p>
  <p time="1125299" is_ac="true">sprinkled with a special seasoning which</p>
  <p time="1127700" is_ac="true">I believe is a chicken Salt which is</p>
  <p time="1129620" is_ac="true">quite famous here as well</p>
  <p time="1134620" is_ac="true">oh yeah immediately</p>
  <p time="1137539" is_ac="true">it tastes like a combination of salt</p>
  <p time="1139880" is_ac="true">Plus Dry chicken powder seasoning</p>
  <p time="1142640" is_ac="true">coating the fries giving them a little</p>
  <p time="1145039" is_ac="true">bit of extra flavor to add to the full</p>
  <p time="1147140" is_ac="true">chicken grilled chicken experience</p>
  <p time="1148460" is_ac="true">charcoal chicken experience oh even the</p>
  <p time="1151039" is_ac="true">chicken breast is nice and juicy</p>
  <p time="1153440" is_ac="true">maybe dip it into the garlic sauce then</p>
  <p time="1156140" is_ac="true">into into bread and then add pickles and</p>
  <p time="1160460" is_ac="true">actually to make it even take it to the</p>
  <p time="1163400" is_ac="true">next level you could definitely add some</p>
  <p time="1165440" is_ac="true">fries as well</p>
  <p time="1170539" is_ac="true">um</p>
  <p time="1171919" is_ac="true">yeah that's just I mean</p>
  <p time="1174559" is_ac="true">I think one of the reasons it's so</p>
  <p time="1175880" is_ac="true">popular is it's just a meal everybody</p>
  <p time="1177140" is_ac="true">can enjoy everybody in the family it's</p>
  <p time="1179720" is_ac="true">laid back it's fast it's fresh it's</p>
  <p time="1183020" is_ac="true">tasty I already did mention they have a</p>
  <p time="1185419" is_ac="true">number of locations around Sydney maybe</p>
  <p time="1188480" is_ac="true">even Australia and they have some that</p>
  <p time="1191000" is_ac="true">are closer to town within the central</p>
  <p time="1192740" is_ac="true">business district but I just have this</p>
  <p time="1195559" is_ac="true">thing</p>
  <p time="1197000" is_ac="true">especially when I travel I love to go to</p>
  <p time="1199820" is_ac="true">the original location I mean even though</p>
  <p time="1202820" is_ac="true">the locations I'm sure they all pretty</p>
  <p time="1204500" is_ac="true">much have the same exact food maybe the</p>
  <p time="1206780" is_ac="true">same taste for me somehow coming to the</p>
  <p time="1209120" is_ac="true">original location gives it more meaning</p>
  <p time="1210919" is_ac="true">and more history and then maybe the</p>
  <p time="1214400" is_ac="true">taste even is the best</p>
  <p time="1223780" is_ac="true">thank you very much</p>
  <p time="1229660" is_ac="true">so welcome to Central Sydney we're right</p>
  <p time="1233000" is_ac="true">in the CBD as they call it that Central</p>
  <p time="1234860" is_ac="true">business district at town hall and this</p>
  <p time="1238400" is_ac="true">is the I mean the center of business and</p>
  <p time="1241760" is_ac="true">this is where the heart of Sydney is we</p>
  <p time="1245419" is_ac="true">are on our way to an area which is</p>
  <p time="1247220" is_ac="true">called Haymarket which is known for its</p>
  <p time="1249860" is_ac="true">Asian population and its abundance of</p>
  <p time="1252260" is_ac="true">delicious Asian restaurants which is uh</p>
  <p time="1255080" is_ac="true">should be right up ahead and we're going</p>
  <p time="1256760" is_ac="true">to be at the next restaurant oh I can</p>
  <p time="1258440" is_ac="true">smell the noodles I can smell the</p>
  <p time="1259520" is_ac="true">dumplings we're at the next place</p>
  <p time="1264440" is_ac="true">yeah</p>
  <p time="1266299" is_ac="true">so welcome to Chinatown noodle</p>
  <p time="1268220" is_ac="true">restaurant this place is so iconic and</p>
  <p time="1270320" is_ac="true">even as I was standing outside on the</p>
  <p time="1272059" is_ac="true">sidewalk for a little bit I met a few</p>
  <p time="1273320" is_ac="true">local people who said this is their</p>
  <p time="1275000" is_ac="true">favorite place for noodles in Sydney I</p>
  <p time="1277580" is_ac="true">love how the menu here is giant red on</p>
  <p time="1281960" is_ac="true">the wall you could just see everything</p>
  <p time="1283400" is_ac="true">they have clear printed on the wall this</p>
  <p time="1288020" is_ac="true">place is called Chinatown Noodle</p>
  <p time="1289880" is_ac="true">Restaurant They're known for their</p>
  <p time="1291260" is_ac="true">noodles and their dumplings</p>
  <p time="1295100" is_ac="true">oh she is the noodle</p>
  <p time="1297140" is_ac="true">she was the noodle Master he'd be in the</p>
  <p time="1299659" is_ac="true">kitchen we're gonna see them as they</p>
  <p time="1301039" is_ac="true">make the hand pulled stretch the noodles</p>
  <p time="1303860" is_ac="true">um and they have the noodles in a coil</p>
  <p time="1305900" is_ac="true">already and then she just like stretches</p>
  <p time="1308539" is_ac="true">it out with her fingers into a couple of</p>
  <p time="1311299" is_ac="true">different uh strands but they're like</p>
  <p time="1313159" is_ac="true">very strategic and now she's gonna she's</p>
  <p time="1315440" is_ac="true">gonna hand pull them we're gonna see the</p>
  <p time="1316940" is_ac="true">process before they then get fried into</p>
  <p time="1318980" is_ac="true">the stir-fried noodles</p>
  <p time="1332430" is_ac="true">[Music]</p>
  <p time="1334120" is_ac="true">for those noodles she just slaps them</p>
  <p time="1336799" is_ac="true">out on the table just releasing all of</p>
  <p time="1339559" is_ac="true">the air bubbles and just stretching them</p>
  <p time="1341299" is_ac="true">out then they go directly into a</p>
  <p time="1342980" is_ac="true">bubbling walk and they say they're gonna</p>
  <p time="1344360" is_ac="true">boil for about five minutes</p>
  <p time="1352940" is_ac="true">foreign</p>
  <p time="1363340" is_ac="true">okay that batch of noodles is ready</p>
  <p time="1366620" is_ac="true">foreign</p>
  <p time="1389440" is_ac="true">thank you very much very good</p>
  <p time="1393090" is_ac="true">[Music]</p>
  <p time="1414260" is_ac="true">butter donut</p>
  <p time="1415820" is_ac="true">okay that's the eggplant okay cheers</p>
  <p time="1419780" is_ac="true">thank you very much</p>
  <p time="1421820" is_ac="true">okay let's start with those noodles</p>
  <p time="1423440" is_ac="true">fresh out of the wok</p>
  <p time="1425720" is_ac="true">oh man they're thick they're hearty</p>
  <p time="1428659" is_ac="true">they're boiled and then stir-fried that</p>
  <p time="1430640" is_ac="true">sauce chicken bell peppers in there wow</p>
  <p time="1434780" is_ac="true">oh man I love these all noodles already</p>
  <p time="1437059" is_ac="true">but they really slide in the Chopsticks</p>
  <p time="1439220" is_ac="true">okay</p>
  <p time="1440600" is_ac="true">and you can actually hear them in the</p>
  <p time="1442100" is_ac="true">kitchen they're slapping out the noodles</p>
  <p time="1443659" is_ac="true">fresh they boil and then stir fry</p>
  <p time="1453880" is_ac="true">oh wow oh that's so good</p>
  <p time="1457820" is_ac="true">oh man the doughy gooeyness of the</p>
  <p time="1461480" is_ac="true">noodles the texture the thickness the</p>
  <p time="1464240" is_ac="true">hardiness and then stir-fried and</p>
  <p time="1466000" is_ac="true">extremely hot oil</p>
  <p time="1468799" is_ac="true">so they have that smokiness that breath</p>
  <p time="1470659" is_ac="true">of the walk to them with the seared soy</p>
  <p time="1472940" is_ac="true">sauce so fragrant that's so good</p>
  <p time="1476480" is_ac="true">um</p>
  <p time="1480340" is_ac="true">oh wow</p>
  <p time="1483640" is_ac="true">that's everything I thought it was going</p>
  <p time="1485659" is_ac="true">to be delicious I will stick some of</p>
  <p time="1487940" is_ac="true">this</p>
  <p time="1489020" is_ac="true">onto my</p>
  <p time="1490580" is_ac="true">my plate though</p>
  <p time="1495500" is_ac="true">and then I will</p>
  <p time="1497059" is_ac="true">season</p>
  <p time="1499100" is_ac="true">with some</p>
  <p time="1500840" is_ac="true">chili oil</p>
  <p time="1503600" is_ac="true">oh yes bump up that chili</p>
  <p time="1507080" is_ac="true">oh yes</p>
  <p time="1518000" is_ac="true">oh wow</p>
  <p time="1520159" is_ac="true">put the extra chili oil</p>
  <p time="1525080" is_ac="true">that texture that flavor is incredible</p>
  <p time="1528980" is_ac="true">okay braised eggplant oh huge pieces of</p>
  <p time="1532039" is_ac="true">eggplant</p>
  <p time="1533120" is_ac="true">braised</p>
  <p time="1534620" is_ac="true">let's just fall apart it looks like</p>
  <p time="1536240" is_ac="true">they're melting</p>
  <p time="1537559" is_ac="true">oh look if you squeeze all the eggplants</p>
  <p time="1540440" is_ac="true">literally just just melting and it's</p>
  <p time="1542600" is_ac="true">melting in my Chopsticks it's falling</p>
  <p time="1544100" is_ac="true">apart</p>
  <p time="1548840" is_ac="true">oh that's hot</p>
  <p time="1555980" is_ac="true">wow</p>
  <p time="1557360" is_ac="true">you should not put an entire piece of</p>
  <p time="1559700" is_ac="true">eggplant in your mouth at once</p>
  <p time="1561559" is_ac="true">in farm Dutch eggplant on fire</p>
  <p time="1566000" is_ac="true">um</p>
  <p time="1568340" is_ac="true">but it literally just melts in your</p>
  <p time="1570020" is_ac="true">mouth</p>
  <p time="1570919" is_ac="true">but it's crispy on the edges</p>
  <p time="1573020" is_ac="true">and then the inside is so gooey with</p>
  <p time="1575480" is_ac="true">disintegrate and then it's a little bit</p>
  <p time="1577159" is_ac="true">sweet so it's that Sugar that's just</p>
  <p time="1578900" is_ac="true">been caramelized that is really soft and</p>
  <p time="1581419" is_ac="true">tender and really tasty</p>
  <p time="1583159" is_ac="true">oh man</p>
  <p time="1585440" is_ac="true">more chili oil</p>
  <p time="1586940" is_ac="true">to my bowl</p>
  <p time="1589520" is_ac="true">and then some vinegar</p>
  <p time="1591640" is_ac="true">and the hot fresh steamed dumplings or</p>
  <p time="1594620" is_ac="true">boiled dumplings have arrived</p>
  <p time="1596419" is_ac="true">give this a nice bath and chili</p>
  <p time="1599480" is_ac="true">chili and vinegar</p>
  <p time="1613100" is_ac="true">here's our hearty dumplings chives pork</p>
  <p time="1616460" is_ac="true">thick meaty doughy wrappers that are so</p>
  <p time="1619520" is_ac="true">like warming</p>
  <p time="1623120" is_ac="true">oh that's fully loaded that's so tasty</p>
  <p time="1633200" is_ac="true">and then</p>
  <p time="1635900" is_ac="true">have some tea</p>
  <p time="1641000" is_ac="true">and then the final dish we got is</p>
  <p time="1642919" is_ac="true">dumplings and chili oil</p>
  <p time="1647480" is_ac="true">this is a different kind of dumpling and</p>
  <p time="1649520" is_ac="true">then in that chili oil soup so I think</p>
  <p time="1651679" is_ac="true">we better maybe we should take a bite of</p>
  <p time="1653779" is_ac="true">The Dumpling with the Chopsticks and</p>
  <p time="1655039" is_ac="true">then Chase with some of that chili oil</p>
  <p time="1657440" is_ac="true">broth</p>
  <p time="1662779" is_ac="true">oh</p>
  <p time="1669620" is_ac="true">or hot</p>
  <p time="1679520" is_ac="true">oh</p>
  <p time="1683080" is_ac="true">yes</p>
  <p time="1687880" is_ac="true">it was just like hot oil just squirted</p>
  <p time="1690679" is_ac="true">out into my mouth oh that was incredible</p>
  <p time="1694279" is_ac="true">they're so juicy they've just absorbed</p>
  <p time="1697640" is_ac="true">become saturated with that chili oil</p>
  <p time="1700460" is_ac="true">oh and I want to taste that broth so bad</p>
  <p time="1708140" is_ac="true">oh</p>
  <p time="1710480" is_ac="true">boiling chili oil vinegar in there</p>
  <p time="1714020" is_ac="true">coriander Sichuan pepper immediately a</p>
  <p time="1717740" is_ac="true">little bit numbing but it's more of that</p>
  <p time="1719480" is_ac="true">citrusy fragrance that's so good</p>
  <p time="1722179" is_ac="true">oh and it's a totally different wrapper</p>
  <p time="1724220" is_ac="true">from the The Boiled dumplings The Boiled</p>
  <p time="1725960" is_ac="true">dumplings is more of a doughy wrapper</p>
  <p time="1727400" is_ac="true">and this is more of a silky one ton</p>
  <p time="1729799" is_ac="true">wrapper both extraordinary everything</p>
  <p time="1732500" is_ac="true">here is good</p>
  <p time="1743600" is_ac="true">a few things in the world are as</p>
  <p time="1747380" is_ac="true">satisfying</p>
  <p time="1750200" is_ac="true">as a player played a home homemade stir</p>
  <p time="1753140" is_ac="true">fried noodles like that man it's Shogun</p>
  <p time="1757100" is_ac="true">um</p>
  <p time="1761240" is_ac="true">you can taste the handmade quality of</p>
  <p time="1762860" is_ac="true">the freshness</p>
  <p time="1764299" is_ac="true">and that is really what stands out as</p>
  <p time="1765980" is_ac="true">well</p>
  <p time="1767480" is_ac="true">oh what a meal and these are not like</p>
  <p time="1769700" is_ac="true">little portions these are Big portions</p>
  <p time="1771679" is_ac="true">these are filling</p>
  <p time="1773120" is_ac="true">hearty warming Northern Chinese food</p>
  <p time="1778399" is_ac="true">we got this business over 20 years</p>
  <p time="1781640" is_ac="true">already over 20 years and you did you</p>
  <p time="1783200" is_ac="true">say how many generations you are the</p>
  <p time="1785720" is_ac="true">third third generation oh okay but we</p>
  <p time="1787640" is_ac="true">have the similar uh the store in China</p>
  <p time="1792520" is_ac="true">oh okay so you have two restaurants</p>
  <p time="1794600" is_ac="true">what's the other five oh five right now</p>
  <p time="1797539" is_ac="true">it's the same name under the same name</p>
  <p time="1799880" is_ac="true">oh okay okay and how where where is is</p>
  <p time="1803480" is_ac="true">it mostly northern northern Chinese or</p>
  <p time="1805760" is_ac="true">where does your family come from</p>
  <p time="1807940" is_ac="true">okay okay oh great the food is amazing</p>
  <p time="1811460" is_ac="true">thank you very much thank you</p>
  <p time="1815960" is_ac="true">oh that was extraordinary and the owner</p>
  <p time="1820580" is_ac="true">here is so nice such a nice guy the</p>
  <p time="1822559" is_ac="true">staff are really friendly as well again</p>
  <p time="1824720" is_ac="true">I didn't even have plans I mean to to</p>
  <p time="1827240" is_ac="true">film here in the kitchen but they were</p>
  <p time="1829580" is_ac="true">just so gracious to allow me in the</p>
  <p time="1831140" is_ac="true">kitchen to see the process and making</p>
  <p time="1832520" is_ac="true">the noodles fresh so friendly</p>
  <p time="1835340" is_ac="true">highly recommended that was</p>
  <p time="1837500" is_ac="true">wow that was so good so hearty</p>
  <p time="1841100" is_ac="true">oh okay we have one more place to go to</p>
  <p time="1843500" is_ac="true">on this cheap eats ultimate food tour of</p>
  <p time="1846140" is_ac="true">Sydney</p>
  <p time="1850580" is_ac="true">next up we are in Paddington and we're</p>
  <p time="1853760" is_ac="true">going to a place uh it's called Indian</p>
  <p time="1856580" is_ac="true">home Diner they specialize in cut it</p>
  <p time="1859100" is_ac="true">Bobs I know they have chicken tikka but</p>
  <p time="1861320" is_ac="true">they're really are popular for their</p>
  <p time="1863960" is_ac="true">wraps with different sauces Indian</p>
  <p time="1865700" is_ac="true">sauces</p>
  <p time="1867200" is_ac="true">welcome to Indian home Diner really nice</p>
  <p time="1871159" is_ac="true">cozy place I love how they have</p>
  <p time="1872779" is_ac="true">everything here ready at the front they</p>
  <p time="1875299" is_ac="true">have all the different curries ready</p>
  <p time="1876620" is_ac="true">that you could choose from they have</p>
  <p time="1878419" is_ac="true">none available they have samosas and</p>
  <p time="1880460" is_ac="true">they have chicken tikka now you could</p>
  <p time="1882500" is_ac="true">get a variety of different curries but</p>
  <p time="1884720" is_ac="true">one of the most popular things to do on</p>
  <p time="1886039" is_ac="true">the menu is to choose your own Kebab</p>
  <p time="1887840" is_ac="true">which they have some of the classic</p>
  <p time="1889899" is_ac="true">mixtures with chicken tikka which is</p>
  <p time="1892279" is_ac="true">wrapped into a really puffy naan then</p>
  <p time="1894620" is_ac="true">you get your choice of different curry</p>
  <p time="1896659" is_ac="true">sauce which then goes on and then you</p>
  <p time="1899539" is_ac="true">can wrap it up I I immediately had to go</p>
  <p time="1901580" is_ac="true">for the double Tikka Indian Kebab so</p>
  <p time="1904760" is_ac="true">that's double the amount of chicken</p>
  <p time="1905840" is_ac="true">tikka and what she does is she grabs one</p>
  <p time="1907760" is_ac="true">of the puffy nuns adds on some of that</p>
  <p time="1909799" is_ac="true">curry sauce and then takes the chicken</p>
  <p time="1911419" is_ac="true">tikka and then just kind of like mashes</p>
  <p time="1913580" is_ac="true">it into the nun then you get a choice of</p>
  <p time="1916039" is_ac="true">either a potato fried potato Fritter or</p>
  <p time="1919220" is_ac="true">a fried onion Fritter in that just</p>
  <p time="1922039" is_ac="true">smashed down into the chicken and then</p>
  <p time="1923779" is_ac="true">you get mint sauce all over it great</p>
  <p time="1925880" is_ac="true">concept I mean like a roll</p>
  <p time="1929179" is_ac="true">fully loaded oh it smells so good</p>
  <p time="1938179" is_ac="true">all right and there it is</p>
  <p time="1940100" is_ac="true">cool thank you very much thank you very</p>
  <p time="1942080" is_ac="true">much</p>
  <p time="1944299" is_ac="true">oh it's aluminum</p>
  <p time="1946940" is_ac="true">lined to keep it nice and hot</p>
  <p time="1950299" is_ac="true">and then wrapped again got the double</p>
  <p time="1952760" is_ac="true">whoa I don't think I want to unwrap it</p>
  <p time="1955460" is_ac="true">all the way though</p>
  <p time="1958940" is_ac="true">oh it's fully loaded</p>
  <p time="1962600" is_ac="true">got the double chicken tikka all of that</p>
  <p time="1965059" is_ac="true">vindaloo sauce the mint sauce oh man</p>
  <p time="1967880" is_ac="true">fully loaded oh that's warm and thick</p>
  <p time="1970760" is_ac="true">and</p>
  <p time="1971559" is_ac="true">okay can't wait to try this</p>
  <p time="1974520" is_ac="true">[Applause]</p>
  <p time="1980680" is_ac="true">[Music]</p>
  <p time="1981620" is_ac="true">um</p>
  <p time="1983559" is_ac="true">oh yeah</p>
  <p time="1985700" is_ac="true">oh that is tasty and my favorite move is</p>
  <p time="1988580" is_ac="true">how they how they make it they cut no</p>
  <p time="1991760" is_ac="true">knives are used they use the the tongs</p>
  <p time="1994399" is_ac="true">to just slice the chicken and the bajria</p>
  <p time="1996799" is_ac="true">with the sauce and then they roll it up</p>
  <p time="1999200" is_ac="true">wrap it up they stuff it with the tongue</p>
  <p time="2001539" is_ac="true">still inside of your non-wrap and then</p>
  <p time="2003940" is_ac="true">they bag it up and then pull out the</p>
  <p time="2006100" is_ac="true">Tong's last to hold it together what a</p>
  <p time="2008320" is_ac="true">move</p>
  <p time="2009279" is_ac="true">um</p>
  <p time="2010659" is_ac="true">oh you can taste the cumin seed</p>
  <p time="2012820" is_ac="true">it's just warm it's hearty</p>
  <p time="2017080" is_ac="true">that is delicious</p>
  <p time="2024600" is_ac="true">on that bite I got a big piece of that</p>
  <p time="2027640" is_ac="true">it's onion bhajia crispy until it's a</p>
  <p time="2030760" is_ac="true">batter there's the onions you know I</p>
  <p time="2033279" is_ac="true">think it might have been really good</p>
  <p time="2034059" is_ac="true">with a potato cutlet but I mean I don't</p>
  <p time="2037059" is_ac="true">think it can go wrong actually</p>
  <p time="2040120" is_ac="true">the vindaloo sauce which they said is</p>
  <p time="2041740" is_ac="true">very spicy</p>
  <p time="2042880" is_ac="true">a little bit spicy but it is flavorful</p>
  <p time="2045340" is_ac="true">and again a little bit of a cumin seed</p>
  <p time="2047799" is_ac="true">flavor and turmeric flavor to it</p>
  <p time="2053280" is_ac="true">I think the only thing is the shot</p>
  <p time="2056200" is_ac="true">starts to absorb so it'll be I mean</p>
  <p time="2058179" is_ac="true">it'll be a little extra but to have a</p>
  <p time="2060820" is_ac="true">little bit of sauce on the side the</p>
  <p time="2062740" is_ac="true">vindaloo sauce to then just drizzle on</p>
  <p time="2064720" is_ac="true">top as you take bites</p>
  <p time="2066460" is_ac="true">that would take it to the next level</p>
  <p time="2068740" is_ac="true">chicken tikka really tender Smoky this</p>
  <p time="2072639" is_ac="true">is extremely satisfying</p>
  <p time="2075960" is_ac="true">flavorful and everything wrapped up into</p>
  <p time="2078820" is_ac="true">the naan so it's easy to eat</p>
  <p time="2081520" is_ac="true">dollar Church</p>
  <p time="2084040" is_ac="true">and then one thing I wanted to mention</p>
  <p time="2085480" is_ac="true">about the price I got I think it was 15</p>
  <p time="2087820" is_ac="true">I got the double Tico so that was two</p>
  <p time="2090099" is_ac="true">times the amount of chicken tikka but I</p>
  <p time="2093220" is_ac="true">mean I'm I wanted it to be full and</p>
  <p time="2095679" is_ac="true">blooming</p>
  <p time="2096879" is_ac="true">but you can also just get the classic</p>
  <p time="2099220" is_ac="true">the normal one Tikka which is 11 I</p>
  <p time="2103119" is_ac="true">believe</p>
  <p time="2108599" is_ac="true">I'll have all five of the places that we</p>
  <p time="2112060" is_ac="true">went to on the Sydney cheap each tour in</p>
  <p time="2115119" is_ac="true">the description box below you can check</p>
  <p time="2116440" is_ac="true">them all out people have been so</p>
  <p time="2118540" is_ac="true">friendly and it really was a such a</p>
  <p time="2122140" is_ac="true">mixture and also showing the the</p>
  <p time="2124359" is_ac="true">diversity the amazing ethnic diversity</p>
  <p time="2126820" is_ac="true">that makes up Sydney delicious cheap</p>
  <p time="2129160" is_ac="true">eats in Sydney and I want to say a huge</p>
  <p time="2131260" is_ac="true">thank you to you for watching this video</p>
  <p time="2132280" is_ac="true">please remember to give it a thumbs up</p>
  <p time="2133720" is_ac="true">if you enjoyed it leave a comment below</p>
  <p time="2135220" is_ac="true">I'd love to hear from you and if you're</p>
  <p time="2136300" is_ac="true">not already subscribed make sure you</p>
  <p time="2138220" is_ac="true">subscribe now for lots more food and</p>
  <p time="2139720" is_ac="true">travel videos</p>
  <p time="2140920" is_ac="true">goodbye from Sydney and I will see you</p>
  <p time="2143020" is_ac="true">on the next video</p>
</text>
