<?xml version='1.0' encoding='UTF-8'?>
<text date_d="6" date_m="3" date_y="2024" format="srv3" age_limit="0" comment_count="730" description="Dave is confused by Sarasota, a town that reminds him almost of the Cape, and gets some Italian wisdom about toppings.&#10;&#10;Download The One Bite App to see more and review your favorite pizza joints: https://onebite.app/download&#13;&#10;&#13;&#10;Follow on Instagram: https://www.instagram.com/stoolpresidente/&#13;&#10;Follow on Twitter: https://twitter.com/stoolpresidente&#13;&#10;&#13;&#10;Check out Barstool Sports for more: http://www.barstoolsports.com&#13;&#10;&#13;&#10;Follow Barstool Sports here:&#13;&#10;Facebook: https://facebook.com/barstoolsports&#13;&#10;Twitter: https://twitter.com/barstoolsports&#13;&#10;Instagram: http://instagram.com/barstoolsports" fulltitle="Barstool Pizza Review - Venezia Italian Restaurant (Sarasota, FL)" like_count="6282" location="na" playlist_title="na" release_date="na" upload_date="20240306" repost_count="na" tags="Pizza; Things to do; Italy; Pizza Review; Review; Food; Food Review; Dave Portnoy; Barstool Sports; El Presidente; Pres; El Pres; Italian Food; One Bite Barstool; Barstool Pizza Review; El Pres Barstool; Dave Portnoy Barstool; humor; entertainment; comedy; celebrity; funny; yummy; New York; new york pizza; el pres reviews; pizza scores; " title="Barstool Pizza Review - Venezia Italian Restaurant (Sarasota, FL)" uploader="One Bite Pizza Reviews" view_count="207388" webpage_url="https://www.youtube.com/watch?v=LZot0TreJLY" autocaption="true">
  <p time="290" is_ac="true">[Music]</p>
  <p time="12000" is_ac="true">all right pizza review time we are uh</p>
  <p time="14759" is_ac="true">Sarasota we're at benia place</p>
  <p time="18000" is_ac="true">is bang very busy the busiest place in</p>
  <p time="21480" is_ac="true">this like</p>
  <p time="22599" is_ac="true">Square the whole Square get the whole</p>
  <p time="24960" is_ac="true">Square I the whole</p>
  <p time="28960" is_ac="true">Square</p>
  <p time="31160" is_ac="true">I've never had less feel for place in my</p>
  <p time="33840" is_ac="true">life like it's my first time here I I</p>
  <p time="35520" is_ac="true">don't know I maybe it's like um Cape Cod</p>
  <p time="38960" is_ac="true">like in the summer like kind of like a</p>
  <p time="40480" is_ac="true">middle of the road Cape Cod town that's</p>
  <p time="42559" is_ac="true">the only thing that's the only Vibes I'm</p>
  <p time="44360" is_ac="true">getting very very just people everywhere</p>
  <p time="47600" is_ac="true">places everywhere can't tell if it's</p>
  <p time="49600" is_ac="true">fancy not fancy I'm leaning to what's</p>
  <p time="51520" is_ac="true">not fancy thinking maybe like a hyenas</p>
  <p time="54320" is_ac="true">for New England people one by everybody</p>
  <p time="55800" is_ac="true">knows the rules here it is again the</p>
  <p time="57520" is_ac="true">place is banging had a ton of reviews</p>
  <p time="62399" is_ac="true">little bit on the Flop side see what we</p>
  <p time="64360" is_ac="true">got one by everyone knows the rules</p>
  <p time="65920" is_ac="true">Venia uh and Sarasota</p>
  <p time="71020" is_ac="true">[Music]</p>
  <p time="75400" is_ac="true">Florida the crust tastes like</p>
  <p time="77280" is_ac="true">puppuccinos a little bit Pizza a little</p>
  <p time="79400" is_ac="true">bit on the floppy</p>
  <p time="81640" is_ac="true">side how's it</p>
  <p time="83520" is_ac="true">going thank you I appreciate</p>
  <p time="88840" is_ac="true">it</p>
  <p time="89940" is_ac="true">[Music]</p>
  <p time="93439" is_ac="true">shout out Miss peaches</p>
  <p time="98840" is_ac="true">yeah I only do</p>
  <p time="101079" is_ac="true">cheese that's how you got to rate Itali</p>
  <p time="104200" is_ac="true">all I love those sunglasses those are</p>
  <p time="106479" is_ac="true">like uh those are straight out of Casino</p>
  <p time="109399" is_ac="true">like the Robert daero glasses the huge</p>
  <p time="111520" is_ac="true">ones 67 on the pizza um Venia that's a</p>
  <p time="116640" is_ac="true">review I don't know what that guy said</p>
  <p time="118000" is_ac="true">to me in Itali Italian all over I love</p>
  <p time="120920" is_ac="true">those sunglasses is that like Italian I</p>
  <p time="122840" is_ac="true">need toppings I don't know uh there you</p>
  <p time="124880" is_ac="true">go that's a</p>
  <p time="127039" is_ac="true">review a</p>
  <p time="128759" is_ac="true">hill Federal Hill Rhode Island did you</p>
  <p time="132319" is_ac="true">go up there</p>
  <p time="133840" is_ac="true">yet is that a specific place or an</p>
  <p time="137120" is_ac="true">area yeah I know but is that a place or</p>
  <p time="139879" is_ac="true">oh no no one one of the joints up there</p>
  <p time="141840" is_ac="true">they're all pretty good I don't</p>
  <p time="144080" is_ac="true">remember no wasn't that good not if it</p>
  <p time="147560" is_ac="true">didn't stick out this is floppy super</p>
  <p time="151840" is_ac="true">floppy</p>
  <p time="156400" is_ac="true">67 I rate Pizza you Pizza yeah amongst</p>
  <p time="161680" is_ac="true">other things which one did you order</p>
  <p time="164519" is_ac="true">cheese I always go cheese straight for</p>
  <p time="166560" is_ac="true">it's a gold metal slice</p>
  <p time="169480" is_ac="true">yeah how about Ceres that was it who</p>
  <p time="172680" is_ac="true">Federal Hill Ceres overrated by far the</p>
  <p time="176280" is_ac="true">number one place people told me go 74</p>
  <p time="179879" is_ac="true">overr yeah that everyone told me to go</p>
  <p time="182480" is_ac="true">there that was like one of the most</p>
  <p time="183799" is_ac="true">popular it was one of most what was your</p>
  <p time="186480" is_ac="true">favorite pizza in the area around here</p>
  <p time="189400" is_ac="true">I've only been here for like 10 minutes</p>
  <p time="191159" is_ac="true">I don't I I don't think it's a great</p>
  <p time="192560" is_ac="true">pizza area that's what everyone said</p>
  <p time="194400" is_ac="true">like I had to be here for something else</p>
  <p time="195959" is_ac="true">so youran uh is far sports or still</p>
  <p time="199440" is_ac="true">president those the tip yeah yep take</p>
  <p time="202640" is_ac="true">care see</p>
  <p time="208239" is_ac="true">you</p>
</text>
