<?xml version='1.0' encoding='UTF-8'?>
<text date_d="16" date_m="2" date_y="2023" format="srv3" age_limit="0" comment_count="120" description="In this episode, Craig, Ryno, Panda and Erica go to Be Our Guest in the Magic Kingdom. It's been quite some time since we have dined here and it is the most &quot;searched for&quot; restaurant on WDWInfo - so here we are. You may be surprised by our reactions.&#10;&#10;Get a FREE No-Obligation Quote on a Disney vacation from Dreams Unlimited Travel today!&#10;https://www.DreamsUnlimitedTravel.com&#10;&#10;For more information on Walt Disney World, Disney Cruise Line, Disneyland, Universal, and more, head to https://www.disneyinfo.com&#10;&#10;Visit http://www.disunplugged.com to hear more from The DIS Unplugged team.&#10;&#10;Subscribe to the DIS Unplugged YouTube Channel!&#10;http://www.youtube.com/disunplugged&#10;&#10;Like us on FACEBOOK: http://www.facebook.com/disunplugged&#10;Follow us on TWITTER: http://www.twitter.com/thedis&#10;Follow us on INSTAGRAM: http://www.instagram.com/the.dis&#10;&#10;Become a Patron of the DIS Unplugged and receive exclusive content, early access to certain vlogs, and much more!&#10;https://www.patreon.com/disunplugged" fulltitle="Be Our Guest Restaurant Review at Walt Disney World | Disney Dining Show" like_count="1615" location="na" playlist_title="na" release_date="na" upload_date="20230216" repost_count="na" tags="be our guest; be our guest disney; be our guest disney restaurant; be our guest magic kingdom; be our guest dining review; be our guest 2023; walt disney world; disney world; disney parks; disney; disney food; disney food vlog; disney dining review; disney food review; disney world food; disney world food vlog; disney world food review; disney world dining review; disney world dining 2023; disney world food 2023; be our guest restaurant; beauty and the beast restaurant; " title="Be Our Guest Restaurant Review at Walt Disney World | Disney Dining Show" uploader="DIS Unlimited" view_count="45647" webpage_url="https://www.youtube.com/watch?v=pumR7TbLU44" autocaption="true">
  <p time="860" is_ac="true">bonjour everybody it's Rhino and welcome</p>
  <p time="4140" is_ac="true">to this week's episode of the Disney</p>
  <p time="5520" is_ac="true">dining show this week I'm going to be</p>
  <p time="7140" is_ac="true">joined by Panda Erica and Craig and we</p>
  <p time="9240" is_ac="true">are going to be dining at Be Our Guest</p>
  <p time="10440" is_ac="true">restaurant in the Magic Kingdom park at</p>
  <p time="12780" is_ac="true">Walt Disney World this is one of the</p>
  <p time="14219" is_ac="true">most searched for restaurants on</p>
  <p time="16160" is_ac="true">wwinfo.com so we feel like we haven't</p>
  <p time="18900" is_ac="true">been here in forever I mean I haven't</p>
  <p time="20160" is_ac="true">been in years and years and years I</p>
  <p time="21660" is_ac="true">think it was still like a quick service</p>
  <p time="23279" is_ac="true">option when I the last time I was here</p>
  <p time="25140" is_ac="true">and I know the others haven't been here</p>
  <p time="26699" is_ac="true">in a while either so it felt like it was</p>
  <p time="28740" is_ac="true">time so uh yeah that's what we're doing</p>
  <p time="32160" is_ac="true">and we're here for lunch so uh before we</p>
  <p time="34079" is_ac="true">go inside to check out the restaurant</p>
  <p time="36180" is_ac="true">and all that it has to offer I want to</p>
  <p time="37920" is_ac="true">remind everybody that this and</p>
  <p time="38940" is_ac="true">everything that we do here is brought to</p>
  <p time="40140" is_ac="true">you by dreams unlimited travel uh</p>
  <p time="42780" is_ac="true">experts at helping you plan the perfect</p>
  <p time="44340" is_ac="true">Disney vacation when you book with them</p>
  <p time="46260" is_ac="true">it cost you nothing extra on your trip</p>
  <p time="47640" is_ac="true">and you help support the channel and all</p>
  <p time="49079" is_ac="true">the content that we produce so check</p>
  <p time="50879" is_ac="true">them out dreamsunlimitedtravel.com now</p>
  <p time="53039" is_ac="true">that I have said that let's get inside I</p>
  <p time="55559" is_ac="true">am starving and I'm sure the others are</p>
  <p time="57899" is_ac="true">just absolutely annoyed with how long</p>
  <p time="59460" is_ac="true">it's been taking me to do this this</p>
  <p time="61379" is_ac="true">little introduction out here so yummy</p>
  <p time="63899" is_ac="true">yummy let's get food in my tummy</p>
  <p time="79020" is_ac="true">[Music]</p>
  <p time="88939" is_ac="true">we are inside of the castle we have been</p>
  <p time="91979" is_ac="true">taken to our seats for those of you who</p>
  <p time="94200" is_ac="true">don't know this area is uh this</p>
  <p time="98220" is_ac="true">restaurant excuse me is split apart into</p>
  <p time="99960" is_ac="true">three different rooms there's The West</p>
  <p time="101579" is_ac="true">Wing which is where the Beast you know</p>
  <p time="103680" is_ac="true">it's like you know from the movie he's</p>
  <p time="105420" is_ac="true">like kind of ripped through the curtains</p>
  <p time="106860" is_ac="true">and there's that's where the enchanted</p>
  <p time="108360" is_ac="true">Rose is and then there's the Grand</p>
  <p time="110460" is_ac="true">Ballroom which is very pretty that's</p>
  <p time="112740" is_ac="true">where they've got the awesome effect</p>
  <p time="114180" is_ac="true">where it's like snowing outside the</p>
  <p time="115799" is_ac="true">windows and then um where we are the</p>
  <p time="118860" is_ac="true">rose Gallery which to me feels like the</p>
  <p time="120659" is_ac="true">room That Time Forgot and by time I mean</p>
  <p time="123299" is_ac="true">the imagineers because it feels the most</p>
  <p time="125100" is_ac="true">basic of the three but it's still nice</p>
  <p time="127619" is_ac="true">it's still got some of those</p>
  <p time="128459" is_ac="true">architectural like pillars in here and</p>
  <p time="131520" is_ac="true">uh sorry I think a child just threw</p>
  <p time="133860" is_ac="true">their Fork at me and</p>
  <p time="135480" is_ac="true">um</p>
  <p time="136400" is_ac="true">there's like this weird clock and I'm</p>
  <p time="139080" is_ac="true">not a clock um a um uh</p>
  <p time="142520" is_ac="true">oh my God the boxes that you wind up a</p>
  <p time="145800" is_ac="true">music box that's not what they're called</p>
  <p time="147300" is_ac="true">are they but anyway</p>
  <p time="149160" is_ac="true">um there's a bell and the Beast that are</p>
  <p time="151140" is_ac="true">dancing in the middle of the ramire and</p>
  <p time="152940" is_ac="true">then the Beast will make his way through</p>
  <p time="154560" is_ac="true">from time to time they'll make an</p>
  <p time="156000" is_ac="true">announcement and uh it's you know it's</p>
  <p time="158940" is_ac="true">Elegance it's Grace it's I couldn't</p>
  <p time="162840" is_ac="true">think of a third rhyme to go instead of</p>
  <p time="164459" is_ac="true">saying Miss United States but anyway um</p>
  <p time="166680" is_ac="true">for also just before we get started here</p>
  <p time="169560" is_ac="true">too far this is a prefix menu so uh that</p>
  <p time="173879" is_ac="true">means that when you come in here it's 67</p>
  <p time="176280" is_ac="true">for guests ages 10 and over it's a three</p>
  <p time="178920" is_ac="true">course prefix menu which means you're</p>
  <p time="180480" is_ac="true">gonna choose one appetizer one entree</p>
  <p time="182700" is_ac="true">and a dessert and the dessert is</p>
  <p time="184200" is_ac="true">actually a trio of desserts</p>
  <p time="186239" is_ac="true">um but we also got some bread the bread</p>
  <p time="189599" is_ac="true">was fine for my appetizer I went with</p>
  <p time="192180" is_ac="true">the endibe and dive I don't know how to</p>
  <p time="194280" is_ac="true">say it but it's the Endive she did it</p>
  <p time="196080" is_ac="true">right and Rockford cheese salad uh which</p>
  <p time="198720" is_ac="true">had pear gastric toasted walnuts and</p>
  <p time="201120" is_ac="true">champagne vinaigrette that</p>
  <p time="203280" is_ac="true">um and you know it was a nice salad I</p>
  <p time="205860" is_ac="true">wish I was a more educated individual</p>
  <p time="207480" is_ac="true">where I knew that Rockford cheese was</p>
  <p time="209220" is_ac="true">blue cheese because I don't particularly</p>
  <p time="211440" is_ac="true">like blue cheese but good thing I was</p>
  <p time="212940" is_ac="true">sitting at a table with a guy who loves</p>
  <p time="215099" is_ac="true">it Craig Williams he loves a good blue</p>
  <p time="217379" is_ac="true">cheese but I will say the salad I</p>
  <p time="219659" is_ac="true">thought presentation was beautiful and I</p>
  <p time="221280" is_ac="true">thought it was great it was very fresh</p>
  <p time="222420" is_ac="true">and nice and wonderful and</p>
  <p time="224940" is_ac="true">um yeah I'm I'm not unhappy with my</p>
  <p time="227040" is_ac="true">decision especially since my entree is</p>
  <p time="230340" is_ac="true">going to be a pork chop before we move</p>
  <p time="232080" is_ac="true">on to somebody else I just also want to</p>
  <p time="233760" is_ac="true">mention I know I said it was a</p>
  <p time="235319" is_ac="true">three-course prefix meal but there are</p>
  <p time="237540" is_ac="true">also Libations that can be ordered here</p>
  <p time="239879" is_ac="true">both alcoholic and not so they have a</p>
  <p time="241920" is_ac="true">selection of Champagnes and wines and</p>
  <p time="244620" is_ac="true">then also there's a a fairly interesting</p>
  <p time="247200" is_ac="true">list of beers in here that I feel like</p>
  <p time="249000" is_ac="true">aren't just like do you know there's</p>
  <p time="251040" is_ac="true">some beer that you'll find everywhere</p>
  <p time="252239" is_ac="true">like Stella or</p>
  <p time="254459" is_ac="true">um you know the Highlight that's</p>
  <p time="255959" is_ac="true">everywhere on Disney property I feel</p>
  <p time="257400" is_ac="true">like but there's some other like fun</p>
  <p time="259199" is_ac="true">German Belgian beers in here that look</p>
  <p time="261180" is_ac="true">pretty good and then what's kind of</p>
  <p time="262740" is_ac="true">fairly new is there were three</p>
  <p time="266180" is_ac="true">three alcoholic mixed drinks now which</p>
  <p time="269759" is_ac="true">uh there was a French 75 which if you're</p>
  <p time="272820" is_ac="true">not familiar is a gin based drink and</p>
  <p time="275040" is_ac="true">then there was a bulvardier which is a</p>
  <p time="278220" is_ac="true">bourbon-based drink and it has like uh</p>
  <p time="280500" is_ac="true">like it's it's</p>
  <p time="282060" is_ac="true">not for me it's a little bitter because</p>
  <p time="284220" is_ac="true">of the Campari in it but and then a</p>
  <p time="286560" is_ac="true">bloody mary I feel like the first two</p>
  <p time="288180" is_ac="true">when they were reading the list I was</p>
  <p time="289680" is_ac="true">like okay okay and I was like oh okay</p>
  <p time="292139" is_ac="true">like Bloody Mary's aren't for me but</p>
  <p time="294600" is_ac="true">I've talked way too much here I am</p>
  <p time="296759" is_ac="true">dining with several other people and</p>
  <p time="298440" is_ac="true">it's time for one of them to talk</p>
  <p time="300600" is_ac="true">so for my appetizer I got the potato</p>
  <p time="304080" is_ac="true">leek soup it comes with truffle potato</p>
  <p time="307199" is_ac="true">chips and a leek fondue and I really</p>
  <p time="310020" is_ac="true">enjoyed it I thought it was really good</p>
  <p time="312020" is_ac="true">it's pretty cool they bring out the bowl</p>
  <p time="314280" is_ac="true">with the chips in it and then they pour</p>
  <p time="316259" is_ac="true">over that uh fondue and it's like a</p>
  <p time="319740" is_ac="true">little</p>
  <p time="320460" is_ac="true">chips with some dip and I liked it a lot</p>
  <p time="322740" is_ac="true">it's very easy to eat I finished all of</p>
  <p time="324780" is_ac="true">it it was fantastic 10 out of 10.</p>
  <p time="328139" is_ac="true">for my appetizer I went with the</p>
  <p time="330620" is_ac="true">escargot of course I had to do that it</p>
  <p time="333780" is_ac="true">is baked in garlic or butter with</p>
  <p time="336300" is_ac="true">baguette and as far as escar goes go</p>
  <p time="340880" is_ac="true">uh this was this was good I mean I</p>
  <p time="343440" is_ac="true">mostly eat it on a Disney cruise line</p>
  <p time="345720" is_ac="true">sailing other cruise ships I'll always</p>
  <p time="348180" is_ac="true">get escargot I don't like the one they</p>
  <p time="350280" is_ac="true">have in France for some of the festivals</p>
  <p time="352560" is_ac="true">that's not really my style this was this</p>
  <p time="355620" is_ac="true">was really good I mean it was right on</p>
  <p time="357000" is_ac="true">the level of what Disney Cruise Line</p>
  <p time="358979" is_ac="true">would point out I mean very buttery but</p>
  <p time="362039" is_ac="true">the herbs were definitely kicking</p>
  <p time="363900" is_ac="true">through there it was it was a really</p>
  <p time="365940" is_ac="true">nice blade and a really good start to</p>
  <p time="368400" is_ac="true">this meal yeah so I had to get the</p>
  <p time="370620" is_ac="true">French onion soup it is Greer I think</p>
  <p time="373320" is_ac="true">I'm pronounced that right Greer cheese</p>
  <p time="374520" is_ac="true">on it right there</p>
  <p time="378020" is_ac="true">like Judy Judy Greer it was actually</p>
  <p time="380699" is_ac="true">really good</p>
  <p time="381780" is_ac="true">um a lot better than I thought it would</p>
  <p time="383039" is_ac="true">be and a lot better than what I've</p>
  <p time="384840" is_ac="true">gotten on the Disney Cruise Line the</p>
  <p time="386580" is_ac="true">cheese was nice was tasty and the soup</p>
  <p time="388919" is_ac="true">had a wonderful beef flavor even though</p>
  <p time="391139" is_ac="true">it might actually be a vegetarian broth</p>
  <p time="393419" is_ac="true">I know it was when this place first</p>
  <p time="395039" is_ac="true">opened I'll find out but it was really</p>
  <p time="396900" is_ac="true">good full of onions deep</p>
  <p time="399720" is_ac="true">flavor that's why I liked it</p>
  <p time="405240" is_ac="true">breakfast</p>
  <p time="409139" is_ac="true">as I said earlier I got the pork chop in</p>
  <p time="411960" is_ac="true">fact it was called the Durock pork chop</p>
  <p time="414240" is_ac="true">I don't know what that word means uh but</p>
  <p time="417000" is_ac="true">it's it's the description here reads</p>
  <p time="419280" is_ac="true">double smoked bacon sweet potato lionese</p>
  <p time="422100" is_ac="true">and Dijon mustard sauce I need to tell</p>
  <p time="425039" is_ac="true">you right now I was very like I guess</p>
  <p time="427259" is_ac="true">I'll get the pork chop like hesitant</p>
  <p time="428819" is_ac="true">about it</p>
  <p time="429960" is_ac="true">this thing was banging this was like one</p>
  <p time="432180" is_ac="true">of the best like I am not one to order a</p>
  <p time="435360" is_ac="true">pork chop in fact I don't eat a lot of</p>
  <p time="436860" is_ac="true">pork to be honest with you</p>
  <p time="438720" is_ac="true">um this thing was off the chain it was</p>
  <p time="440520" is_ac="true">so good the sauce that mustard sauce on</p>
  <p time="442380" is_ac="true">this plate was delicious this pork chop</p>
  <p time="444900" is_ac="true">was like super thick</p>
  <p time="446840" is_ac="true">and um the side of like the sweet potato</p>
  <p time="449819" is_ac="true">with like the pickled onions on top and</p>
  <p time="452160" is_ac="true">then the cube sort of like crispy like</p>
  <p time="454740" is_ac="true">bacon I know it says I think it's a</p>
  <p time="456300" is_ac="true">bacon but</p>
  <p time="457380" is_ac="true">um I feel like it was uh closer to it's</p>
  <p time="462720" is_ac="true">a double smoked bacon okay yeah it was a</p>
  <p time="464819" is_ac="true">little thicker like</p>
  <p time="466500" is_ac="true">um kind of it almost reminded me of like</p>
  <p time="468660" is_ac="true">really thick pork belly um but it was</p>
  <p time="471180" is_ac="true">the texturally it was amazing the flavor</p>
  <p time="474300" is_ac="true">for everything was good and this pork</p>
  <p time="476280" is_ac="true">chop was like cooked perfectly perfectly</p>
  <p time="478979" is_ac="true">I cannot recommend this dish enough and</p>
  <p time="481919" is_ac="true">it was like like I said a huge portion</p>
  <p time="484800" is_ac="true">so</p>
  <p time="485940" is_ac="true">um yeah I this would this I'm just I'm</p>
  <p time="489240" is_ac="true">gonna be thinking about this dish for a</p>
  <p time="490620" is_ac="true">while</p>
  <p time="491539" is_ac="true">so for my entree I got the vaduvan</p>
  <p time="495120" is_ac="true">spiced vegetables they come with Crispy</p>
  <p time="498240" is_ac="true">corn cake which is actually really good</p>
  <p time="500580" is_ac="true">it was the perfect consistency and then</p>
  <p time="503340" is_ac="true">the vejuven coconut juice</p>
  <p time="506960" is_ac="true">I think it's how it's pronounced you</p>
  <p time="509039" is_ac="true">want to look at that yes the juice it is</p>
  <p time="512399" is_ac="true">a plant-based offering here and it was</p>
  <p time="514680" is_ac="true">actually really good the vegetables were</p>
  <p time="516300" is_ac="true">nice and fresh it didn't feel like it</p>
  <p time="518159" is_ac="true">was sitting for too long and I just I</p>
  <p time="520440" is_ac="true">really enjoyed it it's not my favorite</p>
  <p time="522300" is_ac="true">meal I've ever had on this planet but I</p>
  <p time="525360" is_ac="true">would come back to get that because it</p>
  <p time="526920" is_ac="true">was pretty decent so if you need a</p>
  <p time="528959" is_ac="true">plant-based option while you're eating</p>
  <p time="530519" is_ac="true">here this is the one to get so we did a</p>
  <p time="533279" is_ac="true">studio dining review in which I kind of</p>
  <p time="535200" is_ac="true">trashed To Be Our Guest it's been a few</p>
  <p time="537180" is_ac="true">years since I've been here and I might</p>
  <p time="538500" is_ac="true">be taking that back because I did like</p>
  <p time="540540" is_ac="true">my appetizer and I ordered the roasted</p>
  <p time="543480" is_ac="true">Poulet Rouge chicken I think that's how</p>
  <p time="545820" is_ac="true">you say it and okay I only like white</p>
  <p time="548399" is_ac="true">meat chicken it did come with white and</p>
  <p time="550140" is_ac="true">dark meat if you like both you're going</p>
  <p time="552180" is_ac="true">to be fine it was really tasty and the</p>
  <p time="554279" is_ac="true">white meat which I like that I usually</p>
  <p time="555959" is_ac="true">find dry was not at all and it was</p>
  <p time="559080" is_ac="true">flavorful it was little vegetables</p>
  <p time="560940" is_ac="true">around it but it was delicious it was</p>
  <p time="562800" is_ac="true">delicious it was it was really good I</p>
  <p time="564899" is_ac="true">just wish it was all white meat but</p>
  <p time="566820" is_ac="true">I'm I'm liking this meal since to Rhino</p>
  <p time="569760" is_ac="true">went with the pork chop I decided to go</p>
  <p time="572940" is_ac="true">with the filet mignon I feel like that</p>
  <p time="575519" is_ac="true">is one of the most popular menu items</p>
  <p time="578339" is_ac="true">here it is definitely considered the</p>
  <p time="581160" is_ac="true">beast's favorite so</p>
  <p time="583620" is_ac="true">keep that in mind and obviously too with</p>
  <p time="586080" is_ac="true">the prefix menu you're kind of looking</p>
  <p time="587760" is_ac="true">at like the overall price and thinking</p>
  <p time="590160" is_ac="true">to yourself like am I getting the value</p>
  <p time="592500" is_ac="true">out of the money I'm paying and with</p>
  <p time="594720" is_ac="true">filet you definitely could with Erica's</p>
  <p time="597420" is_ac="true">vegetable stuff maybe not with pandas</p>
  <p time="599820" is_ac="true">chicken I don't know with the pork</p>
  <p time="601440" is_ac="true">Chopper filet you can definitely get</p>
  <p time="603600" is_ac="true">there but this filet it's a center cut</p>
  <p time="606360" is_ac="true">filet mignon served with Yukon Gold</p>
  <p time="608880" is_ac="true">potato puree mashed potatoes and smoked</p>
  <p time="612240" is_ac="true">tomato bearnaise sauce and there was</p>
  <p time="614279" is_ac="true">also a tomato compote on the side the</p>
  <p time="616680" is_ac="true">Tomato compote added a little bit of</p>
  <p time="618360" is_ac="true">sweetness overall my steak was cooked I</p>
  <p time="622080" is_ac="true">asked for it medium rare and it was</p>
  <p time="623880" is_ac="true">definitely about medium rare to rare</p>
  <p time="626519" is_ac="true">which is actually how I like it but I</p>
  <p time="629640" is_ac="true">never want to like go all in on rare and</p>
  <p time="632640" is_ac="true">I'm fine if it ends up medium rare so</p>
  <p time="634260" is_ac="true">yeah the steak was cooked perfectly</p>
  <p time="636360" is_ac="true">uh it was seasoned nicely you know just</p>
  <p time="638279" is_ac="true">light on light on that salt and pepper</p>
  <p time="640920" is_ac="true">flavor to it and it made it made it uh</p>
  <p time="644700" is_ac="true">extra special once you started dipping</p>
  <p time="646860" is_ac="true">it into the Tomato bearnaise sauce which</p>
  <p time="649200" is_ac="true">just had like a nice smokiness to it and</p>
  <p time="652440" is_ac="true">uh didn't didn't overpower the the taste</p>
  <p time="655260" is_ac="true">of the meat that just worked well with</p>
  <p time="657240" is_ac="true">it and then also on the plate were green</p>
  <p time="659459" is_ac="true">beans I kept choking on them because I</p>
  <p time="661740" is_ac="true">do not</p>
  <p time="662880" is_ac="true">I do not chew my food like a normal</p>
  <p time="665579" is_ac="true">human being should but they were fine</p>
  <p time="667620" is_ac="true">they could have been seasoned a little</p>
  <p time="668760" is_ac="true">bit but overall it was a nice plate got</p>
  <p time="671160" is_ac="true">some veggies got some meat I'm happy but</p>
  <p time="673860" is_ac="true">I will say Rhino's pork chop was the</p>
  <p time="676560" is_ac="true">best thing that I tried today in terms</p>
  <p time="677880" is_ac="true">of the entrees and I did have some of</p>
  <p time="679860" is_ac="true">the dark meat from pandas chicken yeah</p>
  <p time="682440" is_ac="true">it is okay it wasn't it wasn't great</p>
  <p time="684959" is_ac="true">chicken I I would not get that on its</p>
  <p time="687420" is_ac="true">own but you know what for the most part</p>
  <p time="689579" is_ac="true">the food I've tried been impressed</p>
  <p time="696839" is_ac="true">okay so for dessert they brought me over</p>
  <p time="698940" is_ac="true">a raspberry sorbet dairy free</p>
  <p time="702300" is_ac="true">it's fine</p>
  <p time="704220" is_ac="true">um I just wanted to say overall for the</p>
  <p time="706860" is_ac="true">67 per person plus tax uh as a person</p>
  <p time="711120" is_ac="true">who has a dairy allergy I would say it's</p>
  <p time="713760" is_ac="true">not super worth it</p>
  <p time="716040" is_ac="true">um but if you're coming with your family</p>
  <p time="717420" is_ac="true">and this is where you're gonna eat at</p>
  <p time="718920" is_ac="true">least you know you have some options and</p>
  <p time="720600" is_ac="true">the options they have are good but I</p>
  <p time="722880" is_ac="true">just don't think it reaches that that</p>
  <p time="724680" is_ac="true">price point in my opinion but I did</p>
  <p time="727440" is_ac="true">enjoy my meal so at least that's the</p>
  <p time="730079" is_ac="true">good side of it all the dessert though I</p>
  <p time="732899" is_ac="true">could have lived without having this</p>
  <p time="734100" is_ac="true">sorbet I would have been fine but</p>
  <p time="735779" is_ac="true">everyone else's dessert looked</p>
  <p time="737040" is_ac="true">absolutely beautiful but either way I</p>
  <p time="739740" is_ac="true">had a good time but definitely not worth</p>
  <p time="741540" is_ac="true">that price tag</p>
  <p time="742980" is_ac="true">this dessert just does not do it for me</p>
  <p time="746519" is_ac="true">uh you know the chocolate tart with gray</p>
  <p time="749160" is_ac="true">stuff crisp pearls white chocolate wafer</p>
  <p time="752339" is_ac="true">that's a fine signature dessert but it</p>
  <p time="755760" is_ac="true">it deserves more and I love cookies and</p>
  <p time="758579" is_ac="true">cream I love a good Oreo cookie so I</p>
  <p time="760860" is_ac="true">like the flavor it just feels like it's</p>
  <p time="763019" is_ac="true">lacking something maybe even a little</p>
  <p time="764820" is_ac="true">bit more of the crispy pearls would</p>
  <p time="766560" is_ac="true">elevate it but it's just it's not all</p>
  <p time="769019" is_ac="true">there the dark chocolate truffle I love</p>
  <p time="771600" is_ac="true">dark chocolate this thing can just go</p>
  <p time="773579" is_ac="true">away I it is such a waste of calories</p>
  <p time="776420" is_ac="true">the lemon jam macaron I I actually</p>
  <p time="780180" is_ac="true">thought that was the best but ultimately</p>
  <p time="782040" is_ac="true">it's like one macaron and it dessert is</p>
  <p time="785220" is_ac="true">just all over the place because with</p>
  <p time="787740" is_ac="true">this meal you know 67 as we probably</p>
  <p time="790920" is_ac="true">said 19 times now for guest ages 10 and</p>
  <p time="794399" is_ac="true">over that's that's a lot of money let's</p>
  <p time="796560" is_ac="true">be real for lunch and or dinner that's</p>
  <p time="799079" is_ac="true">that's still a lot of money even though</p>
  <p time="800399" is_ac="true">it is three course like the escargot</p>
  <p time="802740" is_ac="true">delicious and the the the full I were</p>
  <p time="806339" is_ac="true">delicious the last couple bites I had of</p>
  <p time="808079" is_ac="true">that the crust on there it just it was</p>
  <p time="810959" is_ac="true">so so good I I loved it but I I would</p>
  <p time="815700" is_ac="true">say I could get close to that price with</p>
  <p time="818220" is_ac="true">just those two parts yes Cargo in the</p>
  <p time="820200" is_ac="true">filet the desserts where it falls apart</p>
  <p time="822899" is_ac="true">it just it needs something more they</p>
  <p time="825240" is_ac="true">need to do something better and I know I</p>
  <p time="827760" is_ac="true">think I felt that way the last time I</p>
  <p time="829200" is_ac="true">was here it's fine but I just want</p>
  <p time="831480" is_ac="true">something that feels like it should live</p>
  <p time="833519" is_ac="true">up to the meal inside this atmosphere</p>
  <p time="836160" is_ac="true">because whether or not you're in the</p>
  <p time="838139" is_ac="true">main Ballroom or in this gallery or The</p>
  <p time="840839" is_ac="true">West Wing you're still in a special</p>
  <p time="842399" is_ac="true">place and I feel like this meal is just</p>
  <p time="845519" is_ac="true">close to being special but not all the</p>
  <p time="847380" is_ac="true">way there</p>
  <p time="848399" is_ac="true">so those desserts are pre-chosen for you</p>
  <p time="850980" is_ac="true">there's three of them on the plate the</p>
  <p time="853139" is_ac="true">best one by far for me was the macaron</p>
  <p time="855240" is_ac="true">it was</p>
  <p time="856920" is_ac="true">uh raspberry inside with a little bit of</p>
  <p time="859200" is_ac="true">a lemon I'm told and I did taste it it</p>
  <p time="861120" is_ac="true">was it came across I can't see the lemon</p>
  <p time="862620" is_ac="true">but it was really good uh the gray stuff</p>
  <p time="864779" is_ac="true">is like frosting it's okay all in all</p>
  <p time="868200" is_ac="true">the meal for me was actually good better</p>
  <p time="870360" is_ac="true">than I thought it would be I didn't eat</p>
  <p time="872160" is_ac="true">all of the chicken because I only want</p>
  <p time="873899" is_ac="true">the breast so for 67 it might not be</p>
  <p time="876540" is_ac="true">worth it unless what I probably would</p>
  <p time="878339" is_ac="true">ask is if I can get the pan seared</p>
  <p time="880980" is_ac="true">chicken breast off the kids menu onto</p>
  <p time="883139" is_ac="true">the dish that they gave me and I would</p>
  <p time="884820" is_ac="true">probably actually enjoy it more also I</p>
  <p time="887040" is_ac="true">did find out that the French onion soup</p>
  <p time="889740" is_ac="true">was when they first opened a vegetarian</p>
  <p time="892019" is_ac="true">broth it is now a beef broth makes sense</p>
  <p time="894240" is_ac="true">why it tastes so good now I think I kind</p>
  <p time="897540" is_ac="true">of feel the same way maybe about what</p>
  <p time="899279" is_ac="true">everybody did about dessert it felt like</p>
  <p time="900779" is_ac="true">compared to the other parts of the meal</p>
  <p time="902760" is_ac="true">it just felt a little flat like it</p>
  <p time="905279" is_ac="true">wasn't bad I liked I liked all three</p>
  <p time="907740" is_ac="true">things the macaron was definitely the</p>
  <p time="910019" is_ac="true">standout for me I love lemon and it was</p>
  <p time="911760" is_ac="true">like lemon raspberry was good but I kind</p>
  <p time="915540" is_ac="true">of feel like it maybe should have had</p>
  <p time="916980" is_ac="true">like a scoop of sorbet that came with it</p>
  <p time="918839" is_ac="true">the same way like Erica's meal had that</p>
  <p time="920459" is_ac="true">or I mean that was her only dessert</p>
  <p time="922620" is_ac="true">which I would now say that it looks like</p>
  <p time="924540" is_ac="true">Erica's meal was 100 not worth the price</p>
  <p time="927600" is_ac="true">not to say that it wasn't good it just</p>
  <p time="930000" is_ac="true">doesn't feel substantial in the way that</p>
  <p time="932519" is_ac="true">it kind of should</p>
  <p time="934320" is_ac="true">um but yeah I kind of wish maybe there</p>
  <p time="937800" is_ac="true">was an option well there was an option I</p>
  <p time="939660" is_ac="true">probably should should have asked for</p>
  <p time="940740" is_ac="true">the plant-based slice of cake because</p>
  <p time="942120" is_ac="true">there was a plant-based cake on this</p>
  <p time="944399" is_ac="true">menu</p>
  <p time="945959" is_ac="true">that I'm going to tell you about in one</p>
  <p time="948060" is_ac="true">second here and that was the vanilla</p>
  <p time="951300" is_ac="true">cake with lemon curd and I love lemon</p>
  <p time="953459" is_ac="true">curd and that came with fresh berries</p>
  <p time="955079" is_ac="true">and a strawberry meringue that sounds</p>
  <p time="957959" is_ac="true">like something where I was like I kind</p>
  <p time="959459" is_ac="true">of wish it was just like one thing like</p>
  <p time="962040" is_ac="true">one dessert and then your table got some</p>
  <p time="964500" is_ac="true">gray stuff or something like that</p>
  <p time="966420" is_ac="true">um I don't know I just feel like it</p>
  <p time="967680" is_ac="true">needs to it needs to like meet Elevate</p>
  <p time="970019" is_ac="true">and meet the rest of the meal because I</p>
  <p time="971699" is_ac="true">I liked everything I had here</p>
  <p time="974459" is_ac="true">um nothing was bad I like the Ambiance I</p>
  <p time="976500" is_ac="true">thought our server Anthony was fantastic</p>
  <p time="978440" is_ac="true">he was very very nice very friendly I</p>
  <p time="981420" is_ac="true">thought the meal was like paced very</p>
  <p time="982920" is_ac="true">well and yeah I so I mean the Beast we</p>
  <p time="987060" is_ac="true">saw the Beast come through here while</p>
  <p time="988320" is_ac="true">we've been sitting here</p>
  <p time="990180" is_ac="true">um I mean we've been here for a while I</p>
  <p time="991980" is_ac="true">feel like it's been about we've been</p>
  <p time="993899" is_ac="true">here for a while I don't even want to</p>
  <p time="995459" is_ac="true">say how much it was but how how long</p>
  <p time="997019" is_ac="true">we've been here but</p>
  <p time="998459" is_ac="true">um he came through a bunch so don't</p>
  <p time="1000019" is_ac="true">worry about not seeing the beast but I</p>
  <p time="1002480" is_ac="true">do want to say that with the um annual</p>
  <p time="1005500" is_ac="true">pass discount which was I can't tell you</p>
  <p time="1010100" is_ac="true">someone's thumb is over where it is in</p>
  <p time="1013040" is_ac="true">this picture I was sanded but</p>
  <p time="1015860" is_ac="true">um ten percent the annual pass holder</p>
  <p time="1018079" is_ac="true">there is an annual pass holder discount</p>
  <p time="1019399" is_ac="true">it is 10 and with the discount and the</p>
  <p time="1022339" is_ac="true">tip the total for the four of us came</p>
  <p time="1024079" is_ac="true">out to</p>
  <p time="1025059" is_ac="true">310 dollars just over 310 dollars which</p>
  <p time="1028819" is_ac="true">is</p>
  <p time="1029860" is_ac="true">quite a bit of money especially since</p>
  <p time="1032780" is_ac="true">there were no alcoholic beverages</p>
  <p time="1035059" is_ac="true">um consumed and yeah so it's an</p>
  <p time="1039380" is_ac="true">expensive meal</p>
  <p time="1041540" is_ac="true">um I feel like I really enjoyed my meal</p>
  <p time="1045679" is_ac="true">so like</p>
  <p time="1047660" is_ac="true">I'm a cheaper person but if I was like</p>
  <p time="1050780" is_ac="true">this was my like if I had come just like</p>
  <p time="1053120" is_ac="true">me by myself and had had the meal that I</p>
  <p time="1055820" is_ac="true">had had I think I'd be like this was</p>
  <p time="1057620" is_ac="true">pricey but it was good like I would</p>
  <p time="1059960" is_ac="true">enjoy it but as like a group I'm like ah</p>
  <p time="1061580" is_ac="true">I don't know</p>
  <p time="1062840" is_ac="true">um it's up for you to decide ultimately</p>
  <p time="1064580" is_ac="true">everyone's taste is different and if</p>
  <p time="1066140" is_ac="true">Beauty and the Beast is your favorite</p>
  <p time="1067160" is_ac="true">thing in the world I think that you'd</p>
  <p time="1068660" is_ac="true">like the experience so I think if anyone</p>
  <p time="1070280" is_ac="true">out there has eaten here before or</p>
  <p time="1072559" is_ac="true">recently I'd love to get some feedback</p>
  <p time="1074720" is_ac="true">if you're watching the video on YouTube</p>
  <p time="1076220" is_ac="true">of course you can leave comments you</p>
  <p time="1078020" is_ac="true">know thumbs up subscribe to the channel</p>
  <p time="1079400" is_ac="true">if you're listening to us on an audio</p>
  <p time="1081380" is_ac="true">feed please feel free to rate and review</p>
  <p time="1082940" is_ac="true">this podcast wherever you wherever you</p>
  <p time="1086000" is_ac="true">so choose to do that but that feedback</p>
  <p time="1087919" is_ac="true">is always welcome and appreciative and</p>
  <p time="1090140" is_ac="true">we ask that you uh not forget about</p>
  <p time="1092000" is_ac="true">dreams unlimited travel either because</p>
  <p time="1093860" is_ac="true">again they'll help you book a vacation</p>
  <p time="1095780" is_ac="true">and they can help you set up uh dining</p>
  <p time="1098179" is_ac="true">reservations and everything right</p>
  <p time="1100780" is_ac="true">I'm pretty sure they can so I'm just</p>
  <p time="1104000" is_ac="true">kidding they can but um anyway that is</p>
  <p time="1105980" is_ac="true">going to do it for this episode of the</p>
  <p time="1107120" is_ac="true">Disney dining show thank you everybody</p>
  <p time="1108260" is_ac="true">for joining us here bonjour nope wait</p>
  <p time="1111080" is_ac="true">that's not how you say goodbye in French</p>
  <p time="1112580" is_ac="true">I'm an idiot</p>
  <p time="1116020" is_ac="true">it's French for</p>
  <p time="1118100" is_ac="true">yum yum</p>
</text>
