<?xml version='1.0' encoding='UTF-8'?>
<text date_d="8" date_m="1" date_y="2022" format="srv3" age_limit="0" comment_count="8" description="If you are in Berlin and want to try some awesome vegan food, this video is for you.&#10;I was living in Berlin for 4 years and these are my favorite places to eat.&#10;I share my favorite Cafés and Restaurants, some of them are completely vegan, some have vegan options. But all of them are great :)" fulltitle="BERLIN VEGAN FOOD GUIDE | the best places to get vegan food in Berlin" like_count="190" location="na" playlist_title="na" release_date="na" upload_date="20220108" repost_count="na" tags="vegan Berlin; vegan in Berlin; vegan food guide; Berlin; berlin vegan; vegan Vietnamese; brammibals donuts; best vegan food; vegan; vegan restaurants; vegan tour Berlin; Berlin vegan tour; vegan places; vegan places Berlin; vegan donuts; 1990 vegan living; good morning Vietnam; yoyo food world; no milk today; vegan cafes Berlin; vegan restaurant Berlin; mana food; vegan pizza; la stella nera; la stella nera vegan; vegan vegan; vegan germany; vegan Deutschland; " title="BERLIN VEGAN FOOD GUIDE | the best places to get vegan food in Berlin" uploader="Desire Luna" view_count="5472" webpage_url="https://www.youtube.com/watch?v=XMafUmR6HSw" autocaption="true">
  <p time="0" is_ac="true">[Music]</p>
  <p time="9200" is_ac="true">you're gonna tell me</p>
  <p time="12880" is_ac="true">it's over</p>
  <p time="19880" is_ac="true">[Music]</p>
  <p time="25439" is_ac="true">i can't see your face</p>
  <p time="29940" is_ac="true">[Music]</p>
  <p time="36160" is_ac="true">hello everyone and welcome back</p>
  <p time="39360" is_ac="true">after our seven hour train rides we have</p>
  <p time="42559" is_ac="true">finally arrived in vegan food heaven</p>
  <p time="45840" is_ac="true">berlin</p>
  <p time="47160" is_ac="true">[Music]</p>
  <p time="52559" is_ac="true">let's just start the video with my</p>
  <p time="54800" is_ac="true">absolute favorite restaurant in berlin</p>
  <p time="58239" is_ac="true">which is 1990 vegan living</p>
  <p time="61440" is_ac="true">i have been to this restaurant at least</p>
  <p time="64000" is_ac="true">50 times if not more they serve amazing</p>
  <p time="67680" is_ac="true">vietnamese food and they have bigger</p>
  <p time="70080" is_ac="true">bowls and small bowls and mostly when we</p>
  <p time="72799" is_ac="true">are there we just order lots of small</p>
  <p time="75280" is_ac="true">bowls and then share everything</p>
  <p time="78560" is_ac="true">next up is la stella nera it's an</p>
  <p time="81520" is_ac="true">awesome pizza place in noi collin</p>
  <p time="84640" is_ac="true">and they make their own vegan cheese and</p>
  <p time="87360" is_ac="true">if you are there in summer definitely</p>
  <p time="89280" is_ac="true">take the pizza to go and eat it on</p>
  <p time="91680" is_ac="true">temple fa field</p>
  <p time="95439" is_ac="true">plus 84 is also one of my favorite</p>
  <p time="98560" is_ac="true">vietnamese restaurants in berlin</p>
  <p time="101200" is_ac="true">it is located in mita</p>
  <p time="103520" is_ac="true">it has great drinks great starters</p>
  <p time="106880" is_ac="true">and mostly i get the far which is one of</p>
  <p time="110479" is_ac="true">the best soups i've ever had</p>
  <p time="115759" is_ac="true">and the whole restaurant is completely</p>
  <p time="126840" is_ac="true">vegan good morning vietnam is another</p>
  <p time="130319" is_ac="true">completely vegan restaurant they serve</p>
  <p time="133200" is_ac="true">amazing far and they also have a dish</p>
  <p time="135440" is_ac="true">with vegan duck</p>
  <p time="137280" is_ac="true">and you definitely have to try this</p>
  <p time="138959" is_ac="true">drink taipis motto</p>
  <p time="141840" is_ac="true">kind of like a lemonade but with soy</p>
  <p time="143599" is_ac="true">milk and it's super tasty</p>
  <p time="146879" is_ac="true">mom's creation is surprise another</p>
  <p time="150239" is_ac="true">completely vegan vietnamese restaurant</p>
  <p time="153200" is_ac="true">but i love berlin for that and it</p>
  <p time="155440" is_ac="true">doesn't get boring</p>
  <p time="158160" is_ac="true">every restaurant is definitely totally</p>
  <p time="160560" is_ac="true">different than the other</p>
  <p time="164959" is_ac="true">to get to our next place to eat we</p>
  <p time="168319" is_ac="true">rented one of those red scooters the</p>
  <p time="170879" is_ac="true">ride was pretty freezing because it was</p>
  <p time="172959" is_ac="true">the end of november but eventually we</p>
  <p time="175920" is_ac="true">arrived at mana</p>
  <p time="179599" is_ac="true">if you want to eat something healthy</p>
  <p time="181680" is_ac="true">this is definitely the right place for</p>
  <p time="183599" is_ac="true">you</p>
  <p time="185920" is_ac="true">green gourd is a bistro slash takeaway</p>
  <p time="189599" is_ac="true">place i would say</p>
  <p time="191280" is_ac="true">and i was so surprised they offer so</p>
  <p time="194319" is_ac="true">many delicious sandwiches bagels and</p>
  <p time="197920" is_ac="true">wraps</p>
  <p time="198959" is_ac="true">we tried two of them and they were</p>
  <p time="200720" is_ac="true">absolutely amazing</p>
  <p time="202800" is_ac="true">if this wasn't our last day we would</p>
  <p time="205280" is_ac="true">have definitely gone there again</p>
  <p time="207280" is_ac="true">marafina is my favorite place to get</p>
  <p time="210720" is_ac="true">falafels this place isn't all vegan</p>
  <p time="213360" is_ac="true">though and also with the falafel you</p>
  <p time="215280" is_ac="true">have to say that you want it vegan back</p>
  <p time="217680" is_ac="true">when i was living in berlin i went there</p>
  <p time="220080" is_ac="true">at least once a week even though it was</p>
  <p time="222239" is_ac="true">like 45 minutes away from my home</p>
  <p time="226879" is_ac="true">definitely check out this place they</p>
  <p time="229040" is_ac="true">offer nepalese and indian cuisine they</p>
  <p time="232560" is_ac="true">have a great variety for vegans</p>
  <p time="235599" is_ac="true">and the waiter there was so nice</p>
  <p time="242000" is_ac="true">the zen house is a big restaurant it was</p>
  <p time="245599" is_ac="true">decorated very nicely</p>
  <p time="248000" is_ac="true">they don't have as many vegan options</p>
  <p time="250560" is_ac="true">they have only this one here</p>
  <p time="253519" is_ac="true">i think this place is great if you go</p>
  <p time="256000" is_ac="true">there with like or colleagues or friends</p>
  <p time="258639" is_ac="true">that aren't vegan because everyone can</p>
  <p time="260959" is_ac="true">find something and i think this vegan</p>
  <p time="263919" is_ac="true">sushi platter is really really delicious</p>
  <p time="270320" is_ac="true">it is definitely my favorite place to</p>
  <p time="272560" is_ac="true">eat sushi in berlin</p>
  <p time="287840" is_ac="true">our next food place was only 30 minutes</p>
  <p time="291040" is_ac="true">away from where we were staying</p>
  <p time="294080" is_ac="true">so we went through this nice park</p>
  <p time="296960" is_ac="true">glitched by egg park</p>
  <p time="299040" is_ac="true">and we went to our all-time favorite</p>
  <p time="302639" is_ac="true">donut shop which is pranipals donuts</p>
  <p time="306800" is_ac="true">probably you've heard of it i think</p>
  <p time="308560" is_ac="true">everyone did</p>
  <p time="310880" is_ac="true">this place sells the most delicious</p>
  <p time="313440" is_ac="true">donuts in town</p>
  <p time="315600" is_ac="true">or on the planet i don't know</p>
  <p time="318400" is_ac="true">and they have awesome coffee</p>
  <p time="321520" is_ac="true">it's a nice place to watch people</p>
  <p time="323520" is_ac="true">because they have those big windows they</p>
  <p time="326160" is_ac="true">have great music too</p>
  <p time="327919" is_ac="true">and the great thing is that they have</p>
  <p time="329919" is_ac="true">like five or six different stores in</p>
  <p time="333199" is_ac="true">berlin</p>
  <p time="334240" is_ac="true">so</p>
  <p time="335600" is_ac="true">doesn't matter where we are there is</p>
  <p time="337360" is_ac="true">going to be brownie balls donuts each</p>
  <p time="339600" is_ac="true">month they have new flavors and they're</p>
  <p time="342560" is_ac="true">always super creative with new flavor</p>
  <p time="345120" is_ac="true">ideas</p>
  <p time="346639" is_ac="true">i think nomad today is one of the cutest</p>
  <p time="349919" is_ac="true">cafes in town and they have delicious</p>
  <p time="352720" is_ac="true">things like this carrot cake here</p>
  <p time="356400" is_ac="true">goodies another one of my favorites</p>
  <p time="359360" is_ac="true">but sadly not completely vegan but still</p>
  <p time="362319" is_ac="true">they have amazing options</p>
  <p time="369360" is_ac="true">this bakery full contact by half fish</p>
  <p time="372880" is_ac="true">is so amazing it is such a cute little</p>
  <p time="376160" is_ac="true">bakery they sell so many delicious</p>
  <p time="379120" is_ac="true">things like from crew sauce to</p>
  <p time="382960" is_ac="true">cinnamon rolls through those amazing nut</p>
  <p time="386240" is_ac="true">corners i don't know how to say that in</p>
  <p time="388240" is_ac="true">english they also sell sandwiches and</p>
  <p time="391120" is_ac="true">bagels and their bread is so amazing</p>
  <p time="395440" is_ac="true">it is not completely vegan but you will</p>
  <p time="397759" is_ac="true">definitely find a lot of vegan goodies</p>
  <p time="399919" is_ac="true">there</p>
  <p time="402720" is_ac="true">definitely worth a visit is cafe cansla</p>
  <p time="406160" is_ac="true">it is located in the middle of kudan</p>
  <p time="409680" is_ac="true">which is like a very busy area a lot of</p>
  <p time="411919" is_ac="true">people are there a lot of cars there's</p>
  <p time="414080" is_ac="true">just a lot going on and it is perfect to</p>
  <p time="417520" is_ac="true">watch the city</p>
  <p time="419280" is_ac="true">at their beautiful terrace</p>
  <p time="421360" is_ac="true">and they sell amazing coffee</p>
  <p time="426960" is_ac="true">i definitely wanted to include like and</p>
  <p time="429520" is_ac="true">yo-yo's food world in this video as well</p>
  <p time="431919" is_ac="true">but sadly this time we didn't have</p>
  <p time="434160" is_ac="true">enough time to go there but i used to be</p>
  <p time="436319" is_ac="true">there all the time back when i was</p>
  <p time="437919" is_ac="true">living in berlin our time in berlin has</p>
  <p time="440880" is_ac="true">come to an end and i thought i would</p>
  <p time="443360" is_ac="true">also share all the snacks that we took</p>
  <p time="445919" is_ac="true">with us for the train ride we found</p>
  <p time="448800" is_ac="true">those awesome sandwiches at the train</p>
  <p time="451440" is_ac="true">station from</p>
  <p time="452960" is_ac="true">pratt</p>
  <p time="453919" is_ac="true">then i got some vegan croissants and</p>
  <p time="456080" is_ac="true">transportion from beeo company</p>
  <p time="459360" is_ac="true">and this amazing avocado dried tomato</p>
  <p time="463120" is_ac="true">sandwich from</p>
  <p time="464639" is_ac="true">back there</p>
  <p time="468450" is_ac="true">[Music]</p>
  <p time="473599" is_ac="true">we also ate some bulgogi salad</p>
  <p time="476639" is_ac="true">and then a friend of mine made us this</p>
  <p time="479120" is_ac="true">amazing cake</p>
  <p time="480479" is_ac="true">snack wise we ate some things from</p>
  <p time="483120" is_ac="true">vegans the vegan supermarket in berlin</p>
  <p time="485840" is_ac="true">and we had their seaweed straps</p>
  <p time="488639" is_ac="true">vegan speculations and this chocolate</p>
  <p time="491680" is_ac="true">thing</p>
  <p time="493840" is_ac="true">i hope this video was helpful for you</p>
  <p time="496400" is_ac="true">bye bye</p>
  <p time="497840" is_ac="true">[Music]</p>
</text>
