<?xml version='1.0' encoding='UTF-8'?>
<text date_d="12" date_m="2" date_y="2023" format="srv3" age_limit="0" comment_count="163" description="Today Parisian Vibe and Lea are strolling the streets of Paris to show you our 5 best coffee shops in Paris. These authentic cafes were handpicked by the team and Lea for you to discover whether you are visiting or living in Paris. Our main criteria was (of course) good coffee and cool company. It is not just another “cup of coffee”, each place has something special about it. Go get your cup of coffee and let us know what you think.&#10;*NOTE: FRENCH SUBTITLES AVAILABLE*&#10;___________&#10;*ADDRESSES OF THE COFFEE SHOPS:*&#10;&#10;• Coffee Place No 1 - KB Coffee Roasters:&#10;   53 Av. Trudaine, 75009 Paris&#10;   Follow  on instagram ►► https://instagram.com/kbcoffeeroastersparis&#10;&#10;• Coffee Place No 2 - Blackbird Coffee:&#10;   54 Rue des Trois Frères, 75018 Paris&#10;   Follow  on instagram ►► https://instagram.com/blackbirdcoffee.official&#10;&#10;• Coffee Place No 3 - The Beans on Fire:&#10;   61 Rue des Trois Frères, 75018 Paris&#10;   Follow  on instagram ►► https://instagram.com/thebeansonfire&#10;&#10;• Coffee Place No 4 - Noir Coffee Shop:&#10;   120 Bd Haussmann, 75008 Paris&#10;    Follow  on instagram ►► https://instagram.com/noir_coffeeshop&#10;&#10;• Coffee Place No 5 - Café Kitsuné:&#10;   208 Rue de Rivoli, 75001 Paris&#10;   Follow  on instagram ►► https://instagram.com/cafekitsune&#10;___________&#10;Production ►► ParisianVibe&#10;Art Direction ►► ParisianVibe &#10;Sound ►►ParisianVibe&#10;Editing ►► ParisianVibe&#10;Follow  Léa on instagram ►► https://instagram.com/leajplf&#10;Follow  Léa on youtube ►► @LeaJplf &#10;Listen Léa's Simple Cafeine Podcast ►► http://bit.ly/3jPL6iO&#10;Follow Parisianvibe on instagram ►► https://instagram.com/parisianvibe&#10;___________&#10;*DISCOVER MORE:*&#10;• Best Rooftop Bars in Paris:&#10;   https://youtu.be/FqNdT9IuZto&#10;• Best Croissants in Paris:&#10;   https://youtu.be/JG1zkvwrn3E&#10;• At Home in Paris with a Journalist:&#10;   https://youtu.be/gfl8Zso95mY&#10;• Paris Tour with a New Yorker:&#10;   https://youtu.be/QpkaJ5YuxaM&#10;___________&#10;00:00 Intro&#10;00:16 Coffee Shop 1: KB Coffee Roasters&#10;02:19 Coffee Shop 2: Blackbird Coffee&#10;03:26 Coffee Shop 3: The Beans on Fire&#10;03:57 Chat with the Colombian founder of &quot;The Beans on Fire&quot;&#10;07:03 Coffee Shop 4: Noir Coffee Shop&#10;08:17 Coffee Shop 5: Café Kitsuné&#10;&#10;Note: If you love the video, please leave a like to support us👍🏻and leave a comment to inspire us✍&#10;Disclaimer: This is not a sponsored video and we all always mention sponsored videos.&#10;#coffee #paris #parisianvibe" fulltitle="Best Coffee Shops in Paris to Visit in 2023 | Parisian Vibe" like_count="3211" location="PARIS" playlist_title="na" release_date="na" upload_date="20230212" repost_count="na" tags="best coffee shops in paris; coffee in paris; paris cafe; paris coffee shop; paris coffee; Lea Jplf; vlog paris; paris france; best cafe in paris; paris cafe tour; french coffee shop; coffee in france; france coffee; cafe in paris; paris france tour; paris vlog; cafe kitsune; parisian life; parisian cafe; parisian vibe; " title="Best Coffee Shops in Paris to Visit in 2023 | Parisian Vibe" uploader="ParisianVibe" view_count="121187" webpage_url="https://www.youtube.com/watch?v=wa9pkt-HtQo" autocaption="true">
  <p time="1260" is_ac="true">all of the coffee lovers out there</p>
  <p time="3780" is_ac="true">Parisian Vibe and Leia have put together</p>
  <p time="6720" is_ac="true">five of our current favorite authentic</p>
  <p time="9900" is_ac="true">Parisian coffee places enjoy</p>
  <p time="15800" is_ac="true">here's my first coffee place it's KB</p>
  <p time="19080" is_ac="true">roaster we're in the nine aroundismo</p>
  <p time="22380" is_ac="true">medium</p>
  <p time="23779" is_ac="true">please be kind with my accent as English</p>
  <p time="26760" is_ac="true">is not my first language thank you I</p>
  <p time="30359" is_ac="true">discovered this oh by the way this is my</p>
  <p time="32940" is_ac="true">first coffee of the morning and this is</p>
  <p time="36000" is_ac="true">one of the most important it has to be</p>
  <p time="37980" is_ac="true">very good for me I discovered this</p>
  <p time="40500" is_ac="true">coffee once when I was doing a small</p>
  <p time="42780" is_ac="true">walk with a friend in Paris and I just</p>
  <p time="44879" is_ac="true">stopped because I'm used to stop in few</p>
  <p time="47399" is_ac="true">different coffee when I find a coffee in</p>
  <p time="49680" is_ac="true">Paris I just need to stop at this place</p>
  <p time="52079" is_ac="true">I love the cute place in Paris and this</p>
  <p time="56940" is_ac="true">is a cute coffee it was it was during</p>
  <p time="59340" is_ac="true">the summer so I was working with a</p>
  <p time="62100" is_ac="true">friend outside it was sunny outside how</p>
  <p time="65339" is_ac="true">do you call that atihas we say that in</p>
  <p time="68040" is_ac="true">French everybody was outside drinking a</p>
  <p time="70619" is_ac="true">coffee with a friend working reading a</p>
  <p time="73080" is_ac="true">book and it attract me a lot just seeing</p>
  <p time="76200" is_ac="true">happy people in a happy place make me</p>
  <p time="78840" is_ac="true">want to try this coffee I love this</p>
  <p time="81240" is_ac="true">place and I love coming here because I</p>
  <p time="83759" is_ac="true">know they know what they do with the</p>
  <p time="85920" is_ac="true">coffee remember for me the coffee is not</p>
  <p time="89159" is_ac="true">just coffee it's like a whole new world</p>
  <p time="92040" is_ac="true">and it's about different things like the</p>
  <p time="95820" is_ac="true">the flavor of the coffee the origins the</p>
  <p time="99479" is_ac="true">everything everything of the process</p>
  <p time="101939" is_ac="true">interests me a lot and I became that</p>
  <p time="104640" is_ac="true">obsessed that I I decided to launch my</p>
  <p time="107400" is_ac="true">own coffee brand too when you come here</p>
  <p time="110100" is_ac="true">you can see the beautiful teras that's</p>
  <p time="112500" is_ac="true">something I love and a cool cafe with</p>
  <p time="114479" is_ac="true">cool people but something I really love</p>
  <p time="116939" is_ac="true">about this place is that they are expert</p>
  <p time="119880" is_ac="true">in roasting coffee they're rolls their</p>
  <p time="122280" is_ac="true">own coffee from different parts of the</p>
  <p time="124500" is_ac="true">world so it allows the coffee to have</p>
  <p time="127020" is_ac="true">different tastes different flavor and</p>
  <p time="129840" is_ac="true">that's something I really love about</p>
  <p time="131400" is_ac="true">this place I'm really obsessed about the</p>
  <p time="133920" is_ac="true">amazing coffee and that's what I got</p>
  <p time="135720" is_ac="true">every time I come</p>
  <p time="139040" is_ac="true">we're now at the second coffee I wanted</p>
  <p time="142379" is_ac="true">to share with you we're in the 18 around</p>
  <p time="146040" is_ac="true">this month this weekend on this model</p>
  <p time="147599" is_ac="true">party near Mama a neighborhood I love</p>
  <p time="150840" is_ac="true">and I particularly love this coffee</p>
  <p time="153660" is_ac="true">because Steve the owner want to</p>
  <p time="156300" is_ac="true">democratize plant-based milk it's very</p>
  <p time="159599" is_ac="true">important for me because I usually often</p>
  <p time="162599" is_ac="true">take my flat whites with oat milk and</p>
  <p time="166739" is_ac="true">here he offered the plant-based milk for</p>
  <p time="169680" is_ac="true">free which is very special because</p>
  <p time="171120" is_ac="true">normally you just pay for it and that's</p>
  <p time="174120" is_ac="true">cool it's a cool initiative so come</p>
  <p time="177120" is_ac="true">inside meet Steve and let's try this new</p>
  <p time="179879" is_ac="true">coffee together</p>
  <p time="190500" is_ac="true">hello</p>
  <p time="195740" is_ac="true">[Laughter]</p>
  <p time="202739" is_ac="true">okay so we're here at the third place</p>
  <p time="206099" is_ac="true">the beans on fire hello hello the</p>
  <p time="210420" is_ac="true">founder of the beans on fire I</p>
  <p time="212519" is_ac="true">discovered this place this summer when I</p>
  <p time="214980" is_ac="true">was staying at a friend's place in Moma</p>
  <p time="217260" is_ac="true">and I fell in love I I was used to come</p>
  <p time="219900" is_ac="true">here every day uh taking my ice</p>
  <p time="222540" is_ac="true">cappuccino with oatmeal and I'm glad</p>
  <p time="224760" is_ac="true">you're here because thank you I'm gonna</p>
  <p time="226379" is_ac="true">explain you can explain what the your</p>
  <p time="229379" is_ac="true">coffee about and what you do because you</p>
  <p time="231599" is_ac="true">you roast your coffee absolutely</p>
  <p time="233280" is_ac="true">absolutely just a couple of minutes more</p>
  <p time="235920" is_ac="true">product passing by so thank you already</p>
  <p time="237480" is_ac="true">for for coming for being with us and for</p>
  <p time="239519" is_ac="true">inviting us for this for this</p>
  <p time="242159" is_ac="true">opportunity so absolutely I'm glad</p>
  <p time="244500" is_ac="true">because the first thing is that you had</p>
  <p time="246720" is_ac="true">a good time right so you felt a bit of</p>
  <p time="249360" is_ac="true">proximity a bit of friendship right yeah</p>
  <p time="251700" is_ac="true">and for us this is the starting point or</p>
  <p time="254640" is_ac="true">the final point</p>
  <p time="255900" is_ac="true">because what we want to be at the</p>
  <p time="257340" is_ac="true">business fire is a Humane sustainable</p>
  <p time="260760" is_ac="true">craft experience right and Humane is the</p>
  <p time="264180" is_ac="true">more important part the human element is</p>
  <p time="265979" is_ac="true">the more important absolutely so here</p>
  <p time="267600" is_ac="true">because we want this to be proximity not</p>
  <p time="270780" is_ac="true">arrogant Baristas like oh my God this is</p>
  <p time="273300" is_ac="true">like very special it's really kind here</p>
  <p time="275220" is_ac="true">nice thank you thank you thank you for</p>
  <p time="276660" is_ac="true">saying that because this is is actually</p>
  <p time="278280" is_ac="true">not so easy</p>
  <p time="279840" is_ac="true">to keep this Vibe it's better call me</p>
  <p time="282840" is_ac="true">Vibe a very simple Vibe and zone so what</p>
  <p time="285240" is_ac="true">we want is No Frills good coffee cakes</p>
  <p time="287880" is_ac="true">good time that's the more important</p>
  <p time="289320" is_ac="true">thing here and you can learn a</p>
  <p time="291840" is_ac="true">here like I talk a lot with your Barista</p>
  <p time="294720" is_ac="true">this summer maybe he he doesn't remember</p>
  <p time="296940" is_ac="true">me but I remember him he was really kind</p>
  <p time="299400" is_ac="true">and explained me everything about coffee</p>
  <p time="301259" is_ac="true">I had a good time so that's that's nice</p>
  <p time="303720" is_ac="true">so you can learn but we don't force you</p>
  <p time="306240" is_ac="true">to learn so the human element in the</p>
  <p time="308100" is_ac="true">coffee shop is about you having a good</p>
  <p time="309900" is_ac="true">experience and people having a good time</p>
  <p time="311580" is_ac="true">without needing to be you know an expert</p>
  <p time="313740" is_ac="true">the human element in The Roastery is to</p>
  <p time="316560" is_ac="true">help people learn to learn to launch a</p>
  <p time="319320" is_ac="true">rosary or a coffee business and be able</p>
  <p time="321660" is_ac="true">to go to go with uh with that and then</p>
  <p time="324360" is_ac="true">the roasting the human element when it</p>
  <p time="326820" is_ac="true">comes to the Farms yeah is to be as</p>
  <p time="329820" is_ac="true">close as possible we can to the Farms</p>
  <p time="331500" is_ac="true">yeah so I am from Colombia Maria my my</p>
  <p time="334139" is_ac="true">business partner is from Colombia as</p>
  <p time="335460" is_ac="true">well so that's an origin that we are</p>
  <p time="337320" is_ac="true">super close I'm glad you're talking</p>
  <p time="339180" is_ac="true">about the farm and the whole process</p>
  <p time="340919" is_ac="true">because yeah for me coffee is not just</p>
  <p time="343800" is_ac="true">having a cup of coffee in your favorite</p>
  <p time="346080" is_ac="true">coffee it's like about the whole process</p>
  <p time="348300" is_ac="true">and it's a collaboration between the</p>
  <p time="350400" is_ac="true">farmer The Roaster and also the Barista</p>
  <p time="353520" is_ac="true">and the place it's not just the beans</p>
  <p time="355979" is_ac="true">it's like for example how The Roaster</p>
  <p time="358560" is_ac="true">can express all the natural flavor of</p>
  <p time="361199" is_ac="true">the coffee so I'm glad you you talk</p>
  <p time="363360" is_ac="true">about your country thank you yeah so</p>
  <p time="365699" is_ac="true">you're saying absolutely it's beautiful</p>
  <p time="368580" is_ac="true">to talk about the farms and to have the</p>
  <p time="370440" is_ac="true">opportunity to talk about the Farms</p>
  <p time="371940" is_ac="true">something we discovered along the way</p>
  <p time="374100" is_ac="true">along these years is that um</p>
  <p time="376560" is_ac="true">we we need to earn the right to talk</p>
  <p time="379020" is_ac="true">about that or Inspire the Curiosity that</p>
  <p time="381900" is_ac="true">people get interested about that and the</p>
  <p time="384000" is_ac="true">way to do that is to propose something</p>
  <p time="385500" is_ac="true">that is nice here for you and for the</p>
  <p time="387539" is_ac="true">people who come and you know and that's</p>
  <p time="389460" is_ac="true">how we kind of connect that's how we</p>
  <p time="390960" is_ac="true">close the room and</p>
  <p time="399900" is_ac="true">a bit more like if you want to learn and</p>
  <p time="402000" is_ac="true">if you want to try good coffee like just</p>
  <p time="405180" is_ac="true">I don't know you can just come ask me</p>
  <p time="407580" is_ac="true">questions I'm not an expert but I would</p>
  <p time="409680" is_ac="true">love to share learn more and come to</p>
  <p time="412460" is_ac="true">cute little place to learn that's super</p>
  <p time="415259" is_ac="true">nice thank you for having us and talk</p>
  <p time="417720" is_ac="true">with us fantastic thank you</p>
  <p time="422940" is_ac="true">I have two more place left that I really</p>
  <p time="426900" is_ac="true">love and I think those are trendy place</p>
  <p time="429360" is_ac="true">because it's amazing coffee in the cup</p>
  <p time="432900" is_ac="true">but also the place is really important</p>
  <p time="435840" is_ac="true">for me for Blue Cafe Noir I think they</p>
  <p time="438720" is_ac="true">began the project in 2021 and they have</p>
  <p time="441960" is_ac="true">already more than six small coffee place</p>
  <p time="444060" is_ac="true">in Paris each of them are different that</p>
  <p time="446759" is_ac="true">is a crazy project and they roast</p>
  <p time="449400" is_ac="true">themselves every bag of coffee it's very</p>
  <p time="452280" is_ac="true">inspiring for me who wants to launch my</p>
  <p time="454860" is_ac="true">own coffee brand I really often go to</p>
  <p time="458400" is_ac="true">Noir Cafe it's one of my favorite place</p>
  <p time="460919" is_ac="true">trendy place I think I usually go there</p>
  <p time="463680" is_ac="true">every morning to have my coffee take an</p>
  <p time="466259" is_ac="true">inspiration like the the decoration the</p>
  <p time="468960" is_ac="true">color the vibe the people there and the</p>
  <p time="472380" is_ac="true">good quality of the coffee like you can</p>
  <p time="474660" is_ac="true">kind of choose which coffee you want in</p>
  <p time="476819" is_ac="true">your cup if you prefer something like</p>
  <p time="478680" is_ac="true">more nuts chocolate or more fruity you</p>
  <p time="481740" is_ac="true">can talk learn again and again and they</p>
  <p time="484860" is_ac="true">are very transparent about their coffee</p>
  <p time="487500" is_ac="true">the process Who Rose it when it Rose</p>
  <p time="491759" is_ac="true">because it's like a big deal the the day</p>
  <p time="494340" is_ac="true">of the The Roasting process is really</p>
  <p time="496620" is_ac="true">important my last favorite one at the</p>
  <p time="499620" is_ac="true">moment is Cafe Kitsune we can all agree</p>
  <p time="502379" is_ac="true">we love the identity the the brand it's</p>
  <p time="506460" is_ac="true">very atmosphere is with a lot of light</p>
  <p time="508919" is_ac="true">even the food is amazing there like they</p>
  <p time="511680" is_ac="true">have a whole world around the cafe yes</p>
  <p time="515039" is_ac="true">obviously the coffee is perfect the</p>
  <p time="516839" is_ac="true">latte art it's perfect</p>
  <p time="520800" is_ac="true">thank you Persian Vibe for having me</p>
  <p time="523020" is_ac="true">today it was my five address of coffee</p>
  <p time="526680" is_ac="true">for today I wish you an amazing day and</p>
  <p time="529740" is_ac="true">an amazing Promenade in Paris</p>
  <p time="535440" is_ac="true">foreign</p>
</text>
