<?xml version='1.0' encoding='UTF-8'?>
<text date_d="14" date_m="10" date_y="2022" format="srv3" age_limit="0" comment_count="1300" description="Go to https://gyg.me/eYZDLgUs to unlock your next adventure with GetYourGuide, and support our channel. Get your JOLLY merch at http://getjolly.store &#10;&#10;Today it's another JOLLY learning journey, as we discover the best cure for a ham-gover, the best pairing for 100-year old vinegar, and how NOT to summon an Italian waiter...&#10;Andiamo molto bene! #italianfoodtour #jollyinitaly&#10;&#10;Huge thanks to the following places and people for letting us film with them!&#10;Acetaia San Giacomo&#10;IG: @acetaiasangiacomo&#10;@andreabez - Andrea Bezzecchi (founder)&#10;Roncolo1888&#10;IG: @roncolo1888&#10;Ristorante la Limonaia&#10;IG: @limonaia.tagliere&#10;@mario.comitale&#10;&#10;Click here to buy Josh's bestselling autobiography! https://amzn.eu/d/73xtwcy&#10;&#10;Hit join and become a Jollybean member to join us in our members-only livestreams:&#10;https://www.youtube.com/jolly/join&#10;&#10;Special thanks to our Jollybean VIPs for supporting us in making this video!&#10;&#10;Nora yousef&#10;Bettie Meier&#10;AJ Villanueva&#10;Sweetzerlandia&#10;Noob_cabbageleaf&#10;Julian Leung&#10;G. J Chua&#10;Reilly Willoughby&#10;Li Winslow&#10;Yun Lim&#10;유경Ella&#10;Victor koh&#10;Anthony Jefferson&#10;Alex Kunis&#10;Koral JollyBean&#10;Uyen Ngo&#10;Diana Woon&#10;Patricia Veronica&#10;63angel&#10;Bada Choi&#10;Nurse Laykan&#10;heather owen&#10;CitrusQuill&#10;Clare&#10;Gloria Kwon&#10;lira12tan&#10;Andi526" fulltitle="Brits try the best risotto in Italy!" like_count="43380" location="na" playlist_title="na" release_date="na" upload_date="20221014" repost_count="na" tags="JOLLY; josh; ollie; British; UK; English; englishman; comedy; duo; food; react; try; tries; best; weirdest; craziest; series; online; guest; memes; Gentleman; Brits; international; spicy; spiciest; hottest; fire; noodles; snacks; fast food; best friends; infinite possibilities; gabie; kook; carrott; kendal; review; taste; test; steven lim; watcher; travel; sorted food; highschoolers; meme; tiktok; weird; rappers; actually good; paris; london; L.A.; mcdonalds; michelin; crazy; " title="Brits try the best risotto in Italy!" uploader="JOLLY" view_count="1364094" webpage_url="https://www.youtube.com/watch?v=LFVLuFWOkgw" autocaption="false">
  <p time="99" is_ac="false">On the second day of our road trip we awoke
in a medieval castle surrounded by beautiful</p>
  <p time="5459" is_ac="false">pastures, formal gardens,</p>
  <p time="7717" is_ac="false">and the faint whiff...of ham…</p>
  <p time="9720" is_ac="false">Morning, Mr Z.</p>
  <p time="11120" is_ac="false">How did you sleep?</p>
  <p time="12990" is_ac="false">Incredible.</p>
  <p time="13990" is_ac="false">This?</p>
  <p time="14756" is_ac="false">It's amazing.</p>
  <p time="15756" is_ac="false">It's my second plate.</p>
  <p time="18560" is_ac="false">So this is their famous culatello.</p>
  <p time="20830" is_ac="false">And it's a sign of how good it is that after
a day of eating only ham we're still going</p>
  <p time="27250" is_ac="false">back for more ham.</p>
  <p time="29556" is_ac="false">How did you sleep?</p>
  <p time="30499" is_ac="false">Quite well.</p>
  <p time="31819" is_ac="false">Good.</p>
  <p time="32415" is_ac="false">Did you not?</p>
  <p time="33280" is_ac="false">I dreamt of ham.</p>
  <p time="37725" is_ac="false">We're late already because we need to go and
try the oldest balsamic vinegar in the world.</p>
  <p time="44600" is_ac="false">So we're leaving the town of Zibello now.</p>
  <p time="46469" is_ac="false">And now we go straight to our next destination.</p>
  <p time="49739" is_ac="false">As you guys can follow the map.</p>
  <p time="54646" is_ac="false">Take that, graphics team!</p>
  <p time="56129" is_ac="false">Yeah, we can cancel our subscription to the
sound effects library…</p>
  <p time="61353" is_ac="false">Is that car in the middle of the road?</p>
  <p time="63030" is_ac="false">Yes.</p>
  <p time="64030" is_ac="false">Okay don't speed up!</p>
  <p time="65030" is_ac="false">Hey!</p>
  <p time="66030" is_ac="false">Can't handle the anxiety of you driving…oh
my gosh.</p>
  <p time="72671" is_ac="false">He waved!</p>
  <p time="74513" is_ac="false">*Rapping* …in they mind just to defeat you.
Ice Cube is a saga, y'all spit saliva...</p>
  <p time="80307" is_ac="false">and I spit lava...</p>
  <p time="82890" is_ac="false">I got the fearless flow</p>
  <p time="84305" is_ac="false">Don't get near this, ***, if you sacred go</p>
  <p time="87640" is_ac="false">This is where they make it, by the way.</p>
  <p time="88878" is_ac="false">These are the grapes to make wine to make
balsamic vinegar.</p>
  <p time="93012" is_ac="false">Balsamic vinegar is made from grapes?</p>
  <p time="95178" is_ac="false">Of course!</p>
  <p time="96155" is_ac="false">I genuinely did not know that.</p>
  <p time="98994" is_ac="false">Here we are.</p>
  <p time="100046" is_ac="false">Onwards and upwards to balsamic vinegar.</p>
  <p time="101844" is_ac="false">Everywhere we're driving to
just feels like it's straight out of like</p>
  <p time="105899" is_ac="false">a fairy tale.</p>
  <p time="106899" is_ac="false">I mean look at this building.</p>
  <p time="108360" is_ac="false">It's stunning.</p>
  <p time="109360" is_ac="false">At some point in that drive Mr Z realized
Ollie was wearing Vivaldi on his t-shirt,</p>
  <p time="115114" is_ac="false">and absolutely lost it.</p>
  <p time="117278" is_ac="false">I got it when I saw him live.</p>
  <p time="118630" is_ac="false">I'm just gonna say it Josh.</p>
  <p time="119883" is_ac="false">Yeah?</p>
  <p time="120883" is_ac="false">Not sure what balsamic vinegar is.</p>
  <p time="123703" is_ac="false">I know it's vinegar.</p>
  <p time="124794" is_ac="false">I don't know where it comes from.</p>
  <p time="127969" is_ac="false">This whole episode idea is based on a date
that you went on with Mr Z which you didn't</p>
  <p time="131780" is_ac="false">invite me to.</p>
  <p time="132800" is_ac="false">I mean Vicky and Gabie were there too.</p>
  <p time="135106" is_ac="false">You know?</p>
  <p time="136106" is_ac="false">You were invited too.</p>
  <p time="137106" is_ac="false">It only makes me feel worse…</p>
  <p time="138106" is_ac="false">You refused the invitation.</p>
  <p time="139106" is_ac="false">…if Gabie was there and I wasn't there.</p>
  <p time="142960" is_ac="false">It turned out us balsamico noobs had come
to the right place.</p>
  <p time="146980" is_ac="false">Mr Z introduced us to Andrea Bezzecchi, whose
handmade balsamic is used in Michelin star</p>
  <p time="152580" is_ac="false">restaurants around the world.</p>
  <p time="154910" is_ac="false">The process involves delicately fermenting
grape juice for up to a hundred years, which</p>
  <p time="159801" is_ac="false">seems like a lot of effort for something you
just splash on fish and chips.</p>
  <p time="163300" is_ac="false">Ollie that is NOT what this is!</p>
  <p time="165470" is_ac="false">This is balsamic.</p>
  <p time="167060" is_ac="false">You literally can't buy anything like this
in the UK.</p>
  <p time="170150" is_ac="false">And so you can imagine how excited we were
when he said we could try some.</p>
  <p time="173900" is_ac="false">I hope you like it.</p>
  <p time="175760" is_ac="false">Thank you.</p>
  <p time="177120" is_ac="false">Try it.</p>
  <p time="178120" is_ac="false">You let me know if it's too grapey.</p>
  <p time="181080" is_ac="false">Oh that's great.</p>
  <p time="182590" is_ac="false">It tastes like child medicine.</p>
  <p time="184751" is_ac="false">No…</p>
  <p time="185751" is_ac="false">You know, like...</p>
  <p time="186494" is_ac="false">No.</p>
  <p time="187331" is_ac="false">No, no, no.</p>
  <p time="188050" is_ac="false">In a good way!</p>
  <p time="189050" is_ac="false">The taste lingers in your mouth.</p>
  <p time="190240" is_ac="false">Yeah it changes as well.</p>
  <p time="191614" is_ac="false">You can still feel it coating like all over
your mouth.</p>
  <p time="194380" is_ac="false">Amazingly, Andrea insisted that fish and chips
wasn't a natural pairing for his 100 year</p>
  <p time="198910" is_ac="false">old masterpiece.</p>
  <p time="200180" is_ac="false">But apparently ice cream was.</p>
  <p time="205800" is_ac="false">That is unbelievable.</p>
  <p time="207579" is_ac="false">That’s insane.</p>
  <p time="209102" is_ac="false">That actually might be the best thing we've
eaten today.</p>
  <p time="211596" is_ac="false">I can't have balsamic vinegar anymore.</p>
  <p time="213920" is_ac="false">If you have balsamic in your house.</p>
  <p time="216640" is_ac="false">Yeah.</p>
  <p time="217640" is_ac="false">Throw it away.</p>
  <p time="218700" is_ac="false">Throw it away.</p>
  <p time="219700" is_ac="false">Throw it in the bin.</p>
  <p time="221650" is_ac="false">You can buy real things or live a fake life!</p>
  <p time="225870" is_ac="false">The choice is yours.</p>
  <p time="227380" is_ac="false">Guys thank you for coming.</p>
  <p time="231110" is_ac="false">Grazie mille!</p>
  <p time="232600" is_ac="false">Grazie!</p>
  <p time="233600" is_ac="false">Onto the next.</p>
  <p time="234600" is_ac="false">Onto the next.</p>
  <p time="235600" is_ac="false">Wow, what a flipping start to the day!</p>
  <p time="238820" is_ac="false">When you said we were going to be trying some
aged balsamic...</p>
  <p time="241680" is_ac="false">I don't know what I expected but it wasn't
that.</p>
  <p time="244770" is_ac="false">And so, off to stop two.</p>
  <p time="246330" is_ac="false">A walking tour around Mr Z's hometown.</p>
  <p time="248840" is_ac="false">Ferrara.</p>
  <p time="249840" is_ac="false">So shout out to Get Your Guide,
Which is an app which lets you book a whole</p>
  <p time="253621" is_ac="false">bunch of different experiences,
Including this private walking tour that we</p>
  <p time="257770" is_ac="false">managed to find in Ferrara.</p>
  <p time="259410" is_ac="false">Where we've literally got a local teacher
who speaks perfect English,</p>
  <p time="262630" is_ac="false">Just walking us all over the city, teaching
us some of the incredible history.</p>
  <p time="265930" is_ac="false">If you guys are travelling, especially places
where you might not know the area.</p>
  <p time="270730" is_ac="false">Never been there before.</p>
  <p time="271730" is_ac="false">They offer over 60,000 curated experiences
in more than 3,600 destinations worldwide.</p>
  <p time="276160" is_ac="false">It was super simple, super easy to book on
the app.</p>
  <p time="279220" is_ac="false">Literally just go on, choose your language,choose
how many people you've got with you.</p>
  <p time="283200" is_ac="false">Boom.</p>
  <p time="284200" is_ac="false">Job done.</p>
  <p time="285220" is_ac="false">They provide 24-7 support and free cancellation
up to 24 hours before your experience.</p>
  <p time="290010" is_ac="false">Thanks again to Get Your Guide for sponsoring
this episode.</p>
  <p time="291790" is_ac="false">It genuinely has been awesome.</p>
  <p time="294248" is_ac="false">I mean we literally have our own tour guide
taking us wherever we want to go.</p>
  <p time="298810" is_ac="false">Explaining everything and answering all of
our questions.</p>
  <p time="301700" is_ac="false">And instead of you know, joining like a bigger
group,</p>
  <p time="303570" is_ac="false">You get to just have a one-on-one chat and
learn about this place.</p>
  <p time="307200" is_ac="false">I’d really recommend it.</p>
  <p time="309120" is_ac="false">Unlock your next adventure with the link in
the description,</p>
  <p time="311320" is_ac="false">and support our channel by booking with GetYourGuide.</p>
  <p time="314320" is_ac="false">Wow, look at this place!</p>
  <p time="316914" is_ac="false">Look at this paradise!</p>
  <p time="318792" is_ac="false">Where are we?</p>
  <p time="319792" is_ac="false">I'm taking you to a secret little corner of
paradise!</p>
  <p time="324278" is_ac="false">It's just so ridiculously beautiful.</p>
  <p time="327240" is_ac="false">It is.</p>
  <p time="328358" is_ac="false">On the menu this evening is something very
unique for the area</p>
  <p time="331240" is_ac="false">because here they excel at seafood.</p>
  <p time="334368" is_ac="false">Do they know we're filming?</p>
  <p time="335860" is_ac="false">Yes, as long as we are discreet.</p>
  <p time="337690" is_ac="false">It's a beautiful setting.</p>
  <p time="339390" is_ac="false">So why are we here?</p>
  <p time="343742" is_ac="false">Josh.</p>
  <p time="344796" is_ac="false">Discreet, ok?</p>
  <p time="346248" is_ac="false">You just nearly puked in the restaurant?</p>
  <p time="347981" is_ac="false">That really took me by surprise.</p>
  <p time="349850" is_ac="false">I have puked in a restaurant before.</p>
  <p time="351550" is_ac="false">Onto the table.</p>
  <p time="353120" is_ac="false">On camera.</p>
  <p time="354340" is_ac="false">What?!</p>
  <p time="355400" is_ac="false">So, seafood.</p>
  <p time="356790" is_ac="false">We are in the middle of Emilia Romana.</p>
  <p time="358200" is_ac="false">Well you have to understand that this place
is famous because of this.</p>
  <p time="360640" is_ac="false">- And that's why we're here.
- Because of the chef, that's kind of his specialty.</p>
  <p time="363046" is_ac="false">This chef. He’s *whistles*.</p>
  <p time="364597" is_ac="false">Like this, you know?</p>
  <p time="365714" is_ac="false">*Whistle*
*Whistle*</p>
  <p time="366597" is_ac="false">Lads.</p>
  <p time="367363" is_ac="false">Lads.</p>
  <p time="368387" is_ac="false">You cannot whistle in the restaurant.</p>
  <p time="371740" is_ac="false">He told us off for whistling!</p>
  <p time="373510" is_ac="false">You cannot whistle…</p>
  <p time="374510" is_ac="false">*Whistle*
Everybody was looking at you.</p>
  <p time="376590" is_ac="false">It’s rude in Italian.</p>
  <p time="378140" is_ac="false">It’s rude?</p>
  <p time="379140" is_ac="false">No, it’s not rude.</p>
  <p time="380480" is_ac="false">Is it rude?</p>
  <p time="381480" is_ac="false">Yes, massively rude.</p>
  <p time="382480" is_ac="false">You did it first!</p>
  <p time="383480" is_ac="false">No, but in a subtle way.</p>
  <p time="385350" is_ac="false">Ok.</p>
  <p time="386350" is_ac="false">It's one of the worst things you can do in
a restaurant.</p>
  <p time="390795" is_ac="false">So I waved to that waiter.</p>
  <p time="392637" is_ac="false">He looked at me and looked around and he walked
away.</p>
  <p time="394565" is_ac="false">It's because we whistled.</p>
  <p time="397952" is_ac="false">Let’s order the food…</p>
  <p time="399579" is_ac="false">They're ignoring us!</p>
  <p time="400579" is_ac="false">He ignored us!</p>
  <p time="402186" is_ac="false">Because we whistled.</p>
  <p time="403186" is_ac="false">Because of the whistling!</p>
  <p time="404163" is_ac="false">Not me, the table!</p>
  <p time="405986" is_ac="false">I thought you were making it up, but he genuinely
did just ignore Mr Z.</p>
  <p time="411120" is_ac="false">Maybe I should apologize when he comes over.</p>
  <p time="413020" is_ac="false">I'll apologize.</p>
  <p time="414020" is_ac="false">Oh dear Lord.</p>
  <p time="415310" is_ac="false">Why am I like 100% sure that's gonna make
it worse?</p>
  <p time="417980" is_ac="false">No, a big man owns up to his mistakes.</p>
  <p time="420180" is_ac="false">And I am a huge man.</p>
  <p time="423480" is_ac="false">Certo.</p>
  <p time="424480" is_ac="false">Fabio.</p>
  <p time="425471" is_ac="false">That's okay.</p>
  <p time="426419" is_ac="false">Sorry, I whistled earlier.</p>
  <p time="427995" is_ac="false">And Andrea told me that's very rude in Italy.</p>
  <p time="432600" is_ac="false">I didn't even notice.</p>
  <p time="434096" is_ac="false">Okay good.</p>
  <p time="435096" is_ac="false">I was not whistling for you.</p>
  <p time="436523" is_ac="false">I just want you to know.</p>
  <p time="437410" is_ac="false">Okay.</p>
  <p time="438410" is_ac="false">So guys this is a little welcome from the
kitchen.</p>
  <p time="440752" is_ac="false">Fantastic.</p>
  <p time="441752" is_ac="false">This is chicken liver pate.</p>
  <p time="443710" is_ac="false">On the other side is a chard sponge cake and
on top fresh cut lard.</p>
  <p time="448270" is_ac="false">Wow.</p>
  <p time="449270" is_ac="false">Okay, so this is fine dining.</p>
  <p time="450360" is_ac="false">It is fine dining actually.</p>
  <p time="451360" is_ac="false">It is.</p>
  <p time="452360" is_ac="false">Yeah it's very different than I've had so
far.</p>
  <p time="454476" is_ac="false">What are you doing?</p>
  <p time="455490" is_ac="false">It’s a hat?</p>
  <p time="456566" is_ac="false">Yeah.</p>
  <p time="457566" is_ac="false">Discreet, Ollie.</p>
  <p time="458566" is_ac="false">Discreet!</p>
  <p time="459566" is_ac="false">Oh my gosh.</p>
  <p time="461000" is_ac="false">Cheers.</p>
  <p time="462611" is_ac="false">Okay.</p>
  <p time="464523" is_ac="false">Excellent.</p>
  <p time="465733" is_ac="false">Soft.</p>
  <p time="467247" is_ac="false">Aromatic.</p>
  <p time="468920" is_ac="false">What do you think?</p>
  <p time="470720" is_ac="false">I really like that.</p>
  <p time="471720" is_ac="false">That's good.</p>
  <p time="472720" is_ac="false">Is it rude for me to...</p>
  <p time="473720" is_ac="false">Yes.</p>
  <p time="474720" is_ac="false">You know what's rude?</p>
  <p time="475810" is_ac="false">To lick the plate is so rude.</p>
  <p time="477170" is_ac="false">Yeah, I'm not gonna lick the plate.</p>
  <p time="480510" is_ac="false">Ideally not.</p>
  <p time="481510" is_ac="false">But, you know…</p>
  <p time="482510" is_ac="false">No, you cannot do that.</p>
  <p time="485770" is_ac="false">I have maybe never been this uncomfortable
in a restaurant in my life.</p>
  <p time="490630" is_ac="false">Oh here it comes.</p>
  <p time="492631" is_ac="false">Wow!</p>
  <p time="493631" is_ac="false">So we start with some scampi, some green beans,
a reduction of red fruits, and a pearl spherification</p>
  <p time="501300" is_ac="false">of pink vinegar.</p>
  <p time="502300" is_ac="false">So it looks like fish roe.</p>
  <p time="503300" is_ac="false">Exactly.</p>
  <p time="504300" is_ac="false">Like caviar.</p>
  <p time="505300" is_ac="false">But it's vinegar.</p>
  <p time="506300" is_ac="false">This is homemade potato gnocchi, with clams
and shellfish from the Mediterranean.</p>
  <p time="510200" is_ac="false">And over there we have...</p>
  <p time="511540" is_ac="false">Look at this!</p>
  <p time="512540" is_ac="false">It's a painting.</p>
  <p time="513540" is_ac="false">This is the carpaccio.</p>
  <p time="514540" is_ac="false">Amazing.</p>
  <p time="515540" is_ac="false">Thank you so much.</p>
  <p time="516540" is_ac="false">Oh amazing.</p>
  <p time="517540" is_ac="false">Are you ready for a challenge?</p>
  <p time="518540" is_ac="false">What's the challenge, who can eat it the quickest?</p>
  <p time="519708" is_ac="false">Of course.</p>
  <p time="523159" is_ac="false">Mine only had that much left and yet you still
beat me somehow.</p>
  <p time="527189" is_ac="false">Look at that!</p>
  <p time="528189" is_ac="false">I mean it looks almost like chickpeas or something.</p>
  <p time="530230" is_ac="false">Incredible.</p>
  <p time="531230" is_ac="false">It tastes like freshly cut grass on a summer's
day with a pond nearby.</p>
  <p time="535019" is_ac="false">Because there's a lot of seafood in there.</p>
  <p time="536629" is_ac="false">Sorry, it’s amazing.</p>
  <p time="538097" is_ac="false">That is amazing.</p>
  <p time="539097" is_ac="false">And then secondly, you put your bread here…</p>
  <p time="541040" is_ac="false">…To soak up the sauce!</p>
  <p time="542649" is_ac="false">Luke, try this.</p>
  <p time="544829" is_ac="false">It’s unbelievable.</p>
  <p time="550648" is_ac="false">I don’t normally like gnocchi.</p>
  <p time="553100" is_ac="false">This is not like any gnocchi we’ve had before.</p>
  <p time="555720" is_ac="false">Wow.</p>
  <p time="556910" is_ac="false">Isn’t that amazing?</p>
  <p time="557910" is_ac="false">It's with clams!</p>
  <p time="558940" is_ac="false">I'm not a massive clams fan.</p>
  <p time="560699" is_ac="false">The last time I had clams it was a spam, clams
and parmesan sandwich.</p>
  <p time="565209" is_ac="false">But the clams were off.</p>
  <p time="571400" is_ac="false">Carpaccio.</p>
  <p time="576231" is_ac="false">It's carp*** now.</p>
  <p time="578749" is_ac="false">What's that?</p>
  <p time="579749" is_ac="false">Oh a stain remover.</p>
  <p time="580749" is_ac="false">It's not gonna work.</p>
  <p time="581749" is_ac="false">- Yeah it will work.
- Why not?</p>
  <p time="582861" is_ac="false">What? What is that?</p>
  <p time="584090" is_ac="false">Oh it's already going!</p>
  <p time="585090" is_ac="false">Just let it sit.</p>
  <p time="585763" is_ac="false">Look at that.</p>
  <p time="586763" is_ac="false">Oh, smell it.</p>
  <p time="587763" is_ac="false">Urgh, it smells like if you don't wash your
belly button.</p>
  <p time="590867" is_ac="false">Shut up.</p>
  <p time="591867" is_ac="false">If you don’t wash your belly button and
then you put your finger in there,</p>
  <p time="595169" is_ac="false">It smells so bad.</p>
  <p time="598405" is_ac="false">That’s a pro life tip.</p>
  <p time="601089" is_ac="false">Always wash your belly button.</p>
  <p time="603298" is_ac="false">You f***ing carp.</p>
  <p time="604679" is_ac="false">So this is fascinating.</p>
  <p time="605792" is_ac="false">Can you see that?</p>
  <p time="606700" is_ac="false">It's little balls of vinegar!</p>
  <p time="616202" is_ac="false">Easy.</p>
  <p time="617051" is_ac="false">It's very nice.</p>
  <p time="617914" is_ac="false">Aromatic.</p>
  <p time="618740" is_ac="false">Super fresh.</p>
  <p time="619740" is_ac="false">Very fresh.</p>
  <p time="620740" is_ac="false">Well I always thought Scampi was deep fried.</p>
  <p time="622439" is_ac="false">What?!</p>
  <p time="623439" is_ac="false">Scampi is always breaded and fried, right?</p>
  <p time="625220" is_ac="false">That's insane.</p>
  <p time="626220" is_ac="false">Have you never had Scampi and chips?</p>
  <p time="627298" is_ac="false">No…</p>
  <p time="628134" is_ac="false">In a fish and chip shop?</p>
  <p time="628877" is_ac="false">No……</p>
  <p time="629877" is_ac="false">Have you been to a fish and chip shop?</p>
  <p time="630550" is_ac="false">Once.</p>
  <p time="631550" is_ac="false">Okay.</p>
  <p time="632550" is_ac="false">We need to take Mr. Z to a proper fish and
chip shop.</p>
  <p time="634649" is_ac="false">Absolutely not.</p>
  <p time="635649" is_ac="false">Absolutely not!</p>
  <p time="636649" is_ac="false">How’s it going guys?</p>
  <p time="637649" is_ac="false">Very good.</p>
  <p time="638649" is_ac="false">Excellent.</p>
  <p time="639649" is_ac="false">Can I ask?</p>
  <p time="640649" is_ac="false">You’re nowhere near the sea, how do you
get the fish?</p>
  <p time="642680" is_ac="false">Are the fish frozen when they come?</p>
  <p time="644639" is_ac="false">No, the fish is fresh.</p>
  <p time="645680" is_ac="false">It’s fresh?</p>
  <p time="646680" is_ac="false">So how does it work?</p>
  <p time="647680" is_ac="false">Like, do you put them in a taxi, or…?</p>
  <p time="649709" is_ac="false">Yeah, it’s coming fairly fresh because we
are close to Milan, so we don’t order big</p>
  <p time="657655" is_ac="false">quantity, but all of it is fresh.</p>
  <p time="658767" is_ac="false">Oh wow!</p>
  <p time="659532" is_ac="false">Goodness me, what's that?</p>
  <p time="660650" is_ac="false">That looks amazing.</p>
  <p time="661650" is_ac="false">Thing is, have you smelled this yet?</p>
  <p time="664240" is_ac="false">Ok, that…</p>
  <p time="665660" is_ac="false">I will whistle.</p>
  <p time="667250" is_ac="false">I will whistle.</p>
  <p time="671670" is_ac="false">He's in, he's in, he's in.</p>
  <p time="673899" is_ac="false">Okay there's a lot of eye contact Andrea.</p>
  <p time="676269" is_ac="false">There's a lot of eye contact.</p>
  <p time="678160" is_ac="false">Is the eye contact a measure of how much you're
enjoying it?</p>
  <p time="680611" is_ac="false">Yes.</p>
  <p time="681156" is_ac="false">Okay.</p>
  <p time="681656" is_ac="false">Incredible.</p>
  <p time="683030" is_ac="false">Umami, umami, umami,
Seafood, seaweed, incredible,</p>
  <p time="686639" is_ac="false">Bo, buttery.</p>
  <p time="689716" is_ac="false">Incredible.</p>
  <p time="690860" is_ac="false">That is the perfect description of what's
going on in my mouth right now.</p>
  <p time="694360" is_ac="false">As much as I want to be contrarian with that,
that is unbelievable.</p>
  <p time="700139" is_ac="false">It is unbelievable.</p>
  <p time="702009" is_ac="false">It tastes like the oysters that we had in
Scotland…but it doesn't taste like regurgitated snot.</p>
  <p time="711069" is_ac="false">Should we go for squid?</p>
  <p time="712449" is_ac="false">What's under here, is that squid ink?</p>
  <p time="713801" is_ac="false">Squid ink.</p>
  <p time="714801" is_ac="false">How do chefs get squid ink?</p>
  <p time="716181" is_ac="false">Do they have like a fish tank full of squid
at the back that they just go and scare?</p>
  <p time="723002" is_ac="false">If you get a live squid or a dead squid but
it's fresh and just killed, you do this…</p>
  <p time="731029" is_ac="false">Wow, I didn't want to know that fact.</p>
  <p time="733120" is_ac="false">Yeah, you asked.</p>
  <p time="734051" is_ac="false">You asked me.</p>
  <p time="746300" is_ac="false">Actually quite good!</p>
  <p time="747300" is_ac="false">Very good.</p>
  <p time="748300" is_ac="false">The mushroom works.</p>
  <p time="749300" is_ac="false">The mushroom is beautiful.</p>
  <p time="750300" is_ac="false">The mushroom is like a wedding priest…it
marries the two.</p>
  <p time="754592" is_ac="false">Incredible.</p>
  <p time="755817" is_ac="false">What fish is this?</p>
  <p time="756790" is_ac="false">Red mullet.</p>
  <p time="757790" is_ac="false">You know a mullet is a type of hairstyle.</p>
  <p time="759739" is_ac="false">Yes, I'm aware of that.</p>
  <p time="761320" is_ac="false">I've never had a fish this colour before.</p>
  <p time="763499" is_ac="false">Oh gosh, that's gone wrong.</p>
  <p time="765842" is_ac="false">Quick quick quick!</p>
  <p time="767677" is_ac="false">Shh shh shh…</p>
  <p time="778251" is_ac="false">There's a lot going on.</p>
  <p time="779880" is_ac="false">You know what, I just want more spaghetti.</p>
  <p time="782869" is_ac="false">Just a little, a little.</p>
  <p time="784377" is_ac="false">One more bite.</p>
  <p time="785377" is_ac="false">One more bite!</p>
  <p time="787920" is_ac="false">How’s it going guys?</p>
  <p time="788920" is_ac="false">Very, very good.</p>
  <p time="789920" is_ac="false">That spaghetti was phenomenal.</p>
  <p time="791060" is_ac="false">The spaghetto, carbonara, gnocchi…</p>
  <p time="792629" is_ac="false">The gnocchi was amazing.</p>
  <p time="794209" is_ac="false">Amazing.</p>
  <p time="795209" is_ac="false">Can I ask, Fabio, what is your favourite dish
on the menu and have we ordered it?</p>
  <p time="802540" is_ac="false">Actually no you didn't.</p>
  <p time="803920" is_ac="false">Oh no!</p>
  <p time="804920" is_ac="false">Why are you asking this now?</p>
  <p time="806485" is_ac="false">But it’s the tortelli, because I’m from
here.</p>
  <p time="809111" is_ac="false">I’m local.</p>
  <p time="810111" is_ac="false">That is like the classic dish that your granny
makes for Sunday lunch.</p>
  <p time="815149" is_ac="false">Your granny.</p>
  <p time="816160" is_ac="false">My granny doesn't do that.</p>
  <p time="818931" is_ac="false">What do you think of his haircut?</p>
  <p time="820639" is_ac="false">It's better than mine isn't it?</p>
  <p time="823119" is_ac="false">Why is it so worrying when you're doing that?</p>
  <p time="826629" is_ac="false">That’s just terrifying.</p>
  <p time="827949" is_ac="false">There's zero smoothness in the motion.</p>
  <p time="834982" is_ac="false">Don't don't don't!</p>
  <p time="837129" is_ac="false">What?</p>
  <p time="838005" is_ac="false">I wasn't doing anything!</p>
  <p time="840279" is_ac="false">You are…an idiot.</p>
  <p time="841417" is_ac="false">Give me the pen.</p>
  <p time="842678" is_ac="false">The belly button pen, we need the belly button
pen.</p>
  <p time="844899" is_ac="false">It’s on my shirt!</p>
  <p time="846790" is_ac="false">Use your napkin.</p>
  <p time="848220" is_ac="false">I'm dying.</p>
  <p time="852961" is_ac="false">Oh WOW.</p>
  <p time="855293" is_ac="false">Josh can you please do us all a favour and
eat the veal from the bone with your mouth.</p>
  <p time="860420" is_ac="false">Am I allowed to do this?</p>
  <p time="861709" is_ac="false">Yes sir.</p>
  <p time="862709" is_ac="false">Just do it in a discreet way.</p>
  <p time="865317" is_ac="false">That is not a thing.</p>
  <p time="866959" is_ac="false">That's not possible.</p>
  <p time="867959" is_ac="false">Just do it.</p>
  <p time="868954" is_ac="false">Please do it, quick.</p>
  <p time="870141" is_ac="false">Okay Josh, more discreet.</p>
  <p time="871565" is_ac="false">Go for it. Now or never.</p>
  <p time="873240" is_ac="false">It's very heavy.</p>
  <p time="874489" is_ac="false">Do it. Quick.</p>
  <p time="881002" is_ac="false">Huh?</p>
  <p time="882002" is_ac="false">I must say that was very discreet.</p>
  <p time="884468" is_ac="false">That was extremely discreet.</p>
  <p time="885880" is_ac="false">It really was.</p>
  <p time="887672" is_ac="false">Discreet.</p>
  <p time="890449" is_ac="false">I'm more worried about your jaw than- oh my
gosh.</p>
  <p time="896730" is_ac="false">That was an enormous bite.</p>
  <p time="900029" is_ac="false">It's very good.</p>
  <p time="901269" is_ac="false">Mmmm!</p>
  <p time="903671" is_ac="false">That’s really good.</p>
  <p time="904971" is_ac="false">That was sublime.</p>
  <p time="907019" is_ac="false">That's gonna be hard to beat.</p>
  <p time="908740" is_ac="false">Look at this.</p>
  <p time="910459" is_ac="false">Nice, I like how you did that.</p>
  <p time="911819" is_ac="false">I like that a lot.</p>
  <p time="915720" is_ac="false">Is it as good as it smells?</p>
  <p time="919998" is_ac="false">Wow.</p>
  <p time="920777" is_ac="false">Huh?</p>
  <p time="926736" is_ac="false">Incredible.</p>
  <p time="929160" is_ac="false">This is the best risotto I’ve ever had.</p>
  <p time="930665" is_ac="false">This.</p>
  <p time="931244" is_ac="false">Is.</p>
  <p time="931870" is_ac="false">Exceptional.</p>
  <p time="932870" is_ac="false">How do you rate that compared to other risottos
that you've had?</p>
  <p time="935360" is_ac="false">To the best risotto I had?</p>
  <p time="937649" is_ac="false">It's an 8.9.</p>
  <p time="939350" is_ac="false">To the best risotto in the world that you've
eaten?</p>
  <p time="942171" is_ac="false">Yeah.</p>
  <p time="943171" is_ac="false">An 8.9 is an extremely high rating.</p>
  <p time="945673" is_ac="false">You know, I know I like it because I literally
have said nothing.</p>
  <p time="950605" is_ac="false">No need.</p>
  <p time="951835" is_ac="false">How are you doing guys?</p>
  <p time="952745" is_ac="false">Fantastic.</p>
  <p time="953745" is_ac="false">Genuinely amazing.</p>
  <p time="954534" is_ac="false">The risotto actually was a surprise.</p>
  <p time="955514" is_ac="false">Remarkable.</p>
  <p time="956514" is_ac="false">The risotto is in the top 10 of the risotto
I've had in my life.</p>
  <p time="959336" is_ac="false">And I promise you I’ve had over a thousand
risottos in my life.</p>
  <p time="961880" is_ac="false">No joking.</p>
  <p time="962880" is_ac="false">No jokes.</p>
  <p time="963880" is_ac="false">So you know your risotto.</p>
  <p time="966587" is_ac="false">Exactly.</p>
  <p time="967587" is_ac="false">I've had about 20?</p>
  <p time="968587" is_ac="false">Number one. Definitely number one.</p>
  <p time="971382" is_ac="false">I'm happy anyway.</p>
  <p time="973317" is_ac="false">Can we please put a cheers on tonight? Because this has been amazing.</p>
  <p time="976088" is_ac="false">Guys, always a pleasure.</p>
  <p time="977346" is_ac="false">Cheers to that!</p>
  <p time="978252" is_ac="false">Always a pleasure.</p>
  <p time="979252" is_ac="false">Indeed.</p>
  <p time="981538" is_ac="false">How good is the limoncello?</p>
  <p time="983156" is_ac="false">That's the best limoncello I've ever had.</p>
  <p time="984800" is_ac="false">Ducky, do you not like limoncello?</p>
  <p time="986677" is_ac="false">I didn’t know what it was, I thought it
was dessert.</p>
  <p time="988332" is_ac="false">It's a digestif!</p>
  <p time="989636" is_ac="false">You don’t like it!</p>
  <p time="990846" is_ac="false">I heard “cello” and it’s close to jello.</p>
  <p time="994007" is_ac="false">A limon-jello!</p>
  <p time="997983" is_ac="false">He thought it was a jello!</p>
  <p time="1000339" is_ac="false">Next time on our Italian food tour…</p>
  <p time="1002459" is_ac="false">Day 3: Piadina!</p>
  <p time="1003879" is_ac="false">This is the place, guys.</p>
  <p time="1005267" is_ac="false">That little shack?</p>
  <p time="1006230" is_ac="false">This is the place!</p>
  <p time="1008130" is_ac="false">Oh my gosh!</p>
  <p time="1009029" is_ac="false">Round, round!</p>
  <p time="1009989" is_ac="false">Nooo! Oh my gosh!</p>
  <p time="1011483" is_ac="false">You put holes in it!</p>
  <p time="1012958" is_ac="false">Oh my gosh.</p>
  <p time="1013800" is_ac="false">That looks incredible!</p>
  <p time="1015288" is_ac="false">Mmmm!</p>
  <p time="1016942" is_ac="false">I wanna try this, I need to try this.</p>
  <p time="1018947" is_ac="false">I could have that once a day, every day.</p>
  <p time="1021163" is_ac="false">We’re going to a cheese factory.</p>
  <p time="1024240" is_ac="false">This is for the shoes…</p>
  <p time="1028949" is_ac="false">Wow!</p>
  <p time="1029999" is_ac="false">This is the cheese.</p>
  <p time="1031300" is_ac="false">Woahhh, there’s just so much cheese!</p>
  <p time="1037655" is_ac="false">Guys, a crescendo!</p>
  <p time="1039592" is_ac="false">You did not believe me.</p>
  <p time="1041354" is_ac="false">It’s.</p>
  <p time="1041980" is_ac="false">A constant.</p>
  <p time="1043447" is_ac="false">Crescendo.</p>
</text>
