<?xml version='1.0' encoding='UTF-8'?>
<text date_d="27" date_m="3" date_y="2023" format="srv3" age_limit="0" comment_count="1200" description="Today we take desserts to the next level with some JOLLY French specialties courtesy of a Michelin-star chef! Get your Jolly merch at http://getjolly.store &#10;&#10;Massive thanks to chef Thibault Sombardier and the team at Les Parisiens for showing us a whole new world of exquisite puddings! Check them out if you're in Paris:&#10;&#10;Les Parisiens: https://www.instagram.com/restaurant_les_parisiens/&#10;Thibault Sombardier: https://www.instagram.com/thibaultsombardier/&#10;&#10;Click here to buy Josh's bestselling autobiography! https://amzn.eu/d/73xtwcy&#10;&#10;Hit join and become a Jollybean member to join us in our members-only livestreams:&#10;https://www.youtube.com/jolly/join&#10;&#10;Special thanks to our Jollybean VIPs for supporting us in making this video!&#10;&#10;Nora yousef&#10;Bettie Meier&#10;G. J Chua&#10;Kyle Williams&#10;Claim2Game (a.k.a isaiah gollan 20)&#10;Vicky Bham&#10;James Reyes&#10;Colin Kato&#10;David Whitener&#10;Li Winslow&#10;Reilly Willoughby&#10;12rose3&#10;Jim Harrington&#10;AJ Villanueva&#10;Julian Leung&#10;Yun Lim&#10;Victor koh&#10;Diana Woon&#10;63angel&#10;Nurse Laykan&#10;heather owen&#10;CitrusQuill&#10;Gloria Kwon&#10;lira12tan&#10;Andi526" fulltitle="Brits try Michelin-Star French desserts!" like_count="42479" location="na" playlist_title="na" release_date="na" upload_date="20230327" repost_count="na" tags="JOLLY; josh; ollie; British; UK; English; englishman; comedy; duo; food; react; try; tries; best; weirdest; craziest; series; online; guest; memes; Gentleman; Brits; international; spicy; spiciest; hottest; noodles; snacks; fast food; best friends; infinite possibilities; gabie; kook; carrott; kendal; review; taste; test; steven lim; watcher; travel; highschoolers; meme; tiktok; weird; actually good; paris; london; mcdonalds; michelin; crazy; asmr; mukbang; city; french; dessert; profiteroles; mousse; eclair; thibault; sombardier; michelinstar; " title="Brits try Michelin-Star French desserts!" uploader="JOLLY" view_count="946740" webpage_url="https://www.youtube.com/watch?v=_It5qopgPZs" autocaption="false">
  <p time="220" is_ac="false">Hi, I'm Josh.</p>
  <p time="1430" is_ac="false">I'm Ollie.</p>
  <p time="2430" is_ac="false">We've just had some of the best French food in existence.</p>
  <p time="5510" is_ac="false">And we're about to try French classic desserts.</p>
  <p time="11042" is_ac="false">Hello guys!</p>
  <p time="12070" is_ac="false">Hello.</p>
  <p time="12570" is_ac="false">At this stage, Thibaut, you could feed us anything.</p>
  <p time="14697" is_ac="false">You could bring a brick from the street and put it in front of me, I would eat it.</p>
  <p time="17955" is_ac="false">It's okay.</p>
  <p time="18955" is_ac="false">We trust you.</p>
  <p time="19773" is_ac="false">We believe you.</p>
  <p time="20391" is_ac="false">Okay, rice pudding with hazelnut caramelise, vanilla and orange zest.</p>
  <p time="26205" is_ac="false">Wow!</p>
  <p time="27810" is_ac="false">We have rice pudding in England.</p>
  <p time="29840" is_ac="false">You eat it in school and prison.</p>
  <p time="35251" is_ac="false">It's very basic food.</p>
  <p time="36680" is_ac="false">It's comfort food.</p>
  <p time="38360" is_ac="false">It doesn't look like this.</p>
  <p time="39360" is_ac="false">This looks a lot better.</p>
  <p time="40360" is_ac="false">It's so good for me.</p>
  <p time="56012" is_ac="false">Holy crap.</p>
  <p time="57670" is_ac="false">Ho. Ly. Crap.</p>
  <p time="61533" is_ac="false">What?!</p>
  <p time="62604" is_ac="false">That is SO good.</p>
  <p time="64729" is_ac="false">This is the best rice pudding I've ever had.</p>
  <p time="67060" is_ac="false">Oh, it's incomparable.</p>
  <p time="68060" is_ac="false">Gabie, Luke and Andy, get a spoon each.</p>
  <p time="69869" is_ac="false">You need to get involved.</p>
  <p time="71289" is_ac="false">Oh my gosh. Every day.</p>
  <p time="73548" is_ac="false">Wow.</p>
  <p time="77019" is_ac="false">Oh man, the crunch from the hazelnut as well.</p>
  <p time="79623" is_ac="false">It's incredible.</p>
  <p time="80755" is_ac="false">It is genuinely a joke.</p>
  <p time="82585" is_ac="false">What?</p>
  <p time="84160" is_ac="false">That’s unbelievable!</p>
  <p time="86892" is_ac="false">Oh my gosh!</p>
  <p time="88360" is_ac="false">I had rice pudding every week.</p>
  <p time="89918" is_ac="false">In prison?</p>
  <p time="96233" is_ac="false">It's unbelievable.</p>
  <p time="97047" is_ac="false">It's perfect.</p>
  <p time="98300" is_ac="false">It's my dessert from my grandma in France.</p>
  <p time="100700" is_ac="false">Did your grandma used to make it like this?</p>
  <p time="102670" is_ac="false">Yes.</p>
  <p time="103670" is_ac="false">Wow.</p>
  <p time="104670" is_ac="false">Wow.</p>
  <p time="105670" is_ac="false">Try another dessert?</p>
  <p time="106670" is_ac="false">Please, yeah.</p>
  <p time="107670" is_ac="false">Yeah, I mean, I want to have a little bit more.</p>
  <p time="111290" is_ac="false">We'll finish this.</p>
  <p time="112930" is_ac="false">The next is a bit tasty.</p>
  <p time="119420" is_ac="false">One kilometre of...</p>
  <p time="122800" is_ac="false">I mean, it's a foot long éclair.</p>
  <p time="124627" is_ac="false">Oh, it's really dense.</p>
  <p time="126536" is_ac="false">Oh my goodness.</p>
  <p time="129017" is_ac="false">There's chocolate on the inside as well.</p>
  <p time="130564" is_ac="false">Wow.</p>
  <p time="131360" is_ac="false">Cheers, mate.</p>
  <p time="143499" is_ac="false">Wow.</p>
  <p time="144413" is_ac="false">This is going to be a quiet video.</p>
  <p time="146190" is_ac="false">This is absurd.</p>
  <p time="147190" is_ac="false">This is absurd.</p>
  <p time="148190" is_ac="false">It is SO good.</p>
  <p time="149910" is_ac="false">It's like if you took Nutella and made it lighter and more chocolatey,</p>
  <p time="155140" is_ac="false">But you couldn't eat Nutella in this quantity.</p>
  <p time="157480" is_ac="false">You'd get sick.</p>
  <p time="158629" is_ac="false">I could finish that.</p>
  <p time="159940" is_ac="false">I could eat all of that by myself.</p>
  <p time="161870" is_ac="false">Andy’s got a sweet tooth.</p>
  <p time="162870" is_ac="false">This is his favourite video I think we've ever filmed.</p>
  <p time="167970" is_ac="false">It's ridiculous.</p>
  <p time="169070" is_ac="false">It's actually ridiculous.</p>
  <p time="171650" is_ac="false">It's incredible.</p>
  <p time="173000" is_ac="false">It is actually ridiculous.</p>
  <p time="176274" is_ac="false">Yeah.</p>
  <p time="180352" is_ac="false">Take one for the team.</p>
  <p time="187400" is_ac="false">He's just invited us to the kitchen.</p>
  <p time="188987" is_ac="false">Apparently, there’s something he wants to show us.</p>
  <p time="190279" is_ac="false">Crêpes Suzette.</p>
  <p time="191942" is_ac="false">Sugar straight in the pan.</p>
  <p time="193025" is_ac="false">Little bit caramelised.</p>
  <p time="194574" is_ac="false">After, orange juice.</p>
  <p time="196319" is_ac="false">Wow, look at that.</p>
  <p time="198989" is_ac="false">Oh, that smells so good!</p>
  <p time="201000" is_ac="false">It smells like toffee apples.</p>
  <p time="202640" is_ac="false">Yeah, yeah.</p>
  <p time="203640" is_ac="false">Never seen that before.</p>
  <p time="204597" is_ac="false">Butter, of course.</p>
  <p time="205927" is_ac="false">Garlic?</p>
  <p time="207823" is_ac="false">No garlic?</p>
  <p time="209121" is_ac="false">No.</p>
  <p time="209621" is_ac="false">No garlic.</p>
  <p time="210737" is_ac="false">Okay, garlic for savoury.</p>
  <p time="211811" is_ac="false">Give me the snakes, please.</p>
  <p time="213640" is_ac="false">The snakes?</p>
  <p time="215744" is_ac="false">Crepes are just soaking up the orange.</p>
  <p time="217914" is_ac="false">And caramelise.</p>
  <p time="219793" is_ac="false">Whoa!</p>
  <p time="221589" is_ac="false">Oh my gosh!</p>
  <p time="222507" is_ac="false">Oh, there's a lot of alcohol in there.</p>
  <p time="224019" is_ac="false">Yeah, it's hot.</p>
  <p time="224880" is_ac="false">Guys.</p>
  <p time="227319" is_ac="false">Oh, it's finished.</p>
  <p time="231540" is_ac="false">Wow.</p>
  <p time="232474" is_ac="false">Look at that.</p>
  <p time="233840" is_ac="false">Cheers, mate.</p>
  <p time="244829" is_ac="false">Wow.</p>
  <p time="246078" is_ac="false">Oh my gosh.</p>
  <p time="247026" is_ac="false">Oh, wow.</p>
  <p time="248388" is_ac="false">What are we doing with our lives?</p>
  <p time="250992" is_ac="false">It's like a crêpe that tastes like a very unhealthy smoothie.</p>
  <p time="254729" is_ac="false">You know?</p>
  <p time="255940" is_ac="false">Like it's very sugary, very fruity.</p>
  <p time="258662" is_ac="false">And a little bit alcoholic.</p>
  <p time="259842" is_ac="false">You can taste it, it's like kind of Christmassy.</p>
  <p time="261620" is_ac="false">Oh, yeah.</p>
  <p time="262620" is_ac="false">I just got a very alcoholic bit.</p>
  <p time="264080" is_ac="false">Alcohol in there, soaked into there.</p>
  <p time="267190" is_ac="false">Before next...</p>
  <p time="268750" is_ac="false">It's something we can actually drink?</p>
  <p time="271370" is_ac="false">Yes.</p>
  <p time="273232" is_ac="false">Yes.</p>
  <p time="273734" is_ac="false">Alright...</p>
  <p time="276520" is_ac="false">Oh my gosh.</p>
  <p time="277128" is_ac="false">Wow.</p>
  <p time="278128" is_ac="false">I love that.</p>
  <p time="279128" is_ac="false">Science!</p>
  <p time="279856" is_ac="false">I absolutely love that.</p>
  <p time="280846" is_ac="false">What does it smell like?</p>
  <p time="281547" is_ac="false">I mean, it smells like a dessert wine.</p>
  <p time="283231" is_ac="false">Oh, it smells amazing.</p>
  <p time="287841" is_ac="false">So I think he said this is supposed to help everything go down.</p>
  <p time="299184" is_ac="false">That is so good.</p>
  <p time="302114" is_ac="false">Profiteroles.</p>
  <p time="303896" is_ac="false">Ohhhh!</p>
  <p time="305440" is_ac="false">Oh dear.</p>
  <p time="306412" is_ac="false">Oh dear.</p>
  <p time="307589" is_ac="false">Oh dear, oh dear, oh dear.</p>
  <p time="314372" is_ac="false">Oh my gosh.</p>
  <p time="315456" is_ac="false">Wow.</p>
  <p time="318315" is_ac="false">Hot chocolate.</p>
  <p time="319495" is_ac="false">And is it ice cream inside?</p>
  <p time="320970" is_ac="false">Ice cream.</p>
  <p time="321470" is_ac="false">Vanilla ice cream.</p>
  <p time="322488" is_ac="false">Ooh, look at that!</p>
  <p time="332471" is_ac="false">Both!</p>
  <p time="333282" is_ac="false">Both?</p>
  <p time="339691" is_ac="false">I simultaneously was getting brain freeze.</p>
  <p time="343770" is_ac="false">My teeth were freezing and I was drowning in chocolate sauce.</p>
  <p time="346919" is_ac="false">I couldn't breathe for a second.</p>
  <p time="349240" is_ac="false">The water feels warm by comparison.</p>
  <p time="351889" is_ac="false">Yeah, of course.</p>
  <p time="354579" is_ac="false">I'm in heaven.</p>
  <p time="355560" is_ac="false">I'm somewhere between heaven and hell.</p>
  <p time="359770" is_ac="false">Andy you can't just drink it from the jug.</p>
  <p time="362140" is_ac="false">Mate, don't let them see you doing that.</p>
  <p time="364606" is_ac="false">You can't just drink it.</p>
  <p time="366636" is_ac="false">Are you serious?</p>
  <p time="368461" is_ac="false">Is it still hot?</p>
  <p time="369660" is_ac="false">Open your mouth so we can see.</p>
  <p time="370445" is_ac="false">No, it's a really nice temperature.</p>
  <p time="372406" is_ac="false">Smile for us.</p>
  <p time="373047" is_ac="false">Give us a grin.</p>
  <p time="375615" is_ac="false">That was the best thing I've ever done in my life.</p>
  <p time="381140" is_ac="false">Oh, this is big.</p>
  <p time="381887" is_ac="false">Chocolate mousse. My signature dessert.</p>
  <p time="384160" is_ac="false">This is chocolate with hazelnuts, a little bit.</p>
  <p time="392312" is_ac="false">Mmm!</p>
  <p time="397849" is_ac="false">Oh my gosh.</p>
  <p time="402770" is_ac="false">Oh my gosh.</p>
  <p time="405030" is_ac="false">Oh my gosh.</p>
  <p time="408000" is_ac="false">Oh Luke.</p>
  <p time="410720" is_ac="false">That's one of the best things I've ever put in my mouth.</p>
  <p time="418068" is_ac="false">No.</p>
  <p time="423135" is_ac="false">Wow.</p>
  <p time="424699" is_ac="false">Wow.</p>
  <p time="427059" is_ac="false">Chef.</p>
  <p time="428640" is_ac="false">This is unbelievable.</p>
  <p time="430176" is_ac="false">Look at this.</p>
  <p time="437356" is_ac="false">Wow.</p>
  <p time="438776" is_ac="false">I feel like I'm living in a fantasy movie and I absolutely love it.</p>
  <p time="442990" is_ac="false">I've never been this happy.</p>
  <p time="453225" is_ac="false">This is getting ridiculous now.</p>
  <p time="455184" is_ac="false">That's genuinely the best cocktail I've ever had.</p>
  <p time="459371" is_ac="false">Genuinely.</p>
  <p time="462622" is_ac="false">Like 100%.</p>
  <p time="463923" is_ac="false">I feel like I'm on the best possible honeymoon with you right now.</p>
  <p time="467290" is_ac="false">It's incredible.</p>
  <p time="468430" is_ac="false">It's incredible.</p>
  <p time="469569" is_ac="false">I'm in love.</p>
  <p time="470810" is_ac="false">It is the city of love.</p>
  <p time="473220" is_ac="false">With the food obviously, but also with you because you brought me here.</p>
  <p time="477460" is_ac="false">It's hard to communicate quite how good this is.</p>
  <p time="480230" is_ac="false">We've tried food from all over the world.</p>
  <p time="483450" is_ac="false">But this is really special.</p>
  <p time="485300" is_ac="false">Thibault, thanks to you.</p>
  <p time="486183" is_ac="false">All is finished.</p>
  <p time="488560" is_ac="false">Oh, we want more.</p>
  <p time="490259" is_ac="false">I have, if you want.</p>
  <p time="493720" is_ac="false">This has been so special.</p>
  <p time="495960" is_ac="false">Thank you so much, Thibault.</p>
  <p time="496920" is_ac="false">Thank you. You're welcome.</p>
  <p time="498440" is_ac="false">Every time in Paris, you're welcome.</p>
  <p time="501068" is_ac="false">Oh, we'll be here every time we come back.</p>
  <p time="502847" is_ac="false">Do you want to come in and finish the video together?</p>
  <p time="504919" is_ac="false">Yes.</p>
  <p time="505600" is_ac="false">See you JOLLY soon!</p>
  <p time="509005" is_ac="false">Merci beaucoup!</p>
  <p time="511250" is_ac="false">Thank you so much.</p>
  <p time="513770" is_ac="false">We are trying to find the best crêpes in Paris.</p>
  <p time="517169" is_ac="false">This looks absolutely incredible.</p>
  <p time="518740" is_ac="false">Well, there's definitely no miscellaneous pig in there.</p>
</text>
