<?xml version='1.0' encoding='UTF-8'?>
<text date_d="27" date_m="10" date_y="2023" format="srv3" age_limit="0" comment_count="1200" description="In the rotunda on the 43rd floor of the majestic Grand Lisboa Hotel in Macao sits Robuchon au Dôme,  Asia’s fanciest restaurant. It has held 3 Michelin stars for the last 15 years and boasts the largest wine cellar in China with over 17,000 labels. Today we drink them all! Just kidding. We’re here to try as much of their food and wine that our little English bodies can manage! Wish us luck.&#10;&#10;https://www.grandlisboahotels.com/en/grandlisboa/dining/robuchon-au-dome&#10;&#10;Thanks to the Macao Government Tourism Office for sponsoring this episode, and for giving us this once in a lifetime opportunity!&#10;&#10;Thanks again to Macao News for all of their help in making this episode and the whole series possible!&#10;&#10;Check out our latest JOLLY merch at http://getjolly.store&#10;&#10;Click here to buy Josh's bestselling autobiography! https://amzn.eu/d/73xtwcy&#10;&#10;Hit join and become a Jollybean member to join us in our members-only livestreams:&#10;https://www.youtube.com/jolly/join&#10;&#10;Special thanks to our Jollybean VIPs for supporting us in making this video!&#10;&#10;Kyle Ann&#10;TIFFANY JACOBS&#10;Johnathon Randle&#10;Li Winslow&#10;Bettie Meier&#10;Claim2Game (a.k.a isaiah gollan 20)&#10;James Wilson&#10;63angel&#10;Florian Adamek&#10;Raileigh GJ&#10;tralalaladee&#10;Vicky Bham&#10;Jamedalamus&#10;David Whitener&#10;Reilly Willoughby&#10;12rose3&#10;Julian Leung&#10;Yun Lim&#10;Laykan Dowdy&#10;heather owen&#10;CitrusQuill&#10;Gloria Kwon&#10;lira12tan&#10;Andi526" fulltitle="Brits try 3 Michelin Star French Food!" like_count="37002" location="na" playlist_title="na" release_date="na" upload_date="20231027" repost_count="na" tags="JOLLY; josh; ollie; British; UK; English; englishman; comedy; duo; food; react; try; tries; best; weirdest; craziest; series; online; guest; memes; Gentleman; Brits; international; spicy; spiciest; hottest; noodles; snacks; fast food; best friends; infinite possibilities; gabie; kook; carrott; kendal; review; taste; test; steven lim; watcher; travel; sorted food; highschoolers; meme; tiktok; weird; rappers; actually good; paris; london; L.A.; mcdonalds; michelin; crazy; asmr; mukbang; nyc; new york; city; american; biscuits; gravy; southern; " title="Brits try 3 Michelin Star French Food!" uploader="JOLLY" view_count="899935" webpage_url="https://www.youtube.com/watch?v=qQ2omLxumtw" autocaption="false">
  <p time="200" is_ac="false">Okay, so you may be asking yourself,</p>
  <p time="2120" is_ac="false">Why are Josh and Ollie in a Rolls Royce.</p>
  <p time="4880" is_ac="false">It's because we're going 
to a very fancy restaurant.</p>
  <p time="7240" is_ac="false">So fancy, they told us they were gonna pick us up.</p>
  <p time="9600" is_ac="false">In a Rolls Royce.</p>
  <p time="10840" is_ac="false">A gold Rolls Royce.</p>
  <p time="12440" is_ac="false">Here we are, on our way to potentially 
the fanciest restaurant in Asia.</p>
  <p time="17000" is_ac="false">I am suddenly starving.</p>
  <p time="19160" is_ac="false">Me too.</p>
  <p time="19720" is_ac="false">Now that we're in the building.</p>
  <p time="21080" is_ac="false">I know it's 37 floors up,</p>
  <p time="22560" is_ac="false">but I feel like I can smell it.</p>
  <p time="24320" is_ac="false">Yeah.</p>
  <p time="25560" is_ac="false">39!</p>
  <p time="26600" is_ac="false">This way please.</p>
  <p time="27640" is_ac="false">Thank you so much.</p>
  <p time="29000" is_ac="false">Okay.</p>
  <p time="29720" is_ac="false">Oh look at that!</p>
  <p time="30440" is_ac="false">That's all wine.</p>
  <p time="31680" is_ac="false">That is a wall of wine.</p>
  <p time="33720" is_ac="false">Thank you very much.</p>
  <p time="34560" is_ac="false">43!</p>
  <p time="35560" is_ac="false">We're going literally to the 
top of this enormous building.</p>
  <p time="39440" is_ac="false">Oh my gosh.</p>
  <p time="44360" is_ac="false">Okay.</p>
  <p time="45560" is_ac="false">We are in the flipping dome,</p>
  <p time="47840" is_ac="false">- of the top of the building.
- Apparently it's the second biggest  </p>
  <p time="49560" is_ac="false">chandelier in the world.</p>
  <p time="51200" is_ac="false">That there?</p>
  <p time="52440" is_ac="false">Oh my gosh, I didn't even see the chandelier.</p>
  <p time="54360" is_ac="false">Look at that!</p>
  <p time="55320" is_ac="false">What?</p>
  <p time="56080" is_ac="false">I'm so glad I'm wearing rich 
person camouflage right now.</p>
  <p time="60560" is_ac="false">I'm literally invisible.</p>
  <p time="62280" is_ac="false">You're an idiot.</p>
  <p time="63320" is_ac="false">Guys, this is insane.</p>
  <p time="64680" is_ac="false">What is life?</p>
  <p time="68000" is_ac="false">I'm just nervously laughing.</p>
  <p time="69800" is_ac="false">I have no words.</p>
  <p time="71240" is_ac="false">Do they know who we are?</p>
  <p time="73800" is_ac="false">Good evening,</p>
  <p time="74560" is_ac="false">Would you like some champagne before dinner?</p>
  <p time="77220" is_ac="false">- Sure.
- I wouldn't say no.</p>
  <p time="78144" is_ac="false">If you insist.</p>
  <p time="80680" is_ac="false">Are you going to try the champagne, Ollie?</p>
  <p time="82560" is_ac="false">No, no.</p>
  <p time="83280" is_ac="false">It's going to be good.</p>
  <p time="84160" is_ac="false">I'll taste it.</p>
  <p time="86400" is_ac="false">Is it good?</p>
  <p time="87160" is_ac="false">Wow, yeah.</p>
  <p time="88480" is_ac="false">Yeah, that's very good.</p>
  <p time="90160" is_ac="false">That's very good.</p>
  <p time="91120" is_ac="false">To us.</p>
  <p time="91960" is_ac="false">To...</p>
  <p time="92840" is_ac="false">To...</p>
  <p time="98480" is_ac="false">This is so surreal.</p>
  <p time="99760" is_ac="false">So here's our bread trolley.</p>
  <p time="103480" is_ac="false">I would like all of them.</p>
  <p time="104780" is_ac="false">- I kinda wanna try one of everything.
- I love bread.</p>
  <p time="108480" is_ac="false">Here we have our butter selection.</p>
  <p time="110480" is_ac="false">One is salted,</p>
  <p time="111200" is_ac="false">and the other is unsalted.</p>
  <p time="112760" is_ac="false">I love a bit of salty butter.</p>
  <p time="115400" is_ac="false">Oh wow!</p>
  <p time="117440" is_ac="false">Goodness me!</p>
  <p time="119840" is_ac="false">We haven't even started on 
the food yet and already...</p>
  <p time="122640" is_ac="false">I didn't breathe while he was doing that!</p>
  <p time="126160" is_ac="false">Wow!</p>
  <p time="127400" is_ac="false">Look at that!</p>
  <p time="128480" is_ac="false">Goodness me!</p>
  <p time="129760" is_ac="false">Mini croissant?</p>
  <p time="131120" is_ac="false">Oh it's so light!</p>
  <p time="140302" is_ac="false">It's perfect.</p>
  <p time="141400" is_ac="false">It's so light and fluffy.</p>
  <p time="143580" is_ac="false">Mmm.</p>
  <p time="144920" is_ac="false">I feel like I would tell Lizzie.</p>
  <p time="146560" is_ac="false">I had this dream I was on a 
really romantic date with Josh.</p>
  <p time="149760" is_ac="false">Okay.
Okay.</p>
  <p time="151680" is_ac="false">I hope that's not a 
conversation that happens often.</p>
  <p time="154040" is_ac="false">I was on a really romantic date.</p>
  <p time="155800" is_ac="false">She's like, "Oh, that's nice."</p>
  <p time="157040" is_ac="false">With Josh.</p>
  <p time="160120" is_ac="false">Good evening. x2</p>
  <p time="160720" is_ac="false">Hello.</p>
  <p time="161600" is_ac="false">I'm Julien.</p>
  <p time="162299" is_ac="false">- Nice to meet you.
- Nice to meet you, Chef Julien.</p>
  <p time="164400" is_ac="false">For your first, to get your appetite going,</p>
  <p time="167200" is_ac="false">Oh.</p>
  <p time="168520" is_ac="false">Oh.</p>
  <p time="169480" is_ac="false">Whoa.</p>
  <p time="171200" is_ac="false">This one is uni with lardo and coffee.</p>
  <p time="175080" is_ac="false">For the non-uni,</p>
  <p time="175920" is_ac="false">I prepared for you two shrimp balls.</p>
  <p time="177880" is_ac="false">- Wonderful.
- Amazing.</p>
  <p time="178840" is_ac="false">My pleasure.</p>
  <p time="179400" is_ac="false">Thank you so much.</p>
  <p time="180501" is_ac="false">Enjoy your dinner.</p>
  <p time="181320" is_ac="false">Chef just came out.</p>
  <p time="183666" is_ac="false">He introduced the dish in person!</p>
  <p time="185440" is_ac="false">What's uni?</p>
  <p time="186860" is_ac="false">Uni is sea urchin.</p>
  <p time="188440" is_ac="false">Uni is nomally a really intense flavour.</p>
  <p time="191160" is_ac="false">He's given this to us basically right off the bat.</p>
  <p time="193880" is_ac="false">And then gold flakes.</p>
  <p time="195840" is_ac="false">Alright.</p>
  <p time="196440" is_ac="false">French chef playing to type.</p>
  <p time="198840" is_ac="false">Yeah, intense flavours, they love it.</p>
  <p time="215320" is_ac="false">Whoa!</p>
  <p time="217920" is_ac="false">Really intense like sea flavour,</p>
  <p time="221000" is_ac="false">but so creamy.</p>
  <p time="223080" is_ac="false">That biscuit on the bottom,</p>
  <p time="224320" is_ac="false">maybe that was the coffee biscuit.</p>
  <p time="225788" is_ac="false">Biscuit was doing some heavy lifting there.</p>
  <p time="227160" is_ac="false">Definitely the best fish cake I've ever had.</p>
  <p time="230320" is_ac="false">Doesn't really feel right 
to call that a fish cake.</p>
  <p time="232755" is_ac="false">- It was basically an uni ball,
- It was on a biscuit base.</p>
  <p time="235320" is_ac="false">instead of a meatball.</p>
  <p time="236560" is_ac="false">Now, shrimp ball.</p>
  <p time="248120" is_ac="false">Wow.</p>
  <p time="249200" is_ac="false">Okay.</p>
  <p time="249880" is_ac="false">That's so good.</p>
  <p time="250920" is_ac="false">It's a shrimp ball in spicy mayo.</p>
  <p time="253800" is_ac="false">But...</p>
  <p time="254360" is_ac="false">It's perfect.</p>
  <p time="255040" is_ac="false">It's perfect.</p>
  <p time="256000" is_ac="false">It tastes how you imagine 
it, but five times better.</p>
  <p time="259680" is_ac="false">Oh, dome, that's good.</p>
  <p time="262080" is_ac="false">Okay, you were saving that one.</p>
  <p time="266200" is_ac="false">Oh my gosh, I need to wash that down.</p>
  <p time="270440" is_ac="false">Here comes Julien.</p>
  <p time="271400" is_ac="false">Oh, oh, oh, oh.</p>
  <p time="274680" is_ac="false">For your second dish is a signature dish,</p>
  <p time="277520" is_ac="false">a king crab on the bottom of your caviar,</p>
  <p time="279800" is_ac="false">with lobster jelly.</p>
  <p time="281080" is_ac="false">And the point is cauliflower cream.</p>
  <p time="283000" is_ac="false">This one is one dish Mr. Robuchon created,</p>
  <p time="284960" is_ac="false">more than 40 years ago.</p>
  <p time="286320" is_ac="false">- 40 years ago?
- Wow!</p>
  <p time="287880" is_ac="false">Thank you so much.</p>
  <p time="288880" is_ac="false">This is beautiful.</p>
  <p time="290280" is_ac="false">You're an artist.</p>
  <p time="292040" is_ac="false">We try, we try.</p>
  <p time="292758" is_ac="false">- Thank you so much.
- Bon appetit.</p>
  <p time="295200" is_ac="false">It's perfect.</p>
  <p time="296200" is_ac="false">How can you eat that?</p>
  <p time="297600" is_ac="false">That's the most beautiful 
thing I've ever been served.</p>
  <p time="299880" is_ac="false">You could frame that.</p>
  <p time="300720" is_ac="false">- Yeah.
- Put it up on the wall.</p>
  <p time="302120" is_ac="false">Probably in the last couple of days 
because it would start to go mouldy.</p>
  <p time="305353" is_ac="false">Oh, it jiggles!</p>
  <p time="306240" is_ac="false">It jiggles!</p>
  <p time="308200" is_ac="false">The posher a restaurant is,</p>
  <p time="310320" is_ac="false">the more jelly there is.</p>
  <p time="312720" is_ac="false">Let's go, let's go, let's go.</p>
  <p time="314440" is_ac="false">I don't know if I can.</p>
  <p time="317360" is_ac="false">- Watch me.
- I just want to frame it.</p>
  <p time="323800" is_ac="false">Wow, that was extremely undignified.</p>
  <p time="325872" is_ac="false">I think you just touched it with your hand.</p>
  <p time="327960" is_ac="false">There's a fork as well,</p>
  <p time="328960" is_ac="false">so you don't have to do that.</p>
  <p time="338000" is_ac="false">Wow.</p>
  <p time="338840" is_ac="false">Oh my gosh.</p>
  <p time="340000" is_ac="false">It just keeps going.</p>
  <p time="341520" is_ac="false">So much flavour.</p>
  <p time="342680" is_ac="false">That is so fishy!</p>
  <p time="346080" is_ac="false">In the best possible way.</p>
  <p time="348360" is_ac="false">It just tastes like fishy cream.</p>
  <p time="350480" is_ac="false">Fishy cream.</p>
  <p time="352760" is_ac="false">Which doesn't sound good.</p>
  <p time="353840" is_ac="false">Lobster flavoured cream.</p>
  <p time="355400" is_ac="false">Lobster cream.</p>
  <p time="356180" is_ac="false">- Sounds a bit weird.
- Also weird.</p>
  <p time="358080" is_ac="false">Oh, Julien.</p>
  <p time="359480" is_ac="false">What?
This one is langoustine ravioli,</p>
  <p time="362160" is_ac="false">Mr. Robuchon created this recipe,</p>
  <p time="364200" is_ac="false">because he started to travel in Asia.</p>
  <p time="366320" is_ac="false">When he came back,</p>
  <p time="367040" is_ac="false">he had the idea to make the ravioli,</p>
  <p time="369440" is_ac="false">look like a dumpling.</p>
  <p time="370520" is_ac="false">What is a little bit different is,</p>
  <p time="372560" is_ac="false">we put foie gras sauce.</p>
  <p time="373880" is_ac="false">Beautiful.</p>
  <p time="375280" is_ac="false">Whoa!</p>
  <p time="376280" is_ac="false">Langoustine and black truffle inside.</p>
  <p time="387680" is_ac="false">Oh wow.</p>
  <p time="389480" is_ac="false">It's gone. It's gone.</p>
  <p time="391000" is_ac="false">The foie gras sauce you think is going 
to be overpowering is not at all.</p>
  <p time="393800" is_ac="false">It subtly compliments the flavours.</p>
  <p time="396200" is_ac="false">Dome-it. That is so good.</p>
  <p time="398280" is_ac="false">Shut up.</p>
  <p time="399440" is_ac="false">That's like that's an emotional dish.</p>
  <p time="401680" is_ac="false">It packs a punch like Jean-Claude Van Dome.</p>
  <p time="404480" is_ac="false">Stop, stop.</p>
  <p time="407840" is_ac="false">I've had too much wine.</p>
  <p time="409960" is_ac="false">Truffle really compliments.</p>
  <p time="411680" is_ac="false">Who are you calling?</p>
  <p time="413360" is_ac="false">You're calling Mr. Z.</p>
  <p time="414920" is_ac="false">Z!</p>
  <p time="415800" is_ac="false">He answered!</p>
  <p time="416840" is_ac="false">Hi guys.</p>
  <p time="417560" is_ac="false">How you doing?</p>
  <p time="418560" is_ac="false">Why are you in a tux?</p>
  <p time="420740" is_ac="false">Firstly, we're missing you here.</p>
  <p time="422680" is_ac="false">That is the second biggest 
chandelier in the world.</p>
  <p time="426680" is_ac="false">At the top of the Grand Lisboa,</p>
  <p time="428360" is_ac="false">like the most iconic famous hotel in Macau.</p>
  <p time="431840" is_ac="false">We're in a three Michelin star restaurant,</p>
  <p time="433920" is_ac="false">that's had its three stars for 15 years.</p>
  <p time="436600" is_ac="false">This is a Linguist... Linguistine?</p>
  <p time="439160" is_ac="false">Langoustine.</p>
  <p time="439800" is_ac="false">Langoustine Ravioli.</p>
  <p time="441720" is_ac="false">- It's the best pasta I've ever had.
- Okay, calm down.</p>
  <p time="446187" is_ac="false">- And it was made by a French chef in Macau.
- Stop, stop.</p>
  <p time="449480" is_ac="false">How?</p>
  <p time="450640" is_ac="false">That's not possible.</p>
  <p time="451520" is_ac="false">Does it taste 3 stars?</p>
  <p time="453080" is_ac="false">Oh, this experience...</p>
  <p time="455040" is_ac="false">300.</p>
  <p time="455680" is_ac="false">It's a whole constellation.</p>
  <p time="457240" is_ac="false">Wow. x5</p>
  <p time="458480" is_ac="false">So good to see you, man.</p>
  <p time="459320" is_ac="false">- I missed you.
- Enjoy your dinner.</p>
  <p time="460600" is_ac="false">We'll see you soon.</p>
  <p time="461680" is_ac="false">Ciao!</p>
  <p time="462360" is_ac="false">Enj...</p>
  <p time="463040" is_ac="false">Oh, I hung up on Z.</p>
  <p time="464840" is_ac="false">Oh my gosh.</p>
  <p time="466040" is_ac="false">With the local vegetable,</p>
  <p time="467680" is_ac="false">we have some beautiful green peas,</p>
  <p time="469040" is_ac="false">you have some bok choy,</p>
  <p time="470320" is_ac="false">and after we're making a bisque,</p>
  <p time="471840" is_ac="false">but we're making it the same as a fish soup.</p>
  <p time="474440" is_ac="false">Fantastic.</p>
  <p time="475100" is_ac="false">And what's the bubbles?</p>
  <p time="476760" is_ac="false">It's a fennel cream.</p>
  <p time="477720" is_ac="false">- Thank you.
- Wow.</p>
  <p time="479320" is_ac="false">Every dish here has felt like,</p>
  <p time="480880" is_ac="false">it could be hung in the Louvre.</p>
  <p time="482600" is_ac="false">Sometimes you go to a restaurant and you think,</p>
  <p time="483680" is_ac="false">"Oh, a bit of practice, I could cook that."</p>
  <p time="485520" is_ac="false">Yeah, this is yeah.</p>
  <p time="487040" is_ac="false">That's a really good point.</p>
  <p time="488630" is_ac="false">I look at this and I go,</p>
  <p time="490720" is_ac="false">"How do you make foam?"</p>
  <p time="492714" is_ac="false">A lot of practice I would struggle to cook that.</p>
  <p time="495674" is_ac="false">Is it like you're in a bubble bath,</p>
  <p time="497278" is_ac="false">and you just put more in and go like that?
Well this is,</p>
  <p time="499320" is_ac="false">this is a dome of lobster right there.</p>
  <p time="501480" is_ac="false">It is staring me in the face.</p>
  <p time="505040" is_ac="false">Dome it!</p>
  <p time="508680" is_ac="false">Dome it.</p>
  <p time="509240" is_ac="false">Tres bien.</p>
  <p time="510950" is_ac="false">Tres bien.
Maybe before the foam pops,</p>
  <p time="512200" is_ac="false">we need to get stuck in with the bubbles?</p>
  <p time="513920" is_ac="false">I want to have a bit of this.</p>
  <p time="515120" is_ac="false">What is that?</p>
  <p time="518320" is_ac="false">I have no idea what that is.</p>
  <p time="521280" is_ac="false">Oh, it's so meaty.</p>
  <p time="522680" is_ac="false">Oh, that is a lobster claw.</p>
  <p time="524720" is_ac="false">Let's do it.</p>
  <p time="533634" is_ac="false">Heck yeah.</p>
  <p time="535440" is_ac="false">Beautifully meaty.</p>
  <p time="536560" is_ac="false">I think this might be the third 
time we've had lobster this week.</p>
  <p time="539960" is_ac="false">It's also the third time we've had caviar.</p>
  <p time="542040" is_ac="false">Shut up.</p>
  <p time="543440" is_ac="false">Are you serious?</p>
  <p time="544280" is_ac="false">Yeah, you know, I was nervous when we arrived,</p>
  <p time="546880" is_ac="false">but I think I'm used to this now.</p>
  <p time="548760" is_ac="false">Okay, you need to chill out.</p>
  <p time="550520" is_ac="false">You need to take a chill pill.</p>
  <p time="552152" is_ac="false">Are you ready for your second main course?</p>
  <p time="554840" is_ac="false">Oh wow.</p>
  <p time="555680" is_ac="false">So still have room right?</p>
  <p time="556760" is_ac="false">- Yeah, of course.
- Of course.</p>
  <p time="558040" is_ac="false">Definitely.</p>
  <p time="558680" is_ac="false">If it's for food here,</p>
  <p time="560000" is_ac="false">I will just keep eating forever.</p>
  <p time="561200" is_ac="false">I'll keep eating until I die.</p>
  <p time="562960" is_ac="false">Oh gosh.</p>
  <p time="563640" is_ac="false">Oh wow.</p>
  <p time="564160" is_ac="false">The box is smoking!</p>
  <p time="565352" is_ac="false">- Yes.
- Oh, it's smoking a lot.</p>
  <p time="566960" is_ac="false">Do you guys have fire alarms here?</p>
  <p time="568800" is_ac="false">Yes.</p>
  <p time="569440" is_ac="false">Yeah, but don't worry.</p>
  <p time="571120" is_ac="false">It's only for the black smoke.</p>
  <p time="572720" is_ac="false">Oh my gosh!</p>
  <p time="573960" is_ac="false">Poor old Roman.</p>
  <p time="574680" is_ac="false">Is it really heavy?</p>
  <p time="575960" is_ac="false">You're hunched forward quite a lot.</p>
  <p time="577840" is_ac="false">He goes to the gym every week.</p>
  <p time="578920" is_ac="false">Oh yeah?</p>
  <p time="581080" is_ac="false">One of our signature dishes,</p>
  <p time="582920" is_ac="false">it's a Beef Rossini,</p>
  <p time="584360" is_ac="false">with beef and foie gras.</p>
  <p time="585680" is_ac="false">But for this version we 
decide to cook them together.</p>
  <p time="588440" is_ac="false">Half beef, half foie gras.</p>
  <p time="592640" is_ac="false">This one is the famous mashed potato.</p>
  <p time="595240" is_ac="false">Oh!</p>
  <p time="595640" is_ac="false">Mr. Robuchon became very famous in France,</p>
  <p time="598560" is_ac="false">and in the world for this mashed potato.</p>
  <p time="600480" is_ac="false">- Really?
- Yes.</p>
  <p time="602400" is_ac="false">The time has come.</p>
  <p time="603760" is_ac="false">Oh wow, look at that.</p>
  <p time="606458" is_ac="false">Cheers mate.</p>
  <p time="622440" is_ac="false">So much flavour.</p>
  <p time="625320" is_ac="false">It's like a neutron star of flavour.</p>
  <p time="627120" is_ac="false">Okay.</p>
  <p time="630880" is_ac="false">You just Oppenheimered your taste buds.</p>
  <p time="633580" is_ac="false">I've got to try this mash.</p>
  <p time="635800" is_ac="false">Oh my gosh.</p>
  <p time="639280" is_ac="false">Mmm.</p>
  <p time="643240" is_ac="false">Oh my gosh.</p>
  <p time="645800" is_ac="false">That is the best mashed potato I've ever had.</p>
  <p time="649120" is_ac="false">Never have I cared less that 
I'm allergic to potatoes.</p>
  <p time="652040" is_ac="false">You should stop eating that.</p>
  <p time="653000" is_ac="false">- You should stop eating that.
- This is incredible.</p>
  <p time="656160" is_ac="false">Somebody needs to try this.</p>
  <p time="661920" is_ac="false">Wow...</p>
  <p time="662640" is_ac="false">Yeah.</p>
  <p time="663120" is_ac="false">I think I should try that one,</p>
  <p time="663980" is_ac="false">- just to make sure, they're the same.
- No, no, no, you get some mash.</p>
  <p time="666120" is_ac="false">Have some mash, have some mash.</p>
  <p time="668040" is_ac="false">Have some mash.</p>
  <p time="670440" is_ac="false">That mash.</p>
  <p time="672120" is_ac="false">That's a British person,</p>
  <p time="672880" is_ac="false">- who loves mashed potato.
- Yeah.</p>
  <p time="675120" is_ac="false">I think this trip has just like,</p>
  <p time="677160" is_ac="false">ruined any other meal I might ever have.</p>
  <p time="680240" is_ac="false">Yeah.</p>
  <p time="681480" is_ac="false">This mash is incredible.</p>
  <p time="684400" is_ac="false">You're gonna hate me for saying this.</p>
  <p time="685960" is_ac="false">Oh, what are you gonna say?</p>
  <p time="687080" is_ac="false">It is better, but it is reminiscent,</p>
  <p time="689960" is_ac="false">of the mash you get in IKEA.</p>
  <p time="696200" is_ac="false">Right?</p>
  <p time="697280" is_ac="false">You've had... right?</p>
  <p time="698640" is_ac="false">No!</p>
  <p time="699960" is_ac="false">Cristiano Ronaldo or Lionel Messi play football.</p>
  <p time="702520" is_ac="false">I also play football.</p>
  <p time="704160" is_ac="false">Exactly.</p>
  <p time="704720" is_ac="false">Now in the moment I could score a wonderful goal.</p>
  <p time="707040" is_ac="false">Yeah, Luke could score a Messi-like goal.</p>
  <p time="710280" is_ac="false">Like, it's not beyond him.</p>
  <p time="712120" is_ac="false">Thank you,</p>
  <p time="713342" is_ac="false">I appreciate that.
But much like IKEA,</p>
  <p time="714720" is_ac="false">it would be a lot cheaper to sign you,</p>
  <p time="716800" is_ac="false">- for your team.
- Yeah.</p>
  <p time="718160" is_ac="false">And the difference is,</p>
  <p time="719320" is_ac="false">Luke's gonna score out once in his lifetime,</p>
  <p time="721360" is_ac="false">whereas Messi will do it once a week.</p>
  <p time="722920" is_ac="false">Messi!</p>
  <p time="725040" is_ac="false">Macau.</p>
  <p time="725960" is_ac="false">Amazing place.</p>
  <p time="727160" is_ac="false">Turns out David Beckham genuinely 
knows what he's talking about.</p>
  <p time="730600" is_ac="false">So the first day was Jade Dragon.</p>
  <p time="732760" is_ac="false">Oh my gosh.</p>
  <p time="734080" is_ac="false">-Three Michelin stars.
- It's a strange material to make a dragon out of,</p>
  <p time="737000" is_ac="false">because it's very heavy.</p>
  <p time="739136" is_ac="false">- Three Michelin star,
- Dragons have got to fly.</p>
  <p time="740600" is_ac="false">Chinese food.</p>
  <p time="742160" is_ac="false">That was literally just a 
little taste of what's to come.</p>
  <p time="746000" is_ac="false">It really was.</p>
  <p time="746880" is_ac="false">It is going to be hard to 
reintegrate back into normal life,</p>
  <p time="750840" is_ac="false">because we have been utterly 
spoiled over the last week.</p>
  <p time="754480" is_ac="false">If you haven't caught every 
episode, you should go back,</p>
  <p time="756880" is_ac="false">start from the beginning.</p>
  <p time="758040" is_ac="false">Every single meal we've had here,</p>
  <p time="760120" is_ac="false">I feel like has just been a revelation.</p>
  <p time="761760" is_ac="false">The egg tarts.</p>
  <p time="763040" is_ac="false">Oh my gosh.</p>
  <p time="764480" is_ac="false">People often think of them like how 
you think of Vegas or like gambling.</p>
  <p time="768560" is_ac="false">We haven't gambled at all since we've been here.</p>
  <p time="770200" is_ac="false">We gambled with our digestive system.</p>
  <p time="774200" is_ac="false">There's so much more to be had.</p>
  <p time="775840" is_ac="false">so much more to be experienced and tried,</p>
  <p time="779520" is_ac="false">when you're here in Macau.</p>
  <p time="780560" is_ac="false">And it is 100% worth the journey.</p>
  <p time="784872" is_ac="false">So some cheese after the main course.</p>
  <p time="788000" is_ac="false">Some cheese?</p>
  <p time="789280" is_ac="false">- Wow.
- That's a lot of cheese.</p>
  <p time="792194" is_ac="false">Yes.</p>
  <p time="792198" is_ac="false">- Paul!
- We can't have all of it.</p>
  <p time="794280" is_ac="false">Well, hey, don't say can't.</p>
  <p time="796160" is_ac="false">Okay.</p>
  <p time="796640" is_ac="false">We probably shouldn't.</p>
  <p time="797920" is_ac="false">So we have the Mimolette,</p>
  <p time="799240" is_ac="false">we have the Brillat-Savarin,</p>
  <p time="800800" is_ac="false">Reblochon,</p>
  <p time="801920" is_ac="false">the strong Epoisses.</p>
  <p time="803720" is_ac="false">Oh, we had this in a video.</p>
  <p time="805160" is_ac="false">This one's banned on French transport.</p>
  <p time="808480" is_ac="false">Oh!</p>
  <p time="809040" is_ac="false">- I forgot how strong it is.
- Strong, strong.</p>
  <p time="812400" is_ac="false">These are my favourite!</p>
  <p time="813560" is_ac="false">Those are the Carr's!</p>
  <p time="815480" is_ac="false">And we have some bread for your cheese.</p>
  <p time="817560" is_ac="false">Did somebody tell you that,</p>
  <p time="819020" is_ac="false">- these are his favourite snack in the world?
- Oh really?</p>
  <p time="821280" is_ac="false">I have these plain.</p>
  <p time="822440" is_ac="false">Surely, Adam, surely you told them.</p>
  <p time="825309" is_ac="false">No, no, no.
Wow.</p>
  <p time="825840" is_ac="false">- I feel like we should start with the Brie.
- Definitely.</p>
  <p time="829280" is_ac="false">Oh my gosh.</p>
  <p time="830860" is_ac="false">- It's like cream cheese.
- It's literally like cream cheese.</p>
  <p time="833880" is_ac="false">Cheers, mate.</p>
  <p time="839461" is_ac="false">- Mm.
- Oh wow.</p>
  <p time="843600" is_ac="false">Cream cheese?</p>
  <p time="844520" is_ac="false">What the heck?</p>
  <p time="845800" is_ac="false">That's brie!</p>
  <p time="847840" is_ac="false">That is so easy going.</p>
  <p time="849820" is_ac="false">- We should probably wrap up this video, man.
- We should.</p>
  <p time="852120" is_ac="false">We've been here for three and a half hours.</p>
  <p time="855040" is_ac="false">How do you end a video like this?</p>
  <p time="856800" is_ac="false">I suppose simply to say thank you to Julien,</p>
  <p time="859960" is_ac="false">to Paul and Roman,</p>
  <p time="861200" is_ac="false">and to everyone who cooked 
and served us this evening,</p>
  <p time="864160" is_ac="false">and to everyone in Macau who's looked after us.</p>
  <p time="866200" is_ac="false">It's been an amazing trip.</p>
  <p time="867560" is_ac="false">I really, really want to come back one day.</p>
  <p time="869800" is_ac="false">I actually don't want to go home.</p>
  <p time="871760" is_ac="false">I'm sad to leave.</p>
  <p time="872840" is_ac="false">Gabie's probably going to watch this.</p>
  <p time="874400" is_ac="false">Look, I want to bring Gabie here.</p>
  <p time="876720" is_ac="false">I don't want to go back, you know what I mean?</p>
  <p time="878280" is_ac="false">Yeah, OK.</p>
  <p time="879000" is_ac="false">Wow, Macau.</p>
  <p time="880460" is_ac="false">Mmm.</p>
  <p time="881240" is_ac="false">You're just eating...</p>
  <p time="882080" is_ac="false">Sorry, I'm spitting everywhere.</p>
  <p time="883960" is_ac="false">You are just eating,</p>
  <p time="885400" is_ac="false">a dry cracker at the end of this entire meal.</p>
  <p time="889520" is_ac="false">You're eating a plain Carr's cracker.</p>
  <p time="892240" is_ac="false">That is the most Ollie thing I 
have ever seen in my entire life.</p>
  <p time="896040" is_ac="false">Well, on that note,</p>
  <p time="898240" is_ac="false">We'll see you jolly soon.</p>
</text>
