<?xml version='1.0' encoding='UTF-8'?>
<text date_d="29" date_m="3" date_y="2024" format="srv3" age_limit="0" comment_count="1300" description="Go to https://drinkag1.com/jolly to get a FREE 1-year supply of Vitamin D3+K2 and 5 AG1 travel packs with your first purchase. Thanks to AG1 for sponsoring today's video!&#10;&#10;On today's leg of the New York trip, we were joined by a trio of fellow creators - @Meals_by_cug  @GothamChess and Brian Quinn - who introduced us to each of their favourite Pizza spots in the city!&#10;&#10;Check out our latest JOLLY merch at http://getjolly.store&#10;&#10;Click here to buy Josh's bestselling autobiography! https://amzn.eu/d/73xtwcy&#10;&#10;Hit join and become a Jollybean member to join us in our members-only livestreams:&#10;https://www.youtube.com/jolly/join&#10;&#10;Special thanks to our Jollybean VIPs for supporting us in making this video!&#10;&#10;Kyle Ann&#10;TIFFANY JACOBS&#10;Johnathon Randle&#10;Li Winslow&#10;Bettie Meier&#10;Claim2Game (a.k.a isaiah gollan 20)&#10;James Wilson&#10;63angel&#10;Florian Adamek&#10;Raileigh GJ&#10;tralalaladee&#10;Vicky Bham&#10;Jamedalamus&#10;David Whitener&#10;Reilly Willoughby&#10;12rose3&#10;Julian Leung&#10;Yun Lim&#10;Laykan Dowdy&#10;heather owen&#10;CitrusQuill&#10;Gloria Kwon&#10;lira12tan&#10;Andi526" fulltitle="Brits try the Best Pizzas in New York!" like_count="31718" location="na" playlist_title="na" release_date="na" upload_date="20240329" repost_count="na" tags="JOLLY; josh; ollie; British; UK; English; englishman; comedy; duo; food; react; try; tries; best; weirdest; craziest; series; online; guest; memes; Gentleman; Brits; international; spicy; spiciest; hottest; noodles; snacks; fast food; best friends; infinite possibilities; gabie; kook; carrott; kendal; review; taste; test; steven lim; watcher; travel; sorted food; highschoolers; meme; tiktok; weird; rappers; actually good; paris; london; L.A.; mcdonalds; michelin; crazy; asmr; mukbang; nyc; new york; city; american; biscuits; gravy; southern; " title="Brits try the Best Pizzas in New York!" uploader="JOLLY" view_count="778897" webpage_url="https://www.youtube.com/watch?v=nXnB-mEzrls" autocaption="false">
  <p time="0" is_ac="false">So you can't come to New York and not have pizza.</p>
  <p time="3040" is_ac="false">I mean it's the city of pizza.</p>
  <p time="4640" is_ac="false">Suck it Naples.</p>
  <p time="5360" is_ac="false">Who needs Italy?</p>
  <p time="8000" is_ac="false">The pizza's good.</p>
  <p time="8800" is_ac="false">But when we met Cug he said there was one place we really needed to check out.</p>
  <p time="12640" is_ac="false">Gosh the pizza there changed my perception of what pizza can be.</p>
  <p time="17371" is_ac="false">Yes.</p>
  <p time="19852" is_ac="false">Look at that.</p>
  <p time="20480" is_ac="false">This is your entry into the best pizza slice in New York.</p>
  <p time="23360" is_ac="false">This is complete.</p>
  <p time="24560" is_ac="false">Very little flop on that.</p>
  <p time="26080" is_ac="false">Oh my gosh.</p>
  <p time="27040" is_ac="false">Oh wow.</p>
  <p time="27760" is_ac="false">Oh my gosh.</p>
  <p time="29040" is_ac="false">Crispy.</p>
  <p time="29840" is_ac="false">Yeah it took like a viagra you know?</p>
  <p time="31440" is_ac="false">Yeah that is a...</p>
  <p time="34334" is_ac="false">This is what makes pizza dreams right here.</p>
  <p time="36480" is_ac="false">Now I notice you even though it's a super thin slice you still fold it.</p>
  <p time="40400" is_ac="false">I still fold it.</p>
  <p time="41280" is_ac="false">That's the way you eat it.</p>
  <p time="42160" is_ac="false">I've got to fold it.</p>
  <p time="42800" is_ac="false">Okay.</p>
  <p time="48967" is_ac="false">Wow.</p>
  <p time="50080" is_ac="false">That is a pizza slice with no cheese.</p>
  <p time="52444" is_ac="false">Yeah this is vegan actually.</p>
  <p time="53600" is_ac="false">It's vegan.</p>
  <p time="54960" is_ac="false">On a technical standpoint.</p>
  <p time="56000" is_ac="false">Wow.</p>
  <p time="56640" is_ac="false">I'm not gonna lie that was the last thing I expected but that is incredible.</p>
  <p time="59680" is_ac="false">The crisp on the bottom.</p>
  <p time="61100" is_ac="false">Yeah.</p>
  <p time="61600" is_ac="false">And it's not greasy at all.</p>
  <p time="63200" is_ac="false">Luke what do you think?</p>
  <p time="64160" is_ac="false">It's amazing.</p>
  <p time="65040" is_ac="false">Is that is that not just incredible?</p>
  <p time="66880" is_ac="false">I've never has a crispy pizza.</p>
  <p time="69360" is_ac="false">Significantly floppier on this.</p>
  <p time="71200" is_ac="false">Yeah.</p>
  <p time="78609" is_ac="false">Wow.</p>
  <p time="79380" is_ac="false">What the heck.</p>
  <p time="82188" is_ac="false">Why do we ever eat pizza in the UK?</p>
  <p time="85043" is_ac="false">Why do we waste our time?</p>
  <p time="87440" is_ac="false">It's so good.</p>
  <p time="88320" is_ac="false">It's so much better.</p>
  <p time="89200" is_ac="false">It's so good Josh.</p>
  <p time="90560" is_ac="false">It's the tomato sweet.</p>
  <p time="92320" is_ac="false">The pepperoni tastes fresh.</p>
  <p time="94320" is_ac="false">Yeah it's good.</p>
  <p time="95280" is_ac="false">Oh my gosh.</p>
  <p time="96400" is_ac="false">What is distinctive about a New York style pizza?</p>
  <p time="99280" is_ac="false">New York has just been making pizza for so long.</p>
  <p time="101840" is_ac="false">It's just like part of the culture.</p>
  <p time="104000" is_ac="false">It's like you guys with fish and chips.</p>
  <p time="105920" is_ac="false">You've never tried fish and chips have you?</p>
  <p time="107600" is_ac="false">Yeah.</p>
  <p time="109434" is_ac="false">Because that is an insulting comparison.</p>
  <p time="110960" is_ac="false">To what we're eating right now.</p>
  <p time="113440" is_ac="false">White pizza.</p>
  <p time="114960" is_ac="false">Now it almost feels criminal having a slice without any tomato sauce on it.</p>
  <p time="118800" is_ac="false">Or the lemon.</p>
  <p time="119600" is_ac="false">That's the kick here.</p>
  <p time="120560" is_ac="false">Yeah.</p>
  <p time="121766" is_ac="false">There's a little brightness to it.</p>
  <p time="123680" is_ac="false">Like a little crepe.</p>
  <p time="124640" is_ac="false">It honestly just looks like a meringue pizza.</p>
  <p time="126980" is_ac="false">It smells super fresh.</p>
  <p time="128240" is_ac="false">Oh yeah okay.</p>
  <p time="129200" is_ac="false">Again nice and crisp.</p>
  <p time="137624" is_ac="false">That's beautiful.</p>
  <p time="138480" is_ac="false">It kind of does taste meringue.</p>
  <p time="140080" is_ac="false">I mean it's basically reminiscent of like a lemon tart.</p>
  <p time="143280" is_ac="false">Like thin you know we have the thin pancakes in England.</p>
  <p time="145520" is_ac="false">We put lemon and a little bit of sugar on it.</p>
  <p time="147440" is_ac="false">Yeah.</p>
  <p time="147940" is_ac="false">It's kind of regularly reminiscent of that but very hard to describe.</p>
  <p time="151160" is_ac="false">Yeah it's very different.</p>
  <p time="152120" is_ac="false">It's a different white slice.</p>
  <p time="153560" is_ac="false">Oh it's incredible.</p>
  <p time="154680" is_ac="false">Most whites are just like mutz and ricotta.</p>
  <p time="157320" is_ac="false">Oh but the lemon really works.</p>
  <p time="158840" is_ac="false">Yeah.</p>
  <p time="159320" is_ac="false">It's really really good.</p>
  <p time="160600" is_ac="false">I mean they're mixing up here.</p>
  <p time="161560" is_ac="false">They've got pizza without cheese.</p>
  <p time="163080" is_ac="false">Then they've got pizza without tomato.</p>
  <p time="164760" is_ac="false">Right and pizza with lemon.</p>
  <p time="166520" is_ac="false">Ducky can you try that?</p>
  <p time="167320" is_ac="false">Have you ever had pizza with lemon?</p>
  <p time="168840" is_ac="false">No.</p>
  <p time="169240" is_ac="false">Try that.</p>
  <p time="169800" is_ac="false">Try that.</p>
  <p time="170280" is_ac="false">That is absolutely incredible.</p>
  <p time="175851" is_ac="false">It's so good.</p>
  <p time="176600" is_ac="false">The giggle.</p>
  <p time="177480" is_ac="false">Why is it so good?</p>
  <p time="178520" is_ac="false">Yeah he just giggles.</p>
  <p time="179640" is_ac="false">That's when you know something's really good.</p>
  <p time="180920" is_ac="false">When we get a ducky giggle.</p>
  <p time="182120" is_ac="false">That's so good.</p>
  <p time="183160" is_ac="false">Very good.</p>
  <p time="183640" is_ac="false">It's one of my favourite slices I have here.</p>
  <p time="186120" is_ac="false">Unreal.</p>
  <p time="186760" is_ac="false">Wow.</p>
  <p time="188920" is_ac="false">This is our grandma's special here.</p>
  <p time="190840" is_ac="false">Smoked mozzarella, garlic, chilies, basil, tomatoes.</p>
  <p time="193880" is_ac="false">Fantastic.</p>
  <p time="194680" is_ac="false">Wow.</p>
  <p time="195740" is_ac="false">Fresh tomato.</p>
  <p time="197080" is_ac="false">Nice fresh tomato.</p>
  <p time="198200" is_ac="false">Come on grandma.</p>
  <p time="204350" is_ac="false">Wow.</p>
  <p time="205160" is_ac="false">That is very very good.</p>
  <p time="206920" is_ac="false">It's the quality of ingredients isn't it?</p>
  <p time="208680" is_ac="false">Everything is a step above.</p>
  <p time="210760" is_ac="false">Yeah I mean pizza is so simple.</p>
  <p time="212360" is_ac="false">It's like if you use s*** ingredients you're gonna get sh*t.</p>
  <p time="215480" is_ac="false">You know what I mean?</p>
  <p time="216920" is_ac="false">That's true.</p>
  <p time="217480" is_ac="false">Yeah.</p>
  <p time="217880" is_ac="false">But if you got top-notch ingredients.</p>
  <p time="220120" is_ac="false">I prefer the thinner ones.</p>
  <p time="221320" is_ac="false">Yeah I mean the crispy one is just that it's so perfectly crispy.</p>
  <p time="225080" is_ac="false">Do you have a favourite?</p>
  <p time="227124" is_ac="false">Yeah it's either the white or the tomato.</p>
  <p time="229000" is_ac="false">Even that alone doesn't make any sense.</p>
  <p time="230680" is_ac="false">You've got like two complete opposites.</p>
  <p time="232520" is_ac="false">Right.</p>
  <p time="232840" is_ac="false">A pizza without any cheese and a pizza without any tomato.</p>
  <p time="234760" is_ac="false">But I agree those two are my favourite.</p>
  <p time="236440" is_ac="false">But then I think often with simple things if you impose restrictions upon yourself</p>
  <p time="241400" is_ac="false">you force yourself to be really good.</p>
  <p time="242840" is_ac="false">If you remove the cheese it's gotta be good otherwise no one's gonna order a pizza without cheese </p>
  <p time="247400" is_ac="false">Except for vegans but who cares about vegans?</p>
  <p time="249960" is_ac="false">Yeah no.</p>
  <p time="253683" is_ac="false">I love the casual... yeah no.</p>
  <p time="257892" is_ac="false">I know what you're thinking.</p>
  <p time="259080" is_ac="false">That is a man who takes his health extremely seriously.</p>
  <p time="262520" is_ac="false">And you'd be right because today I'm here to talk to you about AG1.</p>
  <p time="266200" is_ac="false">I was introduced to AG1 about a year ago, </p>
  <p time="268467" is_ac="false">When I was recovering from a health condition.</p>
  <p time="271160" is_ac="false">And I've had it every morning since as part of my morning routine.</p>
  <p time="274520" is_ac="false">AG1 delivers high quality nutrients and vitamins, </p>
  <p time="278420" is_ac="false">Pre and probiotics to support your natural immune system and your gut microbiome.</p>
  <p time="283800" is_ac="false">So you're not only getting the nutrients you need, </p>
  <p time="286216" is_ac="false">You're actually also helping your body to make better use of them.</p>
  <p time="290200" is_ac="false">With essential nutrients, vitamins, and antioxidants, like zinc and citrus bioflavonoids,</p>
  <p time="295800" is_ac="false">AG1 supports the body's natural immune defenses.</p>
  <p time="299480" is_ac="false">With all of the travel we've been doing recently, </p>
  <p time="301734" is_ac="false">I've found it really useful to drink AG1,</p>
  <p time="303728" is_ac="false">Every morning as part of my routine to support my day-to-day health.</p>
  <p time="306840" is_ac="false">And to be honest I actually like how it tastes it makes me feel good.</p>
  <p time="309880" is_ac="false">So click the link in the description,</p>
  <p time="311429" is_ac="false">To get a free one-year supply of AG vitamin D3 and K2,</p>
  <p time="315800" is_ac="false">Plus five free travel packs along with your first purchase of AG1.</p>
  <p time="320040" is_ac="false">It's interesting whoever you meet in New York,</p>
  <p time="321965" is_ac="false">They always have a pizza recommendation.</p>
  <p time="324040" is_ac="false">And an alarming number of people said the same place.</p>
  <p time="331080" is_ac="false">Binging with Babish, food legend, said that was maybe his favourite pizza in New York.</p>
  <p time="335320" is_ac="false">So we linked up with Levi from Gotham Chess and headed to Le Industry.</p>
  <p time="338680" is_ac="false">Wowzers.</p>
  <p time="344626" is_ac="false">Look at that.</p>
  <p time="345320" is_ac="false">So this is like the classic New York, you always fold, the way you're holding the pizza.</p>
  <p time="351000" is_ac="false">Yeah yeah yeah I didn't even.</p>
  <p time="352120" is_ac="false">Because that's like Ollie's definitely not folding.</p>
  <p time="354600" is_ac="false">Yeah if you eat pizza in New York and use a fork and knife.</p>
  <p time="356920" is_ac="false">What the f*** are you doing?</p>
  <p time="357720" is_ac="false">Okay.</p>
  <p time="358220" is_ac="false">I start turning into a...</p>
  <p time="360040" is_ac="false">I was about to say that was the most New York I've ever heard you sound.</p>
  <p time="363960" is_ac="false">When I get animated I start you know.</p>
  <p time="365720" is_ac="false">Yeah.</p>
  <p time="366220" is_ac="false">Forget about it.</p>
  <p time="367240" is_ac="false">Okay.</p>
  <p time="369801" is_ac="false">That is a good slice.</p>
  <p time="371640" is_ac="false">When we arrived I heard like two New Yorkers just out front being like, yeah so.</p>
  <p time="376551" is_ac="false">It's the hottest okay, your cringing, I won't do the accent.</p>
  <p time="381762" is_ac="false">What'd they say, I'll translate.</p>
  <p time="383320" is_ac="false">I'll be like a New York translator.</p>
  <p time="385875" is_ac="false">This is the best slice in Brooklyn right now.</p>
  <p time="387560" is_ac="false">Yeah it's the best slice in Brooklyn right now.</p>
  <p time="389960" is_ac="false">Oh wow.</p>
  <p time="391960" is_ac="false">Maybe New York.</p>
  <p time="393000" is_ac="false">I mean how do you rate that as a as a local?</p>
  <p time="395240" is_ac="false">Depends what you're looking for.</p>
  <p time="396200" is_ac="false">First of all I'm biased.</p>
  <p time="397080" is_ac="false">I love burrata.</p>
  <p time="397880" is_ac="false">Yeah with the burrata that works hey.</p>
  <p time="399720" is_ac="false">Yeah it's like a solid like a solid 8.5 maybe a 9.</p>
  <p time="403880" is_ac="false">It's really good.</p>
  <p time="404600" is_ac="false">It actually is really good.</p>
  <p time="405960" is_ac="false">That's a great accuracy.</p>
  <p time="407320" is_ac="false">Okay.</p>
  <p time="408000" is_ac="false">It's not a chess game.</p>
  <p time="410140" is_ac="false">I got an 83% which I was like oh no.</p>
  <p time="412140" is_ac="false">Pizza.</p>
  <p time="416393" is_ac="false">Josh is big into chess.</p>
  <p time="418240" is_ac="false">You have to realize who you're talking to here as well.</p>
  <p time="420640" is_ac="false">Big into chess it's all relative.</p>
  <p time="422960" is_ac="false">It's like a minor hobby I've taken up over the last year and a half.</p>
  <p time="426000" is_ac="false">Minor hobby?</p>
  <p time="426800" is_ac="false">Yeah okay a bit of an obsession.</p>
  <p time="428000" is_ac="false">Look the amount of time you spend on the toilet,</p>
  <p time="429928" is_ac="false">Has gone from an average of five minutes,</p>
  <p time="432723" is_ac="false">To an average of about 25 minutes.</p>
  <p time="434640" is_ac="false">Yeah okay okay.</p>
  <p time="435760" is_ac="false">You have chess to blame.</p>
  <p time="436880" is_ac="false">It's true.</p>
  <p time="437360" is_ac="false">For the incoming hemorrhoids.</p>
  <p time="438560" is_ac="false">The first.</p>
  <p time="441237" is_ac="false">While we eat pizza.</p>
  <p time="442320" is_ac="false">Thanks for that.</p>
  <p time="443120" is_ac="false">The first thing I did actually was buy your E4 and Cara Cancour on Chesley.</p>
  <p time="448080" is_ac="false">How's it going?</p>
  <p time="448880" is_ac="false">Absolutely loved it.</p>
  <p time="449760" is_ac="false">Oh I thought you were gonna say absolutely terrible.</p>
  <p time="451680" is_ac="false">I was ready for the British punchline.</p>
  <p time="453120" is_ac="false">I loved it.</p>
  <p time="453760" is_ac="false">Absolutely terrible.</p>
  <p time="455832" is_ac="false">My goal with everything I've made YouTube videos courses has been kind of like,</p>
  <p time="459520" is_ac="false">Simplify the learning process make it more fun.</p>
  <p time="461680" is_ac="false">I think I like you present the courses as well and just all of your content.</p>
  <p time="465920" is_ac="false">It makes it like enjoyable to study.</p>
  <p time="467520" is_ac="false">I think for me with YouTube and many people with your jobs,</p>
  <p time="471180" is_ac="false">You know it can be really hard to switch off,</p>
  <p time="472785" is_ac="false">And so whenever I'm playing a game of chess the only thing I'm thinking about.</p>
  <p time="475867" is_ac="false">Is chess.</p>
  <p time="476626" is_ac="false">Where would you move?</p>
  <p time="477520" is_ac="false">I mean it's complete nonsense.</p>
  <p time="478800" is_ac="false">Yeah the knight is just sitting on the side of the board.</p>
  <p time="481200" is_ac="false">Yeah he's got captured.</p>
  <p time="482400" is_ac="false">Maybe I get...</p>
  <p time="484105" is_ac="false">Come on Josh?</p>
  <p time="484900" is_ac="false">I would go king there.</p>
  <p time="488080" is_ac="false">To that square.</p>
  <p time="489440" is_ac="false">Okay.</p>
  <p time="489840" is_ac="false">King to nipple.</p>
  <p time="490880" is_ac="false">Yeah.</p>
  <p time="491380" is_ac="false">King to nipple.</p>
  <p time="492400" is_ac="false">Yeah king to nipple.</p>
  <p time="493600" is_ac="false">There we go.</p>
  <p time="494400" is_ac="false">Just to clarify in London you don't hold the pizza you fork and knife in London?</p>
  <p time="499120" is_ac="false">I won't judge you.</p>
  <p time="500872" is_ac="false">It sounds a little bit like you.</p>
  <p time="504321" is_ac="false">It's really good.</p>
  <p time="506535" is_ac="false">I'm not a huge fan of this one.</p>
  <p time="507760" is_ac="false">The pepperoni it's not it's not the pepperoni that you want.</p>
  <p time="509760" is_ac="false">It's like it's aggressively salty.</p>
  <p time="512000" is_ac="false">The problem is I also just ate the baran slice which is like an ASAP 9.</p>
  <p time="515440" is_ac="false">So now anything has to like match up.</p>
  <p time="517280" is_ac="false">Is this like the double cotton clown of pizzas?</p>
  <p time="520000" is_ac="false">No but I like the double clown you know.</p>
  <p time="522960" is_ac="false">I love that Ollie's learnt some chess terminology for this.</p>
  <p time="527280" is_ac="false">The thing is I enjoy playing chess against people who are similarly terrible at chess.</p>
  <p time="532960" is_ac="false">I don't like playing when Josh is looking over my shoulder,</p>
  <p time="536301" is_ac="false">Because it's like I am when my wife's driving.</p>
  <p time="539600" is_ac="false">You know, it's like, you know.</p>
  <p time="542055" is_ac="false">Wow!</p>
  <p time="543366" is_ac="false">What a rinse to your wife.</p>
  <p time="544960" is_ac="false">I love Lizzie.</p>
  <p time="545920" is_ac="false">You know.</p>
  <p time="546400" is_ac="false">Are we saying that on YouTube or are we...</p>
  <p time="547680" is_ac="false">Yeah.</p>
  <p time="548180" is_ac="false">I think so.</p>
  <p time="549600" is_ac="false">She never watches the videos don't worry.</p>
  <p time="551760" is_ac="false">Josh I think feels the same when he's watching me play chess.</p>
  <p time="554880" is_ac="false">Every move I make it's like why did you do that?</p>
  <p time="557760" is_ac="false">Yeah.</p>
  <p time="558320" is_ac="false">Oh man that's yeah that's rough.</p>
  <p time="559920" is_ac="false">Well we're recording this at a time where in a few days I'm playing a team chess event.</p>
  <p time="563840" is_ac="false">And my partner is none other than Grandmaster Hikaru Nakamura.</p>
  <p time="567040" is_ac="false">Oh wow okay.</p>
  <p time="568400" is_ac="false">I'm f*****.</p>
  <p time="569062" is_ac="false">Literally one of the best chess players in the entire world.</p>
  <p time="571120" is_ac="false">Any idea I suggest I'm showing up that day,</p>
  <p time="573588" is_ac="false">And I'm going like hey man you know usually when you,</p>
  <p time="575840" is_ac="false">Show up to tournaments Hikaru you expect to win.</p>
  <p time="577680" is_ac="false">Yeah not today.</p>
  <p time="580720" is_ac="false">I mean I have seen a fair number of your videos,</p>
  <p time="582932" is_ac="false">Because Josh is desperate for me to improve.</p>
  <p time="584720" is_ac="false">I'm just sending links over and over again.</p>
  <p time="587280" is_ac="false">I probably prefer over the kind of advice episodes,</p>
  <p time="592921" is_ac="false">I prefer the gossip episodes because man.</p>
  <p time="595680" is_ac="false">Oh he absolutely loves the cheating cheating scam stuff.</p>
  <p time="599200" is_ac="false">Right it feels like every couple of months there's some kind of chess drama.</p>
  <p time="602720" is_ac="false">And you pop up on my recommended feed.</p>
  <p time="604800" is_ac="false">Yeah.</p>
  <p time="605300" is_ac="false">And you're so good at the drama you're like and then.</p>
  <p time="609600" is_ac="false">And then somebody came in and they lost.</p>
  <p time="612880" is_ac="false">And I don't really understand like any of the terminology.</p>
  <p time="615360" is_ac="false">I'm like it's like watching the Kardashians with smart people you know.</p>
  <p time="618720" is_ac="false">You know.</p>
  <p time="620560" is_ac="false">That is kind of how we are.</p>
  <p time="621440" is_ac="false">Chess players generally don't get sunlight until they're about 20 years old.</p>
  <p time="624240" is_ac="false">We're sort of locked inside in a room and we have to train we have to practice.</p>
  <p time="627120" is_ac="false">Yeah.</p>
  <p time="627520" is_ac="false">Every now and then we crack people up sun's out can't you know can't go outside.</p>
  <p time="630640" is_ac="false">Yeah.</p>
  <p time="631140" is_ac="false">Basically just like vampires.</p>
  <p time="632720" is_ac="false">Like a vampire.</p>
  <p time="633600" is_ac="false">Yeah I'll do the honors.</p>
  <p time="634640" is_ac="false">Big slice.</p>
  <p time="635440" is_ac="false">Wow look at that.</p>
  <p time="636640" is_ac="false">That's phallic.</p>
  <p time="638640" is_ac="false">That pizza is happy to see us.</p>
  <p time="640080" is_ac="false">Yeah.</p>
  <p time="640720" is_ac="false">Wow.</p>
  <p time="643869" is_ac="false">This is a bit left field.</p>
  <p time="645120" is_ac="false">Like this is not your average New York slice.</p>
  <p time="647200" is_ac="false">Baseball term America left field.</p>
  <p time="649600" is_ac="false">Beautiful stuff.</p>
  <p time="650240" is_ac="false">Oh.</p>
  <p time="651711" is_ac="false">Yes.</p>
  <p time="652240" is_ac="false">That's that's what I got.</p>
  <p time="653600" is_ac="false">I got America points.</p>
  <p time="654800" is_ac="false">I didn't know that.</p>
  <p time="655520" is_ac="false">I'm pretty sure.</p>
  <p time="656160" is_ac="false">Yeah that makes sense.</p>
  <p time="657760" is_ac="false">This is shockingly good.</p>
  <p time="659840" is_ac="false">This is fig jam and bacon.</p>
  <p time="667029" is_ac="false">That good?</p>
  <p time="668740" is_ac="false">Oh yeah.</p>
  <p time="669140" is_ac="false">That's almost dessert.</p>
  <p time="670260" is_ac="false">It's sweet.</p>
  <p time="674388" is_ac="false">That is lovely.</p>
  <p time="675460" is_ac="false">It's smoky.</p>
  <p time="676740" is_ac="false">It is smoky.</p>
  <p time="678180" is_ac="false">It's really good.</p>
  <p time="678900" is_ac="false">Two pizza places and 15,000 calories in.</p>
  <p time="681460" is_ac="false">You know what we needed?</p>
  <p time="682660" is_ac="false">More pizza.</p>
  <p time="683460" is_ac="false">More pizza.</p>
  <p time="685193" is_ac="false">A friend of ours said that the Impractical Jokers are in town.</p>
  <p time="688180" is_ac="false">So we headed down to the financial district near where they were shooting.</p>
  <p time="691300" is_ac="false">To try a completely different kind of pizza.</p>
  <p time="693540" is_ac="false">Something that is both practical and not a joke.</p>
  <p time="698180" is_ac="false">Okay.</p>
  <p time="698680" is_ac="false">Yeah.</p>
  <p time="699540" is_ac="false">With an Impractical Joker.</p>
  <p time="701060" is_ac="false">Yeah.</p>
  <p time="701560" is_ac="false">They got it.</p>
  <p time="702660" is_ac="false">They got it.</p>
  <p time="703220" is_ac="false">Very good.</p>
  <p time="703620" is_ac="false">Now I want to check for an earpiece.</p>
  <p time="705380" is_ac="false">Just to make sure.</p>
  <p time="707380" is_ac="false">I'm off the clock boys.</p>
  <p time="708580" is_ac="false">There's no.</p>
  <p time="709140" is_ac="false">Your boys aren't behind a mirror somewhere?</p>
  <p time="712180" is_ac="false">We just wrapped like a minute ago and all they want to do is go home.</p>
  <p time="716373" is_ac="false">Whoa yeah.</p>
  <p time="717780" is_ac="false">Look at that.</p>
  <p time="718340" is_ac="false">Oh my gosh.</p>
  <p time="719460" is_ac="false">Oh nice white pie.</p>
  <p time="720500" is_ac="false">All right.</p>
  <p time="721140" is_ac="false">This is a treat for you guys because pizza in the UK is notoriously terrible right?</p>
  <p time="725060" is_ac="false">It's food in general.</p>
  <p time="726500" is_ac="false">Yeah.</p>
  <p time="727500" is_ac="false">I was at a hotel and I was like what do you got for breakfast?</p>
  <p time="729460" is_ac="false">They're like how do you feel about quail eggs?</p>
  <p time="731140" is_ac="false">Yeah.</p>
  <p time="732766" is_ac="false">I was like I feel like that shouldn't be on a menu.</p>
  <p time="734500" is_ac="false">But I feel like quail eggs.</p>
  <p time="736340" is_ac="false">So you guys have been eating pizza all over New York right?</p>
  <p time="738180" is_ac="false">Yeah.</p>
  <p time="738680" is_ac="false">You've been more in the round five.</p>
  <p time="740100" is_ac="false">We have.</p>
  <p time="740420" is_ac="false">Do you want a corner piece?</p>
  <p time="741380" is_ac="false">Sure I'll take a corner piece next bud.</p>
  <p time="742820" is_ac="false">It's a nice little serving spatula.</p>
  <p time="744740" is_ac="false">Practical if you will.</p>
  <p time="745700" is_ac="false">You're getting an upscale experience here.</p>
  <p time="747780" is_ac="false">Okay.</p>
  <p time="748260" is_ac="false">Yeah.</p>
  <p time="748740" is_ac="false">This is like where you go when you want to like take a date for pizza.</p>
  <p time="751700" is_ac="false">Chill out for pizza.</p>
  <p time="752660" is_ac="false">You do something like a pizza bar.</p>
  <p time="754100" is_ac="false">I bet you they don't even sell slices here.</p>
  <p time="755700" is_ac="false">It would make sense.</p>
  <p time="756740" is_ac="false">This is quite an impractical order for all of us.</p>
  <p time="759220" is_ac="false">You would think.</p>
  <p time="760260" is_ac="false">You would think.</p>
  <p time="762020" is_ac="false">I'm trying to.</p>
  <p time="762660" is_ac="false">You're going to make puns like that.</p>
  <p time="764100" is_ac="false">You're trying to make puns like that.</p>
  <p time="765540" is_ac="false">Can we switch seats?</p>
  <p time="767325" is_ac="false">I got to sit next to the pun machine.</p>
  <p time="769300" is_ac="false">All right.</p>
  <p time="770340" is_ac="false">Speaking of which this is a world exclusive.</p>
  <p time="772020" is_ac="false">We got QAnon here today.</p>
  <p time="774895" is_ac="false">Let me tell you that was a rough time to be here.</p>
  <p time="777308" is_ac="false">When QAnon was ruling the world.</p>
  <p time="778820" is_ac="false">Yeah.</p>
  <p time="779380" is_ac="false">You're just taking down the deep state one tweet at a time.</p>
  <p time="782500" is_ac="false">The thing about the problem with QAnon is like they're right.</p>
  <p time="785940" is_ac="false">They're right about everything.</p>
  <p time="788244" is_ac="false">It's just the way they say it isn't true.</p>
  <p time="789860" is_ac="false">But everything they've said is true.</p>
  <p time="791860" is_ac="false">Go look it up.</p>
  <p time="792580" is_ac="false">It's there.</p>
  <p time="794592" is_ac="false">Let's not.</p>
  <p time="795380" is_ac="false">Don't leave that in without.</p>
  <p time="796820" is_ac="false">And then cut this part out.</p>
  <p time="798420" is_ac="false">I think we're good now.</p>
  <p time="799140" is_ac="false">This is trendy.</p>
  <p time="801596" is_ac="false">Okay.</p>
  <p time="802280" is_ac="false">Let's do it.</p>
  <p time="803860" is_ac="false">Oh that's good man.</p>
  <p time="805060" is_ac="false">Oh wow.</p>
  <p time="805780" is_ac="false">Yeah.</p>
  <p time="806280" is_ac="false">Oh wow.</p>
  <p time="807860" is_ac="false">There you go.</p>
  <p time="808500" is_ac="false">Bready.</p>
  <p time="808980" is_ac="false">It's breadier than what we've had.</p>
  <p time="810340" is_ac="false">We got a few beers?</p>
  <p time="811540" is_ac="false">Sure.</p>
  <p time="812020" is_ac="false">Uh they're paying so I'll take your most expensive.</p>
  <p time="815344" is_ac="false">Cheers.</p>
  <p time="817491" is_ac="false">I love cringe.</p>
  <p time="818340" is_ac="false">All right we got you covered.</p>
  <p time="819940" is_ac="false">And Josh can't handle cringe.</p>
  <p time="821460" is_ac="false">Me less so.</p>
  <p time="822020" is_ac="false">You don't like it?</p>
  <p time="823060" is_ac="false">What's that fine line between pleasure and pain?</p>
  <p time="825460" is_ac="false">Yeah.</p>
  <p time="827780" is_ac="false">I think it's a very kind of approachable type of cringe in Practical Jokers.</p>
  <p time="831700" is_ac="false">You know like if there was a scale Nathan Fielder would be right on this end.</p>
  <p time="836020" is_ac="false">And then like How I Met Your Mother would be.</p>
  <p time="837620" is_ac="false">That's cringe for a different reason.</p>
  <p time="840180" is_ac="false">What is your problem man?</p>
  <p time="841940" is_ac="false">Yeah.</p>
  <p time="843734" is_ac="false">They worked very hard on that show man.</p>
  <p time="845620" is_ac="false">Okay okay.</p>
  <p time="846100" is_ac="false">Yeah you know what?</p>
  <p time="847300" is_ac="false">Yes.</p>
  <p time="847800" is_ac="false">Yeah.</p>
  <p time="848820" is_ac="false">I'm sorry.</p>
  <p time="849460" is_ac="false">Build up don't tear it down.</p>
  <p time="850340" is_ac="false">I'm sorry.</p>
  <p time="852000" is_ac="false">I should stop punching down on multi-millionaires with syndicated shows.</p>
  <p time="856901" is_ac="false">No no no you should be authentic.</p>
  <p time="858340" is_ac="false">If you thought like you were saying off camera that that show was the worst piece of,</p>
  <p time="861540" is_ac="false">You've ever seen in your entire life.</p>
  <p time="863620" is_ac="false">You should stand by that.</p>
  <p time="864660" is_ac="false">Damn it.</p>
  <p time="865160" is_ac="false">You should stand by that opinion.</p>
  <p time="867700" is_ac="false">I was talking to my brother about your show.</p>
  <p time="868980" is_ac="false">My brother's a huge fan of Impractical Jokers.</p>
  <p time="870980" is_ac="false">I said the most amazing thing about them is it's like they're unembarrassable.</p>
  <p time="874740" is_ac="false">That's not true.</p>
  <p time="876933" is_ac="false">I was gonna ask like have you like calloused your ego so much through so many</p>
  <p time="881460" is_ac="false">embarrassments over the years?</p>
  <p time="883380" is_ac="false">No here's where it gets easier.</p>
  <p time="884660" is_ac="false">Now the ideas are easy to talk about.</p>
  <p time="887620" is_ac="false">Like we just did a Sunday with Murray.</p>
  <p time="889589" is_ac="false">Where he was in a restaurant and he wasn't allowed,</p>
  <p time="891620" is_ac="false">To drop the check no matter how much they asked.</p>
  <p time="893460" is_ac="false">On paper you're like yeah I can do that and that's where the calluses.</p>
  <p time="896980" is_ac="false">Okay.</p>
  <p time="897540" is_ac="false">You learn to be like yeah I can do that.</p>
  <p time="899300" is_ac="false">We'll get through it.</p>
  <p time="899780" is_ac="false">When you get in the moment.</p>
  <p time="901620" is_ac="false">It's awful.</p>
  <p time="903372" is_ac="false">No callous.</p>
  <p time="904100" is_ac="false">It's still brutal.</p>
  <p time="904820" is_ac="false">It's still brutal.</p>
  <p time="905460" is_ac="false">You always get sweaty and stuff like that.</p>
  <p time="907220" is_ac="false">Yeah.</p>
  <p time="907780" is_ac="false">Because it's real.</p>
  <p time="908740" is_ac="false">It's real.</p>
  <p time="909220" is_ac="false">And that's why it's entertaining right?</p>
  <p time="911140" is_ac="false">I suppose you can't lose that because that's what makes it great.</p>
  <p time="914180" is_ac="false">When that goes away I think the show would end.</p>
  <p time="915940" is_ac="false">Yeah yeah I think you kind of need that.</p>
  <p time="918260" is_ac="false">Well I think what's so great about the show is it's not really a prank show.</p>
  <p time="922580" is_ac="false">It's like a reverse prank show.</p>
  <p time="924100" is_ac="false">The joke is on you.</p>
  <p time="926580" is_ac="false">It's not on the public and that's why you feel you can laugh at it.</p>
  <p time="929540" is_ac="false">It doesn't feel mean.</p>
  <p time="930580" is_ac="false">Yes.</p>
  <p time="931220" is_ac="false">So our show is different because you're laughing at us.</p>
  <p time="933700" is_ac="false">Yeah.</p>
  <p time="934180" is_ac="false">So you don't need permission to laugh.</p>
  <p time="935540" is_ac="false">Yeah and also you guys are laughing.</p>
  <p time="937380" is_ac="false">Yeah we're crying sometimes on ourselves.</p>
  <p time="940020" is_ac="false">Oh it's so good.</p>
  <p time="941860" is_ac="false">You grew up in New York.</p>
  <p time="943300" is_ac="false">Grew up in New York.</p>
  <p time="943940" is_ac="false">Lived here your whole life.</p>
  <p time="944660" is_ac="false">Whole life yeah.</p>
  <p time="945220" is_ac="false">Pizza sort of ingrained into the culture.</p>
  <p time="947940" is_ac="false">Oh well especially where I'm from from Staten Island.</p>
  <p time="950180" is_ac="false">Brooklyn used to be a very Italian neck of the woods.</p>
  <p time="954180" is_ac="false">And then they built the Verrazano Bridge which connected Brooklyn to Staten Island.</p>
  <p time="957620" is_ac="false">Staten Island never had a bridge before.</p>
  <p time="959140" is_ac="false">And all the Italians picked up from Brooklyn and moved to Staten Island.</p>
  <p time="963620" is_ac="false">That's about the time I was born.</p>
  <p time="965060" is_ac="false">That's when pizza and Italian food on Staten Island went through the roof.</p>
  <p time="967940" is_ac="false">Because you had all these off the boat.</p>
  <p time="970420" is_ac="false">Sauce making Italians.</p>
  <p time="971940" is_ac="false">And like that's what I grew up on.</p>
  <p time="974340" is_ac="false">That like real deal.</p>
  <p time="975540" is_ac="false">And the whole sort of new subculture of Italian pizza here took like a whole mind of its own.</p>
  <p time="981860" is_ac="false">I do honestly think the best people in the world in Staten Island.</p>
  <p time="984500" is_ac="false">I don't want to say that too loud.</p>
  <p time="985300" is_ac="false">You mean?</p>
  <p time="986420" is_ac="false">Yeah.</p>
  <p time="986900" is_ac="false">There's a pie named after me at Ambrosino's on Staten Island.</p>
  <p time="990100" is_ac="false">Because I went there for my whole life.</p>
  <p time="991860" is_ac="false">So I ordered hot cherry pepper.</p>
  <p time="992900" is_ac="false">You guys have hot cherry pepper?</p>
  <p time="994580" is_ac="false">Hot cherry pepper.</p>
  <p time="995852" is_ac="false">Boys.</p>
  <p time="998752" is_ac="false">Do you guys have by any chance hot cherry peppers?</p>
  <p time="1001780" is_ac="false">Yes.</p>
  <p time="1002340" is_ac="false">Could we maybe get like one more?</p>
  <p time="1004260" is_ac="false">How long would it take to whip up a hot cherry pepper one?</p>
  <p time="1006100" is_ac="false">It's 10 minutes.</p>
  <p time="1006660" is_ac="false">10 minutes?</p>
  <p time="1007060" is_ac="false">You guys got 10 minutes?</p>
  <p time="1007700" is_ac="false">Yeah of course.</p>
  <p time="1008340" is_ac="false">All right yeah would you mind like whipping up one more?</p>
  <p time="1010020" is_ac="false">Thank you okay.</p>
  <p time="1010580" is_ac="false">A few moments later.</p>
  <p time="1012260" is_ac="false">Oh here we go.</p>
  <p time="1015140" is_ac="false">So now boys just smell that.</p>
  <p time="1017380" is_ac="false">Get a whiff of that.</p>
  <p time="1018500" is_ac="false">Oh wow.</p>
  <p time="1019940" is_ac="false">Yeah.</p>
  <p time="1020340" is_ac="false">Spicy, sour.</p>
  <p time="1021460" is_ac="false">Oh man a hot cherry pepper pie.</p>
  <p time="1023700" is_ac="false">There's nothing like it.</p>
  <p time="1024580" is_ac="false">Thank you so much.</p>
  <p time="1025460" is_ac="false">Go ahead take it boys.</p>
  <p time="1026420" is_ac="false">Take it.</p>
  <p time="1026740" is_ac="false">I want to watch it.</p>
  <p time="1027380" is_ac="false">Okay.</p>
  <p time="1027700" is_ac="false">This isn't a joke.</p>
  <p time="1028580" is_ac="false">Like this is legitimately my favourite.</p>
  <p time="1031700" is_ac="false">I don't think I've ever even seen this before.</p>
  <p time="1033540" is_ac="false">I'm so happy to bring this to you to your life.</p>
  <p time="1035860" is_ac="false">Okay get in there.</p>
  <p time="1036740" is_ac="false">I think for your first bite just go just go.</p>
  <p time="1039060" is_ac="false">Yeah it's all about the peppers.</p>
  <p time="1040961" is_ac="false">Oh it smells spicy.</p>
  <p time="1042900" is_ac="false">Yeah it's not it's not crazy like that though.</p>
  <p time="1044900" is_ac="false">You'll see.</p>
  <p time="1045380" is_ac="false">It's delightful.</p>
  <p time="1046180" is_ac="false">It's delightful.</p>
  <p time="1054880" is_ac="false">Wow.</p>
  <p time="1055380" is_ac="false">Oh I love it.</p>
  <p time="1056900" is_ac="false">Oh it's sour.</p>
  <p time="1058500" is_ac="false">Yeah it's spicy.</p>
  <p time="1060980" is_ac="false">It's sour.</p>
  <p time="1062100" is_ac="false">It's a sweet spice.</p>
  <p time="1063140" is_ac="false">Sweet and sour.</p>
  <p time="1063780" is_ac="false">Yeah yeah.</p>
  <p time="1064260" is_ac="false">It's all the notes.</p>
  <p time="1064980" is_ac="false">And spicy.</p>
  <p time="1065860" is_ac="false">I love this man.</p>
  <p time="1066740" is_ac="false">I eat this all day.</p>
  <p time="1068580" is_ac="false">I'll eat this.</p>
  <p time="1069060" is_ac="false">I love it.</p>
  <p time="1069940" is_ac="false">And then I'll be on the toilet later regret every single moment of it.</p>
  <p time="1074260" is_ac="false">But yeah.</p>
  <p time="1074980" is_ac="false">Dude thank you for taking the time today man.</p>
  <p time="1077300" is_ac="false">You guys are very cool.</p>
  <p time="1078100" is_ac="false">Well I'm not paying for this.</p>
  <p time="1078980" is_ac="false">I didn't take care of you.</p>
  <p time="1079780" is_ac="false">Yeah you guys are taking care of me.</p>
  <p time="1082222" is_ac="false">Very clear on that.</p>
  <p time="1083060" is_ac="false">You know and thank you for including me and introducing me to your audience.</p>
  <p time="1086580" is_ac="false">I'm sure a lot of them have no idea what the hell I am.</p>
  <p time="1089231" is_ac="false">So thank you.</p>
  <p time="1089860" is_ac="false">If you don't check out Impractical Jokers.</p>
  <p time="1092180" is_ac="false">Yeah.</p>
  <p time="1092660" is_ac="false">It's at QAnon.</p>
  <p time="1095758" is_ac="false">To send donations to QAnon at.</p>
  <p time="1103860" is_ac="false">It's not even around anymore.</p>
</text>
