<?xml version='1.0' encoding='UTF-8'?>
<text date_d="11" date_m="4" date_y="2022" format="srv3" age_limit="0" comment_count="542" description="Today we look at some of the funniest restaurant and food reviews&#10;Subscribe to my main channel!: @memeulous &#13;&#10;Merch: http://www.memeulous.shop/&#13;&#10;Twitter: https://twitter.com/memeulous&#13;&#10;Instagram: https://www.instagram.com/memeulous&#13;&#10;Business/media enquiries: george@memeulous.com" fulltitle="Brutal Restaurant Reviews" like_count="24823" location="na" playlist_title="na" release_date="na" upload_date="20220411" repost_count="na" tags="food reviews; restaurant review; restaurant reviews; food review; one star restaurant; " title="Brutal Restaurant Reviews" uploader="GeorgeM" view_count="590531" webpage_url="https://www.youtube.com/watch?v=zDC6Qm6tc8A" autocaption="true">
  <p time="0" is_ac="true">hello welcome back today we're gonna be</p>
  <p time="1199" is_ac="true">taking a look at some brutal restaurant</p>
  <p time="3040" is_ac="true">reviews i'm getting these from the the</p>
  <p time="5040" is_ac="true">takeaway trauma twitter account so be</p>
  <p time="6879" is_ac="true">sure to go and check them out and follow</p>
  <p time="8639" is_ac="true">them thank you kindly to them for for</p>
  <p time="10160" is_ac="true">compiling all this my dining experience</p>
  <p time="12400" is_ac="true">was ruined by another table constantly</p>
  <p time="14400" is_ac="true">whinging about pubic hair in their</p>
  <p time="16160" is_ac="true">burger my date wouldn't finish her meal</p>
  <p time="18000" is_ac="true">and left at least one of us got to taste</p>
  <p time="19680" is_ac="true">some pubic hair angry diner i mean i've</p>
  <p time="22400" is_ac="true">no words for that one there's a jacket</p>
  <p time="24880" is_ac="true">has rated a restaurant one star saying</p>
  <p time="27359" is_ac="true">iceland's biggest customer i'm guessing</p>
  <p time="29279" is_ac="true">meaning all their food is frozen and the</p>
  <p time="31679" is_ac="true">the owner responded with your mum's the</p>
  <p time="34079" is_ac="true">local crack dealer's biggest customer</p>
  <p time="37520" is_ac="true">a place run by boomers with no sense of</p>
  <p time="39760" is_ac="true">respect and mannerism and the owners a</p>
  <p time="42239" is_ac="true">lot of these involve owners responding</p>
  <p time="44239" is_ac="true">and i think that's what makes them so</p>
  <p time="45760" is_ac="true">good how about you go to mcdonald's and</p>
  <p time="47600" is_ac="true">eat your lunch out of a paper bag i mean</p>
  <p time="49600" is_ac="true">that is a fair response that's a fair</p>
  <p time="51680" is_ac="true">response and i probably would rather do</p>
  <p time="53680" is_ac="true">that than go to a place run by boomers</p>
  <p time="55520" is_ac="true">with no sense of respect and mannerism</p>
  <p time="57039" is_ac="true">there's no sense of mannerism is that a</p>
  <p time="58800" is_ac="true">fit is that grammatically correct</p>
  <p time="60640" is_ac="true">because it's not a mannerism like</p>
  <p time="61760" is_ac="true">something something you do like that's a</p>
  <p time="63199" is_ac="true">mannerism no sense of mannerism what</p>
  <p time="64640" is_ac="true">does that even mean or am i being stupid</p>
  <p time="66240" is_ac="true">editor will let me know on screen now</p>
  <p time="68960" is_ac="true">okay it's a terry here that is that's</p>
  <p time="70880" is_ac="true">like a that's a karen name if i've ever</p>
  <p time="72560" is_ac="true">seen one very late and the order was</p>
  <p time="74080" is_ac="true">incomplete think our relationship with</p>
  <p time="75680" is_ac="true">star kitchen is over they responded with</p>
  <p time="78159" is_ac="true">relationship</p>
  <p time="80000" is_ac="true">i'm sure star kitchen uh was is</p>
  <p time="82560" is_ac="true">devastating with that review terry</p>
  <p time="84080" is_ac="true">natasha was horrified at her experience</p>
  <p time="86560" is_ac="true">with this restaurant uh as she wrote a</p>
  <p time="88400" is_ac="true">review saying i saw a rat while eating</p>
  <p time="90560" is_ac="true">here now the owner didn't take too</p>
  <p time="92079" is_ac="true">kindly to this review so responding with</p>
  <p time="94320" is_ac="true">that's called a mirror oh no contact</p>
  <p time="96400" is_ac="true">free delivery can i get red onions on</p>
  <p time="97920" is_ac="true">the toasty with onions please can you</p>
  <p time="99680" is_ac="true">write will you marry me on the box with</p>
  <p time="102159" is_ac="true">the onion toasty she will be ecstatic</p>
  <p time="104720" is_ac="true">thanks they've put a lot of it they put</p>
  <p time="106640" is_ac="true">a decent a bit of effort into that</p>
  <p time="108079" is_ac="true">they've really they've drawn loads of</p>
  <p time="109360" is_ac="true">hearts i wonder what's what must have</p>
  <p time="110880" is_ac="true">been going through their heads did</p>
  <p time="112320" is_ac="true">someone really propose uh like that</p>
  <p time="114479" is_ac="true">although it is it is it is england in it</p>
  <p time="117119" is_ac="true">like uh people proposing in some weird</p>
  <p time="119360" is_ac="true">places i thought was that it was like um</p>
  <p time="121040" is_ac="true">it was like was it um i need to find</p>
  <p time="123040" is_ac="true">this [ __ ] image it was a cash</p>
  <p time="124560" is_ac="true">converter someone proposed to the cash</p>
  <p time="125920" is_ac="true">converters it's my favorite [ __ ]</p>
  <p time="127600" is_ac="true">image</p>
  <p time="128720" is_ac="true">love is in the air at cash converters oh</p>
  <p time="131039" is_ac="true">that's [ __ ] it's so good so terrible</p>
  <p time="133440" is_ac="true">delivery driver left food hanging on</p>
  <p time="135120" is_ac="true">door handle and didn't knock cold food</p>
  <p time="137360" is_ac="true">and so the west view chinese replied</p>
  <p time="139440" is_ac="true">with driver waited over 40 minutes</p>
  <p time="141760" is_ac="true">outside the house driving restaurant</p>
  <p time="143680" is_ac="true">rang the number you have provided on</p>
  <p time="145200" is_ac="true">justine we could not get in touch driver</p>
  <p time="146959" is_ac="true">has got so frustrated that he wanted to</p>
  <p time="151360" is_ac="true">that he wanted to hang himself so we</p>
  <p time="153440" is_ac="true">advise him to just hang the foods</p>
  <p time="154959" is_ac="true">instead thank you i mean that's about i</p>
  <p time="156800" is_ac="true">mean why didn't they just watch the time</p>
  <p time="158400" is_ac="true">delivery drivers just like leave the</p>
  <p time="159840" is_ac="true">food on my doorstep and walk off charlie</p>
  <p time="161760" is_ac="true">matthew here was thinking oh my food's</p>
  <p time="163360" is_ac="true">probably taking a bit longer i should</p>
  <p time="164879" is_ac="true">maybe check outside maybe maybe they've</p>
  <p time="166720" is_ac="true">left it there matthew this is your own</p>
  <p time="168239" is_ac="true">[ __ ] fault so karina here left a</p>
  <p time="170319" is_ac="true">five-star review of a place which is</p>
  <p time="172560" is_ac="true">which is lovely that's so nice of karina</p>
  <p time="175040" is_ac="true">i don't know why anyone would actually</p>
  <p time="176480" is_ac="true">bother to leave a positive review on</p>
  <p time="178239" is_ac="true">anything it always baffles me when</p>
  <p time="179519" is_ac="true">someone takes time out unless something</p>
  <p time="180959" is_ac="true">was absolutely exceptional when people</p>
  <p time="182560" is_ac="true">take time out of their day to review</p>
  <p time="184480" is_ac="true">places unless they're absolutely</p>
  <p time="186239" is_ac="true">terrible by the way chronicle reviewed</p>
  <p time="187599" is_ac="true">saint anne's kitchen five stars the</p>
  <p time="189440" is_ac="true">owner responded with slag that's not</p>
  <p time="191360" is_ac="true">fair that's not good customer service</p>
  <p time="193200" is_ac="true">sorry we ran out of desserts and i've</p>
  <p time="195519" is_ac="true">given you yogurts instead from kfc why</p>
  <p time="198800" is_ac="true">did kfc just have munch</p>
  <p time="201120" is_ac="true">punch yogurts lying around clara bro</p>
  <p time="203599" is_ac="true">review for this restaurant's like i have</p>
  <p time="205360" is_ac="true">never been to that restaurant and then</p>
  <p time="206480" is_ac="true">kindly attached a picture of herself</p>
  <p time="208560" is_ac="true">okay so i was right in a restaurant two</p>
  <p time="209920" is_ac="true">stars woman figuring herself behind the</p>
  <p time="211519" is_ac="true">counter as i came in to collect my food</p>
  <p time="213200" is_ac="true">she carried off for a few seconds then</p>
  <p time="215360" is_ac="true">stopped and smelled her finger she they</p>
  <p time="217200" is_ac="true">gave me my food and i nearly threw up</p>
  <p time="219120" is_ac="true">what would have had to have happened for</p>
  <p time="220640" is_ac="true">him to write a one star review was the</p>
  <p time="222879" is_ac="true">food pretty good was the food decent</p>
  <p time="225040" is_ac="true">that's why you gave it two stars pizza</p>
  <p time="227040" is_ac="true">stuffed crust without pizza four pounds</p>
  <p time="229599" is_ac="true">sometimes the stuffed crust could be the</p>
  <p time="231519" is_ac="true">best spit you dip your stuffed crust in</p>
  <p time="233599" is_ac="true">in salt it's good it's a good time i can</p>
  <p time="235439" is_ac="true">understand i can understand the demand</p>
  <p time="237120" is_ac="true">for this i would probably order pizza</p>
  <p time="238560" is_ac="true">stuffed crust without pizza once i met</p>
  <p time="240560" is_ac="true">it wasn't good at all safety your wife</p>
  <p time="242799" is_ac="true">said on your wedding night how is this</p>
  <p time="245280" is_ac="true">takeaway selling chicago town pizzas</p>
  <p time="247680" is_ac="true">they're selling the chicago chicago town</p>
  <p time="250319" is_ac="true">pizza for 12 pounds that's a scam that</p>
  <p time="252640" is_ac="true">is is that allowed surely that's not</p>
  <p time="254480" is_ac="true">allowed</p>
  <p time="256079" is_ac="true">okay so if the 40 to 65 minute wait time</p>
  <p time="259040" is_ac="true">wasn't bad enough pizza deal one pizza</p>
  <p time="261040" is_ac="true">with chips and drink is 680 pounds so</p>
  <p time="264160" is_ac="true">phil fox has rated uh somewhere one star</p>
  <p time="266800" is_ac="true">and the owner responding with hi phil</p>
  <p time="268320" is_ac="true">you are not one of our customers your</p>
  <p time="269600" is_ac="true">wife is one of our competitors close</p>
  <p time="271199" is_ac="true">friends why review us one star when you</p>
  <p time="272880" is_ac="true">have never been also you passed away two</p>
  <p time="274560" is_ac="true">years ago phil i bet phil feels really</p>
  <p time="276639" is_ac="true">silly after being called out like that</p>
  <p time="278400" is_ac="true">two stars unprofessional tom totally</p>
  <p time="280639" is_ac="true">unprofessional had to get the cook's</p>
  <p time="281759" is_ac="true">attention as these two were fast asleep</p>
  <p time="283680" is_ac="true">my husband went for the food after</p>
  <p time="285440" is_ac="true">ordering from justine in quotation marks</p>
  <p time="287680" is_ac="true">i'd have asked my money back if i'd see</p>
  <p time="289280" is_ac="true">this i certainly would not be returning</p>
  <p time="291040" is_ac="true">it</p>
  <p time="293199" is_ac="true">i mean fair enough fair enough let him</p>
  <p time="295759" is_ac="true">nap cold food poor portions hair in two</p>
  <p time="298000" is_ac="true">dishes yuck</p>
  <p time="299520" is_ac="true">your food was a present from us to you</p>
  <p time="301440" is_ac="true">to hide your boldness</p>
  <p time="303680" is_ac="true">three stars i got stabbed here the food</p>
  <p time="306000" is_ac="true">was fresh and drinks were tasty but i</p>
  <p time="307840" is_ac="true">got stabbed it would consider going back</p>
  <p time="310240" is_ac="true">yeah it's although it's not the</p>
  <p time="311199" is_ac="true">restaurant's fault you got stabbed there</p>
  <p time="312960" is_ac="true">that was how did you how did you get why</p>
  <p time="314560" is_ac="true">would you get stabbed in a restaurant</p>
  <p time="316320" is_ac="true">one star all staff high on coke and</p>
  <p time="318400" is_ac="true">serving frozen food from the friar or</p>
  <p time="320160" is_ac="true">microwave unbelievable also big meeting</p>
  <p time="322720" is_ac="true">point for dealers avoid i</p>
  <p time="325680" is_ac="true">where is where is this where where is</p>
  <p time="327919" is_ac="true">where is this uh location i'm i'm</p>
  <p time="330080" is_ac="true">curious</p>
  <p time="331120" is_ac="true">curious so i can i can avoid it what the</p>
  <p time="333360" is_ac="true">[ __ ] is that one star's shocking how</p>
  <p time="335440" is_ac="true">they get away with this astounding my</p>
  <p time="337520" is_ac="true">burger turned up had someone to take</p>
  <p time="339440" is_ac="true">somebody's taking a bite out of it i</p>
  <p time="341199" is_ac="true">mean i didn't even clock that i just</p>
  <p time="342800" is_ac="true">thought it looked terrible second time</p>
  <p time="345120" is_ac="true">this has happened after before you had</p>
  <p time="346800" is_ac="true">changed hands wait so you ordered from</p>
  <p time="348479" is_ac="true">this place you saw your burger had a</p>
  <p time="350479" is_ac="true">bite taken out of it and you ordered</p>
  <p time="352400" is_ac="true">again same greedy worker black burger</p>
  <p time="355039" is_ac="true">anyone tipped the delivery guy too i</p>
  <p time="356960" is_ac="true">don't know what tip of the delivery guy</p>
  <p time="358319" is_ac="true">has to do with that but it's your own</p>
  <p time="359919" is_ac="true">fault steve it's happened before five</p>
  <p time="361840" is_ac="true">stars happy with my takeaway i</p>
  <p time="363280" is_ac="true">telephoned and collected tasty food and</p>
  <p time="365039" is_ac="true">not bad price friendly and covered safe</p>
  <p time="367039" is_ac="true">service that the owner for some reason</p>
  <p time="369280" is_ac="true">responded with it's not safe three of</p>
  <p time="371280" is_ac="true">our people have copied i'm pretty sure</p>
  <p time="373199" is_ac="true">i've seen hong kong garden multiple</p>
  <p time="375280" is_ac="true">times on this page i'm not i i it's</p>
  <p time="377360" is_ac="true">probably a troll hong kong guard is</p>
  <p time="378720" is_ac="true">probably a traitor it's most like it's</p>
  <p time="379919" is_ac="true">definitely a troll account but it's</p>
  <p time="380960" is_ac="true">still funny five stars food was</p>
  <p time="382400" is_ac="true">fantastic and piping hot the missus</p>
  <p time="384400" is_ac="true">really enjoyed it which is very</p>
  <p time="385520" is_ac="true">important because it has put her in a</p>
  <p time="386800" is_ac="true">good mood which means i'll get lucky</p>
  <p time="388400" is_ac="true">tonight and be able to pipe up in</p>
  <p time="390479" is_ac="true">brackets it's been months so thank you</p>
  <p time="392240" is_ac="true">guys well jamie i hope i hope you had a</p>
  <p time="394080" is_ac="true">fantastic night piping piping your wife</p>
  <p time="396560" is_ac="true">one star thank you in takeaway order we</p>
  <p time="398400" is_ac="true">were looking forward to our meal after a</p>
  <p time="399520" is_ac="true">long day only to find an extra in our</p>
  <p time="401120" is_ac="true">takeaway they're sitting in our takeaway</p>
  <p time="402880" is_ac="true">it was a green tipped fake nail we</p>
  <p time="404800" is_ac="true">called the restaurant and they finally</p>
  <p time="406080" is_ac="true">asked for about 20 minutes only to be</p>
  <p time="407759" is_ac="true">told that no one there have fake nails</p>
  <p time="409680" is_ac="true">the person i spoke to said even though i</p>
  <p time="411280" is_ac="true">sound like a woman there isn't a woman</p>
  <p time="413039" is_ac="true">in this takeaway at all so there's no</p>
  <p time="414479" is_ac="true">one that they could belong to all i know</p>
  <p time="416000" is_ac="true">is that i found a plastic green tip now</p>
  <p time="417680" is_ac="true">on my food it definitely isn't mine as</p>
  <p time="419199" is_ac="true">there's no way i would ever spend money</p>
  <p time="420960" is_ac="true">on anything that looks as bad as that</p>
  <p time="422560" is_ac="true">nail did yummy yum yum yum yum yum yum</p>
  <p time="424960" is_ac="true">yum i would eat it carol two stars not</p>
  <p time="427520" is_ac="true">been here been passed fair enough carol</p>
  <p time="429440" is_ac="true">that's a fair as fair of you i mean how</p>
  <p time="431039" is_ac="true">can you rate it any higher than two</p>
  <p time="432479" is_ac="true">stars if you've never been there that'd</p>
  <p time="433840" is_ac="true">be absurd six stars food came a bit</p>
  <p time="436400" is_ac="true">early which meant my wife had to stop</p>
  <p time="437919" is_ac="true">pleasuring me and remove her fishnets</p>
  <p time="439919" is_ac="true">she did come back and finish me though</p>
  <p time="441360" is_ac="true">i'm glad to hear dave the message for</p>
  <p time="442960" is_ac="true">curious give me a few minutes sorry got</p>
  <p time="445280" is_ac="true">stopped by the feds bernard's two and a</p>
  <p time="447440" is_ac="true">half stars i noted that i</p>
  <p time="449680" is_ac="true">was allergic to onions i am now in adept</p>
  <p time="453360" is_ac="true">atlantic shock and i am waiting for the</p>
  <p time="455199" is_ac="true">ambulance are you trying to kill me</p>
  <p time="457120" is_ac="true">bernard i hope you recovered i hope you</p>
  <p time="459120" is_ac="true">didn't die bernard found a pen inside</p>
  <p time="461039" is_ac="true">the pizza undercooked food promised a</p>
  <p time="462960" is_ac="true">refund which they didn't fulfill i won't</p>
  <p time="464800" is_ac="true">order from them how did you find a</p>
  <p time="466800" is_ac="true">pen so i glossed over that when reading</p>
  <p time="468639" is_ac="true">this a pen you found a</p>
  <p time="470639" is_ac="true">pen inside the pizza or on a pen inside</p>
  <p time="474400" is_ac="true">or on the pizza if it's inside then</p>
  <p time="476400" is_ac="true">that's that's far more impressive</p>
  <p time="477840" is_ac="true">freestyles was okay food came late and</p>
  <p time="479919" is_ac="true">cold so the milkshake city replied with</p>
  <p time="482000" is_ac="true">hi there harry milkshakes are usually</p>
  <p time="483680" is_ac="true">cold i didn't know that you could do</p>
  <p time="484800" is_ac="true">milkshakes hot and you had a piece of</p>
  <p time="486080" is_ac="true">cheesecake sorry i do apologize i didn't</p>
  <p time="488319" is_ac="true">boil your milkshake for you the shame</p>
  <p time="490080" is_ac="true">rated somewhere one star on the owner</p>
  <p time="491440" is_ac="true">reply with thank you haters are my</p>
  <p time="493440" is_ac="true">motivators good good mentality to have</p>
  <p time="495599" is_ac="true">uh unnamed shop owner</p>
  <p time="498639" is_ac="true">have a good night who dis your delivery</p>
  <p time="500319" is_ac="true">driver hope you enjoyed your food haha</p>
  <p time="502240" is_ac="true">thanks you're welcome what you up to at</p>
  <p time="504000" is_ac="true">this time in the morning eat a pizza did</p>
  <p time="505759" is_ac="true">you enjoy it yep thank you oh good good</p>
  <p time="507599" is_ac="true">what you studying</p>
  <p time="510000" is_ac="true">three stars owner said i need to lose</p>
  <p time="511919" is_ac="true">some weight what would they have had to</p>
  <p time="513120" is_ac="true">have done to get into a two or more</p>
  <p time="514719" is_ac="true">start anyway the owner responded with</p>
  <p time="516560" is_ac="true">simply fatty</p>
  <p time="518719" is_ac="true">sticking to their guns you gotta respect</p>
  <p time="520240" is_ac="true">it closed on a tuesday one o'clock no</p>
  <p time="522399" is_ac="true">opening hours in there opening hours on</p>
  <p time="524159" is_ac="true">google maps info didn't fit and response</p>
  <p time="526320" is_ac="true">from the owner or whoever it was is also</p>
  <p time="528880" is_ac="true">awesome firstly [ __ ] off thomas we open</p>
  <p time="531200" is_ac="true">when we want and all times are subject</p>
  <p time="533120" is_ac="true">to change for whatever reason personal</p>
  <p time="534800" is_ac="true">war otherwise who the [ __ ] do you think</p>
  <p time="536720" is_ac="true">you are you're obviously very special or</p>
  <p time="538480" is_ac="true">think you are let me tell you just so</p>
  <p time="540240" is_ac="true">you know if we are close it means we are</p>
  <p time="542160" is_ac="true">[ __ ] not open clear enough for you</p>
  <p time="544000" is_ac="true">for [ __ ] take break dead regards gary</p>
  <p time="546160" is_ac="true">very formal ending to that to that</p>
  <p time="548160" is_ac="true">message</p>
  <p time="549600" is_ac="true">one star supposed to be delivered at 2am</p>
  <p time="551360" is_ac="true">and you showed up over two hours later</p>
  <p time="553120" is_ac="true">you got me up at 4am to be fair that</p>
  <p time="554880" is_ac="true">that's what that does want a one-star</p>
  <p time="556640" is_ac="true">review you want me off at 4am with my</p>
  <p time="558240" is_ac="true">food two hours after it's supposed to be</p>
  <p time="559920" is_ac="true">delivered i want a refund lol</p>
  <p time="563200" is_ac="true">two stars from james on this one</p>
  <p time="564560" is_ac="true">competitive with a microwave meal full</p>
  <p time="566560" is_ac="true">english is dry but the tomato was good</p>
  <p time="568720" is_ac="true">just get the tomato well no options on</p>
  <p time="570560" is_ac="true">how anything is cooked or to add or take</p>
  <p time="572320" is_ac="true">anything off if you have no choices then</p>
  <p time="573600" is_ac="true">it should be cooked at least average</p>
  <p time="575040" is_ac="true">james you can add items and tell us what</p>
  <p time="576880" is_ac="true">to remove in the comments box you can't</p>
  <p time="578560" is_ac="true">even use just heat properly to order the</p>
  <p time="580640" is_ac="true">food and you pick your gordon ramsay all</p>
  <p time="582640" is_ac="true">of a sudden</p>
  <p time="584240" is_ac="true">someone reviewed a mcdonald's in leeds</p>
  <p time="586800" is_ac="true">one star they've given us a shocking</p>
  <p time="588959" is_ac="true">revelation here i found out that the</p>
  <p time="591200" is_ac="true">meat is human not just human children it</p>
  <p time="594000" is_ac="true">just makes me want a mcdonald's more</p>
  <p time="595839" is_ac="true">george complainer one star just for</p>
  <p time="597600" is_ac="true">their attitude</p>
  <p time="599360" is_ac="true">he speaks for itself</p>
  <p time="602320" is_ac="true">all of fans</p>
  <p time="606959" is_ac="true">you gotta respect the effort with that</p>
  <p time="608640" is_ac="true">one surely it would have just been less</p>
  <p time="609920" is_ac="true">effort to give you give them a fanta</p>
  <p time="611760" is_ac="true">lemon but no they went the extra mile</p>
  <p time="613440" is_ac="true">with that you should have given them all</p>
  <p time="614720" is_ac="true">six stars for that two stars arrived for</p>
  <p time="617040" is_ac="true">a collection ordered a mincemeat sarnia</p>
  <p time="619040" is_ac="true">and found it perfectly slotted in</p>
  <p time="620320" is_ac="true">between the bricks outside i said what</p>
  <p time="622399" is_ac="true">kind of joke this was they could be a</p>
  <p time="624079" is_ac="true">fat nonsense what the [ __ ] is a</p>
  <p time="626240" is_ac="true">mincemeat sock what the [ __ ] is that it</p>
  <p time="628079" is_ac="true">sounds like a fat nonce kind of food if</p>
  <p time="629920" is_ac="true">you ask me one star don't know this</p>
  <p time="632640" is_ac="true">place one star it was absolutely</p>
  <p time="634240" is_ac="true">disgusting i gave it to my dog hi frank</p>
  <p time="636720" is_ac="true">nice to hear that food has not been</p>
  <p time="637839" is_ac="true">wasted thank you and making that making</p>
  <p time="639360" is_ac="true">the best out of about staying positive</p>
  <p time="640880" is_ac="true">the owner is though staying positive</p>
  <p time="642560" is_ac="true">positive mindset one star order of</p>
  <p time="644160" is_ac="true">hawaiian pizza came with apple instead</p>
  <p time="645920" is_ac="true">of pineapple food was really late by</p>
  <p time="647760" is_ac="true">like three hours delivery driver just</p>
  <p time="649440" is_ac="true">walked in because the door was open</p>
  <p time="651839" is_ac="true">that's surely not that's surely a lie</p>
  <p time="654000" is_ac="true">there's like three really really [ __ ]</p>
  <p time="656079" is_ac="true">bad things there one star disgusting my</p>
  <p time="658079" is_ac="true">order was rejected you still accept it</p>
  <p time="659760" is_ac="true">on dusty and took the money you're all</p>
  <p time="661279" is_ac="true">disgusting tried to attack my partner</p>
  <p time="663200" is_ac="true">with a kebab lice police were involved</p>
  <p time="665360" is_ac="true">you were proved wrong i want my money</p>
  <p time="667040" is_ac="true">what okay i i'm trying to i'm trying to</p>
  <p time="668959" is_ac="true">get a mental image of what was was</p>
  <p time="671040" is_ac="true">occurred here because they ordered off</p>
  <p time="672320" is_ac="true">justine and the food didn't show up but</p>
  <p time="674320" is_ac="true">the the the the kebab shop man tried to</p>
  <p time="676959" is_ac="true">attack them with a knife what i'm</p>
  <p time="678880" is_ac="true">confused how they didn't they didn't go</p>
  <p time="680720" is_ac="true">to the shop they ordered in but they</p>
  <p time="681839" is_ac="true">didn't turn up and they</p>
  <p time="683680" is_ac="true">you're making no sense kelly get your</p>
  <p time="685200" is_ac="true">story straight chris gave a pretty good</p>
  <p time="686800" is_ac="true">review three and a half stars out of six</p>
  <p time="688880" is_ac="true">nearly killed my partner asked what</p>
  <p time="691040" is_ac="true">gravy gave him peppercorn sirs that he's</p>
  <p time="693200" is_ac="true">allergic to now on way to hospital three</p>
  <p time="695839" is_ac="true">and a half stars though food must have</p>
  <p time="697040" is_ac="true">been pretty good but anyway guys we're</p>
  <p time="698079" is_ac="true">gonna leave there today's video i hope</p>
  <p time="699279" is_ac="true">you did enjoy if you did be sure to like</p>
  <p time="700720" is_ac="true">and subscribe if you're new merch link</p>
  <p time="702000" is_ac="true">is in the description and i'll see you</p>
  <p time="703200" is_ac="true">in a bit bye</p>
</text>
