<?xml version='1.0' encoding='UTF-8'?>
<text date_d="8" date_m="9" date_y="2022" format="srv3" age_limit="0" comment_count="2600" description="FAQ:&#10;Yes, I sear the burgers before service, to make the service faster, these people have a short lunch break, I must be as quick as possible 👌😉👍&#10;&#10;If you're looking for a delicious and quick burger fix, then check out this burger bar! 33 minutes of POV service 👌😊👍&#10;&#10;&#10;#food #cooking #delicious #burger #satisfying #cheese" fulltitle="Burger bar: 33 minutes of POV service 👌😊👍" like_count="96950" location="UNITED KINGDOM" playlist_title="na" release_date="na" upload_date="20220908" repost_count="na" tags="burger; burgers; cheeseburger; best burger; " title="Burger bar: 33 minutes of POV service 👌😊👍" uploader="MrT" view_count="6066188" webpage_url="https://www.youtube.com/watch?v=O14bbpvy2x0" autocaption="true">
  <p time="9200" is_ac="true">oh</p>
  <p time="11010" is_ac="true">[Music]</p>
  <p time="35840" is_ac="true">you want cheese on it yes</p>
  <p time="37760" is_ac="true">any preference</p>
  <p time="39200" is_ac="true">sorry any preference</p>
  <p time="40960" is_ac="true">just normal burger cheese</p>
  <p time="44160" is_ac="true">mexican or edmonton</p>
  <p time="45920" is_ac="true">no no</p>
  <p time="58320" is_ac="true">okay</p>
  <p time="81690" is_ac="true">[Music]</p>
  <p time="91290" is_ac="true">[Music]</p>
  <p time="98000" is_ac="true">good</p>
  <p time="106450" is_ac="true">[Music]</p>
  <p time="120719" is_ac="true">you're gonna sit down here and eat it or</p>
  <p time="122479" is_ac="true">we're gonna take it away please</p>
  <p time="132480" is_ac="true">when you eat up here</p>
  <p time="144239" is_ac="true">so</p>
  <p time="146820" is_ac="true">[Music]</p>
  <p time="164720" is_ac="true">uh just onion tomato</p>
  <p time="166800" is_ac="true">any sauce</p>
  <p time="171120" is_ac="true">um</p>
  <p time="173120" is_ac="true">i'll just catch up</p>
  <p time="178870" is_ac="true">[Music]</p>
  <p time="184920" is_ac="true">[Music]</p>
  <p time="192950" is_ac="true">[Music]</p>
  <p time="212080" is_ac="true">okay</p>
  <p time="232560" is_ac="true">yeah please</p>
  <p time="234560" is_ac="true">play no spicy like</p>
  <p time="240190" is_ac="true">[Music]</p>
  <p time="251760" is_ac="true">you have any preference to the cheese</p>
  <p time="253439" is_ac="true">i've got four different kind of cheese</p>
  <p time="256479" is_ac="true">what you've got spicy cheese a little</p>
  <p time="258160" is_ac="true">spicy i've got a manta i've got blue</p>
  <p time="260560" is_ac="true">cheese i've got three</p>
  <p time="263360" is_ac="true">spicier yeah</p>
  <p time="277600" is_ac="true">sold out</p>
  <p time="279120" is_ac="true">you can have a problem</p>
  <p time="287680" is_ac="true">um</p>
  <p time="295400" is_ac="true">[Music]</p>
  <p time="299520" is_ac="true">sat down</p>
  <p time="323360" is_ac="true">any preference for the cheese</p>
  <p time="326400" is_ac="true">what's your choice about cheese egg</p>
  <p time="329360" is_ac="true">somewhere</p>
  <p time="334720" is_ac="true">mexico</p>
  <p time="344080" is_ac="true">oh</p>
  <p time="357600" is_ac="true">oh</p>
  <p time="372810" is_ac="true">[Music]</p>
  <p time="381440" is_ac="true">people</p>
  <p time="394970" is_ac="true">[Music]</p>
  <p time="403280" is_ac="true">thank you</p>
  <p time="408510" is_ac="true">[Music]</p>
  <p time="417599" is_ac="true">yeah that's it</p>
  <p time="425330" is_ac="true">[Music]</p>
  <p time="448000" is_ac="true">getting away</p>
  <p time="461280" is_ac="true">thank you</p>
  <p time="470479" is_ac="true">um</p>
  <p time="483080" is_ac="true">[Music]</p>
  <p time="489199" is_ac="true">oh</p>
  <p time="504319" is_ac="true">any preference with the cheese</p>
  <p time="510400" is_ac="true">it is yes</p>
  <p time="523600" is_ac="true">[Music]</p>
  <p time="527279" is_ac="true">all right</p>
  <p time="543210" is_ac="true">[Music]</p>
  <p time="581900" is_ac="true">[Music]</p>
  <p time="589440" is_ac="true">any sauce</p>
  <p time="611190" is_ac="true">[Music]</p>
  <p time="618720" is_ac="true">foreign</p>
  <p time="630760" is_ac="true">[Music]</p>
  <p time="646000" is_ac="true">as well</p>
  <p time="658640" is_ac="true">[Music]</p>
  <p time="673890" is_ac="true">[Music]</p>
  <p time="686240" is_ac="true">oh</p>
  <p time="709750" is_ac="true">[Music]</p>
  <p time="727680" is_ac="true">right</p>
  <p time="752639" is_ac="true">just a few chicks</p>
  <p time="781760" is_ac="true">okay</p>
  <p time="791460" is_ac="true">[Music]</p>
  <p time="812639" is_ac="true">you're gonna</p>
  <p time="824720" is_ac="true">um</p>
  <p time="838880" is_ac="true">anything else</p>
  <p time="846240" is_ac="true">futures</p>
  <p time="856000" is_ac="true">enjoy cheers</p>
  <p time="873920" is_ac="true">yes</p>
  <p time="905440" is_ac="true">is</p>
  <p time="908970" is_ac="true">[Music]</p>
  <p time="942959" is_ac="true">um</p>
  <p time="966800" is_ac="true">any</p>
  <p time="980720" is_ac="true">i'll never</p>
  <p time="984240" is_ac="true">that's a good thing</p>
  <p time="991400" is_ac="true">[Music]</p>
  <p time="1019160" is_ac="true">[Music]</p>
  <p time="1021920" is_ac="true">oh</p>
  <p time="1063200" is_ac="true">kieran</p>
  <p time="1068320" is_ac="true">one day you're going to surprise me</p>
  <p time="1069679" is_ac="true">never</p>
  <p time="1071120" is_ac="true">never</p>
  <p time="1082480" is_ac="true">oh yeah how was it</p>
  <p time="1095130" is_ac="true">[Music]</p>
  <p time="1105840" is_ac="true">just onion and</p>
  <p time="1115120" is_ac="true">um</p>
  <p time="1118300" is_ac="true">[Music]</p>
  <p time="1149600" is_ac="true">any preference in the cheese</p>
  <p time="1152320" is_ac="true">four different kind of cheese and stuff</p>
  <p time="1157440" is_ac="true">that's gonna burger cheese</p>
  <p time="1179930" is_ac="true">[Music]</p>
  <p time="1232480" is_ac="true">just on your</p>
  <p time="1240880" is_ac="true">hey</p>
  <p time="1257280" is_ac="true">ruler</p>
  <p time="1285120" is_ac="true">again</p>
  <p time="1287210" is_ac="true">[Music]</p>
  <p time="1296440" is_ac="true">[Music]</p>
  <p time="1299679" is_ac="true">any preference for the cheese</p>
  <p time="1303120" is_ac="true">sure i've got four different kind of</p>
  <p time="1304400" is_ac="true">shoes today</p>
  <p time="1308720" is_ac="true">[Music]</p>
  <p time="1326400" is_ac="true">yes</p>
  <p time="1330080" is_ac="true">any preference</p>
  <p time="1331520" is_ac="true">[Music]</p>
  <p time="1349520" is_ac="true">more speed on it</p>
  <p time="1362400" is_ac="true">okay</p>
  <p time="1364570" is_ac="true">[Music]</p>
  <p time="1372590" is_ac="true">[Music]</p>
  <p time="1382559" is_ac="true">can i move</p>
  <p time="1394720" is_ac="true">[Music]</p>
  <p time="1428159" is_ac="true">switch in here</p>
  <p time="1439039" is_ac="true">eating take away</p>
  <p time="1446320" is_ac="true">or anything else</p>
  <p time="1487679" is_ac="true">oh</p>
  <p time="1491060" is_ac="true">[Music]</p>
  <p time="1512320" is_ac="true">uh</p>
  <p time="1535600" is_ac="true">any sauce</p>
  <p time="1542320" is_ac="true">let's have a bit more</p>
  <p time="1553950" is_ac="true">[Music]</p>
  <p time="1578880" is_ac="true">yes</p>
  <p time="1594880" is_ac="true">ordinary cheese here</p>
  <p time="1603960" is_ac="true">[Music]</p>
  <p time="1606880" is_ac="true">yes</p>
  <p time="1613540" is_ac="true">[Music]</p>
  <p time="1620320" is_ac="true">you know</p>
  <p time="1639039" is_ac="true">shoes</p>
  <p time="1656720" is_ac="true">amazing</p>
  <p time="1675040" is_ac="true">[Music]</p>
  <p time="1684350" is_ac="true">[Music]</p>
  <p time="1694500" is_ac="true">[Music]</p>
  <p time="1703279" is_ac="true">um</p>
  <p time="1731200" is_ac="true">you at the park</p>
  <p time="1732559" is_ac="true">we don't know how much is it</p>
  <p time="1737860" is_ac="true">[Music]</p>
  <p time="1750720" is_ac="true">any sauce</p>
  <p time="1752399" is_ac="true">it's just</p>
  <p time="1784720" is_ac="true">um</p>
  <p time="1802730" is_ac="true">[Music]</p>
  <p time="1823279" is_ac="true">and how do you have a little bit of</p>
  <p time="1824480" is_ac="true">cancel</p>
  <p time="1825440" is_ac="true">anything else just a little bit</p>
  <p time="1831039" is_ac="true">any sauce</p>
  <p time="1843750" is_ac="true">[Music]</p>
  <p time="1854559" is_ac="true">um</p>
  <p time="1860770" is_ac="true">[Music]</p>
  <p time="1874480" is_ac="true">um</p>
  <p time="1875360" is_ac="true">can i have necklace cucumber</p>
  <p time="1895360" is_ac="true">very tasty</p>
  <p time="1920159" is_ac="true">um</p>
  <p time="1939039" is_ac="true">just a bit of ketchup please</p>
  <p time="1966000" is_ac="true">[Music]</p>
  <p time="1975200" is_ac="true">[Music]</p>
  <p time="1978960" is_ac="true">good night</p>
  <p time="2005360" is_ac="true">it would have been</p>
</text>
