<?xml version='1.0' encoding='UTF-8'?>
<text date_d="14" date_m="5" date_y="2019" format="srv3" age_limit="0" comment_count="90" description="This is Waite Park Diner, near Saint Cloud Minnesota.&#10;&#10;American Diners,&#10;Classic American Diner,&#10;Americas Diners,&#10;Minnesota Diner,&#10;Classic Diner Car,&#10;Original Diner Car,&#10;Classic American Dining Car,&#10;St Cloud Minnesota,&#10;Midwest Diners,&#10;&#10;Breakfast, Lunch, Dinner,&#10;They serve it all!&#10;&#10;Amazing Food! &#10;Great Food!&#10;&#10;&#10;&#10;Get a Matt's Rad Show T-Shirt! &#10;https://shop.spreadshirt.com/Mattsradshow&#10;&#10;SEND MAIL HERE! &#10;Send a self addressed stamped envelop and Get a FREE STICKER! &#10;Matt's Rad Show&#10;P.O. Box 552&#10;Rogers Mn 55374&#10;&#10;FOLLOW MATT ON SOCIAL MEDIA!&#10;Twitter - https://twitter.com/mattsradshow&#10;Instagram - https://www.instagram.com/mattsradshow/&#10;Facebook - https://www.facebook.com/mattsradshow" fulltitle="CLASSIC AMERICAN DINER - WAITE PARK DINER!!! - 1950's Diner!" like_count="1255" location="na" playlist_title="na" release_date="na" upload_date="20190514" repost_count="na" tags="All american Diners; Minnesota Diner Car; Minnesota Tourism; Diners Drive inns and Dives; Drive Inn; Diner; Amazing Diners; Mickey's Diner; Saint Paul Minnesota Locations; Classic Diner; Classic Ameri; " title="CLASSIC AMERICAN DINER - WAITE PARK DINER!!! - 1950's Diner!" uploader="MattsRadShow" view_count="77506" webpage_url="https://www.youtube.com/watch?v=tT1obEovlPQ" autocaption="true">
  <p time="180" is_ac="true">[Music]</p>
  <p time="14880" is_ac="true">welcome everybody to my daily vlog here</p>
  <p time="17920" is_ac="true">we're up in lake park minnesota</p>
  <p time="20320" is_ac="true">at the park</p>
  <p time="21760" is_ac="true">diner park diner wade park minnesota</p>
  <p time="24400" is_ac="true">park diner pretty cool diner we're gonna</p>
  <p time="26000" is_ac="true">check it out today guys so uh join me</p>
  <p time="28080" is_ac="true">let's do this get some groove</p>
  <p time="30560" is_ac="true">loving the chrome on this old diner this</p>
  <p time="33040" is_ac="true">one's quite a bit bigger than mickey's</p>
  <p time="34480" is_ac="true">diner in downtown st paul</p>
  <p time="36960" is_ac="true">so this is saint cloud's diner</p>
  <p time="39360" is_ac="true">saint paul's is mickey's diner but this</p>
  <p time="41680" is_ac="true">is pretty cool looking too</p>
  <p time="43360" is_ac="true">it's a bit it's wider but it's still got</p>
  <p time="45200" is_ac="true">all the cool</p>
  <p time="46960" is_ac="true">looking uh chrome on this bad boy so</p>
  <p time="50239" is_ac="true">let's just head in and uh</p>
  <p time="52480" is_ac="true">see if we can</p>
  <p time="54000" is_ac="true">it's lunch time but i'm gonna get some</p>
  <p time="57760" is_ac="true">because that's how i do</p>
  <p time="60560" is_ac="true">[Music]</p>
  <p time="61760" is_ac="true">so much chrome</p>
  <p time="64879" is_ac="true">[Music]</p>
  <p time="71040" is_ac="true">cool</p>
  <p time="72400" is_ac="true">very cool</p>
  <p time="74799" is_ac="true">very</p>
  <p time="78460" is_ac="true">[Music]</p>
  <p time="84840" is_ac="true">cool yeah so here we are he will be</p>
  <p time="88560" is_ac="true">it is tuesday morning as i'm uploading</p>
  <p time="91280" is_ac="true">this</p>
  <p time="92320" is_ac="true">um it's actually monday right now</p>
  <p time="95439" is_ac="true">when i'm filming this case you guys</p>
  <p time="96799" is_ac="true">don't realize this</p>
  <p time="98640" is_ac="true">i filmed the vlog when i'm doing a daily</p>
  <p time="100400" is_ac="true">vlog i film it the day before</p>
  <p time="102799" is_ac="true">makes sense right</p>
  <p time="104960" is_ac="true">um</p>
  <p time="106640" is_ac="true">what should we get</p>
  <p time="108240" is_ac="true">leader of the pack</p>
  <p time="109840" is_ac="true">he's got some steak in it</p>
  <p time="111920" is_ac="true">biscuits and gravy southern charm</p>
  <p time="114880" is_ac="true">day night signature sliders french</p>
  <p time="117280" is_ac="true">connection</p>
  <p time="119439" is_ac="true">flying saucers two large homemade</p>
  <p time="121200" is_ac="true">buttermilk pancakes those are the flying</p>
  <p time="122880" is_ac="true">saucers</p>
  <p time="124000" is_ac="true">that looks pretty good alien</p>
  <p time="125840" is_ac="true">alien invasion</p>
  <p time="127680" is_ac="true">it's kind of fun i wonder why they have</p>
  <p time="129520" is_ac="true">like an alien theme here too that's</p>
  <p time="131200" is_ac="true">weird</p>
  <p time="132800" is_ac="true">eggs benedict ooh that's good stuff i</p>
  <p time="135200" is_ac="true">love me some nice benedict</p>
  <p time="137040" is_ac="true">all shook up omelette ooh good stuff too</p>
  <p time="148319" is_ac="true">i've decided to go with the drifters</p>
  <p time="150239" is_ac="true">skillet i'm a bit of a skillet fan</p>
  <p time="153280" is_ac="true">i enjoy skillets so excited for my</p>
  <p time="156720" is_ac="true">drifter's skillet</p>
  <p time="158560" is_ac="true">they got lots of malts</p>
  <p time="160560" is_ac="true">got all the malt glasses over there you</p>
  <p time="162239" is_ac="true">can get i might have to come back and</p>
  <p time="163920" is_ac="true">get a malt sometime</p>
  <p time="166000" is_ac="true">looks good</p>
  <p time="167840" is_ac="true">delicious</p>
  <p time="169120" is_ac="true">it's cool i got an area back here too</p>
  <p time="171440" is_ac="true">kind of more of a mulch shop kind of</p>
  <p time="173040" is_ac="true">tables</p>
  <p time="174239" is_ac="true">on a record</p>
  <p time="176080" is_ac="true">and then this area is mostly</p>
  <p time="178959" is_ac="true">all</p>
  <p time="180640" is_ac="true">booths</p>
  <p time="182159" is_ac="true">what a cool</p>
  <p time="183519" is_ac="true">cool diner</p>
  <p time="186040" is_ac="true">[Music]</p>
  <p time="200720" is_ac="true">so you have a little walk through the</p>
  <p time="202560" is_ac="true">entire diner there</p>
  <p time="204080" is_ac="true">kind of goes around the corner there</p>
  <p time="205360" is_ac="true">it's actually really big</p>
  <p time="207120" is_ac="true">this is one of the the bigger ones that</p>
  <p time="209040" is_ac="true">i've been in i think</p>
  <p time="211120" is_ac="true">but i like it got a cool vibe they got</p>
  <p time="213440" is_ac="true">the checkered floors they've got the 57</p>
  <p time="215760" is_ac="true">chevy</p>
  <p time="216720" is_ac="true">seats and uh</p>
  <p time="219120" is_ac="true">i've eaten here uh one or two other</p>
  <p time="220799" is_ac="true">times before this is not my first time</p>
  <p time="222959" is_ac="true">here</p>
  <p time="224159" is_ac="true">um though it uh i don't come here often</p>
  <p time="226720" is_ac="true">so it's kind of cool to see</p>
  <p time="228480" is_ac="true">um</p>
  <p time="229920" is_ac="true">i'm loving the neon too they got the</p>
  <p time="231440" is_ac="true">neon red lights going down the edge</p>
  <p time="234720" is_ac="true">well done park time this is called park</p>
  <p time="236879" is_ac="true">diner right</p>
  <p time="238080" is_ac="true">park diner and wait park</p>
  <p time="241200" is_ac="true">no history though on the</p>
  <p time="243040" is_ac="true">on the menu i always like to read more</p>
  <p time="245280" is_ac="true">about the history of the place</p>
  <p time="247280" is_ac="true">but uh i don't see any history so</p>
  <p time="250650" is_ac="true">[Applause]</p>
  <p time="252000" is_ac="true">oh well</p>
  <p time="253670" is_ac="true">[Music]</p>
  <p time="256400" is_ac="true">food looks good they got a car theme</p>
  <p time="258320" is_ac="true">going on looks like for all of their</p>
  <p time="260959" is_ac="true">food</p>
  <p time="262160" is_ac="true">the cruising burger at the grill</p>
  <p time="264960" is_ac="true">specialty oh i might have to get a</p>
  <p time="266479" is_ac="true">burger</p>
  <p time="268639" is_ac="true">yeah i'm still feeling the breakfast</p>
  <p time="271440" is_ac="true">some good stuff here</p>
  <p time="274560" is_ac="true">chubby checkered chicken</p>
  <p time="276680" is_ac="true">[Music]</p>
  <p time="278479" is_ac="true">see what you did there</p>
  <p time="280639" is_ac="true">yeah it's quite the menu they got here a</p>
  <p time="283040" is_ac="true">lot of times diners don't have such big</p>
  <p time="284639" is_ac="true">menus but uh</p>
  <p time="286400" is_ac="true">they got some uh some good</p>
  <p time="288960" is_ac="true">good stuff here</p>
  <p time="291150" is_ac="true">[Music]</p>
  <p time="319759" is_ac="true">trying to figure out what kind of car</p>
  <p time="321840" is_ac="true">that's what it looks like at night on</p>
  <p time="323120" is_ac="true">their diner and their menu here trying</p>
  <p time="325440" is_ac="true">to figure out what kind of car this is</p>
  <p time="327759" is_ac="true">which probably should be a classic car</p>
  <p time="329759" is_ac="true">but that's not a classic car looks like</p>
  <p time="331919" is_ac="true">a chevy emblem but i'm not sure</p>
  <p time="334720" is_ac="true">always good</p>
  <p time="336720" is_ac="true">always a good sign when your coffee's</p>
  <p time="338400" is_ac="true">steaming like that</p>
  <p time="340800" is_ac="true">oh yeah</p>
  <p time="342510" is_ac="true">[Music]</p>
  <p time="362160" is_ac="true">my drifter skillet has arrived</p>
  <p time="364479" is_ac="true">looks amazing some good toast</p>
  <p time="367039" is_ac="true">digging the way that they laid the toast</p>
  <p time="368479" is_ac="true">out like that</p>
  <p time="370479" is_ac="true">my drifter skillet</p>
  <p time="372400" is_ac="true">looking good</p>
  <p time="374520" is_ac="true">[Music]</p>
  <p time="382160" is_ac="true">skill it's really good</p>
  <p time="384160" is_ac="true">it's got uh bacon in there some sausage</p>
  <p time="387440" is_ac="true">some onions some potatoes some green</p>
  <p time="389680" is_ac="true">peppers all kinds of good stuff</p>
  <p time="391919" is_ac="true">just kind of throw everything in there</p>
  <p time="393680" is_ac="true">it's really good</p>
  <p time="395919" is_ac="true">diners always make the best</p>
  <p time="398000" is_ac="true">of all skillets i don't know why but</p>
  <p time="399840" is_ac="true">they do</p>
  <p time="404130" is_ac="true">[Music]</p>
  <p time="406000" is_ac="true">i don't know if you guys have seen all</p>
  <p time="407120" is_ac="true">of my diners</p>
  <p time="409120" is_ac="true">kind of series that i have going</p>
  <p time="411680" is_ac="true">uh before we had wally me and ashley we</p>
  <p time="413759" is_ac="true">actually went to like maybe four</p>
  <p time="416800" is_ac="true">different diners</p>
  <p time="418160" is_ac="true">um and they were at there at night time</p>
  <p time="420160" is_ac="true">though we went at night um so we didn't</p>
  <p time="422319" is_ac="true">actually go during the day to any of</p>
  <p time="423759" is_ac="true">them this might be the first no i went</p>
  <p time="426160" is_ac="true">to went to mickey's diner by myself</p>
  <p time="428160" is_ac="true">during the day as well</p>
  <p time="429680" is_ac="true">um but anyways i've got i've got quite a</p>
  <p time="431680" is_ac="true">few and i've got a playlist on my</p>
  <p time="433680" is_ac="true">youtube site called</p>
  <p time="435280" is_ac="true">like get some grub i think it's called</p>
  <p time="437039" is_ac="true">and so you could uh look at that and</p>
  <p time="439120" is_ac="true">then</p>
  <p time="439919" is_ac="true">see some of the other diners and</p>
  <p time="441680" is_ac="true">restaurants and stuff that i've been to</p>
  <p time="443520" is_ac="true">um some of the vlogs that i've done at</p>
  <p time="445440" is_ac="true">those sites as well so</p>
  <p time="447360" is_ac="true">yeah got some fun stuff i think i think</p>
  <p time="449680" is_ac="true">my one of my favorite spots though that</p>
  <p time="451120" is_ac="true">i went</p>
  <p time="451919" is_ac="true">was</p>
  <p time="452720" is_ac="true">um</p>
  <p time="454240" is_ac="true">kind of the the drive-in burger joint</p>
  <p time="456560" is_ac="true">from the movie dazed and confused which</p>
  <p time="459039" is_ac="true">if you still haven't seen my my filming</p>
  <p time="461120" is_ac="true">locations video on days to confuse</p>
  <p time="463440" is_ac="true">uh you gotta check that out so i've got</p>
  <p time="465680" is_ac="true">a full length video of that daisy</p>
  <p time="467680" is_ac="true">confused and then i also did a separate</p>
  <p time="469360" is_ac="true">video just at that burger joint</p>
  <p time="472240" is_ac="true">um uh top notch burgers of course is</p>
  <p time="475039" is_ac="true">what it's called top notch burgers it's</p>
  <p time="477039" is_ac="true">been there for a long time</p>
  <p time="478720" is_ac="true">they filmed the movie in 93 and it had</p>
  <p time="480319" is_ac="true">already been there for many years so</p>
  <p time="482319" is_ac="true">it's been there for a long time but</p>
  <p time="484080" is_ac="true">that's a cool spot good food there too</p>
  <p time="486400" is_ac="true">if you're in austin texas definitely</p>
  <p time="488080" is_ac="true">check out</p>
  <p time="489039" is_ac="true">top-notch burgers</p>
  <p time="490960" is_ac="true">but yeah this place is cool</p>
  <p time="493590" is_ac="true">[Music]</p>
  <p time="504800" is_ac="true">all righty just finished my skillet</p>
  <p time="506720" is_ac="true">nothing was delicious</p>
  <p time="508479" is_ac="true">really good</p>
  <p time="509680" is_ac="true">excellent food here so far anyway</p>
  <p time="512800" is_ac="true">good stuff they've done something kind</p>
  <p time="514479" is_ac="true">of fun up here it's all dry erase board</p>
  <p time="516959" is_ac="true">and so they kind of draw different stuff</p>
  <p time="519279" is_ac="true">on the tops of this side and same with</p>
  <p time="520959" is_ac="true">the other side too it's a fun way to</p>
  <p time="522640" is_ac="true">kind of keep it new and fun</p>
  <p time="525380" is_ac="true">[Music]</p>
  <p time="532000" is_ac="true">[Music]</p>
  <p time="543680" is_ac="true">alrighty guys well</p>
  <p time="545040" is_ac="true">head out here now</p>
  <p time="546640" is_ac="true">so really cool spot though i really dig</p>
  <p time="548640" is_ac="true">this diner</p>
  <p time="549920" is_ac="true">i dig this diner oh here's a little</p>
  <p time="552240" is_ac="true">history here</p>
  <p time="553680" is_ac="true">let's read this real quick instant</p>
  <p time="555440" is_ac="true">nostalgia</p>
  <p time="557040" is_ac="true">ready-made diner drops in on weight park</p>
  <p time="560640" is_ac="true">okay cool</p>
  <p time="562640" is_ac="true">i have to read that here i'm just gonna</p>
  <p time="564240" is_ac="true">grab it right now</p>
  <p time="566880" is_ac="true">yeah</p>
  <p time="568240" is_ac="true">here's an article just on</p>
  <p time="570560" is_ac="true">diners in general i think</p>
  <p time="572880" is_ac="true">i can't find if this diner is actually</p>
  <p time="575279" is_ac="true">in this article or not</p>
  <p time="577600" is_ac="true">it's got to be in there somewhere don't</p>
  <p time="579040" is_ac="true">know here's their picture that was on</p>
  <p time="580800" is_ac="true">the menu</p>
  <p time="581920" is_ac="true">it definitely is a chevy</p>
  <p time="583920" is_ac="true">i don't know what kind of chevy that is</p>
  <p time="585680" is_ac="true">though what i don't i don't know what</p>
  <p time="587680" is_ac="true">chevy that</p>
  <p time="588839" is_ac="true">is holding blank what is that some more</p>
  <p time="592080" is_ac="true">cool</p>
  <p time="593680" is_ac="true">articles about it here</p>
  <p time="597839" is_ac="true">if you guys like to read</p>
  <p time="599920" is_ac="true">i don't know some of my viewers like to</p>
  <p time="602000" is_ac="true">read so i always like to grab a few</p>
  <p time="604160" is_ac="true">snippets</p>
  <p time="605279" is_ac="true">so if you want to pause the video you</p>
  <p time="606800" is_ac="true">can pause it and</p>
  <p time="608640" is_ac="true">watch or</p>
  <p time="609760" is_ac="true">read some of this stuff here it's always</p>
  <p time="612240" is_ac="true">kind of fun</p>
  <p time="614079" is_ac="true">but yeah anyways guys if you're ever in</p>
  <p time="615839" is_ac="true">wait park</p>
  <p time="617760" is_ac="true">near st cloud minnesota</p>
  <p time="620320" is_ac="true">come on over though it's a park diner</p>
  <p time="623440" is_ac="true">grab yourself some grub</p>
  <p time="625200" is_ac="true">i recommend the breakfast that's what</p>
  <p time="626800" is_ac="true">i've had here and it's always good</p>
  <p time="629519" is_ac="true">um friendly staff and uh the waitress</p>
  <p time="632880" is_ac="true">that i was talking to in there has</p>
  <p time="634399" is_ac="true">worked there for 21 years 21 years and</p>
  <p time="637440" is_ac="true">she loves it so so you know it's got to</p>
  <p time="639200" is_ac="true">be a good place if</p>
  <p time="640640" is_ac="true">their staff is willing to work there for</p>
  <p time="642399" is_ac="true">21 years so that's good people right</p>
  <p time="644800" is_ac="true">there so come check this place out if</p>
  <p time="646480" is_ac="true">you get a chance</p>
  <p time="647839" is_ac="true">it's pretty cool so yep that's all i got</p>
  <p time="650000" is_ac="true">for the vlog today guys thanks for</p>
  <p time="651279" is_ac="true">checking it out with me and uh</p>
  <p time="653839" is_ac="true">i'll be traveling on down the road</p>
  <p time="655279" is_ac="true">thanks guys talk to you later okay bye</p>
  <p time="662860" is_ac="true">[Music]</p>
  <p time="665680" is_ac="true">do</p>
  <p time="668660" is_ac="true">[Music]</p>
  <p time="680480" is_ac="true">you</p>
</text>
