<?xml version='1.0' encoding='UTF-8'?>
<text date_d="18" date_m="2" date_y="2024" format="srv3" age_limit="0" comment_count="354" description="Today, we are back in Copenhagen for the restaurant that turned Denmark into a gastro-nation.&#10;Arguably the best restaurant in the world will close for good at the end of 2024.&#10;It’s name is Noma. &#10;Three years in a row, from 2010 to 2012, Noma was named NO.1 restaurant in the world.&#10;They would go on to claim the number one spot a total of 5 times. &#10;&#10;Do you want more content from the world's top restaurants?&#10;Instagram - https://www.instagram.com/alexandertheguest&#10;&#10;My name is Alexander. I’m the co-owner of a ONE Michelin star restaurant, and I’m on a mission - to find inspiration in gastronomy. I love fine dining, good wine and sharing what I know with other people.&#10;&#10;Check out my restaurant: &#10;https://www.instagram.com/42restaurant/&#10;&#10;#noma #ReneRedzepi #michelinstar #3michelinstars #michelin #finedining #gastro #gastronomy #travel #denmark #copenhagen #finedining #noma #michelinstar" fulltitle="Dining at the WORLD’S NO. 1 RESTAURANT Before It Closes - NOMA" like_count="10451" location="COPENHAGEN" playlist_title="na" release_date="na" upload_date="20240218" repost_count="na" tags="Best restaurant in the world; No 1 restaurant; The world’s best restaurant; The world’s 50 best restaurant; Eating at the world’s best restaurant; Copenhagen; Denmark; fine dining restaurant; 50 Best Restaurants; food; eat; three stars; three Michelin stars; Michelin Guide; Michelin star; gourmet; dining; day in the life of a chef; inside a professional kitchen; inside a restaurant kitchen; noma; noma chef; noma copenhagen; noma denmark; noma closing; closing down; " title="Dining at the WORLD’S NO. 1 RESTAURANT Before It Closes - NOMA" uploader="Alexander The Guest" view_count="472008" webpage_url="https://www.youtube.com/watch?v=6s754Nn3HZY" autocaption="false">
  <p time="1160" is_ac="false">We are back in Copenhagen for the restaurant 
that turned Denmark into a gastro-nation.</p>
  <p time="6160" is_ac="false">It’s name is Noma.</p>
  <p time="7760" is_ac="false">Arguably the best restaurant in the world 
will close for good at the end of 2024.</p>
  <p time="14320" is_ac="false">Opened in 2003, it got a lot 
of attention in a weird way.</p>
  <p time="18560" is_ac="false">From a document.</p>
  <p time="19840" is_ac="false">I know, weird.</p>
  <p time="21680" is_ac="false">Right?</p>
  <p time="22080" is_ac="false">It was called the Manifesto 
of the New Nordic Kitchen.</p>
  <p time="25360" is_ac="false">Written by food activist 
and entrepreneur Claus Mayer</p>
  <p time="28480" is_ac="false">with a handful of Scandavian chefs, it 
redefined the rules for Nordic cooking.</p>
  <p time="33240" is_ac="false">Basically it says…</p>
  <p time="34480" is_ac="false">New Nordic cuisine must keep traditional 
methods and use ingredients that are in season.</p>
  <p time="39120" is_ac="false">On the other hand, it needs 
to innovate, be passionate</p>
  <p time="42280" is_ac="false">and create new ways to use 
traditional Nordic foods.</p>
  <p time="45440" is_ac="false">After it was presented at the Nordic 
Kitchen Symposium, people freaked out,</p>
  <p time="49440" is_ac="false">and the concept caught on like wild fire.</p>
  <p time="52320" is_ac="false">It would change not only 
Denmark, but the whole region,</p>
  <p time="55880" is_ac="false">inspiring dozens of chefs and pushing 
Scandavia into the world’s culinary spotlight.</p>
  <p time="61000" is_ac="false">And standing center stage was Rene Redzepi.</p>
  <p time="64040" is_ac="false">Head chef of Noma.</p>
  <p time="65920" is_ac="false">When he was 15, Rene dropped out of high school</p>
  <p time="68960" is_ac="false">and signed up for cooking school.</p>
  <p time="70800" is_ac="false">After, he trained as an apprentice at a local 
Michelin-starred restaurant called Pierre Andre.</p>
  <p time="75040" is_ac="false">From there, he spent time cooking in France</p>
  <p time="77040" is_ac="false">and then in Spain where he worked at El Bulli.</p>
  <p time="79760" is_ac="false">He returned to Copenhagen and 
took a position at Kong Hans</p>
  <p time="83280" is_ac="false">but took a break to spend a season at The French</p>
  <p time="85640" is_ac="false">Laundry alongside Thomas 
Keller in the Napa Valley.</p>
  <p time="88960" is_ac="false">In 2002, the 24 year old chef was approached</p>
  <p time="91520" is_ac="false">by Claus Meyer who offered him 
the opportunity of a lifetime.</p>
  <p time="95840" is_ac="false">Head chef of the brand new Noma.</p>
  <p time="98040" is_ac="false">The name Noma comes from 
a mix of two Danish words.</p>
  <p time="100920" is_ac="false">Nordisk, which means Nordic,</p>
  <p time="103480" is_ac="false">and mad which means food.</p>
  <p time="105640" is_ac="false">They opened in 2003.</p>
  <p time="107560" is_ac="false">In fact, the first few 
years were an uphill battle.</p>
  <p time="110200" is_ac="false">Turns out, Danish people were not 
so adventurous with their food.</p>
  <p time="114000" is_ac="false">They were used to traditional 
dishes like roast pork and potatoes.</p>
  <p time="117680" is_ac="false">And left the local food landscape unexplored.</p>
  <p time="120400" is_ac="false">For example, out of 55 
edible berries in the region,</p>
  <p time="123920" is_ac="false">people ate only 7.</p>
  <p time="125680" is_ac="false">Redzepi knew that changing what 
people eat would not happen overnight.</p>
  <p time="129400" is_ac="false">But many wondered if it was possible at all.</p>
  <p time="133680" is_ac="false">After simmering for a few years, 
things finally started to heat up.</p>
  <p time="137600" is_ac="false">By 2006, it reached a rolling boil.</p>
  <p time="140000" is_ac="false">Sustainability, simplicity and 
freshness became the order of the day.</p>
  <p time="144400" is_ac="false">Three years in a row, from 2010 to 2012,</p>
  <p time="147320" is_ac="false">Noma was named best restaurant in the world.</p>
  <p time="149960" is_ac="false">They would go on to claim the 
number one spot a total of 5 times.</p>
  <p time="154240" is_ac="false">Something that’s been done only 
once before - by El Bulli in Spain.</p>
  <p time="158680" is_ac="false">Despite all their success, the Michelin guide 
held Noma to 2 stars for more than a decade.</p>
  <p time="163560" is_ac="false">Finally in 2021, they gave Noma the third.</p>
  <p time="166600" is_ac="false">So now that you know how special this place is,</p>
  <p time="169920" is_ac="false">I have some bad news.</p>
  <p time="171240" is_ac="false">This year is your last chance to try Noma.</p>
  <p time="173920" is_ac="false">At the end of 2024, Noma will 
close it’s doors for good.</p>
  <p time="177680" is_ac="false">It’s not the first time Chef 
Redzepi has made such a bold move.</p>
  <p time="181000" is_ac="false">In 2012, Noma closed to open a pop-up in London.</p>
  <p time="184720" is_ac="false">In 2015, they did the same, this time in Japan.</p>
  <p time="188320" is_ac="false">In 2016, it was Australia.</p>
  <p time="190960" is_ac="false">In 2017, Mexico.</p>
  <p time="193520" is_ac="false">In 2016, they took a year off.</p>
  <p time="196400" is_ac="false">and in 2018, reopened in the 
current building as Noma 2.0.</p>
  <p time="201480" is_ac="false">Then during Covid, they closed 
completely and became a burger bar.</p>
  <p time="205560" is_ac="false">So no doubt, Chef Redzepi has 
something else up his sleeve.</p>
  <p time="209120" is_ac="false">What could it be?</p>
  <p time="211120" is_ac="false">We arrive at Noma’s garden village.</p>
  <p time="213920" is_ac="false">We didn’t see any signs, just a collection of 
small buildings, greenhouses and raised beds.</p>
  <p time="219600" is_ac="false">We arrive at the main building 
covered in deer antlers -</p>
  <p time="222440" is_ac="false">a sign of what’s to come.</p>
  <p time="224080" is_ac="false">Stepping in, we are met with this.</p>
  <p time="226360" is_ac="false">Hello from everybody.</p>
  <p time="227960" is_ac="false">What a reception!</p>
  <p time="229240" is_ac="false">Heartwarming from the start.</p>
  <p time="231120" is_ac="false">Love it.</p>
  <p time="232000" is_ac="false">The staff are energetic and excited to talk.</p>
  <p time="235160" is_ac="false">That’s when I learn we are in 
for something really special.</p>
  <p time="238360" is_ac="false">It’s something I rarely get to 
experience when dining abroad.</p>
  <p time="242040" is_ac="false">A server that can speak my mother tongue!</p>
  <p time="244320" is_ac="false">This is Szabolcs, and he speaks Hungarian.</p>
  <p time="247360" is_ac="false">and because of him, I know this 
is going to be a special night.</p>
  <p time="251360" is_ac="false">Welcoming us to the table is this 
guinea fowl in a thick salt crust.</p>
  <p time="255440" is_ac="false">We are also presented with an 
outrageous amount of mushrooms</p>
  <p time="258720" is_ac="false">that are going to make their 
way back to the table later.</p>
  <p time="261520" is_ac="false">As you can see, everything is out in the open,</p>
  <p time="264200" is_ac="false">almost begging you to ask about it.</p>
  <p time="266320" is_ac="false">Gone are the traditional white tablecloths.</p>
  <p time="268880" is_ac="false">In it’s place is warm Scandanavian design 
using all natural materials, mostly wood.</p>
  <p time="274720" is_ac="false">The staff uniforms are more function 
than fashion, but by no means sloppy.</p>
  <p time="279680" is_ac="false">It helps to set the atmosphere 
to informal and relaxed.</p>
  <p time="283280" is_ac="false">Noma is open just 4 days a week from Tuesday 
to Friday, and is open for lunch and dinner.</p>
  <p time="288880" is_ac="false">There are 40 seats, but four of 
them are reserved for students</p>
  <p time="292520" is_ac="false">to try the gourmet experience at a lower cost.</p>
  <p time="295880" is_ac="false">If you are by yourself, you are still welcome.</p>
  <p time="298440" is_ac="false">You can reserve a seat at the shared table</p>
  <p time="300240" is_ac="false">and make new friends while you 
experience a food paradise.</p>
  <p time="303520" is_ac="false">The menu is divided into three themes, 
showcasing food seasons and its best ingredients.</p>
  <p time="308760" is_ac="false">From January to June, it’s Ocean season.</p>
  <p time="311320" is_ac="false">July to September is Vegetable season.</p>
  <p time="313920" is_ac="false">October to December is Game and Forest season.</p>
  <p time="317160" is_ac="false">That’s what we are trying today.</p>
  <p time="318880" is_ac="false">The menu will set you back 535 euros,</p>
  <p time="321920" is_ac="false">but you are also expected 
to choose a drink pairing.</p>
  <p time="324760" is_ac="false">The wine package goes for 280 euros</p>
  <p time="327920" is_ac="false">while the juice pairing is 215.</p>
  <p time="330640" is_ac="false">For me the choice is easy.</p>
  <p time="332880" is_ac="false">First to hit the palette is a 
sparkling wine from Triple A.</p>
  <p time="335920" is_ac="false">Suddenly, the menu begins.</p>
  <p time="337760" is_ac="false">Here, they have done away with the little 
bites and amuse bouches, and dive straight in.</p>
  <p time="342800" is_ac="false">First is guineafowl - juicy and tender breast with</p>
  <p time="345360" is_ac="false">a dipping sauce of hazelnut 
milk, rendered fat and koji.</p>
  <p time="349480" is_ac="false">On the side is caramelized 
skin roasted over charcoal,</p>
  <p time="352960" is_ac="false">and guineafowl egg with nettles.</p>
  <p time="355360" is_ac="false">It looks and smells good,</p>
  <p time="357040" is_ac="false">but for taste and texture I was 
hoping for some acid and some crunch.</p>
  <p time="361480" is_ac="false">Next at the table, one large pear.</p>
  <p time="363800" is_ac="false">It’s straight off the tree.</p>
  <p time="365240" is_ac="false">Just how I like it.</p>
  <p time="366680" is_ac="false">Almost.</p>
  <p time="368040" is_ac="false">Watch this.</p>
  <p time="369000" is_ac="false">This is pear salad with sea buckthorn.</p>
  <p time="371640" is_ac="false">It was really good, and really fresh.</p>
  <p time="373920" is_ac="false">and I also really love the presentation.</p>
  <p time="376320" is_ac="false">Up next, it’s something totally unique.</p>
  <p time="378920" is_ac="false">What do you think it is?</p>
  <p time="380320" is_ac="false">In a million years, you would never guess.</p>
  <p time="382680" is_ac="false">You’ve heard of the probiotic 
drink called kombucha.</p>
  <p time="385920" is_ac="false">This is what they use for fermentation.</p>
  <p time="388160" is_ac="false">It’s called scoby, and it stands for 
Symbiotic Culture of Bacteria and Yeast.</p>
  <p time="394560" is_ac="false">I know how it sounds, but it was brilliant.</p>
  <p time="397720" is_ac="false">It’s cultivated with crowberry tea, brushed 
with larch oil and drizzled with bergamot.</p>
  <p time="402560" is_ac="false">It’s presented beautifully 
on a solid chunk of clear ice</p>
  <p time="405880" is_ac="false">and it's juicy and chewy, in a good way.</p>
  <p time="409080" is_ac="false">On the side is a fabulous stuffed hip berry.</p>
  <p time="411920" is_ac="false">With this dish, the kitchen is 
really flexing their science muscles.</p>
  <p time="415800" is_ac="false">Proving that Noma is as much research 
institute as it is restaurant.</p>
  <p time="420040" is_ac="false">Partnered with this dish is 
also something unconventional.</p>
  <p time="423600" is_ac="false">A 2019 Cotillon des Dames from Jean Yves Peron.</p>
  <p time="427720" is_ac="false">This one is a real sniffer.</p>
  <p time="429600" is_ac="false">It smells amazing.</p>
  <p time="431520" is_ac="false">This is a skin-contact wine, 
also called orange wine.</p>
  <p time="435000" is_ac="false">To make it they use the skins, the 
seeds and sometimes even the stems.</p>
  <p time="439320" is_ac="false">What comes out is a complex, deep and mineral 
wine lower in alcohol but higher in antioxidants.</p>
  <p time="445080" is_ac="false">So it’s even healthier than regular wine.</p>
  <p time="448120" is_ac="false">Next, pumpkin pie.</p>
  <p time="449720" is_ac="false">It’s interesting how they follow up an 
adventurous dish with something common.</p>
  <p time="454080" is_ac="false">It’s good, and the presentation is great.</p>
  <p time="456160" is_ac="false">but in terms of creativity and taste,</p>
  <p time="458120" is_ac="false">it’s a little step back, 
compare to the previous dish.</p>
  <p time="461120" is_ac="false">Next, a bowl of walnuts.</p>
  <p time="462880" is_ac="false">Sounds pretty basic, and it is.</p>
  <p time="465520" is_ac="false">But it’s also amazing.</p>
  <p time="467400" is_ac="false">Each fall, Noma’s beekeeper brings 
fresh walnuts from his tree,</p>
  <p time="471080" is_ac="false">and each year they find a way to 
incorporate them into the menu.</p>
  <p time="474960" is_ac="false">Part of the daily prep work at 
Noma includes cracking the shells</p>
  <p time="478280" is_ac="false">and carefully peeling the skin away to 
reveal the tender meat of the walnut.</p>
  <p time="483000" is_ac="false">It’s paired with a balanced and 
full-bodied Japanese sake served warm.</p>
  <p time="487960" is_ac="false">Up next, this.</p>
  <p time="489520" is_ac="false">Cherry leaf sandwich.</p>
  <p time="491240" is_ac="false">But it’s more like an ice cream sandwich.</p>
  <p time="493400" is_ac="false">It’s crisp cherry leaves with 
foamy goat cheese ice cream.</p>
  <p time="496920" is_ac="false">They make things really interesting by 
adding white truffle from Piedmonte.</p>
  <p time="501240" is_ac="false">Hey that’s not Danish!</p>
  <p time="502800" is_ac="false">That’s cheating!</p>
  <p time="504040" is_ac="false">Technically, yes, but I was happy they did.</p>
  <p time="507160" is_ac="false">It set up a wonderful balance 
of flavor and texture.</p>
  <p time="510320" is_ac="false">Umami, salty, sweet, creamy, light, and crunchy.</p>
  <p time="514480" is_ac="false">One of the best of the meal so far.</p>
  <p time="516720" is_ac="false">Speaking of things I like, the 
interior here is super inviting.</p>
  <p time="520400" is_ac="false">And the atmosphere created by 
the staff is something special.</p>
  <p time="524120" is_ac="false">And it’s clear they are not trying to 
impress, they are just doing their thing.</p>
  <p time="528280" is_ac="false">Nothing fancy or high-end.</p>
  <p time="530320" is_ac="false">That said, I love a nice glass and wish I had one.</p>
  <p time="534640" is_ac="false">The rest, is brilliant.</p>
  <p time="536440" is_ac="false">Our next wine is from French producer</p>
  <p time="538760" is_ac="false">who is a former musician turned 
winemaker producing unfiltered wine.</p>
  <p time="543480" is_ac="false">This one is an acidic Chenin 
that is absolutely vibrant.</p>
  <p time="547240" is_ac="false">It’s paired with wild boar 
belly, apple, and lingonberry.</p>
  <p time="551280" is_ac="false">Just look at that fat.</p>
  <p time="552840" is_ac="false">You know what that means.</p>
  <p time="554400" is_ac="false">Fat means flavor!</p>
  <p time="556400" is_ac="false">And this dish has lots of it.</p>
  <p time="558241" is_ac="false">Nice classic combo with pork and apple.
This is an outstanding one.</p>
  <p time="559920" is_ac="false">Chef Rene Redzepi drops by.</p>
  <p time="561920" is_ac="false">He has come to show us something.</p>
  <p time="563760" is_ac="false">At first, I think it’s pork belly.</p>
  <p time="566040" is_ac="false">But turns out, it’s scoby.</p>
  <p time="567880" is_ac="false">Remember that dish we had earlier?</p>
  <p time="570120" is_ac="false">This is where it started from.</p>
  <p time="572000" is_ac="false">I’m not sure I needed to see or smell that,</p>
  <p time="574600" is_ac="false">but when a superchef casually drops by your table</p>
  <p time="577440" is_ac="false">just to show you something in 
a huge jar, it’s pretty cool.</p>
  <p time="581680" is_ac="false">Next, we have gelatin made with mushroom.</p>
  <p time="584400" is_ac="false">On top is a ring of fresh sunflower 
seeds and in the middle, whipped cream.</p>
  <p time="588680" is_ac="false">Interesting and pleasant texture 
with a heavy umami flavor.</p>
  <p time="592520" is_ac="false">Coming up, we have a clever dish that will 
make you curious or turn your stomach.</p>
  <p time="597320" is_ac="false">It’s an omelette, made with reindeer brains.</p>
  <p time="600120" is_ac="false">It starts with a thin egg pancake 
and pheasant garum with kelp salt,</p>
  <p time="604240" is_ac="false">then folded around a filling.</p>
  <p time="606160" is_ac="false">That filling has a healthy 
amount of reindeer brains.</p>
  <p time="609240" is_ac="false">Sounds weird, but actually it has a 
soft, creamy texture like custard,</p>
  <p time="613920" is_ac="false">it’s delightfully acidic with exciting flavors.</p>
  <p time="616840" is_ac="false">It’s served in a foamy, 
buttery pheasant garum sauce.</p>
  <p time="620280" is_ac="false">Genius! I loved every bite.</p>
  <p time="623880" is_ac="false">Our next wine is a 2017 pinot noir.</p>
  <p time="626560" is_ac="false">It’s the top rated year for this wine and 
features dark fruit and light tannins.</p>
  <p time="630800" is_ac="false">To go with it is a wild mushroom ragou.</p>
  <p time="633120" is_ac="false">It’s sauteed mushrooms and herb salad</p>
  <p time="634880" is_ac="false">with crispy pieces of chestnut 
served in a beeswax bowl.</p>
  <p time="638920" is_ac="false">Very nice.</p>
  <p time="639800" is_ac="false">Our next course is another one gets 
people talking or leaves them speechless.</p>
  <p time="643960" is_ac="false">Reindeer tongue.</p>
  <p time="645240" is_ac="false">It’s pan-fried in butter 
and thyme until medium rare</p>
  <p time="647920" is_ac="false">and served on a sharpend reindeer antler.</p>
  <p time="650800" is_ac="false">It’s served with a special herbed 
butter sauce made with oxidized wine,</p>
  <p time="655080" is_ac="false">a Noma Projects vinegar and pine salt.</p>
  <p time="657960" is_ac="false">The tongue was chewy but tender 
and full of meaty flavor.</p>
  <p time="662320" is_ac="false">Exceptional.</p>
  <p time="663560" is_ac="false">Our next wine is something really different.</p>
  <p time="666400" is_ac="false">It’s called Gabriel’s wine and it’s 
made in the country of Georgia.</p>
  <p time="670120" is_ac="false">It’s made from saperavi grape.</p>
  <p time="672200" is_ac="false">And this wine is completely handmade,</p>
  <p time="674120" is_ac="false">using a centuries old method of 
aging in clay pots under the ground.</p>
  <p time="678920" is_ac="false">Out next is our main course.</p>
  <p time="681200" is_ac="false">Grilled fallow deer and autumn 
pickles in a horseradish sauce.</p>
  <p time="685400" is_ac="false">With it is city loaf sourdough 
bread from the Hart Bageri,</p>
  <p time="689080" is_ac="false">one of Chef Redzepi’s side projects.</p>
  <p time="691160" is_ac="false">The deer was spot on and 
this bread is something else!</p>
  <p time="695480" is_ac="false">Next is dessert.</p>
  <p time="697120" is_ac="false">Starting with pine resin jelly.</p>
  <p time="699640" is_ac="false">This is one of the creations 
from the test kitchen.</p>
  <p time="702320" is_ac="false">Starting with pine resin, first they soak it 
and then cook it for hours with wine and sugar,</p>
  <p time="707680" is_ac="false">and then form it into little lumps.</p>
  <p time="710040" is_ac="false">After they soak it again, it balloons to 
ten times the size and becomes this jelly.</p>
  <p time="715120" is_ac="false">It has a unique texture, and 
a slightly pine cone flavor.</p>
  <p time="719880" is_ac="false">Our next dessert is an ice cream spaghetti</p>
  <p time="721880" is_ac="false">made from fresh hazelnuts and hazelnut 
oil, candied chanterelles and berries.</p>
  <p time="726720" is_ac="false">This was really good.</p>
  <p time="729520" is_ac="false">Finally we have three final sweets.</p>
  <p time="732000" is_ac="false">Woodruff and pine caramel</p>
  <p time="734240" is_ac="false">Candied pinecone (cooked in sugar)</p>
  <p time="736840" is_ac="false">and finally a chocolate sauce with a sumac flower.</p>
  <p time="739840" is_ac="false">The flower is used as a 
sponge to eat the chocolate</p>
  <p time="742440" is_ac="false">and gives it an acidic kick. 
 
This was my favorite.</p>
  <p time="747120" is_ac="false">After our meal, our generous waiter 
Szabolcs gives us the grand tour.</p>
  <p time="751400" is_ac="false">We see everything, no door goes unopened.</p>
  <p time="754280" is_ac="false">When all is said and done, 
we make our way to the door.</p>
  <p time="757720" is_ac="false">They say goodbye like they said hello,</p>
  <p time="759760" is_ac="false">with all hands on deck.</p>
  <p time="761080" is_ac="false">And present us a parting gift 
from Noma Project on the way out.</p>
  <p time="764680" is_ac="false">Our total for today is just 
under 2000 for two people.</p>
  <p time="769440" is_ac="false">What a great experience.</p>
  <p time="771160" is_ac="false">Sadly, it cannot be had for much longer.</p>
  <p time="774200" is_ac="false">The clock is ticking.</p>
  <p time="775480" is_ac="false">Next year, Noma will be ‘nomo.’</p>
  <p time="778120" is_ac="false">We found out its fate in January 2024.</p>
  <p time="781680" is_ac="false">From 2025, Noma will no 
longer serve as a restaurant.</p>
  <p time="785360" is_ac="false">It will be used as a test kitchen and 
they will sell the products online.</p>
  <p time="789640" is_ac="false">Although Chef Redzepi didn’t spill the beans,</p>
  <p time="791760" is_ac="false">I have no doubt that he will surprise us somehow,</p>
  <p time="794640" is_ac="false">and Noma will continue in some shape or form.</p>
  <p time="798040" is_ac="false">What can I say about this experience?</p>
  <p time="800000" is_ac="false">I’ve been here before, but 
this time was a game changer.</p>
  <p time="803200" is_ac="false">To be served in Hungarian, 
this was a first for me.</p>
  <p time="806280" is_ac="false">I actually got to experience a 
3-michelin star in my mother tongue.</p>
  <p time="810040" is_ac="false">It was kinda magical.</p>
  <p time="811840" is_ac="false">The only thing I wasn’t crazy about 
was the all-natural wine pairing.</p>
  <p time="815640" is_ac="false">It was a really good selection 
made by the sommelier,</p>
  <p time="817960" is_ac="false">but natural wines just aren’t my thing.</p>
  <p time="820480" is_ac="false">When I look at Noma as a restaurant, 
I wouldn’t say it’s my favorite.</p>
  <p time="823960" is_ac="false">When I see it as a movement that made 
a lasting impact on a lot of people,</p>
  <p time="827920" is_ac="false">it has no equal.</p>
  <p time="829320" is_ac="false">And not just in Denmark, but on 
the world of gastronomy and beyond.</p>
  <p time="833600" is_ac="false">It inspires and shows the way 
and this will continue on.</p>
  <p time="837920" is_ac="false">Although the restaurant as 
we know it will say goodbye,</p>
  <p time="840760" is_ac="false">their way of thinking is not going anywhere.</p>
  <p time="843840" is_ac="false">and that does it for this episode.</p>
  <p time="845320" is_ac="false">Thank you for joining me!</p>
  <p time="846560" is_ac="false">If you like this video,</p>
  <p time="847880" is_ac="false">hit subscribe!</p>
  <p time="849040" is_ac="false">See you soon!</p>
</text>
