<?xml version='1.0' encoding='UTF-8'?>
<text date_d="29" date_m="3" date_y="2024" format="srv3" age_limit="0" comment_count="1000" description="We recreated some of the most delicious food from Disney parks to reward the reactors for guessing the correct food trivia question! Knew It AND Chew It is back!&#10;Subscribe to @PeopleVsFood for new videos every week!&#10;Check out more Knew It Or Chew It videos here!&#10;https://www.youtube.com/playlist?list=PL73YndQawY3Nkg659L95gT5lbyNLFoNE6&#10;&#10;Check out our NEW channel Bullseye!&#10;https://www.youtube.com/@REACTbullseye&#10;&#10;FOLLOW US EVERYWHERE:&#10;TIKTOK: https://www.tiktok.com/@peoplevfood&#10;FACEBOOK: https://www.facebook.com/PeopleVsFoodbyReact/&#10;TWITTER: https://twitter.com/peoplevfood&#10;INSTAGRAM: https://www.instagram.com/peoplevfood/&#10;&#10;YOUTUBE CHANNELS:&#10;PVF CHEF: https://www.youtube.com/@PvFChef&#10;REACT: http://www.youtube.com/REACT&#10;BULLSEYE: https://www.youtube.com/@REACTbullseye&#10;&#10;Content featured:&#10;Mickey Cinnamon Roll&#10;https://www.tiktok.com/@trisbthom/video/7075839215782661422&#10;&#10;Tiana's Gumbo&#10;https://www.tiktok.com/@delanzo337/video/7316976021968866606&#10;&#10;Casey's Celebration Dog    &#10;https://www.instagram.com/reel/CpAe-__PMtC/?igsh=MWQ1ZGUxMzBkMA==&#10;&#10;Tonga Toast - Polynesian&#10;https://www.tiktok.com/@eyntkinfo/video/7286551961137089835&#10;&#10;Cheesy Flopover Pizza&#10;https://www.tiktok.com/@firstdateguide/video/7231734567894371626&#10;&#10;Baymax Curry &#10;https://www.tiktok.com/@foodwithmichel/video/7221329259862838574&#10;&#10;Jack Jack Num Nums&#10;https://www.tiktok.com/@_breannabrooks/video/7330065513537604906&#10;&#10;Featuring:&#10;Jayka&#10;https://www.instagram.com/jayka.noelle/&#10;&#10;Jillian&#10;https://www.instagram.com/jillian.batt&#10;&#10;Alexander&#10;https://www.instagram.com/i8athumbtack/&#10;&#10;Brian&#10;https://www.instagram.com/thesupertoken&#10;&#10;Sylvia&#10;https://www.instagram.com/sylviamariclaire&#10;&#10;Yeshua&#10;https://www.instagram.com/yeshuakaliq/&#10;&#10;If you live in Los Angeles and want to Audition to be on React, fill out the form below!&#10;https://airtable.com/appqriwWX9SCxKl5Y/shrltJoQXJFs7Cz4z&#10;&#10;Producers&#10;Nicole&#10;https://www.instagram.com/nicolemiizuka/&#10;&#10;Ash&#10;https://www.instagram.com/ashguenin/&#10;&#10;Kimmy Jimenez&#10;https://www.instagram.com/kimmydoesstuff/&#10;&#10;Michael&#10;https://www.instagram.com/michaelwalkerrr/&#10;&#10;Ember&#10;https://www.instagram.com/emburgler/&#10;&#10;VP of Content - Nicole Iizuka&#10;Executive Producer - Nicole Iizuka&#10;VP of Production – Kevin Lee&#10;Line Producer - Anthony Mugnolo&#10;Producer, PVF  - Ashley Guenin&#10;Producer, PVF - Kimmy Jimenez&#10;Culinary Producer, PVF  Michael Walker &#10;Associate Producer, PVF - Ember Knight &#10;&#10;Episode Produced by Nicole Iizuka&#10;Technical Director - Stephen Miller&#10;Talent Producer - Annie Knudsen&#10;Production Manager - Brendon Holl &#10;Production Coordinator - Jake Kelley&#10;Production Coordinator - Alesha Braden &#10;Casting Coordinator - Alexandra Sheffield&#10;Casting Coordinator - Zach Holmstrom&#10;Studio Technician - Micah Fusco&#10;Studio Technician- Julian Steinberg&#10;&#10;Camera Operator - Kurran Brown&#10;Culinary AP - Kevin Duffin&#10;Culinary Coordinator - Lexi McCoy-Caso&#10;Production Assistant - Ciprian Robielos&#10;Production Assistant - Steven Girón&#10;&#10;Set Medic - Mark Kirkendall&#10;&#10;Editor - Gib Hanson&#10;Post Production Supervisor - Doug Brady&#10;Thumbnail Graphics - Tyson Goudie&#10;Supervising Editor - Ryan Johnson&#10;Assistant Editor - Jay Acuna&#10;Filmed on 2/16/2024&#10;&#10;#food  #disney  #eating &#10;&#10;Knew It AND Chew It - Iconic Disney Parks Food!&#10;&#10;0:00 Intro&#10;0:22 Round 1&#10;2:37 Round 2&#10;4:53 Round 3&#10;7:17 Round 4&#10;11:25 Round 5&#10;14:13 Round 6&#10;17:23 Round 7&#10;20:06 Outro" fulltitle="Disney Park's BEST Food! | Knew It AND Chew It" like_count="14075" location="na" playlist_title="na" release_date="na" upload_date="20240329" repost_count="na" tags="people vs food; react food; peoplevsfood; try not to; disney parks; people vs food disney; react food disney; disney travel; disney world; food trivia; eating food; knew it or chew it; disney tips; disney trip; food challenge🔥; food challenge video; food challenge; taste test; food trivia challenge; knew it or chew it disney; food trivia quiz; food trivia questions and answers; disney world food; disney park food; best food from disney parks; " title="Disney Park's BEST Food! | Knew It AND Chew It" uploader="People Vs Food" view_count="377455" webpage_url="https://www.youtube.com/watch?v=Lnn0p83fPbI" autocaption="false">
  <p time="120" is_ac="false">- We're testing our reactors'
Disney trivia knowledge</p>
  <p time="2490" is_ac="false">with a epic "Knew It and Chew It"</p>
  <p time="4620" is_ac="false">with delicious park bites for our winners.</p>
  <p time="6888" is_ac="false">- No!
- Yes! Yes!</p>
  <p time="9240" is_ac="false">- Wait, only the person who gets it right</p>
  <p time="11490" is_ac="false">gets to eat the thing?</p>
  <p time="13410" is_ac="false">- Oh!
- So, they're all good.</p>
  <p time="14880" is_ac="false">They're all good.
- Dude, let's go.</p>
  <p time="17340" is_ac="false">- Ready for some food.
- Now I'm fired up.</p>
  <p time="19154" is_ac="false">- Yeah, yeah. Now that I
know it's good, I'm ready.</p>
  <p time="21210" is_ac="false">- Okay.
- Let's do this.</p>
  <p time="22337" is_ac="false">(bell dings)</p>
  <p time="24150" is_ac="false">Question number one.</p>
  <p time="26280" is_ac="false">What was the Disneyland location used for</p>
  <p time="29040" is_ac="false">before it was a theme park?</p>
  <p time="31380" is_ac="false">- I don't know, actually. A parking lot.</p>
  <p time="35580" is_ac="false">- Hotel.
- No.</p>
  <p time="36540" is_ac="false">- Dang it.</p>
  <p time="38160" is_ac="false">- McDonald's.</p>
  <p time="40260" is_ac="false">- Apartments?
- No.</p>
  <p time="42390" is_ac="false">- Like, sports?
- [Ash] Mm-mm.</p>
  <p time="44220" is_ac="false">- No.</p>
  <p time="45060" is_ac="false">- You guys are thinking very commercial.</p>
  <p time="46890" is_ac="false">- Okay.
- Think more agriculture.</p>
  <p time="50070" is_ac="false">- A dairy farm.
- [Ash] No.</p>
  <p time="52410" is_ac="false">- Some sort of farm.</p>
  <p time="54300" is_ac="false">- Close.</p>
  <p time="55620" is_ac="false">- Oh, an apple orchard.</p>
  <p time="57510" is_ac="false">No, I'm just kidding.
- [Ash] Close, but no.</p>
  <p time="58343" is_ac="false">- Oh, okay.
- Oh my God.</p>
  <p time="60238" is_ac="false">(Sylvia gasps)
- An orange tree farm.</p>
  <p time="61950" is_ac="false">- It was an orange grove.</p>
  <p time="63090" is_ac="false">- Correct.
- Dang it!</p>
  <p time="64721" is_ac="false">- I can't believe I knew that.</p>
  <p time="66750" is_ac="false">- Like lemon and lime?
- Citrus.</p>
  <p time="69027" is_ac="false">- So close.
- Citrus farm.</p>
  <p time="70044" is_ac="false">- Orange.
- Correct.</p>
  <p time="71370" is_ac="false">- Oranges.
- Oh my God,</p>
  <p time="72480" is_ac="false">an orange grove, obviously.</p>
  <p time="74580" is_ac="false">Literally, an orange grove in California.</p>
  <p time="75772" is_ac="false">- That makes so much sense.</p>
  <p time="76605" is_ac="false">- [Ash] All right, Jayka, you knew it,</p>
  <p time="78540" is_ac="false">so you get to chew it.</p>
  <p time="79410" is_ac="false">Let's see what you're eating.
- [Jayka] Oh my gosh.</p>
  <p time="82583" is_ac="false">- Oh!
- Whoa.</p>
  <p time="84640" is_ac="false">- Let's go.
- And it's like a Mickey.</p>
  <p time="87630" is_ac="false">- [Video] 50th anniversary treats.</p>
  <p time="88463" is_ac="false">- Wow.
- [Video] The Mickey</p>
  <p time="89400" is_ac="false">cinnamon roll.
- Mm.</p>
  <p time="90427" is_ac="false">- Cute.</p>
  <p time="92190" is_ac="false">- Wow.
- Oh.</p>
  <p time="93360" is_ac="false">Oh my gosh. I can smell it.
- It's so magical.</p>
  <p time="94650" is_ac="false">- I can smell it.</p>
  <p time="95490" is_ac="false">- And I didn't even eat breakfast.</p>
  <p time="97410" is_ac="false">- [Ash] This is arguably one of the cutest</p>
  <p time="99000" is_ac="false">and tastiest Mickey-shaped
foods in the park.</p>
  <p time="101550" is_ac="false">The jumbo Mickey cinnamon roll.</p>
  <p time="102990" is_ac="false">- Nice. I'm gonna take a little bite.</p>
  <p time="104453" is_ac="false">- Dang.</p>
  <p time="106258" is_ac="false">Dang.</p>
  <p time="107091" is_ac="false">- I'm gonna pick up the whole thing.</p>
  <p time="108090" is_ac="false">Yeah, just let me.
- Yeah.</p>
  <p time="109500" is_ac="false">Oh my gosh. Nice.</p>
  <p time="111474" is_ac="false">(light music)</p>
  <p time="116100" is_ac="false">- You earned that all
by yourself. How is it?</p>
  <p time="118980" is_ac="false">- It's really good.</p>
  <p time="119813" is_ac="false">- Yeah?
- Yeah?</p>
  <p time="120660" is_ac="false">- I love cinnamon rolls.</p>
  <p time="122820" is_ac="false">- This is probably the best
cinnamon roll of my life.</p>
  <p time="125730" is_ac="false">- It really does conjure
up the Disneyland feeling.</p>
  <p time="129690" is_ac="false">Man, this is so good.
I love cinnamon rolls.</p>
  <p time="132090" is_ac="false">- Doesn't Mickey-shaped
food just taste better?</p>
  <p time="134370" is_ac="false">- Yeah, it does.</p>
  <p time="135376" is_ac="false">- Everything Mickey-shaped
always tastes better.</p>
  <p time="137580" is_ac="false">- Oh my gosh.
- Although I do feel bad,</p>
  <p time="139320" is_ac="false">it's kinda like I'm eating Mickey Mouse.</p>
  <p time="140730" is_ac="false">- It doesn't even have eyes. You're fine.</p>
  <p time="142980" is_ac="false">- Sylvia, how are you feeling?</p>
  <p time="144150" is_ac="false">- I mean, a little sad.
- Yeah.</p>
  <p time="145560" is_ac="false">- Off to a rough start.</p>
  <p time="147210" is_ac="false">- If I ask you guys a question</p>
  <p time="148890" is_ac="false">and neither of you know the answer,</p>
  <p time="151020" is_ac="false">then neither of you get to
chew it and I get to chew it.</p>
  <p time="153570" is_ac="false">And you don't want big,
bad chef Ash chewing it.</p>
  <p time="155250" is_ac="false">- No.
- We can't let her get that.</p>
  <p time="156487" is_ac="false">- No. No, we can't.
- No.</p>
  <p time="157555" is_ac="false">(bell dings)</p>
  <p time="159490" is_ac="false">- What is the final
ingredient that young Tiana</p>
  <p time="162300" is_ac="false">adds to her gumbo?</p>
  <p time="164940" is_ac="false">- Hot sauce.</p>
  <p time="166140" is_ac="false">- I didn't even finish my question.</p>
  <p time="167418" is_ac="false">- Didn't ask.</p>
  <p time="168990" is_ac="false">- All right, Brian.
- What?</p>
  <p time="170430" is_ac="false">I know that I'm, apparently,
I'm gonna have to be speedy.</p>
  <p time="173700" is_ac="false">- I will give you this one,
but I swear to God, Brian,</p>
  <p time="176900" is_ac="false">if you don't let me finish
my question here on forth.</p>
  <p time="179400" is_ac="false">- Does it go to me?
- Okay.</p>
  <p time="180233" is_ac="false">- It goes to Alex.
- Okay.</p>
  <p time="182160" is_ac="false">- Cayenne pepper.
- Mm-mm.</p>
  <p time="183690" is_ac="false">- What is in gumbo?</p>
  <p time="185130" is_ac="false">- She pours something, I feel like.</p>
  <p time="188460" is_ac="false">- Love.
- No.</p>
  <p time="190470" is_ac="false">- Okay, I know the scene-</p>
  <p time="191303" is_ac="false">- Like hot sauce.
- Because they're literally</p>
  <p time="192750" is_ac="false">like, and then after she's like,</p>
  <p time="194137" is_ac="false">"Hey, everybody, I made gumbo."</p>
  <p time="195960" is_ac="false">- I'm gonna say hot sauce.
- Correct.</p>
  <p time="197309" is_ac="false">(Jayka and Jillian cheering)</p>
  <p time="198142" is_ac="false">- Good job.</p>
  <p time="199980" is_ac="false">- Is it hot sauce?
- Correct.</p>
  <p time="201360" is_ac="false">- Oh my God.
- Yes. Yes.</p>
  <p time="203280" is_ac="false">- Three, two, one.</p>
  <p time="205455" is_ac="false">- Oh my God, Jillian.</p>
  <p time="208380" is_ac="false">- I'm so into it.
- Oh, that looks tasty.</p>
  <p time="210810" is_ac="false">- That looks bomb.
- Get a little shot</p>
  <p time="212160" is_ac="false">of that right there.
- [Sylvia] Oh, yeah.</p>
  <p time="214110" is_ac="false">- Have you been to Tiana's Palace yet?</p>
  <p time="216097" is_ac="false">- What?
- It just opened.</p>
  <p time="217290" is_ac="false">- No, I haven't.
- Oh my God.</p>
  <p time="219180" is_ac="false">- I haven't been.</p>
  <p time="220710" is_ac="false">- The lines are literally
like four hours long.</p>
  <p time="224460" is_ac="false">- I've never actually had gumbo.</p>
  <p time="225720" is_ac="false">- [Ash] Oh, really?
- So this is gonna be</p>
  <p time="226770" is_ac="false">a first for me.</p>
  <p time="227772" is_ac="false">(light music)</p>
  <p time="228990" is_ac="false">- [Sylvia] Darn it.
- Mm.</p>
  <p time="230220" is_ac="false">- Oh, wait. I need to tell you what it is.</p>
  <p time="232680" is_ac="false">From the newly opened Tiana's
Palace House at Disneyland,</p>
  <p time="235710" is_ac="false">we've got a bowl of their
delicious house gumbo</p>
  <p time="237750" is_ac="false">made with just the right
amount of hot sauce.</p>
  <p time="241050" is_ac="false">- Can I just smell it?
- Yeah, get in there.</p>
  <p time="243735" is_ac="false">- Oh, that smells amazing.
- That's just, like, insane.</p>
  <p time="246810" is_ac="false">Oh my gosh. Okay.</p>
  <p time="247980" is_ac="false">- [Jayka] Get a good bite.</p>
  <p time="249150" is_ac="false">(light music)</p>
  <p time="251190" is_ac="false">- Mm.
- [Jayka] That looked</p>
  <p time="252023" is_ac="false">so satisfying.
- Mm-hm.</p>
  <p time="253740" is_ac="false">- [Alexander] Go with
the sausage and the rice.</p>
  <p time="257699" is_ac="false">- It's just stick to your ribs food.</p>
  <p time="260790" is_ac="false">You know what I mean?</p>
  <p time="261623" is_ac="false">- Stick to your ribs?</p>
  <p time="263220" is_ac="false">- I'm so glad I knew it.</p>
  <p time="264390" is_ac="false">- I wanna take this, like,
home, but the recipe.</p>
  <p time="266910" is_ac="false">- Are you guys excited for the new</p>
  <p time="267870" is_ac="false">Princess and the Frog ride?</p>
  <p time="268826" is_ac="false">- Yes, I'm so excited.
- [Yeshua] There's a ride?</p>
  <p time="270630" is_ac="false">- [Ash] Yeah.
- Oh, shoot.</p>
  <p time="271590" is_ac="false">- They're, like, changing
Splash Mountain into-</p>
  <p time="274289" is_ac="false">- Okay.</p>
  <p time="275122" is_ac="false">- Like a Tiana Ride.
- Fire.</p>
  <p time="276437" is_ac="false">- I'm so excited.
- That sounds cool.</p>
  <p time="278520" is_ac="false">- Love Splash Mountain. 100%.</p>
  <p time="281070" is_ac="false">Outdated? Yes. 100%.</p>
  <p time="283800" is_ac="false">With all of the other things
that you have switched up,</p>
  <p time="287820" is_ac="false">it's about time that you switch up</p>
  <p time="290040" is_ac="false">one of the most outdated
things that you have done.</p>
  <p time="292530" is_ac="false">- Yeah.
(bell dings)</p>
  <p time="294960" is_ac="false">What household snack was
invented at Disneyland?</p>
  <p time="298890" is_ac="false">- Oh, invented.</p>
  <p time="300630" is_ac="false">- A snack was invented at Disneyland?</p>
  <p time="303300" is_ac="false">- Ice cream sandwich with the,</p>
  <p time="305029" is_ac="false">the ice cream sandwich
with the cookies on it.</p>
  <p time="306660" is_ac="false">- No.
- No?</p>
  <p time="308010" is_ac="false">- Why am I thinking Goldfish?</p>
  <p time="309420" is_ac="false">- [Ash] No.
- Okay.</p>
  <p time="311370" is_ac="false">- Popcorn.
- [Ash] Mm-mm.</p>
  <p time="313440" is_ac="false">- Candy apples.
- [Ash] No.</p>
  <p time="315990" is_ac="false">- Lollipops.
- [Ash] No.</p>
  <p time="320310" is_ac="false">- Chips. Like, is it a type of chip?</p>
  <p time="322140" is_ac="false">- Type of chip, so yes.</p>
  <p time="323790" is_ac="false">- A potato chip.
- Mm-mm.</p>
  <p time="325410" is_ac="false">- And Disneyland, like, created it-</p>
  <p time="327300" is_ac="false">- Mm-hm.</p>
  <p time="328133" is_ac="false">- Or just made it popular?</p>
  <p time="329400" is_ac="false">- They created it.</p>
  <p time="331980" is_ac="false">- Lays chips.
- [Ash] Mm-mm.</p>
  <p time="334230" is_ac="false">- Fritos.
- [Ash] Very close.</p>
  <p time="338010" is_ac="false">- Doritos.
- Correct.</p>
  <p time="339540" is_ac="false">- Wait, really?
- Yes.</p>
  <p time="341070" is_ac="false">You're close.
- Doritos.</p>
  <p time="342720" is_ac="false">- Correct.
- What?</p>
  <p time="343770" is_ac="false">- Doritos?</p>
  <p time="345270" is_ac="false">- Doritos.
- Correct.</p>
  <p time="347130" is_ac="false">- Oh my God, that's right.</p>
  <p time="349470" is_ac="false">It was created at the Frito Restaurant.</p>
  <p time="353070" is_ac="false">- [Ash] Let's take a look.</p>
  <p time="354438" is_ac="false">- What?</p>
  <p time="355980" is_ac="false">- No way. Check this out.</p>
  <p time="359820" is_ac="false">- It's a cake, a funnel
cake on top of a hot dog.</p>
  <p time="362310" is_ac="false">- I love hot dogs, guys.
This is not even funny.</p>
  <p time="365790" is_ac="false">- [Video] What's my favorite thing</p>
  <p time="366623" is_ac="false">to eat at the Magic Kingdom?</p>
  <p time="367650" is_ac="false">It's the 50th celebration hotdog</p>
  <p time="369240" is_ac="false">at Casey's Corner on Main Street.</p>
  <p time="370680" is_ac="false">- Magic Kingdom. Yeah.</p>
  <p time="371700" is_ac="false">- [Video] It is crazy delicious.</p>
  <p time="372900" is_ac="false">- Is it like a funnel cake?</p>
  <p time="374070" is_ac="false">Oh!</p>
  <p time="376410" is_ac="false">- I'm a big funnel cake guy.
- Really?</p>
  <p time="378150" is_ac="false">- So this is a big loss for me.</p>
  <p time="379230" is_ac="false">- [Ash] One of the crazier dishes offered</p>
  <p time="380730" is_ac="false">at Casey's Corner in Magic Kingdom,</p>
  <p time="382350" is_ac="false">we've got the 50th celebration hotdog</p>
  <p time="384360" is_ac="false">with strawberry bacon jam,</p>
  <p time="386040" is_ac="false">crispy funnel cake, and powdered sugar.</p>
  <p time="388680" is_ac="false">- I'm so jealous right now.</p>
  <p time="390843" is_ac="false">I bet the strawberry jam
with it too is insane.</p>
  <p time="394739" is_ac="false">(light music)</p>
  <p time="400140" is_ac="false">- That's pretty good.
- Yeah?</p>
  <p time="401519" is_ac="false">(light music)</p>
  <p time="405450" is_ac="false">- That is good.
- Does it work?</p>
  <p time="407190" is_ac="false">Like, you like the sweet and savory?</p>
  <p time="408023" is_ac="false">- Mm-hm.</p>
  <p time="409288" is_ac="false">- Yeah, this works a lot.
- Okay.</p>
  <p time="411807" is_ac="false">- Wow.
- That is amazing.</p>
  <p time="414120" is_ac="false">- Wow. I'm shocked.</p>
  <p time="415530" is_ac="false">- No, I'm not, because
this is such a bright idea.</p>
  <p time="419190" is_ac="false">Like, a hot dog and
funnel cake, but in one.</p>
  <p time="422130" is_ac="false">- This is awful, but I would
eat this for breakfast.</p>
  <p time="424710" is_ac="false">Like a sausage, a bacon.</p>
  <p time="426660" is_ac="false">- Oh, like a breakfast sausage?</p>
  <p time="427890" is_ac="false">- Yeah.</p>
  <p time="428880" is_ac="false">- There's something so, like, caveman</p>
  <p time="430260" is_ac="false">about liking a hot dog, you know?</p>
  <p time="432030" is_ac="false">I like hot dogs.</p>
  <p time="433560" is_ac="false">- And see, I don't feel like it's caveman.</p>
  <p time="435420" is_ac="false">I feel like it's American.</p>
  <p time="436817" is_ac="false">(bell dings)</p>
  <p time="439080" is_ac="false">- From which Disneyland attraction</p>
  <p time="440490" is_ac="false">does the owner of Trader
Sam's Grog Grotto originate?</p>
  <p time="443910" is_ac="false">- Who's Trader Sam?
- A trader.</p>
  <p time="446730" is_ac="false">- Oh, like a traitor? Or like a trader?</p>
  <p time="448478" is_ac="false">- No.
- I think like a trader.</p>
  <p time="449311" is_ac="false">- Think of, like, Trader
Joe. But this is Trader Sam.</p>
  <p time="452430" is_ac="false">- Is it his cousin?
- Sure.</p>
  <p time="454555" is_ac="false">- Trader Sam.
- Trader Sam's.</p>
  <p time="455388" is_ac="false">- Okay, so Trader Sam's
is in Frontier Land.</p>
  <p time="460982" is_ac="false">- Oh.
- [Alexander] Trader Sam's.</p>
  <p time="463560" is_ac="false">- There was recently
a movie made about it.</p>
  <p time="465526" is_ac="false">- Oh.
- Oh.</p>
  <p time="467220" is_ac="false">- About the attraction, sorry.</p>
  <p time="470250" is_ac="false">- Oh, was it the Thunder Mountain?</p>
  <p time="472620" is_ac="false">- No.</p>
  <p time="473550" is_ac="false">- Big Thunder Railroad.
- [Ash] No.</p>
  <p time="476400" is_ac="false">- Trader Sam?</p>
  <p time="480210" is_ac="false">- Matterhorn.
- [Ash] No.</p>
  <p time="481290" is_ac="false">- No, there's no way.</p>
  <p time="483870" is_ac="false">- Pirates of the Caribbean.
- [Ash] No.</p>
  <p time="485427" is_ac="false">- No, yeah. See, it's not it.</p>
  <p time="486260" is_ac="false">It's not it. It's not it.
- That's not swamp.</p>
  <p time="489210" is_ac="false">- Jungle Cruise.
- Correct.</p>
  <p time="490376" is_ac="false">- Oh, Trader Sam.
- Oh!</p>
  <p time="492216" is_ac="false">- With the little heads.</p>
  <p time="493376" is_ac="false">- Grog's grotto.</p>
  <p time="494940" is_ac="false">- Jungle Cruise.
- Correct.</p>
  <p time="495995" is_ac="false">(Jayka screams)</p>
  <p time="497490" is_ac="false">- The Jungle Cruise.
- Correct.</p>
  <p time="499230" is_ac="false">- Dang it.</p>
  <p time="500910" is_ac="false">- Damn it. I can literally see it too.</p>
  <p time="502690" is_ac="false">I can see it. I waited in that line.</p>
  <p time="506760" is_ac="false">- All right, Sylvia.
That was your win again.</p>
  <p time="509640" is_ac="false">- Took an L.</p>
  <p time="510540" is_ac="false">- Let's see what you're gonna eat.</p>
  <p time="512066" is_ac="false">- Okay.</p>
  <p time="513436" is_ac="false">- Whoa.
- Whoa.</p>
  <p time="515676" is_ac="false">- [Yeshua] What the heck?
- Oh my God.</p>
  <p time="517560" is_ac="false">- [Video] You know about
Disney's Tonga Toast, right?</p>
  <p time="519870" is_ac="false">- Tonga Toast.</p>
  <p time="520860" is_ac="false">- [Video] Disney's
Polynesian Village Resort.</p>
  <p time="522540" is_ac="false">- Okay.
- Wow.</p>
  <p time="523740" is_ac="false">- [Video] Inspired items like
these macadamia nut pancakes</p>
  <p time="526020" is_ac="false">and grilled ham.
- Oh.</p>
  <p time="526860" is_ac="false">- [Video] But the signature
item is Tonga Toast,</p>
  <p time="528570" is_ac="false">a banana stuffed sourdough French toast</p>
  <p time="530700" is_ac="false">rolled in cinnamon sugar, served
with a strawberry compote.</p>
  <p time="533190" is_ac="false">- What?</p>
  <p time="534090" is_ac="false">- [Video] Spiced ham, bacon, or sausage.</p>
  <p time="535770" is_ac="false">This $17 breakfast item is</p>
  <p time="536913" is_ac="false">- $17?
- Wait, that's, like,</p>
  <p time="539267" is_ac="false">kind of a steal.
- I mean, it's huge.</p>
  <p time="541117" is_ac="false">It's huge.</p>
  <p time="542400" is_ac="false">- I love bananas.
- I love banana, too.</p>
  <p time="544890" is_ac="false">I put it in every dessert I can.</p>
  <p time="546480" is_ac="false">- Me too.</p>
  <p time="547313" is_ac="false">- [Ash] This is my favorite
dish in all of Disney's parks.</p>
  <p time="550440" is_ac="false">A deep fried banana stuffed
delectable breakfast item</p>
  <p time="553080" is_ac="false">called Tonga Toast, which
is found at the Kona Cafe</p>
  <p time="556020" is_ac="false">in Disney's Polynesian
Resort in Disney World.</p>
  <p time="558450" is_ac="false">- Guys, what did I do to deserve this?</p>
  <p time="561480" is_ac="false">Just know my Disney facts.
- You know things.</p>
  <p time="562791" is_ac="false">You know trivia.
- [Jayka] I'm so smart.</p>
  <p time="564892" is_ac="false">- Honestly, we all know,</p>
  <p time="567180" is_ac="false">usually not a big fan of
sweets, but that looks insane.</p>
  <p time="570960" is_ac="false">Okay, take a little
dip. Take a little dip.</p>
  <p time="574080" is_ac="false">- Holy (beep). This is incredible.</p>
  <p time="575520" is_ac="false">(light music)</p>
  <p time="577380" is_ac="false">- [Jayka] I'm doing this.
(Jillian gasping)</p>
  <p time="580185" is_ac="false">- I can't look. I can't look.</p>
  <p time="581646" is_ac="false">- This is the best day ever.</p>
  <p time="584220" is_ac="false">- [Jillian] Covering my
ears, closing my eyes.</p>
  <p time="588362" is_ac="false">- Oh my God.
- It's even like</p>
  <p time="589200" is_ac="false">the crunch too.</p>
  <p time="590970" is_ac="false">- Gotta love Hawaiian food, man.</p>
  <p time="592170" is_ac="false">Hawaiians really know what they're doing.</p>
  <p time="593460" is_ac="false">- [Ash] Yeah.
- Oh my God.</p>
  <p time="595080" is_ac="false">- [Yeshua] Duh. I don't want to hear it.</p>
  <p time="596100" is_ac="false">I don't wanna hear it.
- I'm so sorry for you.</p>
  <p time="598347" is_ac="false">- I'm gonna cry.</p>
  <p time="599280" is_ac="false">- So The Polynesian is where The Beatles</p>
  <p time="601920" is_ac="false">officially broke up.</p>
  <p time="602981" is_ac="false">- Oh my God.</p>
  <p time="606141" is_ac="false">- That's pretty sad.
- That's kind of, like, funny,</p>
  <p time="608100" is_ac="false">but like, also, like, really sucks.</p>
  <p time="609750" is_ac="false">- Yeah.
- Yeah.</p>
  <p time="610620" is_ac="false">John Lennon was visiting Florida.</p>
  <p time="612480" is_ac="false">I think he was visiting Disney World,</p>
  <p time="614190" is_ac="false">and that's where the paperwork
was delivered to him,</p>
  <p time="617040" is_ac="false">and he signed his signature
to end The Beatles.</p>
  <p time="619490" is_ac="false">- At Disney World?
- Mm-hm.</p>
  <p time="621930" is_ac="false">- That is so, like,
anticlimactic, you know?</p>
  <p time="624030" is_ac="false">- It's, like, him at the happiest place.</p>
  <p time="625650" is_ac="false">- Yeah. Like, and also very ironic.</p>
  <p time="627330" is_ac="false">Yeah.
- Yeah.</p>
  <p time="628620" is_ac="false">- Disney World didn't
exist at that point, right?</p>
  <p time="630480" is_ac="false">- [Ash] Mm-hm.
- It did?</p>
  <p time="631410" is_ac="false">- No, it did.</p>
  <p time="632700" is_ac="false">- I wonder if being there made it better</p>
  <p time="635130" is_ac="false">or if it ruined his experience.</p>
  <p time="637410" is_ac="false">Like, he can never go back, you know?</p>
  <p time="639519" is_ac="false">- I don't think he can go back anyways.</p>
  <p time="640800" is_ac="false">I don't think he's alive.</p>
  <p time="642900" is_ac="false">- Wait, John Lennon's dead?</p>
  <p time="644010" is_ac="false">- She's like, "Wait, that guy's
really not alive right now?</p>
  <p time="645840" is_ac="false">No way."
- I'm like,</p>
  <p time="646673" is_ac="false">"What are you talking about?"</p>
  <p time="647570" is_ac="false">- If you guys are
enjoying this trivia game</p>
  <p time="649680" is_ac="false">in the "Knew It and Chew It" episode,</p>
  <p time="651660" is_ac="false">be sure to check out our
brand new channel, Bullseye.</p>
  <p time="654270" is_ac="false">- Oh my God, Obby and Joe</p>
  <p time="656490" is_ac="false">and a bunch of other crazy kids</p>
  <p time="657900" is_ac="false">are doing tons of games and challenges.</p>
  <p time="660360" is_ac="false">Dude, they brought in
a snake the other day.</p>
  <p time="662340" is_ac="false">- I know. It was really cool.</p>
  <p time="663840" is_ac="false">- They're doing TikTok.
Dude, it is crazy over there.</p>
  <p time="666060" is_ac="false">You definitely have to check it out.</p>
  <p time="667765" is_ac="false">- Yeah. Be sure to check it out.</p>
  <p time="668598" is_ac="false">- Link is in the description.</p>
  <p time="670200" is_ac="false">Like, subscribe, do all those things.</p>
  <p time="671940" is_ac="false">- All the fun stuff.</p>
  <p time="672773" is_ac="false">- Also, do you guys like this
"Knew It and Chew It" format?</p>
  <p time="675330" is_ac="false">- Yeah, let us know.
- Let us know.</p>
  <p time="677060" is_ac="false">All right.
- Jinx.</p>
  <p time="677893" is_ac="false">- Oh.
- That's cute.</p>
  <p time="678990" is_ac="false">- Wait, you owe me a Coke.</p>
  <p time="680610" is_ac="false">I owe you a Coke?</p>
  <p time="682320" is_ac="false">- I'll take you up on that.</p>
  <p time="683153" is_ac="false">- Let's get back to the game.</p>
  <p time="683986" is_ac="false">- Cool. Bye.
- Bye.</p>
  <p time="685815" is_ac="false">(bell dings)</p>
  <p time="687780" is_ac="false">- What are the three
locations in Disneyland</p>
  <p time="690150" is_ac="false">where you can buy alcohol?</p>
  <p time="692850" is_ac="false">- That would be Club 33.</p>
  <p time="696960" is_ac="false">The Edge of Tomorrow.</p>
  <p time="699180" is_ac="false">And in Disneyland?</p>
  <p time="703110" is_ac="false">- They don't, you don't,
you can't buy alcohol</p>
  <p time="704760" is_ac="false">in Disneyland.
- That's not true at all.</p>
  <p time="705930" is_ac="false">- Really?</p>
  <p time="707040" is_ac="false">- Star Wars Galaxy's Edge.</p>
  <p time="709470" is_ac="false">- I need three locations.</p>
  <p time="710820" is_ac="false">- Okay, Club 33.</p>
  <p time="712710" is_ac="false">Oh, it's gotta be the New Orleans Cafe.</p>
  <p time="718680" is_ac="false">Cafe New Orleans.</p>
  <p time="720630" is_ac="false">- You need to give me all three.</p>
  <p time="721463" is_ac="false">- Okay, New Orleans Cafe.</p>
  <p time="723660" is_ac="false">New Orleans Square.</p>
  <p time="725040" is_ac="false">Star Wars Galaxy's Edge and Club 33.</p>
  <p time="727620" is_ac="false">- No.</p>
  <p time="728453" is_ac="false">- Like, the cantina in Galaxy's Edge.</p>
  <p time="730221" is_ac="false">- [Ash] Mm-hm.</p>
  <p time="731431" is_ac="false">- Olga's Cantina. I mean Oga.</p>
  <p time="733282" is_ac="false">Oga's Cantina.</p>
  <p time="734670" is_ac="false">- Oh my God, I can't
remember the name of it,</p>
  <p time="736348" is_ac="false">but it's the cantina.</p>
  <p time="738450" is_ac="false">- Club 33.
- [Ash] Mm-hm.</p>
  <p time="741828" is_ac="false">- Mm-hm.</p>
  <p time="742661" is_ac="false">- Club 33. Oga's Cantina.</p>
  <p time="745020" is_ac="false">What was the first one that I said?</p>
  <p time="746310" is_ac="false">I don't even (beep) remember.</p>
  <p time="747360" is_ac="false">- Blue Bayou.
- Oh, yeah. Blue Bayou.</p>
  <p time="748800" is_ac="false">- Correct.</p>
  <p time="749633" is_ac="false">Yeah.</p>
  <p time="751170" is_ac="false">You gotta buzz. You gotta tell me.</p>
  <p time="752940" is_ac="false">- Club 33.</p>
  <p time="755340" is_ac="false">- Mm-hm.
- Mm-hm.</p>
  <p time="757158" is_ac="false">- The Cantina in Galaxy's Edge.</p>
  <p time="758635" is_ac="false">- Mm-hm.
- [Yeshua] Mm-hm.</p>
  <p time="760197" is_ac="false">- Blue Bayou.
- Yes.</p>
  <p time="762618" is_ac="false">- Yeah
- Yay.</p>
  <p time="764507" is_ac="false">- She's got me beat.</p>
  <p time="765480" is_ac="false">- That was teamwork though.</p>
  <p time="766622" is_ac="false">- It was a little bit.
- That was.</p>
  <p time="767970" is_ac="false">I'll give it to both of you.</p>
  <p time="770790" is_ac="false">Neither of you knew it,
so no one gets to chew it.</p>
  <p time="774420" is_ac="false">- Oh.</p>
  <p time="776100" is_ac="false">- I'm so mad.</p>
  <p time="777079" is_ac="false">Oh!
- What is that?</p>
  <p time="779490" is_ac="false">- [Brian] What the (beep) is that?</p>
  <p time="780856" is_ac="false">- [Ash] Headphones on.</p>
  <p time="783623" is_ac="false">- It looks like a calzone.</p>
  <p time="785010" is_ac="false">- Is it a pizza sandwich?</p>
  <p time="786840" is_ac="false">- [Video] If you're at Disneyland.</p>
  <p time="788220" is_ac="false">- Oh, it's in Toontown.</p>
  <p time="790514" is_ac="false">- Okay.</p>
  <p time="791695" is_ac="false">- Oh.
- Oh, wow.</p>
  <p time="794520" is_ac="false">- Me.
- Oh.</p>
  <p time="796290" is_ac="false">- [Ash] Is it a pizza or is
it a calzone? Why choose?</p>
  <p time="799080" is_ac="false">From Cafe Daisy and Mickey's Toontown,</p>
  <p time="801000" is_ac="false">we've got a kooky but
delicious concoction.</p>
  <p time="803220" is_ac="false">A cheese pizza flop over topped
with Parmesan and parsley.</p>
  <p time="805748" is_ac="false">- Wow.</p>
  <p time="806628" is_ac="false">- [Ash] And because
neither of you knew it.</p>
  <p time="808399" is_ac="false">- You get to chew it.
- Yes. Okay. Wow.</p>
  <p time="811320" is_ac="false">- [Alexander] Is that just
covered in Parmesan too?</p>
  <p time="813240" is_ac="false">- Mm-hm.
- That does look good.</p>
  <p time="814702" is_ac="false">- Mm-hm.
- Nice job, Ash.</p>
  <p time="816960" is_ac="false">- Thank you.</p>
  <p time="818852" is_ac="false">- Oh boy. Hold on, let me.</p>
  <p time="821481" is_ac="false">- [Sylvia] Heck yeah.</p>
  <p time="822810" is_ac="false">I love pizza.</p>
  <p time="823680" is_ac="false">- A flop over.
- Yep. Flop over.</p>
  <p time="826253" is_ac="false">- They didn't even think
hard for the name. Yeah.</p>
  <p time="828510" is_ac="false">- They literally just took
a pizza, sliced it up,</p>
  <p time="831030" is_ac="false">and then said, "Hold on. What if?"</p>
  <p time="833610" is_ac="false">- Oh my God. I'm so
confused. How do I eat this?</p>
  <p time="835710" is_ac="false">Like, what is the right-
- Get in there.</p>
  <p time="836543" is_ac="false">Get in there.
- Wrong or right way?</p>
  <p time="838230" is_ac="false">- [Ash] Go for it, girl.
Stop overthinking it.</p>
  <p time="841920" is_ac="false">- Oh my God.</p>
  <p time="843582" is_ac="false">(light music)</p>
  <p time="846840" is_ac="false">- Yo. Holy (beep).</p>
  <p time="850050" is_ac="false">- Whoa.</p>
  <p time="850950" is_ac="false">- This is so good.</p>
  <p time="852616" is_ac="false">- [Ash] Yeah?</p>
  <p time="853690" is_ac="false">(bell dings)</p>
  <p time="855540" is_ac="false">What was the first Disney Park</p>
  <p time="857040" is_ac="false">built outside of the United States?</p>
  <p time="860580" is_ac="false">- That would be,</p>
  <p time="861960" is_ac="false">out of the United States, that
would be Disneyland Paris.</p>
  <p time="865125" is_ac="false">- Euro Disney.</p>
  <p time="866340" is_ac="false">- No. Neither one of you got it correct.</p>
  <p time="868920" is_ac="false">- Was it in Japan?</p>
  <p time="870630" is_ac="false">- Mm-hm.
- Tokyo, Japan?</p>
  <p time="871710" is_ac="false">Was it the Disneyland in Japan?</p>
  <p time="873330" is_ac="false">- What's the name?</p>
  <p time="874380" is_ac="false">- Is there a different name for it?</p>
  <p time="875430" is_ac="false">- Wait, the first
- I need the proper names.</p>
  <p time="877290" is_ac="false">- Tokyo Disney.</p>
  <p time="879240" is_ac="false">- Tokyo Disney.</p>
  <p time="880527" is_ac="false">(light music)
- No.</p>
  <p time="881777" is_ac="false">- That's not the correct name.</p>
  <p time="884250" is_ac="false">- Tokyo Disneyland.
- Correct.</p>
  <p time="886666" is_ac="false">(Alexander laughing)</p>
  <p time="889080" is_ac="false">- I love being Ash's least</p>
  <p time="891600" is_ac="false">least favorite person in the room.</p>
  <p time="893940" is_ac="false">- Oh, okay.</p>
  <p time="895350" is_ac="false">Wait, Tokyo Disneyland.
- [Ash] Correct.</p>
  <p time="896737" is_ac="false">- Okay. Okay.
- Yeah!</p>
  <p time="898470" is_ac="false">- Disneyland Tokyo. I don't know.</p>
  <p time="900540" is_ac="false">- [Ash] Correct. Yeah,
it's Tokyo Disneyland.</p>
  <p time="902580" is_ac="false">- Okay, I'm just saying it backwards.</p>
  <p time="904050" is_ac="false">Got it, got it, got it.</p>
  <p time="905190" is_ac="false">- [Brian] Ash, I swear to God.</p>
  <p time="907710" is_ac="false">Nobody calls it Tokyo Disneyland.</p>
  <p time="909660" is_ac="false">And I hate you for that.</p>
  <p time="911310" is_ac="false">- If you love all things Baymax.</p>
  <p time="912143" is_ac="false">- That's so cute.
- Oh my God. That's so cute.</p>
  <p time="914108" is_ac="false">- [Video] Tokyo Disney.</p>
  <p time="915136" is_ac="false">- See? Did you hear what he said?</p>
  <p time="917632" is_ac="false">- Well, he's wrong.</p>
  <p time="921480" is_ac="false">- I'm being gaslit right now</p>
  <p time="922920" is_ac="false">and it's driving me up the wall.</p>
  <p time="925410" is_ac="false">- Dude, this looks identical.</p>
  <p time="927660" is_ac="false">- Wow. Y'all really flew
to Tokyo this morning.</p>
  <p time="930630" is_ac="false">- [Video] Decapitating him, but you know.</p>
  <p time="933090" is_ac="false">- Taking it a little far there, brother.</p>
  <p time="936030" is_ac="false">- [Ash] Traveling all the
way to Tokyo Disneyland,</p>
  <p time="937800" is_ac="false">our winners get to chow
down on this warm, cozy bowl</p>
  <p time="940440" is_ac="false">of Baymax curry that has both
beef and a chicken curry.</p>
  <p time="943500" is_ac="false">- Cute.
- It's so cute.</p>
  <p time="945720" is_ac="false">- Oh my gosh, it's so adorable. Okay.</p>
  <p time="948217" is_ac="false">(Alexander yelling)</p>
  <p time="950246" is_ac="false">- [Brian] Why?</p>
  <p time="952230" is_ac="false">- Oops.</p>
  <p time="955079" is_ac="false">Mm. That's really good.
- [Ash] Yeah?</p>
  <p time="957210" is_ac="false">- Oh, that's really good.</p>
  <p time="958380" is_ac="false">- Look at his blood.</p>
  <p time="960224" is_ac="false">- [Brian] Blood?
- His blood.</p>
  <p time="961860" is_ac="false">It's orange because he's a robot.</p>
  <p time="963918" is_ac="false">(rock music)</p>
  <p time="966300" is_ac="false">It's great.
- I'm so mad.</p>
  <p time="967830" is_ac="false">I'm so mad right now.
- This is so good.</p>
  <p time="969616" is_ac="false">- Oh my gosh. Okay.
- Are you a chicken girl?</p>
  <p time="971460" is_ac="false">- Greens first.</p>
  <p time="972660" is_ac="false">- Yeah. Broccoli.</p>
  <p time="974700" is_ac="false">- Mm. Mm.
- [Jayka] Is it good?</p>
  <p time="976459" is_ac="false">- Mm-hm.
- Dude, it looks amazing.</p>
  <p time="977970" is_ac="false">- The chicken curry, oh my gosh.</p>
  <p time="980400" is_ac="false">- I'm getting a little
bit of the beef side.</p>
  <p time="981480" is_ac="false">Get a little bit of both.</p>
  <p time="982740" is_ac="false">- That looks good.</p>
  <p time="984063" is_ac="false">(light music)</p>
  <p time="986407" is_ac="false">- Mm.</p>
  <p time="987390" is_ac="false">- Brian, how are you feeling
about losing this one?</p>
  <p time="991440" is_ac="false">- I'm gonna let them take care of that.</p>
  <p time="994500" is_ac="false">I don't need to worry about this anymore.</p>
  <p time="996300" is_ac="false">- How do you feel about eating Baymax?</p>
  <p time="998670" is_ac="false">- Pretty good about it.
He tastes pretty tasty.</p>
  <p time="999851" is_ac="false">- Yeah?
- You know what I'm saying?</p>
  <p time="1001760" is_ac="false">- That looks so good with the rice.</p>
  <p time="1004010" is_ac="false">- Mm-hm.</p>
  <p time="1005510" is_ac="false">That's really tasty.</p>
  <p time="1006590" is_ac="false">- So fun fact, popcorn is one</p>
  <p time="1007760" is_ac="false">of the most popular
snacks at Tokyo Disneyland</p>
  <p time="1010130" is_ac="false">in Tokyo Disney Sea as they are known.</p>
  <p time="1011563" is_ac="false">- Did you see how hard
she hit that L in land</p>
  <p time="1014332" is_ac="false">on purpose?
- Land.</p>
  <p time="1016160" is_ac="false">As they're known for their unique flavors</p>
  <p time="1018080" is_ac="false">and collectible popcorn buckets.</p>
  <p time="1020330" is_ac="false">Their flavors include soy
sauce, strawberry, chocolate,</p>
  <p time="1023240" is_ac="false">and honey that vary seasonally.</p>
  <p time="1024632" is_ac="false">- Soy sauce flavored popcorn?
- Ooh.</p>
  <p time="1026870" is_ac="false">I would love that.
- Yep.</p>
  <p time="1027703" is_ac="false">- Dude, I told you, Tokyo
is on another level.</p>
  <p time="1030200" is_ac="false">- Another level.</p>
  <p time="1031610" is_ac="false">- Ooh, I feel like soy sauce
popcorn would be really good.</p>
  <p time="1034730" is_ac="false">- [Ash] Right?</p>
  <p time="1035960" is_ac="false">- Strawberry popcorn I'm here for.</p>
  <p time="1037160" is_ac="false">- That also sounds really good.</p>
  <p time="1038559" is_ac="false">- I'm here for that.</p>
  <p time="1039530" is_ac="false">- All right, well-
- Sorry.</p>
  <p time="1040363" is_ac="false">- We are going into our final round.</p>
  <p time="1042800" is_ac="false">- Uh-oh.</p>
  <p time="1043633" is_ac="false">(bell dings)</p>
  <p time="1044733" is_ac="false">- All right, let's see how
Ash gaslights me this time.</p>
  <p time="1048410" is_ac="false">- Or maybe I'll just
be really good, Brian.</p>
  <p time="1050690" is_ac="false">Did you ever consider that?</p>
  <p time="1052490" is_ac="false">- No.
- [Ash] Open.</p>
  <p time="1053704" is_ac="false">- I'm just like.</p>
  <p time="1055073" is_ac="false">- What was the first Mickey-shaped food</p>
  <p time="1057920" is_ac="false">served in the Disney parks?</p>
  <p time="1061100" is_ac="false">- Sorry. That count?</p>
  <p time="1062330" is_ac="false">- Yeah, you go.</p>
  <p time="1063710" is_ac="false">- Ice cream.
- No.</p>
  <p time="1064910" is_ac="false">- Ice cream bar. Gotta be.
- [Ash] No.</p>
  <p time="1066617" is_ac="false">- No, it's the pretzel.</p>
  <p time="1068510" is_ac="false">- [Ash] No.
- What?</p>
  <p time="1070640" is_ac="false">- Sandwich.
- [Ash] No.</p>
  <p time="1072968" is_ac="false">- The cookie.
- [Ash] No.</p>
  <p time="1076387" is_ac="false">- Like a, oh my gosh. Wait.</p>
  <p time="1079100" is_ac="false">A grilled cheese.
- [Ash] No.</p>
  <p time="1080120" is_ac="false">- I'm just thinking about like,</p>
  <p time="1080953" is_ac="false">what can you shape Mickey
to look like that's food?</p>
  <p time="1083660" is_ac="false">Oh, pancakes.
- [Ash] Correct.</p>
  <p time="1085280" is_ac="false">(light music)</p>
  <p time="1086960" is_ac="false">- Did you see that?</p>
  <p time="1087793" is_ac="false">Did you see the way I, like,
kind of was like, "Well"?</p>
  <p time="1090500" is_ac="false">- You were working through that.</p>
  <p time="1091430" is_ac="false">- Yeah.</p>
  <p time="1092605" is_ac="false">- Chicken.
- No.</p>
  <p time="1094818" is_ac="false">(Sylvia and Ash laughing)</p>
  <p time="1096200" is_ac="false">- Pancakes.
- Correct.</p>
  <p time="1097370" is_ac="false">- No!
- Yes! Yes!</p>
  <p time="1099650" is_ac="false">- Grilled cheese?
- Okay, I have no idea.</p>
  <p time="1101240" is_ac="false">- Waffles.
- No, but close.</p>
  <p time="1103490" is_ac="false">- Pancake.
- Correct.</p>
  <p time="1105080" is_ac="false">- I'm pretty proud of myself right now.</p>
  <p time="1106970" is_ac="false">- Brian.</p>
  <p time="1107810" is_ac="false">- Wow, I wiped the floor with you.</p>
  <p time="1108807" is_ac="false">- Someone's a little sore loser.</p>
  <p time="1110870" is_ac="false">All right, three, two, one.</p>
  <p time="1114320" is_ac="false">- Oh, wow.</p>
  <p time="1116214" is_ac="false">- Yep. Yep.</p>
  <p time="1117617" is_ac="false">I told you'd call a
Jack-Jack Cookie Num Num.</p>
  <p time="1119222" is_ac="false">- Num Num.</p>
  <p time="1120270" is_ac="false">(Jillian and Jayka laughing)</p>
  <p time="1123227" is_ac="false">- Oh!
- Oh.</p>
  <p time="1125723" is_ac="false">- It's pretty good.</p>
  <p time="1128090" is_ac="false">- How can there be too
much milk chocolate?</p>
  <p time="1130639" is_ac="false">- Oh.</p>
  <p time="1133070" is_ac="false">- Very cute.</p>
  <p time="1134090" is_ac="false">- [Ash] And finally, going back</p>
  <p time="1135080" is_ac="false">to Disney's California Adventure Park,</p>
  <p time="1136610" is_ac="false">we've got a plate of the most
perfect sweet for any kid.</p>
  <p time="1139370" is_ac="false">The mouth-wateringly thick and gooey</p>
  <p time="1141020" is_ac="false">Jack-Jack Num Num Cookie.</p>
  <p time="1142492" is_ac="false">(light music)</p>
  <p time="1146180" is_ac="false">- Num Num.</p>
  <p time="1147170" is_ac="false">- Jack-Jack knows what he wants.</p>
  <p time="1149013" is_ac="false">(light music)</p>
  <p time="1153950" is_ac="false">- Feeling good?
- Mm-hm.</p>
  <p time="1155283" is_ac="false">That's good.</p>
  <p time="1156260" is_ac="false">- Is it soft?</p>
  <p time="1158270" is_ac="false">- Very soft. I don't know
what she was talking about.</p>
  <p time="1159650" is_ac="false">This is not dry. This is good.</p>
  <p time="1161687" is_ac="false">- Did you see how melty that is?</p>
  <p time="1163100" is_ac="false">- Yeah, that's amazing.
- Ooey gooey.</p>
  <p time="1164790" is_ac="false">- Ooey gooey, fresh out the oven.</p>
  <p time="1168959" is_ac="false">- Oh, it's like slightly
underbaked, which is my favorite.</p>
  <p time="1171470" is_ac="false">- Oh, that's the best way.</p>
  <p time="1173450" is_ac="false">- This one hurt the most.</p>
  <p time="1174920" is_ac="false">- [Ash] Yeah.</p>
  <p time="1175760" is_ac="false">- I'm just gonna break a little piece off.</p>
  <p time="1177080" is_ac="false">You just want some? Just kidding. (laughs)</p>
  <p time="1179690" is_ac="false">- I didn't even fall for it that time.</p>
  <p time="1181700" is_ac="false">- Brian, what a good
time I've had with you.</p>
  <p time="1183950" is_ac="false">- You know what?</p>
  <p time="1185103" is_ac="false">I like doing videos with you.</p>
  <p time="1186680" is_ac="false">- Me too.
- Yeah.</p>
  <p time="1188000" is_ac="false">Ash, you're over there.</p>
  <p time="1189780" is_ac="false">- Okay, Nicole, trivia question.</p>
  <p time="1191930" is_ac="false">Who's the sexiest Disney character?</p>
  <p time="1193880" is_ac="false">- Stitch. Stitch. I love Stitch.</p>
  <p time="1195980" is_ac="false">- Wrong. It's David
from "Lilo and Stitch".</p>
  <p time="1199130" is_ac="false">Ooh!</p>
  <p time="1200330" is_ac="false">But we can eat this together.</p>
  <p time="1201530" is_ac="false">- Yay!
- I'll break my own rules.</p>
  <p time="1203150" is_ac="false">- All right.</p>
  <p time="1203983" is_ac="false">- Thank you guys so much
for watching this episode</p>
  <p time="1205550" is_ac="false">of "Knew It and Chew It".</p>
  <p time="1207200" is_ac="false">- Oh, I love Tonga Toast.</p>
  <p time="1208370" is_ac="false">- Oh my God, it's my favorite.</p>
  <p time="1210950" is_ac="false">- Yeah, definitely check out BBF Chef.</p>
  <p time="1212600" is_ac="false">I'm so sorry. I just wanna
watch her one bite that.</p>
  <p time="1216140" is_ac="false">Links are in the
description below. And bye.</p>
  <p time="1217790" is_ac="false">- Mm. Bye.</p>
</text>
