<?xml version='1.0' encoding='UTF-8'?>
<text date_d="11" date_m="3" date_y="2024" format="srv3" age_limit="0" comment_count="31" description="In today's video, we are on a trip to Washington DC and wanted to do a restaurant review at a few restaurants in Washington DC. One of these restaurant is called The Hamilton. The Hamilton restaurant in Washington DC seems to be a very popular spot. We are glad we got a reservation because there were a ton of people. Inside the restaurant, it is really cool and huge. It goes way back and has multiple levels. The way it is decorated and the design inside is top notch. The menu is good. The drink menu is huge. However, the major complaint we had was the amount of time it took to get anything. It took a very long time to get an appetizer. It took a long time to get refills. It took an extremely long time to get our food. We ended up being in that restaurant for over 2 hours. This was our biggest complaint and the main reason we said we wouldn’t go back. As far as the food tastes, it was good. Really didn’t have any complaints on the taste or quality of food. The sole reason as to why we wouldn’t go back was the wait. If they can cut the time down to an hour, it would be worth a visit. Overall, The Hamilton is a really nice restaurant in Washington DC and if they can work out a few things, it has the potential to be a great spot!&#10;&#10;Stay tuned for another video coming soon. Thanks so much for watching! God Bless!!!&#10;&#10;If you would like to SUPPORT us on our adventures: https://www.thealtemlife.com/support&#10;&#10;If you haven't yet subscribed, and wouldn't mind doing so, that would be great! For additional content, check us out on Facebook, Instagram, and our website. &#10;&#10;Our Website: https://www.thealtemlife.com/&#10;Facebook: https://www.facebook.com/thealtemlife&#10;Instagram: https://www.instagram.com/thealtemlife/&#10;Tember's Instagram: https://www.instagram.com/the.tem.life/&#10;Alex's Instagram: https://www.instagram.com/the.al.life/&#10;Merchandise: https://www.thealtemlife.com/merchandise#!/all&#10;TikTok: https://www.tiktok.com/@thealtemlife?is_from_webapp=1&amp;sender_device=pc&#10;&#10;#washington  #restaurantreview  #washingtondc" fulltitle="Eating at The Hamilton Restaurant in Washington DC | Our Review of Restaurants in Washington DC" like_count="125" location="na" playlist_title="na" release_date="na" upload_date="20240311" repost_count="na" tags="the altem life; the altm life; the altim life; things to do in florida; florida; floirida; florda; Hamilton; Hamiltin; Hamelton; Hamiltan; Restaurants; Resturants; Restants; Restarants; Washinfton; Washington; Washinton; " title="Eating at The Hamilton Restaurant in Washington DC | Our Review of Restaurants in Washington DC" uploader="the altem life" view_count="2574" webpage_url="https://www.youtube.com/watch?v=kYTU69uEtQE" autocaption="true">
  <p time="399" is_ac="true">we are currently in Washington DC and we</p>
  <p time="2760" is_ac="true">wanted to do a restaurant review at the</p>
  <p time="5960" is_ac="true">Hamilton it looks like it's a very</p>
  <p time="8120" is_ac="true">popular spot here in Washington DC and</p>
  <p time="10639" is_ac="true">we have a reservation for 7:00 it's just</p>
  <p time="13519" is_ac="true">a little bit after 600 so not much</p>
  <p time="15719" is_ac="true">longer and we will get to go try it</p>
  <p time="18600" is_ac="true">looking forward to this one starving</p>
  <p time="21240" is_ac="true">cold cold ready to eat let's go check it</p>
  <p time="26230" is_ac="true">[Music]</p>
  <p time="28960" is_ac="true">out</p>
  <p time="31240" is_ac="true">now like I mentioned we did get a</p>
  <p time="32599" is_ac="true">reservation through open table and I</p>
  <p time="35239" is_ac="true">would highly recommend getting a</p>
  <p time="37680" is_ac="true">reservation cuz I I think it's usually</p>
  <p time="39719" is_ac="true">pretty busy here it</p>
  <p time="43840" is_ac="true">is it's right here on it's right across</p>
  <p time="47920" is_ac="true">from the Willard office and I think it's</p>
  <p time="50920" is_ac="true">located on 14th and F Street the</p>
  <p time="56800" is_ac="true">Hamilton eat drink</p>
  <p time="58920" is_ac="true">listen</p>
  <p time="60719" is_ac="true">14th and 14th Street Northwest they do</p>
  <p time="65920" is_ac="true">have the menu out here in front but</p>
  <p time="67560" is_ac="true">we'll do a detailed menu when we get</p>
  <p time="70119" is_ac="true">inside now online it said there is no</p>
  <p time="72799" is_ac="true">dress code which is kind of nice they</p>
  <p time="74320" is_ac="true">said you can dress up you can just wear</p>
  <p time="76439" is_ac="true">your casual clothes do whatever you need</p>
  <p time="78400" is_ac="true">to do but uh we're going to head right</p>
  <p time="80439" is_ac="true">inside here oh thank you I'm not</p>
  <p time="84680" is_ac="true">sure what the hours are in here I'll</p>
  <p time="89240" is_ac="true">have to look at that also but um we're</p>
  <p time="92040" is_ac="true">going to see if we can get in a little</p>
  <p time="93119" is_ac="true">early we might not be able to here's the</p>
  <p time="95560" is_ac="true">bar over</p>
  <p time="97320" is_ac="true">here this looks so nice this is where</p>
  <p time="100799" is_ac="true">you would uh check in right here uh</p>
  <p time="104240" is_ac="true">restrooms I'll have to find somewhere</p>
  <p time="105719" is_ac="true">but man it's it's nice in here floor is</p>
  <p time="109320" is_ac="true">pretty</p>
  <p time="110570" is_ac="true">[Music]</p>
  <p time="114479" is_ac="true">cool I can't wait to eat here I'm so</p>
  <p time="117560" is_ac="true">excited so he said that he can can get</p>
  <p time="120039" is_ac="true">us in in 30 minutes so um we can</p>
  <p time="122560" is_ac="true">actually get in at 6:30 instead of 7:00</p>
  <p time="124479" is_ac="true">so that's nice cuz it is very cold</p>
  <p time="126240" is_ac="true">outside it feels like 30 37 or 36 right</p>
  <p time="129479" is_ac="true">now and it's very windy so about 30</p>
  <p time="132280" is_ac="true">minutes we'll just stand around and uh</p>
  <p time="134760" is_ac="true">get to do a review here</p>
  <p time="138040" is_ac="true">soon now my mom just uh asked where the</p>
  <p time="141080" is_ac="true">restroom is at and she went that way</p>
  <p time="144160" is_ac="true">through this doorway so I'm guessing</p>
  <p time="146640" is_ac="true">they're somewhere over</p>
  <p time="148000" is_ac="true">there I just can't get over how cool it</p>
  <p time="150280" is_ac="true">looks in here apparently this place is</p>
  <p time="152800" is_ac="true">huge so we got to go to the restroom</p>
  <p time="155040" is_ac="true">while we're waiting and he said go this</p>
  <p time="157280" is_ac="true">way take a</p>
  <p time="159760" is_ac="true">right down here</p>
  <p time="162360" is_ac="true">probably this place is massive look at</p>
  <p time="165560" is_ac="true">this take a right another</p>
  <p time="172640" is_ac="true">bar then you take a left excuse me oh</p>
  <p time="176720" is_ac="true">look at</p>
  <p time="178360" is_ac="true">this and then oh you head straight down</p>
  <p time="183519" is_ac="true">here look at how big this</p>
  <p time="186440" is_ac="true">is oh yeah look at all the</p>
  <p time="192040" is_ac="true">wines another dining</p>
  <p time="194799" is_ac="true">area and restrooms are all the way back</p>
  <p time="198640" is_ac="true">here they also have the Loft straight</p>
  <p time="201560" is_ac="true">ahead up to the</p>
  <p time="203560" is_ac="true">right turn right here here we have the</p>
  <p time="207239" is_ac="true">restrooms is there like a downstairs</p>
  <p time="211480" is_ac="true">too man this place is just</p>
  <p time="214280" is_ac="true">massive lots of wines Timber said the</p>
  <p time="217720" is_ac="true">space downstairs that we showed is for</p>
  <p time="219959" is_ac="true">live music pretty cool now they do offer</p>
  <p time="224120" is_ac="true">Uber Eats and as far as hours go it's</p>
  <p time="227159" is_ac="true">11:00 a.m. to 2 a.m. they have a menu</p>
  <p time="230879" is_ac="true">you can get after 11:00 p.m. it's</p>
  <p time="234480" is_ac="true">currently 6:40 so hopefully we will get</p>
  <p time="236760" is_ac="true">texted anytime but you can see it does</p>
  <p time="239720" is_ac="true">does fill up and get really</p>
  <p time="243680" is_ac="true">crowded it's currently 6:47 so I'm not</p>
  <p time="247159" is_ac="true">thinking we're going to really get in</p>
  <p time="249280" is_ac="true">much earlier than our reservation cuz</p>
  <p time="252239" is_ac="true">look at this crowd here now up front</p>
  <p time="255239" is_ac="true">they have a sign that says no</p>
  <p time="257720" is_ac="true">cash so I just got a text at 652 our</p>
  <p time="261199" is_ac="true">table is</p>
  <p time="264840" is_ac="true">ready all right we are going this way</p>
  <p time="267720" is_ac="true">look at these little like private door</p>
  <p time="269759" is_ac="true">booths those are</p>
  <p time="275320" is_ac="true">nice looks like we are going to be over</p>
  <p time="278880" is_ac="true">here maybe oh sweet we're over here at</p>
  <p time="281400" is_ac="true">the</p>
  <p time="282639" is_ac="true">end this is a good Booth here um they</p>
  <p time="285600" is_ac="true">got a little coat hanger and again this</p>
  <p time="288160" is_ac="true">is what it looks like now they have a</p>
  <p time="290960" is_ac="true">very large drink menu you can see 26</p>
  <p time="295039" is_ac="true">pages</p>
  <p time="296000" is_ac="true">long so I'm going to go pretty quick</p>
  <p time="298440" is_ac="true">with it here</p>
  <p time="302479" is_ac="true">here are some</p>
  <p time="307880" is_ac="true">wines seasonal</p>
  <p time="313039" is_ac="true">cocktails seasonal</p>
  <p time="316759" is_ac="true">cocktails there's zero</p>
  <p time="319560" is_ac="true">proof oh look at that one apple of my</p>
  <p time="325400" is_ac="true">eye drinks</p>
  <p time="327720" is_ac="true">beer Selter</p>
  <p time="338800" is_ac="true">beer Wines By the</p>
  <p time="341720" is_ac="true">bottle there is one for $335 if you'd</p>
  <p time="347800" is_ac="true">like Wines By the</p>
  <p time="351759" is_ac="true">bottle</p>
  <p time="356280" is_ac="true">wines</p>
  <p time="358479" is_ac="true">wines</p>
  <p time="367639" is_ac="true">wines more</p>
  <p time="373280" is_ac="true">wines and guess what more wines and some</p>
  <p time="379800" is_ac="true">more then we have dessert and fortified</p>
  <p time="388400" is_ac="true">wines some just alcohol</p>
  <p time="398590" is_ac="true">[Music]</p>
  <p time="399919" is_ac="true">liquor I mean this is a massive drink</p>
  <p time="409720" is_ac="true">menu good</p>
  <p time="418400" is_ac="true">grief</p>
  <p time="423199" is_ac="true">finally we've almost made it to the end</p>
  <p time="425160" is_ac="true">of the drink</p>
  <p time="427319" is_ac="true">menu there we have</p>
  <p time="429840" is_ac="true">it 26</p>
  <p time="432360" is_ac="true">Pages now I think as far as drinks go I</p>
  <p time="434840" is_ac="true">might just do the unsweet Arnold Palmer</p>
  <p time="437759" is_ac="true">but let's have a look at the</p>
  <p time="440639" is_ac="true">menu I'm going to just kind of go like</p>
  <p time="442800" is_ac="true">this so we have I'll go here for</p>
  <p time="448319" is_ac="true">starters</p>
  <p time="455319" is_ac="true">American Farmhouse</p>
  <p time="458879" is_ac="true">cheese</p>
  <p time="462840" is_ac="true">Cherie there's some symbols down there</p>
  <p time="465000" is_ac="true">vegetarian and gluten</p>
  <p time="468240" is_ac="true">friendly over here we have</p>
  <p time="472520" is_ac="true">greens</p>
  <p time="476520" is_ac="true">Entre Steaks and Chops f and Fish</p>
  <p time="482720" is_ac="true">Market housemade</p>
  <p time="486680" is_ac="true">pasta over here</p>
  <p time="488720" is_ac="true">burgers served with french fries fruit</p>
  <p time="491960" is_ac="true">mixed green salad or Caesar</p>
  <p time="495440" is_ac="true">salad</p>
  <p time="498599" is_ac="true">sandwiches the Rachel that's kind of</p>
  <p time="500560" is_ac="true">like a</p>
  <p time="501840" is_ac="true">Ruben here are some sides truffle</p>
  <p time="504560" is_ac="true">Rosemary</p>
  <p time="506560" is_ac="true">fries there's the executive chef and</p>
  <p time="509240" is_ac="true">enal</p>
  <p time="510039" is_ac="true">manager and then on this</p>
  <p time="512560" is_ac="true">side</p>
  <p time="514479" is_ac="true">Sushi there's Sushi happy hour 7 days a</p>
  <p time="517519" is_ac="true">week $5 off sushi roll those are the</p>
  <p time="522959" is_ac="true">times then we've got um here are some of</p>
  <p time="526240" is_ac="true">the</p>
  <p time="530040" is_ac="true">rolls some more</p>
  <p time="534480" is_ac="true">rolls vento</p>
  <p time="537440" is_ac="true">platters concert count</p>
  <p time="540079" is_ac="true">CER there you have it so they give you a</p>
  <p time="543560" is_ac="true">full thing of water here we're going to</p>
  <p time="545880" is_ac="true">go ahead and try the water I'm sure it's</p>
  <p time="547399" is_ac="true">delicious though is it good here's the</p>
  <p time="552959" is_ac="true">water yeah that's really good water I</p>
  <p time="556120" is_ac="true">think we we might get some bread and</p>
  <p time="557440" is_ac="true">butter to try it so just make note of</p>
  <p time="559519" is_ac="true">what's served with a side you have the</p>
  <p time="561240" is_ac="true">fish market is Steaks and Chops are and</p>
  <p time="564399" is_ac="true">then up here burgers are this is my</p>
  <p time="566880" is_ac="true">first Washington DC arold old Palmer and</p>
  <p time="570519" is_ac="true">it is very tasty I think we're going to</p>
  <p time="572720" is_ac="true">do bread and</p>
  <p time="575360" is_ac="true">butter either the Sherie board or this</p>
  <p time="578240" is_ac="true">cheese board Timber and I are going to</p>
  <p time="580360" is_ac="true">share the shrimp</p>
  <p time="581760" is_ac="true">Linguini my Dad's getting the Hamilton</p>
  <p time="583760" is_ac="true">Burger my mom's getting the classic</p>
  <p time="585240" is_ac="true">cheeseburger and we're going to try some</p>
  <p time="586519" is_ac="true">of that and then we might end up doing a</p>
  <p time="588560" is_ac="true">dessert here is a look at the dessert</p>
  <p time="593880" is_ac="true">menu warm brownie</p>
  <p time="598120" is_ac="true">sunde and then they do</p>
  <p time="600720" is_ac="true">have coffee and tea so with the shery</p>
  <p time="604480" is_ac="true">board and the cheese than</p>
  <p time="606160" is_ac="true">you you got the cheddar yes I don't</p>
  <p time="609480" is_ac="true">remember you could mix and match you</p>
  <p time="610760" is_ac="true">could do one in one so we did the</p>
  <p time="613160" is_ac="true">cheddar and then we did the uh soap and</p>
  <p time="616720" is_ac="true">S the salami yeah the two complaints</p>
  <p time="619720" is_ac="true">we'd have right now is a little loud and</p>
  <p time="622120" is_ac="true">it did take an extremely long time to</p>
  <p time="624320" is_ac="true">get this out I mean it probably took</p>
  <p time="627079" is_ac="true">like 15 20 minutes at least and we still</p>
  <p time="630720" is_ac="true">haven't gotten our bread for from the</p>
  <p time="632519" is_ac="true">appetizer either but here is the cheese</p>
  <p time="636040" is_ac="true">here is the</p>
  <p time="637519" is_ac="true">shuder and we're going to give both of</p>
  <p time="639680" is_ac="true">them a try it's really not that much uh</p>
  <p time="642440" is_ac="true">cheese and here's what the bread looks</p>
  <p time="644720" is_ac="true">like everything has been really good</p>
  <p time="646880" is_ac="true">though just for a current update it is</p>
  <p time="649839" is_ac="true">currently 88:18 and um still haven't</p>
  <p time="654480" is_ac="true">gotten our food yet just to prove what</p>
  <p time="657040" is_ac="true">time it is it's 8:23 and still no food</p>
  <p time="660560" is_ac="true">and it feels like 32° outside it does</p>
  <p time="662519" is_ac="true">feel like 32 de possibility of snow they</p>
  <p time="666120" is_ac="true">are just delivering the food right now</p>
  <p time="668040" is_ac="true">and it's</p>
  <p time="669760" is_ac="true">8:26 hello</p>
  <p time="673240" is_ac="true">hello here's a look at the Hamilton</p>
  <p time="675560" is_ac="true">burger with a side</p>
  <p time="677320" is_ac="true">salad here's a look at the regular</p>
  <p time="679560" is_ac="true">burger with pepper jack and a side salad</p>
  <p time="682240" is_ac="true">and then they ended up splitting hours</p>
  <p time="684279" is_ac="true">which it's a good portion I'm just</p>
  <p time="686200" is_ac="true">curious if they are going to charge for</p>
  <p time="687800" is_ac="true">splitting the plate or not I would say</p>
  <p time="689720" is_ac="true">it's pretty</p>
  <p time="690920" is_ac="true">good I</p>
  <p time="692600" is_ac="true">mean it's not the best I've ever had but</p>
  <p time="696079" is_ac="true">it's definitely not the worse but the</p>
  <p time="697800" is_ac="true">sauce is good in it I really like the</p>
  <p time="700079" is_ac="true">sauce the Burger's good though it tastes</p>
  <p time="702920" is_ac="true">really good they give you a postcard</p>
  <p time="705880" is_ac="true">when they bring you the</p>
  <p time="708320" is_ac="true">check that's actually pretty cool let's</p>
  <p time="711000" is_ac="true">make sure they didn't charge us for that</p>
  <p time="713519" is_ac="true">postcard all right here's a look at the</p>
  <p time="716360" is_ac="true">check so you can see they did start the</p>
  <p time="718959" is_ac="true">the ticket at</p>
  <p time="720639" is_ac="true">737 so it took a long time they did not</p>
  <p time="724519" is_ac="true">charge us extra for splitting the plate</p>
  <p time="726920" is_ac="true">so that's great news and there is the</p>
  <p time="729399" is_ac="true">total price so that is an expensive meal</p>
  <p time="733120" is_ac="true">the tea oh yeah the oh the tea is very</p>
  <p time="736560" is_ac="true">expensive holy cow</p>
  <p time="739440" is_ac="true">$44.79 for</p>
  <p time="741480" is_ac="true">tea wow all right we are heading outside</p>
  <p time="745920" is_ac="true">to the freezing</p>
  <p time="747880" is_ac="true">cold</p>
  <p time="750639" is_ac="true">oh that wind is just whipping that was</p>
  <p time="753760" is_ac="true">our trip out to the Hamilton here in</p>
  <p time="756680" is_ac="true">Washington DC honest</p>
  <p time="759920" is_ac="true">review I would not come back what about</p>
  <p time="762959" is_ac="true">you I thought the food was good but it</p>
  <p time="764800" is_ac="true">was a really</p>
  <p time="765880" is_ac="true">long expensive yeah I mean what time is</p>
  <p time="769440" is_ac="true">it now it</p>
  <p time="771839" is_ac="true">is</p>
  <p time="773839" is_ac="true">8:40 and our reservation was for 7:00 I</p>
  <p time="778360" is_ac="true">think we got sh in seed around</p>
  <p time="781399" is_ac="true">6:55 and it's that late so that was a</p>
  <p time="785560" is_ac="true">big bummer um I do think the food tasted</p>
  <p time="788600" is_ac="true">really good they were running out of a</p>
  <p time="790880" is_ac="true">lot of stuff too they were out of the</p>
  <p time="792480" is_ac="true">steak</p>
  <p time="793920" is_ac="true">freets a pasta a pasta bread we got the</p>
  <p time="797760" is_ac="true">last bread they ran out of tea so that</p>
  <p time="801000" is_ac="true">was kind of a bummer now they were very</p>
  <p time="803399" is_ac="true">busy so we'll give them that but overall</p>
  <p time="806240" is_ac="true">I'm glad we ate here I just think that</p>
  <p time="809160" is_ac="true">there's probably other choices next time</p>
  <p time="810959" is_ac="true">that I would go to but at least you got</p>
  <p time="813160" is_ac="true">to see a review of what that is like um</p>
  <p time="816600" is_ac="true">we did share so it's probably going to</p>
  <p time="818760" is_ac="true">be a little cheaper than what it would</p>
  <p time="820040" is_ac="true">be if all of us got an entree but</p>
  <p time="823199" is_ac="true">overall that's a tour of the Hamilton</p>
  <p time="826040" is_ac="true">here in Washington DC with that being</p>
  <p time="828639" is_ac="true">said that does it for tonight thanks for</p>
  <p time="831490" is_ac="true">[Music]</p>
  <p time="836040" is_ac="true">watching hey</p>
</text>
