<?xml version='1.0' encoding='UTF-8'?>
<text date_d="5" date_m="5" date_y="2021" format="srv3" age_limit="0" comment_count="1500" description="Help India here: https://bit.ly/3xOmCbL&#10;Stream My Song: https://ffm.to/happyinthehills&#10;&#10;Text me: 323-405-9940&#10;FREE Spotify Playlist ► https://open.spotify.com/playlist/2FE6ofE15fQyN995nCOq9d&#10;FREE Apple Playlist ► https://music.apple.com/us/playlist/chill-music-got-me-in-my-feelings/pl.u-vxy6kpxT46JK11&#10;&#10;Join the #TAYLORFAM ►http://bit.ly/SubscribeToBrennen &#10; &#10;Last Vlog ► https://www.youtube.com/watch?v=YUVIjwKRouU&#10;&#10;MERCH ► http://www.BrennenTaylor.com/&#10;&#10;TikTok ► http://www.tiktok.com/@BrennenTaylor&#10;&#10;Twitter ► http://www.twitter.com/BrennenTaylor&#10;&#10;Instagram ► http://www.instagram.com/Brennen&#10;&#10;Snapchat ►  http://www.snapchat.com/add/BrennenTaylor&#10;&#10;FOLLOW JAKE:&#10;► http://www.instagram.com/JakeTaylor&#10;► http://www.twitter.com/jakextaylor&#10;► http://www.tiktok.com/@jaketaylorx&#10;&#10;&#10;Hi I'm Brennen.  I've been eating food for 24 years. I'm basically a professional. Here is my Food Review:&#10;&#10;PO BOX: 3844 Chatsworth CA 91313-3844&#10;Business email ONLY: MGMT@BrennenTaylor.com&#10;&#10;Brennen Taylor best/worst reviewed videos of 1 star yelp restaurants and businesses series and his newly beloved viral tikok life hack tik tok lifehack series.Family friendly pg clean" fulltitle="Eating At The BEST Reviewed INDIAN Restaurant In Los Angeles... (5 STARS WOW)" like_count="25808" location="na" playlist_title="na" release_date="na" upload_date="20210505" repost_count="na" tags="brennentaylor; brennen taylor; brennen; taylor; taylorfam; india; best indian food; indian food; best reviewed; best reviewed indian food; eating indian food; first time; india covid; india news; eating at the best reviewed; eating at the best reviewed indian restaurant; brennen taylor 5 star; brennen taylor food review; brennen taylor foodie; foodie; food review; restaurant review; 5 star; 5 star indian foood; best indian fod; best reviewed indian; " title="Eating At The BEST Reviewed INDIAN Restaurant In Los Angeles... (5 STARS WOW)" uploader="Brennen Taylor" view_count="561766" webpage_url="https://www.youtube.com/watch?v=fURUiv1o4Ww" autocaption="true">
  <p time="80" is_ac="true">i hope you guys are ready to eat what's</p>
  <p time="2080" is_ac="true">on the menu we're gonna be having</p>
  <p time="4319" is_ac="true">indian food oh my stomach is gonna love</p>
  <p time="7600" is_ac="true">that this is some of the best indian</p>
  <p time="9200" is_ac="true">food that i could find</p>
  <p time="10480" is_ac="true">and it's got five stars with 1800</p>
  <p time="13200" is_ac="true">reviews</p>
  <p time="13920" is_ac="true">wow exactly so welcome back to a brand</p>
  <p time="16480" is_ac="true">new episode of</p>
  <p time="17279" is_ac="true">my fortunate life choices</p>
  <p time="20640" is_ac="true">starring yours julie brennan taylor this</p>
  <p time="22800" is_ac="true">is jake taylor</p>
  <p time="24160" is_ac="true">and together we are the taylor bros</p>
  <p time="27519" is_ac="true">anyways i found this restaurant and i</p>
  <p time="29359" is_ac="true">felt like you know i want to give some</p>
  <p time="30800" is_ac="true">love back to the indian people</p>
  <p time="32480" is_ac="true">they're constantly bumping my music out</p>
  <p time="34399" is_ac="true">there so i got to show some love back</p>
  <p time="36160" is_ac="true">and they're in a huge you know crisis</p>
  <p time="38160" is_ac="true">right now because of kovitz so our</p>
  <p time="39680" is_ac="true">thoughts and prayers are with them but</p>
  <p time="40960" is_ac="true">let's jump into these reviews and let's</p>
  <p time="42960" is_ac="true">see what the people</p>
  <p time="44000" is_ac="true">are thinking about this place cool my</p>
  <p time="46000" is_ac="true">go-to indian food around here i will</p>
  <p time="48239" is_ac="true">swim in that fish coconut curry</p>
  <p time="50640" is_ac="true">it is that good even my friends who</p>
  <p time="52960" is_ac="true">don't normally eat indian food will eat</p>
  <p time="54960" is_ac="true">from there</p>
  <p time="55600" is_ac="true">the food is fresh rich and flavorful do</p>
  <p time="58320" is_ac="true">not miss out if you are in the mood for</p>
  <p time="60079" is_ac="true">some</p>
  <p time="60480" is_ac="true">bomb ass curry get a side of garlic naan</p>
  <p time="63280" is_ac="true">to wrap up all that leftover curry sauce</p>
  <p time="65360" is_ac="true">they always have the best service and</p>
  <p time="67280" is_ac="true">are accurate with their pick up times</p>
  <p time="68960" is_ac="true">when that call to order in</p>
  <p time="70240" is_ac="true">even her friends that don't like indian</p>
  <p time="72320" is_ac="true">food still like this place</p>
  <p time="73920" is_ac="true">that's saying something because you know</p>
  <p time="75600" is_ac="true">indian food is very it's very niche</p>
  <p time="77840" is_ac="true">you know i mean you either really like</p>
  <p time="78960" is_ac="true">that type of food or you don't at all i</p>
  <p time="80880" is_ac="true">haven't really eaten it that much just</p>
  <p time="82400" is_ac="true">that one time in london</p>
  <p time="83680" is_ac="true">and then that one star that we went and</p>
  <p time="85439" is_ac="true">then that other time at that bomb by</p>
  <p time="87280" is_ac="true">frankie yeah so it could be like a</p>
  <p time="89200" is_ac="true">couple of times and here's a couple</p>
  <p time="90960" is_ac="true">pictures of the inside</p>
  <p time="92079" is_ac="true">it looks like fine dining it looks like</p>
  <p time="93759" is_ac="true">fine dining indian</p>
  <p time="95200" is_ac="true">like suit and tie my family and i</p>
  <p time="97119" is_ac="true">discovered this hidden gem</p>
  <p time="98720" is_ac="true">actually not hidden as it has been voted</p>
  <p time="100640" is_ac="true">as la's best indian food</p>
  <p time="102640" is_ac="true">wow that's good to know that's even</p>
  <p time="105520" is_ac="true">information to me yeah</p>
  <p time="106960" is_ac="true">and we loved every single morsel of food</p>
  <p time="109200" is_ac="true">that we ordered</p>
  <p time="110159" is_ac="true">i love indian food but anabarg which is</p>
  <p time="112960" is_ac="true">the name of the place indian food is the</p>
  <p time="115200" is_ac="true">best one by far we will definitely come</p>
  <p time="118240" is_ac="true">back</p>
  <p time="118560" is_ac="true">and bring more family members with us</p>
  <p time="120159" is_ac="true">next time wow</p>
  <p time="122159" is_ac="true">i mean and they're from beverly hills</p>
  <p time="123600" is_ac="true">they drove that and it says that they</p>
  <p time="125119" is_ac="true">checked in so they legit</p>
  <p time="126880" is_ac="true">went there and they're saying it's the</p>
  <p time="128560" is_ac="true">best in l.a yeah and like</p>
  <p time="130319" is_ac="true">you know they're from beverly hills they</p>
  <p time="131599" is_ac="true">got money so they should try all the</p>
  <p time="133040" is_ac="true">indian spots</p>
  <p time="133920" is_ac="true">it seems like they have yeah came here</p>
  <p time="136080" is_ac="true">yesterday for valentine's day with my</p>
  <p time="138000" is_ac="true">husband and son</p>
  <p time="139200" is_ac="true">amazing service clean food is delicious</p>
  <p time="142319" is_ac="true">always 10 out of 10. this is our</p>
  <p time="144000" is_ac="true">favorite indian food cuisine in the</p>
  <p time="145760" is_ac="true">valley and let's check out this picture</p>
  <p time="147280" is_ac="true">they uploaded</p>
  <p time="148000" is_ac="true">oh chicken tikka masala</p>
  <p time="152000" is_ac="true">right there this looks good this looks</p>
  <p time="153599" is_ac="true">like a lot of food what is that</p>
  <p time="155360" is_ac="true">i don't know but we're gonna find out so</p>
  <p time="157200" is_ac="true">no more wasting any time</p>
  <p time="158640" is_ac="true">let's head on over there and let's get</p>
  <p time="160000" is_ac="true">some indian food let's go to me i ain't</p>
  <p time="164959" is_ac="true">happy in the house</p>
  <p time="170800" is_ac="true">so we just got in here it's super</p>
  <p time="172640" is_ac="true">peaceful very</p>
  <p time="173920" is_ac="true">zen i almost feel like i can meditate in</p>
  <p time="175840" is_ac="true">here i don't know if this is exactly how</p>
  <p time="177519" is_ac="true">like india</p>
  <p time="178400" is_ac="true">decorates inside but it definitely makes</p>
  <p time="180480" is_ac="true">you feel very at peace very relaxed</p>
  <p time="182959" is_ac="true">we just got the menu so uh let's check</p>
  <p time="184800" is_ac="true">them out</p>
  <p time="185330" is_ac="true">[Music]</p>
  <p time="192560" is_ac="true">we'll get the mango lassi and then can</p>
  <p time="194800" is_ac="true">we get the masala tea with milk</p>
  <p time="197440" is_ac="true">okay and then just two waters thank you</p>
  <p time="199840" is_ac="true">so they gave us these salsas right here</p>
  <p time="201840" is_ac="true">i'm gonna call them salsas i don't know</p>
  <p time="203120" is_ac="true">if that's what you call them in</p>
  <p time="204400" is_ac="true">uh and indian food are they salsas</p>
  <p time="207519" is_ac="true">sauces sauces i don't know let's try</p>
  <p time="210080" is_ac="true">them they give us these like cracker</p>
  <p time="211680" is_ac="true">type</p>
  <p time="212000" is_ac="true">things that are like i wanted to say</p>
  <p time="214959" is_ac="true">none but they're like</p>
  <p time="215840" is_ac="true">chips don't really have a smell nothing</p>
  <p time="218239" is_ac="true">that i can really smell</p>
  <p time="219680" is_ac="true">put a little bit of this green one on</p>
  <p time="221040" is_ac="true">there this is the mint one</p>
  <p time="226319" is_ac="true">wow it's like a paper thin yeah it's</p>
  <p time="228959" is_ac="true">kind of good though i like that</p>
  <p time="230239" is_ac="true">this red one's like very like sweet</p>
  <p time="233280" is_ac="true">sweet kind of like delicious like you</p>
  <p time="235599" is_ac="true">can drink it</p>
  <p time="237120" is_ac="true">the red ones reminds me most of the</p>
  <p time="239200" is_ac="true">salsa and what are we going to order</p>
  <p time="240720" is_ac="true">that's the real question</p>
  <p time="242879" is_ac="true">i mean the prices are pretty good like</p>
  <p time="244640" is_ac="true">look you can get a whole like</p>
  <p time="246080" is_ac="true">for one a lunch chicken or a lunch lamb</p>
  <p time="248159" is_ac="true">for 13 bucks</p>
  <p time="249200" is_ac="true">they have a big menu a huge menu with so</p>
  <p time="251439" is_ac="true">many items it's almost a little bit like</p>
  <p time="253439" is_ac="true">scary to look at like i'm like what do i</p>
  <p time="255120" is_ac="true">want we want to get this</p>
  <p time="256799" is_ac="true">um the assorted appetizer for two okay</p>
  <p time="260239" is_ac="true">all right here's the drink all right so</p>
  <p time="261600" is_ac="true">this is the mango lassi we tried this</p>
  <p time="263840" is_ac="true">i remember at the one star yeah that's</p>
  <p time="266720" is_ac="true">the only time i've ever tried this</p>
  <p time="268000" is_ac="true">before</p>
  <p time="268560" is_ac="true">because billy really wanted it yeah we</p>
  <p time="270080" is_ac="true">tried it actually while eating at the</p>
  <p time="271520" is_ac="true">gas station one too</p>
  <p time="273280" is_ac="true">but it was a lot different than this it</p>
  <p time="274880" is_ac="true">was like that was more like a smoothie</p>
  <p time="277040" is_ac="true">oh it was a smoothie this one's more</p>
  <p time="278479" is_ac="true">like not a drink drink it drink it drink</p>
  <p time="281120" is_ac="true">it</p>
  <p time="282960" is_ac="true">it tastes like a dan a damn animal</p>
  <p time="286000" is_ac="true">it tastes like an animal but like you</p>
  <p time="287520" is_ac="true">know how those things are so small you</p>
  <p time="288880" is_ac="true">just like pound them down yeah you got a</p>
  <p time="290240" is_ac="true">full drink</p>
  <p time="290880" is_ac="true">so is lassie like a yogurt is that what</p>
  <p time="292560" is_ac="true">that is i'm trying to understand yeah</p>
  <p time="293919" is_ac="true">it's like a yogurt drink</p>
  <p time="295280" is_ac="true">oh it's very thick it definitely has</p>
  <p time="297759" is_ac="true">that texture</p>
  <p time="298880" is_ac="true">it's a yogurt and mango shake</p>
  <p time="303120" is_ac="true">that's good stuff right there yeah for</p>
  <p time="305520" is_ac="true">the whole beverage before your meal i</p>
  <p time="306960" is_ac="true">feel like you'll get you'll get fully</p>
  <p time="308880" is_ac="true">saying we should just taste it yeah i</p>
  <p time="310720" is_ac="true">could imagine being in india walking</p>
  <p time="312479" is_ac="true">down the street and they just have big</p>
  <p time="314000" is_ac="true">gallons</p>
  <p time="314800" is_ac="true">with a big spoon and they're just like</p>
  <p time="317440" is_ac="true">we got to go to india yeah look</p>
  <p time="319199" is_ac="true">speaking of india i know that they're</p>
  <p time="320639" is_ac="true">having some major crisis out there right</p>
  <p time="322479" is_ac="true">now so</p>
  <p time="323120" is_ac="true">we're definitely going to be donating i</p>
  <p time="324479" is_ac="true">highly recommend you guys donate to i'll</p>
  <p time="326000" is_ac="true">put a link down below if you can</p>
  <p time="327680" is_ac="true">or even just send some positive thoughts</p>
  <p time="329919" is_ac="true">and vibrations out to them they're</p>
  <p time="331280" is_ac="true">really struggling</p>
  <p time="332479" is_ac="true">and uh giving them our love and</p>
  <p time="334800" is_ac="true">appreciation</p>
  <p time="335840" is_ac="true">we're trying to appreciate them by</p>
  <p time="337039" is_ac="true">eating some good indian food today</p>
  <p time="339039" is_ac="true">look at this so this is the front of</p>
  <p time="340560" is_ac="true">their menu it's pretty pretty decently</p>
  <p time="342639" is_ac="true">sized with a bunch of different items</p>
  <p time="344479" is_ac="true">just when you think you've seen it all</p>
  <p time="346240" is_ac="true">you turn this thing over</p>
  <p time="347680" is_ac="true">and oh my god they've got more so let's</p>
  <p time="350240" is_ac="true">definitely get the chicken tikka masala</p>
  <p time="352160" is_ac="true">definitely need to try that and then</p>
  <p time="353600" is_ac="true">we're going to get the lamb rogan josh</p>
  <p time="355440" is_ac="true">and we definitely want some</p>
  <p time="356560" is_ac="true">garlic done</p>
  <p time="359840" is_ac="true">oh let's get what this is a big decision</p>
  <p time="362400" is_ac="true">one two ten foods pretty spicy i say we</p>
  <p time="364400" is_ac="true">go a solid like</p>
  <p time="365600" is_ac="true">seven i say i was gonna say six and a</p>
  <p time="367360" is_ac="true">half six and a half seven</p>
  <p time="368720" is_ac="true">okay i can't risk it two of that too</p>
  <p time="370160" is_ac="true">much guys hand down for a little bit hot</p>
  <p time="371759" is_ac="true">all right let's go seven</p>
  <p time="372800" is_ac="true">okay so yeah like hot i'm not high like</p>
  <p time="375520" is_ac="true">seven</p>
  <p time="377600" is_ac="true">oh what's that</p>
  <p time="383759" is_ac="true">wow we should try it can we drink it</p>
  <p time="386880" is_ac="true">how old do you i'm 26. i'm 28.</p>
  <p time="391360" is_ac="true">yeah okay one like</p>
  <p time="394479" is_ac="true">okay thank you yeah it's the best beer</p>
  <p time="397039" is_ac="true">in india</p>
  <p time="397759" is_ac="true">so they just gave us a bottle of this</p>
  <p time="400080" is_ac="true">taj mahal it's a premium lager beer</p>
  <p time="402720" is_ac="true">and they said this is the best in india</p>
  <p time="404880" is_ac="true">wow so i mean i'm excited to try that</p>
  <p time="406720" is_ac="true">because</p>
  <p time="407120" is_ac="true">it's not every day that you're drinking</p>
  <p time="408319" is_ac="true">indian beer yeah thank you very much</p>
  <p time="410800" is_ac="true">i like the glass even the glass look at</p>
  <p time="412400" is_ac="true">that even the glasses say taj mahal you</p>
  <p time="414560" is_ac="true">turn them around</p>
  <p time="415759" is_ac="true">and there's the taj mahal we love that</p>
  <p time="418720" is_ac="true">oh they gave you a regular glass</p>
  <p time="421440" is_ac="true">i'm never special</p>
  <p time="424960" is_ac="true">what is a taylor bro review without a</p>
  <p time="426800" is_ac="true">beer so</p>
  <p time="429759" is_ac="true">it's very crisp it's very light it is</p>
  <p time="432400" is_ac="true">light it's</p>
  <p time="432960" is_ac="true">it's comparable to like a beer that i</p>
  <p time="435520" is_ac="true">would normally</p>
  <p time="436080" is_ac="true">drink like a corona if i was drinking a</p>
  <p time="437840" is_ac="true">mexican beer or like pacifico or even a</p>
  <p time="439759" is_ac="true">stella it's a light blonde</p>
  <p time="442080" is_ac="true">in india it's hot out there from what</p>
  <p time="444000" is_ac="true">i've seen online it's hot out there</p>
  <p time="445919" is_ac="true">imagine just walking up into your</p>
  <p time="447599" is_ac="true">favorite pub grabbing a beer like this</p>
  <p time="450080" is_ac="true">and just taking the load off you know</p>
  <p time="452080" is_ac="true">yeah what should we start with</p>
  <p time="453599" is_ac="true">all right one of these okay so we're</p>
  <p time="455360" is_ac="true">gonna we're gonna start with the lamb</p>
  <p time="456880" is_ac="true">tikka first</p>
  <p time="464319" is_ac="true">wow yeah that i think that's the first</p>
  <p time="466639" is_ac="true">time i've ever had</p>
  <p time="467599" is_ac="true">full lamb i'm gonna go to other like</p>
  <p time="470160" is_ac="true">mediterranean places and like</p>
  <p time="471440" is_ac="true">it's usually on a bone right no no it's</p>
  <p time="473120" is_ac="true">usually like a like</p>
  <p time="474800" is_ac="true">when it's on a kebab it's like ground</p>
  <p time="476639" is_ac="true">meat so it's like a lot softer this one</p>
  <p time="478319" is_ac="true">when it has like that</p>
  <p time="479199" is_ac="true">it was very like a thick piece it's a</p>
  <p time="481039" is_ac="true">dense piece of meat like when i bit into</p>
  <p time="483039" is_ac="true">this thing i said oh my gosh</p>
  <p time="484720" is_ac="true">yeah i tried to bite it in half and i</p>
  <p time="485919" is_ac="true">couldn't yeah you can hear it ripped</p>
  <p time="487919" is_ac="true">sauce that they make they probably make</p>
  <p time="489440" is_ac="true">it homemade here it's just a flavor</p>
  <p time="491280" is_ac="true">booster it's a flavor enhancer</p>
  <p time="492879" is_ac="true">it makes every flavor a little bit</p>
  <p time="494319" is_ac="true">better let's try this the zika bob first</p>
  <p time="498560" is_ac="true">oh my god what i noticed about indian</p>
  <p time="500720" is_ac="true">food is like flavors and their smells</p>
  <p time="502560" is_ac="true">are so strong</p>
  <p time="503599" is_ac="true">they have layers of flavor maybe your</p>
  <p time="505599" is_ac="true">initial your medium and then your end</p>
  <p time="507120" is_ac="true">note</p>
  <p time="508000" is_ac="true">when you're just like you still taste a</p>
  <p time="510080" is_ac="true">different seasoning you know</p>
  <p time="511199" is_ac="true">so when i went to school i took like a</p>
  <p time="514000" is_ac="true">class about</p>
  <p time="515279" is_ac="true">like where where humans come from and</p>
  <p time="517360" is_ac="true">stuff right</p>
  <p time="518399" is_ac="true">they were saying in the early early ages</p>
  <p time="520479" is_ac="true">that</p>
  <p time="521839" is_ac="true">when everyone was coming to like the</p>
  <p time="523919" is_ac="true">world you know traveling the indian</p>
  <p time="526320" is_ac="true">indian people and latin people would end</p>
  <p time="529440" is_ac="true">up</p>
  <p time="530000" is_ac="true">getting together and marrying because</p>
  <p time="533040" is_ac="true">in the latin culture we have tortillas</p>
  <p time="535680" is_ac="true">in</p>
  <p time="536240" is_ac="true">india we have nan and then all our they</p>
  <p time="539120" is_ac="true">have uh</p>
  <p time="539839" is_ac="true">we have beans they have like lentils so</p>
  <p time="541760" is_ac="true">it's like a similar thing they make</p>
  <p time="543040" is_ac="true">little uh</p>
  <p time="543760" is_ac="true">so it makes sense why some of the the</p>
  <p time="546240" is_ac="true">food is kind of similar in a way and</p>
  <p time="548399" is_ac="true">you guys say you never learn anything on</p>
  <p time="550080" is_ac="true">this channel look at us we're learning</p>
  <p time="551920" is_ac="true">now</p>
  <p time="552320" is_ac="true">oh and by the way have you guys seen the</p>
  <p time="554160" is_ac="true">brand new merch that i'm wearing it says</p>
  <p time="555440" is_ac="true">happy in the hills on the front and on</p>
  <p time="556880" is_ac="true">the back it says</p>
  <p time="557680" is_ac="true">i'm in a city full of angels i fell in</p>
  <p time="559279" is_ac="true">love with a devil and a halo so pick it</p>
  <p time="561279" is_ac="true">up it's got a cool design on the back so</p>
  <p time="562720" is_ac="true">you guys have to check it out on the</p>
  <p time="563600" is_ac="true">website because i can't get up</p>
  <p time="564880" is_ac="true">let's try this chicken tikka</p>
  <p time="568800" is_ac="true">oh wow that's just solid white meat</p>
  <p time="570880" is_ac="true">right there the crisp</p>
  <p time="572160" is_ac="true">on the edges from the grill is to die</p>
  <p time="574720" is_ac="true">for and now we're going to move on to</p>
  <p time="576000" is_ac="true">the fried onions over here</p>
  <p time="578240" is_ac="true">i ain't kissing anyone today are you</p>
  <p time="580160" is_ac="true">nope let's do it</p>
  <p time="582080" is_ac="true">what the oh wow on the inside</p>
  <p time="585519" is_ac="true">so it's like kind of like a hash brown</p>
  <p time="587120" is_ac="true">yeah it's like a it is like a hash brown</p>
  <p time="588560" is_ac="true">this is what it looks like it's</p>
  <p time="589600" is_ac="true">fresh grilled onions on the inside but</p>
  <p time="591600" is_ac="true">on the outside it's like a deep fried</p>
  <p time="593360" is_ac="true">batter type onion it's literally</p>
  <p time="595680" is_ac="true">hashbrowns but made with onions instead</p>
  <p time="597279" is_ac="true">of potatoes</p>
  <p time="599360" is_ac="true">surprisingly i don't hate it and every</p>
  <p time="602399" is_ac="true">time i order something i always say no</p>
  <p time="604000" is_ac="true">onions i mean no straight onions there's</p>
  <p time="605680" is_ac="true">no onion like flavor though with this</p>
  <p time="607920" is_ac="true">yeah it's like that's all gone if you</p>
  <p time="609680" is_ac="true">eat it with no sauce yeah it tastes like</p>
  <p time="611360" is_ac="true">a fried onion</p>
  <p time="612240" is_ac="true">i need a ring it does next thing is this</p>
  <p time="615200" is_ac="true">what did you say</p>
  <p time="616320" is_ac="true">it's like a potato filled something oh</p>
  <p time="618079" is_ac="true">okay so now we have the samosa</p>
  <p time="620560" is_ac="true">it looks like a giant yeah tostinos</p>
  <p time="622800" is_ac="true">pizza roll</p>
  <p time="623600" is_ac="true">let's open this up and let's see what's</p>
  <p time="624800" is_ac="true">on the inside</p>
  <p time="629600" is_ac="true">but let's try it</p>
  <p time="633519" is_ac="true">oh wow hot each thing in this appetizer</p>
  <p time="635920" is_ac="true">had totally different flavors too</p>
  <p time="637360" is_ac="true">totally different flavors but they're</p>
  <p time="638560" is_ac="true">all very distinctive and very much</p>
  <p time="640800" is_ac="true">wanting to be</p>
  <p time="641519" is_ac="true">known when we did have bombay frankies</p>
  <p time="643519" is_ac="true">right out of the gas station like</p>
  <p time="645200" is_ac="true">i noticed this too their flavors pop</p>
  <p time="647279" is_ac="true">that's the thing about it is like</p>
  <p time="648399" is_ac="true">they're</p>
  <p time="648720" is_ac="true">very much just i'm here let it be known</p>
  <p time="651440" is_ac="true">type</p>
  <p time="651839" is_ac="true">all right now we still got full dishes</p>
  <p time="653279" is_ac="true">to come but uh maybe you should go hit a</p>
  <p time="655040" is_ac="true">bathroom review oh</p>
  <p time="656320" is_ac="true">i gotta make some room so let's go</p>
  <p time="662720" is_ac="true">no luck and this is jake's bathroom</p>
  <p time="666000" is_ac="true">review all right here we are they got</p>
  <p time="668720" is_ac="true">these very</p>
  <p time="669600" is_ac="true">chic little red dividers they got a</p>
  <p time="671839" is_ac="true">urinal my favorite it's a two-person</p>
  <p time="674000" is_ac="true">restroom let's check this out hopefully</p>
  <p time="675200" is_ac="true">no one's in here okay because the lights</p>
  <p time="677440" is_ac="true">are off it'll be weird if someone was in</p>
  <p time="678720" is_ac="true">here</p>
  <p time="679200" is_ac="true">it's very clean it literally smells like</p>
  <p time="681120" is_ac="true">they just came in here and cleaned it</p>
  <p time="682480" is_ac="true">before i went in here everything looks</p>
  <p time="684320" is_ac="true">really good</p>
  <p time="685200" is_ac="true">i have no complaints about this at all</p>
  <p time="687120" is_ac="true">like this is a beautiful restaurant</p>
  <p time="689200" is_ac="true">i could live here all right back to the</p>
  <p time="691519" is_ac="true">food i was delivered over here</p>
  <p time="694160" is_ac="true">in masala tea not exactly sure what's</p>
  <p time="697600" is_ac="true">inside of this</p>
  <p time="698959" is_ac="true">not even sure what it's made out of but</p>
  <p time="701120" is_ac="true">i just know it's the masala tea with</p>
  <p time="702640" is_ac="true">milk</p>
  <p time="703040" is_ac="true">so yeah might be oh my god</p>
  <p time="706800" is_ac="true">smell that wow wow that's like this</p>
  <p time="709440" is_ac="true">feels like bed bath to beyond's most</p>
  <p time="711040" is_ac="true">famous candy yeah but it also kind of</p>
  <p time="712399" is_ac="true">reminds me of like the the mex the</p>
  <p time="714160" is_ac="true">the mexican hot chocolate background</p>
  <p time="716240" is_ac="true">yeah you know like just something that</p>
  <p time="717920" is_ac="true">you want to have during the holidays to</p>
  <p time="719279" is_ac="true">open you up</p>
  <p time="720320" is_ac="true">it definitely feels like it's for the</p>
  <p time="721600" is_ac="true">holidays it almost has like a cinnamon</p>
  <p time="723839" is_ac="true">in there like deep down in there that's</p>
  <p time="725440" is_ac="true">kind of like inviting or almost like a</p>
  <p time="727680" is_ac="true">gingerbread house of some sort i don't</p>
  <p time="729360" is_ac="true">know let me taste this it feels very hot</p>
  <p time="731360" is_ac="true">though there is no added sugar in there</p>
  <p time="733360" is_ac="true">so</p>
  <p time="736480" is_ac="true">interesting interesting oh here we come</p>
  <p time="739600" is_ac="true">the food</p>
  <p time="740639" is_ac="true">so the food just interrupted my masala</p>
  <p time="742720" is_ac="true">tea but look i am not even pissed about</p>
  <p time="745120" is_ac="true">it because this</p>
  <p time="746320" is_ac="true">looks incredible and jake was right</p>
  <p time="748560" is_ac="true">there is similarities to like</p>
  <p time="750800" is_ac="true">mexican food like this honestly reminds</p>
  <p time="752320" is_ac="true">me of like a fajita plate in a way like</p>
  <p time="754480" is_ac="true">there is a lot of similarities to the</p>
  <p time="756560" is_ac="true">latin culture</p>
  <p time="757600" is_ac="true">and maybe that's why i'm already</p>
  <p time="759040" is_ac="true">starting to love indian food but</p>
  <p time="761040" is_ac="true">it tastes so good so far here's how they</p>
  <p time="762480" is_ac="true">do the design do they add it like one by</p>
  <p time="764560" is_ac="true">one at the end</p>
  <p time="765279" is_ac="true">it's gotta be a sauce it's gotta be a</p>
  <p time="766880" is_ac="true">sauce oh maybe it is a sauce yeah</p>
  <p time="768800" is_ac="true">we thought it was yellow rice yeah</p>
  <p time="771120" is_ac="true">individually placing a design hey</p>
  <p time="773120" is_ac="true">so first things first let's look at the</p>
  <p time="774560" is_ac="true">lamb rogan josh i don't know why it's</p>
  <p time="776399" is_ac="true">called bam rogan josh maybe</p>
  <p time="777920" is_ac="true">seth rogen and josh richards are</p>
  <p time="779600" is_ac="true">together making a collaboration</p>
  <p time="781519" is_ac="true">i don't know looks really good the lamb</p>
  <p time="784480" is_ac="true">looks very tender it looks</p>
  <p time="786000" is_ac="true">soft it looks like i'm gonna bite into</p>
  <p time="787519" is_ac="true">it i'm gonna have some pull factor</p>
  <p time="789279" is_ac="true">jumping into the chicken tikka marsala</p>
  <p time="791360" is_ac="true">man i was a little worried that it was</p>
  <p time="793200" is_ac="true">gonna be exactly the same as what we got</p>
  <p time="795120" is_ac="true">but</p>
  <p time="795440" is_ac="true">i was wrong it is kind of like a curry</p>
  <p time="797279" is_ac="true">form and then jumping into our chicken</p>
  <p time="799200" is_ac="true">tikka plate</p>
  <p time="800079" is_ac="true">that's what this is right uh we didn't</p>
  <p time="801600" is_ac="true">order that he just gave us oh</p>
  <p time="803600" is_ac="true">i don't know i don't know what this is i</p>
  <p time="805040" is_ac="true">was wondering what this is he brought us</p>
  <p time="806800" is_ac="true">out like a like a fajita plate and it</p>
  <p time="808560" is_ac="true">looks</p>
  <p time="809279" is_ac="true">fantastic it looks spectacular and last</p>
  <p time="811360" is_ac="true">but not least our non in our rice</p>
  <p time="813200" is_ac="true">i'm super ecstatic we have a lot of</p>
  <p time="815120" is_ac="true">different things to try here so let's</p>
  <p time="816480" is_ac="true">just make our plates</p>
  <p time="817600" is_ac="true">and then we'll start trying</p>
  <p time="820639" is_ac="true">so the first thing let's try let's jump</p>
  <p time="822399" is_ac="true">into the typical</p>
  <p time="823760" is_ac="true">chicken tikka marsala all right here we</p>
  <p time="826839" is_ac="true">go</p>
  <p time="828639" is_ac="true">oh my god wow wow the last time i had</p>
  <p time="831920" is_ac="true">something like</p>
  <p time="832959" is_ac="true">where it was like indian food and i was</p>
  <p time="834720" is_ac="true">like wow this is pretty good was when i</p>
  <p time="836000" is_ac="true">had the trader joe's</p>
  <p time="837199" is_ac="true">heatable chicken tikka masala and that</p>
  <p time="840320" is_ac="true">like</p>
  <p time="840959" is_ac="true">did this know justice now that i've</p>
  <p time="843040" is_ac="true">actually had like the real thing from a</p>
  <p time="845120" is_ac="true">five-star spot like</p>
  <p time="846560" is_ac="true">i understand the hype that is delicious</p>
  <p time="849120" is_ac="true">yeah</p>
  <p time="849680" is_ac="true">and i'm pretty sure in the indian</p>
  <p time="850959" is_ac="true">culture they don't use silverware</p>
  <p time="854079" is_ac="true">they do right with the non and they make</p>
  <p time="856399" is_ac="true">little things like this</p>
  <p time="857360" is_ac="true">man the chicken is so tender and so</p>
  <p time="860399" is_ac="true">juicy</p>
  <p time="861040" is_ac="true">and like the masala all around man</p>
  <p time="864240" is_ac="true">this is to die for like make me a</p>
  <p time="866160" is_ac="true">burrito like chicken tikka is dipping</p>
  <p time="868160" is_ac="true">into my masala so i'm just going to eat</p>
  <p time="870160" is_ac="true">this one right here</p>
  <p time="871519" is_ac="true">a fajita plate but better like i feel</p>
  <p time="873519" is_ac="true">like they cook their chicken better than</p>
  <p time="875440" is_ac="true">they do at mexican restaurants when</p>
  <p time="876720" is_ac="true">you're having fajitas the next thing we</p>
  <p time="878399" is_ac="true">have on our place is the lamb</p>
  <p time="879760" is_ac="true">rogan josh jake says we eat it the same</p>
  <p time="881839" is_ac="true">exact way so</p>
  <p time="882800" is_ac="true">we eat everything with this do we that's</p>
  <p time="884480" is_ac="true">why he asked you on one or two just like</p>
  <p time="886079" is_ac="true">one more time yeah we need more</p>
  <p time="888000" is_ac="true">i'm gonna do it all with my hands just</p>
  <p time="889519" is_ac="true">grab it here we go</p>
  <p time="892720" is_ac="true">that one's spicier oh man maybe a seven</p>
  <p time="895440" is_ac="true">was good</p>
  <p time="896880" is_ac="true">i can feel the heat up on that chicken</p>
  <p time="898959" is_ac="true">wasn't spicy at all no maybe you only do</p>
  <p time="900639" is_ac="true">this with one of them i'm not a big</p>
  <p time="902240" is_ac="true">lamb guy i know you are so you can speak</p>
  <p time="904160" is_ac="true">more on this but that's like really nice</p>
  <p time="906160" is_ac="true">every time i've ever had plant before i</p>
  <p time="907519" is_ac="true">i wasn't a huge fan of it but now i like</p>
  <p time="909199" is_ac="true">it</p>
  <p time="909440" is_ac="true">it's definitely different than the</p>
  <p time="910639" is_ac="true">appetizer we have those are very chunks</p>
  <p time="912800" is_ac="true">this one's more like shredded out of</p>
  <p time="914320" is_ac="true">those two what do you prefer the lamb</p>
  <p time="917519" is_ac="true">you prefer the lamb yeah i really prefer</p>
  <p time="919440" is_ac="true">the chicken man i just feel like i wish</p>
  <p time="921600" is_ac="true">i didn't</p>
  <p time="922240" is_ac="true">waste so much of my life not trying</p>
  <p time="924560" is_ac="true">other foods because this is amazing</p>
  <p time="926240" is_ac="true">like i'm already kind of tapping out i'm</p>
  <p time="927839" is_ac="true">already tapping out i didn't i didn't</p>
  <p time="929279" is_ac="true">even get to the rice review you already</p>
  <p time="930720" is_ac="true">ate it i already ate the rice because</p>
  <p time="932480" is_ac="true">it's just like plain rice but when you</p>
  <p time="933920" is_ac="true">mix it in with the sauce</p>
  <p time="935839" is_ac="true">that's when it hits back to this real</p>
  <p time="937600" is_ac="true">quick i needed to do a masala tea review</p>
  <p time="939680" is_ac="true">i literally took a sip of the food came</p>
  <p time="941040" is_ac="true">so i'm trying</p>
  <p time="945279" is_ac="true">i will say it smells a lot better than</p>
  <p time="947519" is_ac="true">it tastes it tastes like</p>
  <p time="949279" is_ac="true">watered down milk if i had to choose</p>
  <p time="951600" is_ac="true">between this or like some like english</p>
  <p time="953199" is_ac="true">tea</p>
  <p time="953600" is_ac="true">you know english black tea with some</p>
  <p time="955120" is_ac="true">milk i would choose the english black</p>
  <p time="956560" is_ac="true">tea or that yeah that</p>
  <p time="957759" is_ac="true">that would definitely be better</p>
  <p time="959839" is_ac="true">incredible</p>
  <p time="960959" is_ac="true">delicious since being in here we have</p>
  <p time="963279" is_ac="true">been receiving like</p>
  <p time="964800" is_ac="true">constant service like they're asking</p>
  <p time="966160" is_ac="true">like if we're doing all right which is</p>
  <p time="967440" is_ac="true">good you know</p>
  <p time="968079" is_ac="true">they're very on top of their things how</p>
  <p time="970000" is_ac="true">was the bathroom clean</p>
  <p time="971440" is_ac="true">it's like they knew i was going back</p>
  <p time="972720" is_ac="true">there and they cleaned it it smelled</p>
  <p time="974720" is_ac="true">like cleaning supplies or</p>
  <p time="976800" is_ac="true">they just keep their bathrooms clean</p>
  <p time="978079" is_ac="true">yeah but let's get some boxes because i</p>
  <p time="980720" is_ac="true">am definitely tapping out</p>
  <p time="982000" is_ac="true">then we'll get our check and we'll see</p>
  <p time="983120" is_ac="true">what we're working with i heard curry's</p>
  <p time="984720" is_ac="true">better after</p>
  <p time="985440" is_ac="true">a couple days in the fridge well we'll</p>
  <p time="987279" is_ac="true">find out three days later</p>
  <p time="988880" is_ac="true">i can confirm this is definitely true i</p>
  <p time="991440" is_ac="true">gotta get my coveted shot</p>
  <p time="993680" is_ac="true">good luck are you guys getting your</p>
  <p time="995199" is_ac="true">comfort shots let us</p>
  <p time="996800" is_ac="true">know honestly i'm i folded i wasn't i</p>
  <p time="1000320" is_ac="true">was against it because i heard that the</p>
  <p time="1001920" is_ac="true">government was going to control my mind</p>
  <p time="1003519" is_ac="true">or something but at this point</p>
  <p time="1005519" is_ac="true">let them i need all the help i can get</p>
  <p time="1007920" is_ac="true">honestly if they can do a better job</p>
  <p time="1009519" is_ac="true">than i've been doing</p>
  <p time="1010240" is_ac="true">please do me a solid thank you we</p>
  <p time="1012560" is_ac="true">appreciate it so much</p>
  <p time="1014240" is_ac="true">we will we will check this out guys</p>
  <p time="1017600" is_ac="true">so we got some glab jabon and some</p>
  <p time="1019680" is_ac="true">baklava</p>
  <p time="1020800" is_ac="true">this is from lebanon and this is from</p>
  <p time="1022480" is_ac="true">india let's try</p>
  <p time="1024799" is_ac="true">first straight out of india i don't know</p>
  <p time="1027439" is_ac="true">what this watery fluid is around it but</p>
  <p time="1029600" is_ac="true">it almost kind of looks like a cinnamon</p>
  <p time="1031520" is_ac="true">roll or something that's what i'm kind</p>
  <p time="1032880" is_ac="true">of thinking it's gonna taste like</p>
  <p time="1034880" is_ac="true">i'm gonna risk it for the biscuit</p>
  <p time="1042559" is_ac="true">it's almost like a wet donut hole</p>
  <p time="1045839" is_ac="true">in a way that's kind of literally the</p>
  <p time="1047120" is_ac="true">best i can describe it</p>
  <p time="1049760" is_ac="true">oh my god it's like they heated up the</p>
  <p time="1051440" is_ac="true">sugar cooked the donut hole thing in it</p>
  <p time="1053280" is_ac="true">it's literally like sugar cane</p>
  <p time="1054480" is_ac="true">that's what this is it's like what you</p>
  <p time="1055679" is_ac="true">feed a hummingbird last but not least</p>
  <p time="1057600" is_ac="true">the baklava</p>
  <p time="1058720" is_ac="true">straight out of lebanon this is i think</p>
  <p time="1061039" is_ac="true">i've had this yeah i think i have two</p>
  <p time="1062240" is_ac="true">and shout out to lebanon because that's</p>
  <p time="1063440" is_ac="true">where billy's from</p>
  <p time="1064240" is_ac="true">yeah here we go like one of those</p>
  <p time="1065840" is_ac="true">wayfarer trips</p>
  <p time="1068160" is_ac="true">so sweet the check is here the total is</p>
  <p time="1070240" is_ac="true">here let's see what we're working with</p>
  <p time="1071919" is_ac="true">keep in mind we got a lot of food so the</p>
  <p time="1074000" is_ac="true">total is 73.27</p>
  <p time="1076880" is_ac="true">honestly i think with what we got and</p>
  <p time="1079200" is_ac="true">the food that we had</p>
  <p time="1080480" is_ac="true">i think it's a good deal and i'm willing</p>
  <p time="1082240" is_ac="true">so i can finally safely say that i am a</p>
  <p time="1084559" is_ac="true">fan of indian food after this spot</p>
  <p time="1086799" is_ac="true">so delicious the service was great all</p>
  <p time="1089360" is_ac="true">the reviews are a hundred percent</p>
  <p time="1090960" is_ac="true">correct about this place</p>
  <p time="1092320" is_ac="true">if you're in the area here's the address</p>
  <p time="1094640" is_ac="true">swing by and try this place because it</p>
  <p time="1096880" is_ac="true">definitely was</p>
  <p time="1097919" is_ac="true">worth it i will be back 100 and i can't</p>
  <p time="1100160" is_ac="true">wait to bring some of my friends</p>
  <p time="1101440" is_ac="true">that wraps up this video guys i hope you</p>
  <p time="1102960" is_ac="true">enjoyed it if you did smash the thumbs</p>
  <p time="1104960" is_ac="true">up</p>
  <p time="1105360" is_ac="true">pick up the merch brandontaylor.com this</p>
  <p time="1108160" is_ac="true">goes so hard</p>
  <p time="1109280" is_ac="true">tell me it doesn't go hard jake so sick</p>
  <p time="1111200" is_ac="true">pick it up brandontaylor.com and until</p>
  <p time="1113120" is_ac="true">next time i love you guys so much</p>
  <p time="1114799" is_ac="true">big shout out to india praying for you</p>
  <p time="1116720" is_ac="true">guys you guys got it</p>
  <p time="1118080" is_ac="true">and until next time i love you guys i'll</p>
  <p time="1119840" is_ac="true">see you later</p>
  <p time="1122250" is_ac="true">[Music]</p>
</text>
