<?xml version='1.0' encoding='UTF-8'?>
<text date_d="19" date_m="12" date_y="2019" format="srv3" age_limit="0" comment_count="9800" description="Taji and Coolr eat lunch together at least four times a week. But it’s always a challenge to find a place, due to Coolr’s very specific diet restrictions. Coolr is celiac, which means he has to have a dairy-free, gluten-free diet. He’s also allergic to shellfish. So naturally, Taji decided he’d be the perfect person to bring to one of Yelp’s worst-rated buffets, with hundreds of items on the menu. &#10;&#10;Things could go either way on this one. Coolr could leave satisfied, with a full stomach... or in an ambulance. &#10;&#10;Watch more One Star Reviews: https://www.youtube.com/playlist?list=PLDbSvEZka6GHgTPhrChu9GGP21k802Y7h&#10;&#10;Click here to subscribe to VICE: http://bit.ly/Subscribe-to-VICE&#10;&#10;0:50 Finding the Buffet&#10;3:02 The Royal Hibachi Grill &amp; Buffet&#10;4:10 Meet the Chef&#10;5:10 Testing the Food&#10;8:05 Addressing the Reviews&#10;10:40 Taji's Review&#10;&#10;About VICE:&#10;The Definitive Guide To Enlightening Information. From every corner of the planet, our immersive, caustic, ground-breaking and often bizarre stories have changed the way people think about culture, crime, art, parties, fashion, protest, the internet and other subjects that don't even have names yet. Browse the growing library and discover corners of the world you never knew existed. Welcome to VICE.&#10;&#10;Connect with VICE:&#10;Check out our full video catalog: http://bit.ly/VICE-Videos&#10;Videos, daily editorial and more: http://vice.com&#10;More videos from the VICE network: https://www.fb.com/vicevideo&#10;Click here to get the best of VICE daily: http://bit.ly/1SquZ6v&#10;Like VICE on Facebook: http://fb.com/vice&#10;Follow VICE on Twitter: http://twitter.com/vice&#10;Follow us on Instagram: http://instagram.com/vice&#10;&#10;The VICE YouTube Network:&#10;VICE: https://www.youtube.com/VICE&#10;MUNCHIES: https://www.youtube.com/MUNCHIES &#10;VICE News: https://www.youtube.com/VICENews&#10;VICELAND: https://www.youtube.com/VICELANDTV&#10;Broadly: https://www.youtube.com/Broadly&#10;Noisey: https://www.youtube.com/Noisey&#10;Motherboard: https://www.youtube.com/MotherboardTV &#10;VICE Sports: https://www.youtube.com/NOC&#10;i-D: http://www.youtube.com/iDmagazine &#10;Waypoint: https://www.youtube.com/Waypoint" fulltitle="Eating at the Worst-Rated Buffet I Could Find on Yelp | One Star Reviews" like_count="83043" location="na" playlist_title="na" release_date="na" upload_date="20191219" repost_count="na" tags="business; vice_videos:premiere; NYC; humor; funny; Reviews; dangerous; Awkward; owner; shitty; Yelp; host; angry; dry; one star reviews; worst reviews; one star; internet reviews; bad; horrible; dissatisfied; five star; customer service; criticize; critical; bad host; dead pan; vice; journalism; documentary; videos; culture; interview; film; movies; underground; vice videos; lifestyle; independent; vice guide; exclusive; vice mag; vice magazine; vice.com; world; documentaries; short films; docs; yt:cc=on; celiac; " title="Eating at the Worst-Rated Buffet I Could Find on Yelp | One Star Reviews" uploader="VICE" view_count="6690514" webpage_url="https://www.youtube.com/watch?v=fhDinQ01zTw" autocaption="true">
  <p time="2300" is_ac="true">mysterious rolls sushi oh man I did</p>
  <p time="9540" is_ac="true">sound good man I don't know if I get you</p>
  <p time="14309" is_ac="true">doll of this man so quite often during</p>
  <p time="22560" is_ac="true">the week I meet my friend cooler the</p>
  <p time="24600" is_ac="true">dong for lunch and he's got a hell of a</p>
  <p time="27090" is_ac="true">particular diet it does have what is it</p>
  <p time="30560" is_ac="true">celiac for example I don't think he can</p>
  <p time="33270" is_ac="true">do dairy can't do any sort of gluten</p>
  <p time="37399" is_ac="true">shellfish I think is a big No</p>
  <p time="40320" is_ac="true">so I was thinking what better place to</p>
  <p time="43620" is_ac="true">go than a buffet featuring foods from</p>
  <p time="46590" is_ac="true">all sorts of cuisines</p>
  <p time="48770" is_ac="true">[Music]</p>
  <p time="53829" is_ac="true">all right I just stumbled upon royal</p>
  <p time="56770" is_ac="true">hibachi buffet whoa</p>
  <p time="59920" is_ac="true">food not fresh and it doesn't taste it</p>
  <p time="62949" is_ac="true">even tastes old am warning you might get</p>
  <p time="66850" is_ac="true">incredibly sick after eating there whoa</p>
  <p time="70479" is_ac="true">now let's check out their website Asian</p>
  <p time="75060" is_ac="true">mitad - runyen mediterranean mid</p>
  <p time="80560" is_ac="true">crannium my brand well I'm gonna go meet</p>
  <p time="86050" is_ac="true">up with cooler and we're gonna head to</p>
  <p time="87910" is_ac="true">New Jersey</p>
  <p time="98900" is_ac="true">[Music]</p>
  <p time="111890" is_ac="true">I don't know if we time that one right</p>
  <p time="117050" is_ac="true">maybe I gotta do that again so those</p>
  <p time="122510" is_ac="true">watching in their homes right now might</p>
  <p time="124550" is_ac="true">not really know exactly who you are yet</p>
  <p time="127159" is_ac="true">I've done this in that dynast let's do a</p>
  <p time="130039" is_ac="true">little bit of it all you know I mean</p>
  <p time="131840" is_ac="true">they're gonna understand they already</p>
  <p time="133459" is_ac="true">know the impact I made on them on the</p>
  <p time="135470" is_ac="true">hip-hop game you know what I'm saying</p>
  <p time="137620" is_ac="true">so I'm you can you ask about like what</p>
  <p time="139730" is_ac="true">happens if the food isn't good</p>
  <p time="141709" is_ac="true">I mean basically man you know if I eat</p>
  <p time="143930" is_ac="true">some that I can't really my body can no</p>
  <p time="146870" is_ac="true">longer process I get I could get</p>
  <p time="149750" is_ac="true">potentially very sick line my stomach</p>
  <p time="152930" is_ac="true">goes to war with itself crazy</p>
  <p time="154970" is_ac="true">starts going on it's not a good</p>
  <p time="158239" is_ac="true">situation</p>
  <p time="160930" is_ac="true">suddenly the gravity of this whole</p>
  <p time="163160" is_ac="true">situation hit me hard I didn't want to</p>
  <p time="165560" is_ac="true">get cooler sick but I needed to get to</p>
  <p time="167420" is_ac="true">the bottom of some of these one-star</p>
  <p time="168800" is_ac="true">reviews</p>
  <p time="169870" is_ac="true">cooler didn't say anything but I could</p>
  <p time="172460" is_ac="true">tell he was nervous we didn't speak for</p>
  <p time="174770" is_ac="true">the rest of the car ride out to Jersey</p>
  <p time="176270" is_ac="true">until yo cannot pee before we go in</p>
  <p time="179330" is_ac="true">there I had to pee as well we'll figure</p>
  <p time="182570" is_ac="true">it out after we figured it out it was</p>
  <p time="185120" is_ac="true">time to fill our stomachs the Royal</p>
  <p time="186920" is_ac="true">hibachi buffet royal hibachi grill and</p>
  <p time="189350" is_ac="true">buffets no oh there is a royal what do</p>
  <p time="191720" is_ac="true">you think happened to the Royal part of</p>
  <p time="193220" is_ac="true">the sign maybe the Queen of England came</p>
  <p time="195530" is_ac="true">and was like yo nah like royal or not we</p>
  <p time="203630" is_ac="true">needed to get an IRL review have you</p>
  <p time="206150" is_ac="true">ever eaten it the hibachi grill the</p>
  <p time="208700" is_ac="true">grill is it good a little salt too much</p>
  <p time="213290" is_ac="true">salt be careful out there</p>
  <p time="220340" is_ac="true">sorry we don't do the videogames we</p>
  <p time="223050" is_ac="true">appreciate the offer from go have a good</p>
  <p time="228599" is_ac="true">fish man</p>
  <p time="230990" is_ac="true">[Music]</p>
  <p time="245590" is_ac="true">yes what cool little Gong good to meet</p>
  <p time="250969" is_ac="true">your brother before we got down to the</p>
  <p time="253189" is_ac="true">feasting chef Mosin took us on an</p>
  <p time="255379" is_ac="true">exclusive tour of the grounds we got six</p>
  <p time="258470" is_ac="true">huddle fair bars here</p>
  <p time="259430" is_ac="true">what is this is a butte for such no</p>
  <p time="261530" is_ac="true">point inside what SOI about find one mac</p>
  <p time="263509" is_ac="true">and cheese every day daily it's fresh</p>
  <p time="265130" is_ac="true">look at this cheesy no it's really good</p>
  <p time="268000" is_ac="true">look at it and what's this with the</p>
  <p time="270410" is_ac="true">cheese this is why you want me nice and</p>
  <p time="272539" is_ac="true">steamy people love it you know a lot of</p>
  <p time="275780" is_ac="true">the things yeah so people have actually</p>
  <p time="277190" is_ac="true">gotten married yeah they get them out of</p>
  <p time="278870" is_ac="true">here</p>
  <p time="279610" is_ac="true">love it so we have very special wings</p>
  <p time="281960" is_ac="true">here Wow</p>
  <p time="282530" is_ac="true">ceilings nice and steamy winds we have</p>
  <p time="285830" is_ac="true">big places never anyways you also have</p>
  <p time="288680" is_ac="true">right right yeah you got opportunities</p>
  <p time="290419" is_ac="true">this one that dominates a very nice</p>
  <p time="291979" is_ac="true">sports with that we're about to get Demi</p>
  <p time="293960" is_ac="true">blazed up in here you are the Buffy</p>
  <p time="298160" is_ac="true">kinda buffet double breaking the buffet</p>
  <p time="301150" is_ac="true">claim by faking yeah the man behind the</p>
  <p time="304699" is_ac="true">curtain the newly crowned king gave us</p>
  <p time="307280" is_ac="true">his blessing as cooler and I went out to</p>
  <p time="309680" is_ac="true">put the buffet to the test and I might</p>
  <p time="312169" is_ac="true">have diarrhea tonight but it's all for</p>
  <p time="314090" is_ac="true">the love of the content you should have</p>
  <p time="315979" is_ac="true">still sticky goes this one got mad</p>
  <p time="318470" is_ac="true">stains on it</p>
  <p time="319760" is_ac="true">this plate all the clean places is just</p>
  <p time="323180" is_ac="true">kind of you know I don't forget we're in</p>
  <p time="326539" is_ac="true">dirty Jersey baby let's do it grab one</p>
  <p time="329720" is_ac="true">of these little crab units I'm gonna try</p>
  <p time="333199" is_ac="true">this you mentioned they want some veal</p>
  <p time="334639" is_ac="true">sausage a little bit smack I don't want</p>
  <p time="337580" is_ac="true">none of this mom and pop like two</p>
  <p time="339590" is_ac="true">potatoes on it</p>
  <p time="340820" is_ac="true">both kicking butt a lettuce in there</p>
  <p time="343699" is_ac="true">definitely mixing a lot of flavors here</p>
  <p time="346760" is_ac="true">bok choy baby you know how we do it</p>
  <p time="349100" is_ac="true">I feel like I'm like on top of the world</p>
  <p time="352220" is_ac="true">right now I feel like I'm being treated</p>
  <p time="354230" is_ac="true">like a king right now I did notice in</p>
  <p time="364610" is_ac="true">the kitchen that there was a like a sink</p>
  <p time="368660" is_ac="true">that said vegetables or something yeah</p>
  <p time="371330" is_ac="true">then I looked inside of it it's just</p>
  <p time="374000" is_ac="true">this big giant crab</p>
  <p time="386250" is_ac="true">yeah but just but you're not taste does</p>
  <p time="390670" is_ac="true">it tastes a little fishy errs at our age</p>
  <p time="392230" is_ac="true">- sorry the French bars taste great I</p>
  <p time="394990" is_ac="true">hope there's no bread coating and nose</p>
  <p time="396970" is_ac="true">why don't we head back out there and get</p>
  <p time="398650" is_ac="true">some more round - let's do it man I feel</p>
  <p time="405160" is_ac="true">things going on in my stomach already</p>
  <p time="407080" is_ac="true">baby try some chicken and broccoli</p>
  <p time="411250" is_ac="true">[Music]</p>
  <p time="415290" is_ac="true">things I do for you guys</p>
  <p time="418350" is_ac="true">[Music]</p>
  <p time="426380" is_ac="true">you feel the heat</p>
  <p time="428160" is_ac="true">I feel it I feel being surveilled you</p>
  <p time="430830" is_ac="true">know I read look cooler I'm going for</p>
  <p time="434700" is_ac="true">the sushi I don't even know what this is</p>
  <p time="438980" is_ac="true">[Music]</p>
  <p time="441669" is_ac="true">oh man I did sound good man I don't know</p>
  <p time="450520" is_ac="true">if I get Udall this man</p>
  <p time="456100" is_ac="true">not gonna live having a little bit of</p>
  <p time="458569" is_ac="true">difficulty right my stomach goes to war</p>
  <p time="462199" is_ac="true">with itself crazy starts going on</p>
  <p time="465680" is_ac="true">and just as the war was starting the</p>
  <p time="468289" is_ac="true">buffet King reemergence what something's</p>
  <p time="470660" is_ac="true">out for you guys yeah but we had no room</p>
  <p time="472490" is_ac="true">for sweets I don't ever want to eat</p>
  <p time="474530" is_ac="true">again in my life I was on a mission and</p>
  <p time="477199" is_ac="true">I wasn't sure how I was going to go</p>
  <p time="479000" is_ac="true">because if history has taught me one</p>
  <p time="481220" is_ac="true">thing it's that kings do not take kindly</p>
  <p time="483740" is_ac="true">to criticism so in general like the</p>
  <p time="485930" is_ac="true">internet nowadays you know can almost</p>
  <p time="488090" is_ac="true">like everyone you know it goes and</p>
  <p time="489889" is_ac="true">complains online and they hide behind</p>
  <p time="491570" is_ac="true">their computer like I can imagine we</p>
  <p time="493490" is_ac="true">have we have this comments a lot there's</p>
  <p time="495470" is_ac="true">a lot of haters out nothing exactly</p>
  <p time="497360" is_ac="true">you know would you want to address a</p>
  <p time="498740" is_ac="true">couple of the reviews we wrote a couple</p>
  <p time="500750" is_ac="true">down just for you to kind of set the</p>
  <p time="502099" is_ac="true">story straight would you be interested</p>
  <p time="506590" is_ac="true">yes we do a couple them yeah so someone</p>
  <p time="509720" is_ac="true">says food tastes old AF which I guess</p>
  <p time="515810" is_ac="true">means you know I bet you this person he</p>
  <p time="518419" is_ac="true">Nevada here got it the chicken was</p>
  <p time="524060" is_ac="true">absolutely hard and cold discussing a</p>
  <p time="526520" is_ac="true">raw</p>
  <p time="528220" is_ac="true">we have average an average to 100 be</p>
  <p time="531140" is_ac="true">able to 400 be bleeped in here a day I</p>
  <p time="533120" is_ac="true">mean if somebody see that chicken bag</p>
  <p time="535339" is_ac="true">why can we get at least 300 of you back</p>
  <p time="538370" is_ac="true">but why we can get 100 review bag why</p>
  <p time="540350" is_ac="true">can we get 50 review bag you understand</p>
  <p time="543320" is_ac="true">so we when it gets one out of 400</p>
  <p time="549269" is_ac="true">here's the last thing I want to bring up</p>
  <p time="553259" is_ac="true">he said</p>
  <p time="556350" is_ac="true">gross oh no sorry no sorry that's the</p>
  <p time="559120" is_ac="true">wrong one sorry um absolute look</p>
  <p time="563230" is_ac="true">with the chicken yeah not create</p>
  <p time="565809" is_ac="true">language sorry I'm infuriated that I</p>
  <p time="568420" is_ac="true">even attended this restaurant buffet not</p>
  <p time="573759" is_ac="true">fair everyone if you want to be high</p>
  <p time="575920" is_ac="true">class and you want to be a gourmet</p>
  <p time="577059" is_ac="true">restaurant and gourmet food you go to</p>
  <p time="578889" is_ac="true">the high-class restaurants and you spend</p>
  <p time="580420" is_ac="true">$500 you come in here and it's been 11</p>
  <p time="582910" is_ac="true">95 for lunch so you can make everybody</p>
  <p time="585040" is_ac="true">happy</p>
  <p time="585610" is_ac="true">at least I join do you have a message as</p>
  <p time="589509" is_ac="true">a buffet owner what would you like to</p>
  <p time="591939" is_ac="true">tell them yes I will tell everybody come</p>
  <p time="594009" is_ac="true">check by yourself see buffet is 250</p>
  <p time="597579" is_ac="true">items you must like 1 item 2 item three</p>
  <p time="600550" is_ac="true">items that fit your style of a buffet I</p>
  <p time="602860" is_ac="true">will tell everybody who falls and kills</p>
  <p time="605860" is_ac="true">us</p>
  <p time="606220" is_ac="true">stop there I cry because it's not I will</p>
  <p time="608230" is_ac="true">never do that to harm anybody not even</p>
  <p time="610240" is_ac="true">my competition not even anybody so</p>
  <p time="612399" is_ac="true">please stop doing this thank you so much</p>
  <p time="614860" is_ac="true">you're having no thank you so much I</p>
  <p time="616480" is_ac="true">appreciate it anytime soon that was uh</p>
  <p time="618759" is_ac="true">that was real you know it's not easy</p>
  <p time="622689" is_ac="true">running a buffet</p>
  <p time="623860" is_ac="true">you can't keep everyone happy you can't</p>
  <p time="626110" is_ac="true">keep every dish perfect you kind of</p>
  <p time="628209" is_ac="true">broke it down he was honest and it's</p>
  <p time="630129" is_ac="true">like you know you get what you pay for</p>
  <p time="631720" is_ac="true">and you get what you put on your plate I</p>
  <p time="634230" is_ac="true">feel like I'm gonna throw up</p>
  <p time="640149" is_ac="true">had I got not everything and zeroed in</p>
  <p time="643940" is_ac="true">on a couple items I probably feel a bit</p>
  <p time="645829" is_ac="true">better right now but it's like you know</p>
  <p time="647480" is_ac="true">I don't know man you saw my plaything I</p>
  <p time="650120" is_ac="true">mean I could have been healthy they had</p>
  <p time="651949" is_ac="true">the quinoa a watermelon thing I'd even</p>
  <p time="653690" is_ac="true">try not in a shot on it I think I just</p>
  <p time="655579" is_ac="true">like might have shard it that's what I</p>
  <p time="658189" is_ac="true">was in order to got a little white I've</p>
  <p time="659689" is_ac="true">been worried about that</p>
  <p time="664710" is_ac="true">oh you like your steak well-done won't</p>
  <p time="669690" is_ac="true">be here</p>
  <p time="670649" is_ac="true">medium medium put look at this wow it's</p>
  <p time="673710" is_ac="true">nice</p>
  <p time="674250" is_ac="true">I mean eat good today are you gonna hide</p>
  <p time="676770" is_ac="true">nice lunch today</p>
</text>
