<?xml version='1.0' encoding='UTF-8'?>
<text date_d="29" date_m="8" date_y="2023" format="srv3" age_limit="0" comment_count="1500" description="🇺🇸 Biggest Buffet in Las Vegas: https://youtu.be/7oh9m9-5E8o?si=QOqMuKyLTvLBErLb&#10;👕 T-shirts: https://store.migrationology.com/ &#10;🌶 Ghost Chili: https://amzn.to/3PNTvNQ &#10;&#10;LAS VEGAS - Welcome to Las Vegas, USA, one of the entertainment capitals of the United States. We’ve already eaten at the biggest buffet in Las Vegas which includes over 250 different dishes, and today we’re going on a celebrity burger tour!&#10;&#10;1. Gordon Ramsay Burger (https://goo.gl/maps/FkJhtXSWkWeqgR8z8) - First place is Gordon Ramsay Burger known for its quality of ingredients, and the only place on the strip in Las Vegas that cooks burgers over wood fire. The beef was outstanding quality, but I would say that you absolutely need to order medium rare. One of the burgers I ordered was medium, but the medium rare was the best.&#10;Hell's Kitchen Burger - $19.99&#10;24 Hour Burger - $26.99&#10;Just Fries - $9.99&#10;&#10;2. Wahlburgers (https://goo.gl/maps/e5xwq7CQ88U1nLB56) - Next up on the burger tour in Las Vegas we’re going to Wahlburgers, started by Mark Whalberg and his brothers. I was pretty impressed with the burger, the meat was tasty, the toppings were generous, and it was everything you want in a classic picture perfect cheeseburger.&#10;The Double Decker - $13.95&#10;The Impossible Burger - $18.95&#10;Tater Tots - $5.25&#10;&#10;3. Guy Fieri's Vegas Kitchen (https://goo.gl/maps/YBGWECPxSz6L263x6) - Finally to complete this insane burger tour in Las Vegas, we went to Guy Fieri's Vegas Kitchen to eat the giant Bacon Mac ‘N’ Cheese Burger which has won numerous awards in Las Vegas. There’s no doubt it’s huge, and a lot of fun to eat!&#10;Trash Can Nachos - $24.99&#10;Bacon Mac ‘N’ Cheese Burger - $25.99&#10;&#10;Social Media:&#10;Facebook: https://www.facebook.com/markwiensfoodvideos &#10;Instagram: https://www.instagram.com/migrationology/ &#10;Tiktok: https://www.tiktok.com/@markwiens &#10;&#10;👕 T-shirts: https://store.migrationology.com/ &#10;🌶 Ghost Chili: https://amzn.to/3PNTvNQ&#10;🎥 Camera gear I use: https://amzn.to/3FVdBUd &#10;(some of these are Amazon affiliate links)" fulltitle="Eating 3 Celebrity Burgers in Las Vegas!! 🍔 Amazing OR Overpriced!?" like_count="27045" location="LAS VEGAS" playlist_title="na" release_date="na" upload_date="20230829" repost_count="na" tags="Las Vegas; vegas burgers; burger tour; best burgers in vegas; Las Vegas food; best food in Las Vegas; Mark Wiens; Gordon Ramsay Burger; Guy Fieri's Vegas Kitchen; Wahlburgers; celebrity restaurants; celebrity food in vegas; Las Vegas restaurants; Mark Wiens Las Vegas; burgers; best burgers; " title="Eating 3 Celebrity Burgers in Las Vegas!! 🍔 Amazing OR Overpriced!?" uploader="Mark Wiens" view_count="1210490" webpage_url="https://www.youtube.com/watch?v=TKg0KmZ6JY0" autocaption="true">
  <p time="0" is_ac="true">I'm in Las Vegas and today I am taking</p>
  <p time="3060" is_ac="true">you on a celebrity Burger tour this</p>
  <p time="6359" is_ac="true">burger is huge</p>
  <p time="10559" is_ac="true">hey everyone hope you're having an</p>
  <p time="12599" is_ac="true">amazing day it's Mark Williams I'm in</p>
  <p time="14820" is_ac="true">Las Vegas</p>
  <p time="17180" is_ac="true">and today the mission is to eat at three</p>
  <p time="22080" is_ac="true">different famous celebrity owned burger</p>
  <p time="25920" is_ac="true">restaurants</p>
  <p time="29039" is_ac="true">I don't know if I've ever seen a top bun</p>
  <p time="31560" is_ac="true">on a burger so beautiful you gotta keep</p>
  <p time="34320" is_ac="true">going until there's nothing left look at</p>
  <p time="36180" is_ac="true">that hangover and here's the thing of</p>
  <p time="38820" is_ac="true">course celebrities I mean they have an</p>
  <p time="40500" is_ac="true">advantage the name the fame but at the</p>
  <p time="44520" is_ac="true">same time they have a little bit of an</p>
  <p time="47280" is_ac="true">unfair disadvantage I'll explain</p>
  <p time="52980" is_ac="true">[Music]</p>
  <p time="62300" is_ac="true">all right</p>
  <p time="65600" is_ac="true">when there's somebody famous that owns a</p>
  <p time="68040" is_ac="true">restaurant you and I we immediately have</p>
  <p time="70500" is_ac="true">a higher expectation</p>
  <p time="74119" is_ac="true">and when it comes to Burgers which are</p>
  <p time="76920" is_ac="true">one of the most popular foods in the</p>
  <p time="78600" is_ac="true">United States with so many different</p>
  <p time="80580" is_ac="true">options I mean there's Burgers on every</p>
  <p time="83280" is_ac="true">single Corner every single Street what</p>
  <p time="85979" is_ac="true">could a celebrity be doing to take it to</p>
  <p time="88680" is_ac="true">the next level to make it so memorable</p>
  <p time="91020" is_ac="true">to exceed your expectations or maybe not</p>
  <p time="95930" is_ac="true">[Music]</p>
  <p time="100280" is_ac="true">we made it to place number one and this</p>
  <p time="104640" is_ac="true">is owned by probably the most famous TV</p>
  <p time="108900" is_ac="true">chef personality on Earth</p>
  <p time="111480" is_ac="true">[Music]</p>
  <p time="115560" is_ac="true">we made it to Planet Hollywood</p>
  <p time="120180" is_ac="true">I'm very excited</p>
  <p time="122880" is_ac="true">okay we got a booth oh oh I love this</p>
  <p time="126840" is_ac="true">this blue these blue sofa benches but</p>
  <p time="130259" is_ac="true">welcome to Gordon Ramsay burger and it's</p>
  <p time="134280" is_ac="true">actually a pretty huge restaurant very</p>
  <p time="136379" is_ac="true">spacious very trendy uh right in the</p>
  <p time="139620" is_ac="true">center of Planet Hollywood and it's a</p>
  <p time="141720" is_ac="true">big restaurant uh but we got here in the</p>
  <p time="143760" is_ac="true">morning at about 10 30 a.m pretty much</p>
  <p time="145440" is_ac="true">right as they open so that's why it's</p>
  <p time="146940" is_ac="true">not packed yet because there's not that</p>
  <p time="148560" is_ac="true">many people but happy to be here for</p>
  <p time="150660" is_ac="true">Burger number one and I mean I don't</p>
  <p time="153660" is_ac="true">really need to explain this I think we</p>
  <p time="155340" is_ac="true">all know Gordon Ramsay easily one of the</p>
  <p time="158459" is_ac="true">biggest one of the most well-known</p>
  <p time="161099" is_ac="true">celebrity chefs on the planet he's a</p>
  <p time="164700" is_ac="true">British chef he's known for his TV</p>
  <p time="166920" is_ac="true">personality for Hell's Kitchen for</p>
  <p time="169379" is_ac="true">Kitchen Nightmares uh but then I mean he</p>
  <p time="172379" is_ac="true">he can stand up to the restaurant scene</p>
  <p time="174060" is_ac="true">as well with over 17 Michelin stars to</p>
  <p time="177540" is_ac="true">his name and now a burger chain as well</p>
  <p time="180120" is_ac="true">and I know there's Gordon Ramsay burgers</p>
  <p time="181500" is_ac="true">in a number of different cities but this</p>
  <p time="183660" is_ac="true">one perhaps is the most famous right</p>
  <p time="186180" is_ac="true">here in Las Vegas</p>
  <p time="187560" is_ac="true">hi there welcome to Gordon Ramsay Burger</p>
  <p time="189360" is_ac="true">thank you very much I'll be taking care</p>
  <p time="191340" is_ac="true">of your table this morning</p>
  <p time="192780" is_ac="true">as far as our burgers are concerned all</p>
  <p time="194640" is_ac="true">of our burgers are handmade and grilled</p>
  <p time="196379" is_ac="true">to order all of our Burgers will be made</p>
  <p time="198000" is_ac="true">with 100 Chuck what would be the most</p>
  <p time="200700" is_ac="true">popular Burger as far as the burgers are</p>
  <p time="203459" is_ac="true">concerned our Hell's Kitchen is our</p>
  <p time="204900" is_ac="true">number one selling burger and all of our</p>
  <p time="206700" is_ac="true">french fries are haircut I prefer the</p>
  <p time="208620" is_ac="true">Truffle parmesan fries it'll be a garlic</p>
  <p time="211379" is_ac="true">infused truffle oil it's also in the</p>
  <p time="213540" is_ac="true">fries while with Parmesan cheese and our</p>
  <p time="215640" is_ac="true">house made ketchup oh nice so also make</p>
  <p time="218700" is_ac="true">ketchup in-house all of our ketchup will</p>
  <p time="220319" is_ac="true">be made in-house we do offer Curry and</p>
  <p time="221879" is_ac="true">chipotle as well fantastic</p>
  <p time="224040" is_ac="true">could we get the 24-hour Burger</p>
  <p time="225900" is_ac="true">absolutely and then the Hell's Kitchen</p>
  <p time="227459" is_ac="true">Burger medium rare for me for the Hell's</p>
  <p time="229739" is_ac="true">Kitchen Burger</p>
  <p time="231420" is_ac="true">oh medium Mr Gordon eats a medium rare</p>
  <p time="234239" is_ac="true">I'm going medium rare</p>
  <p time="237120" is_ac="true">medium I would the rarer the better for</p>
  <p time="239159" is_ac="true">me okay medium rare for me for the</p>
  <p time="240840" is_ac="true">Hell's Kitchen Burger and then I think</p>
  <p time="242400" is_ac="true">we might just try the just fries</p>
  <p time="246299" is_ac="true">and that will come with the house</p>
  <p time="247379" is_ac="true">ketchup as well the Chipotle as well oh</p>
  <p time="250140" is_ac="true">okay excellent all right great thank you</p>
  <p time="252180" is_ac="true">very much</p>
  <p time="253860" is_ac="true">kitchen is open and they definitely take</p>
  <p time="256139" is_ac="true">their burgers to the next level Gordon</p>
  <p time="258840" is_ac="true">Ramsay I mean they're cooking using only</p>
  <p time="261239" is_ac="true">hardwood and you could just see that</p>
  <p time="263580" is_ac="true">smoke going up and they really like the</p>
  <p time="265740" is_ac="true">engineering on the burger it looks</p>
  <p time="267120" is_ac="true">incredible but before the burgers have</p>
  <p time="268620" is_ac="true">come we decided to try some hot wings</p>
  <p time="271320" is_ac="true">and the Oreo milkshake look at the size</p>
  <p time="273840" is_ac="true">of this Oreo milkshake it is</p>
  <p time="277820" is_ac="true">monstrous oh yeah these smell delicious</p>
  <p time="281100" is_ac="true">oh yeah</p>
  <p time="289020" is_ac="true">oh yeah</p>
  <p time="290759" is_ac="true">um</p>
  <p time="291110" is_ac="true">[Music]</p>
  <p time="293460" is_ac="true">all the juiciness the oiliness the</p>
  <p time="295560" is_ac="true">crispy skin</p>
  <p time="297600" is_ac="true">um</p>
  <p time="298800" is_ac="true">not too spicy but great buffalo sauce</p>
  <p time="301740" is_ac="true">maybe dipping a little bit of that ranch</p>
  <p time="313560" is_ac="true">okay oh we're going to try that the</p>
  <p time="317040" is_ac="true">milkshake even the size of this straw is</p>
  <p time="319320" is_ac="true">insane you have to take it below the</p>
  <p time="321300" is_ac="true">table to reach the top of the straw</p>
  <p time="334320" is_ac="true">oh wow that is so thick</p>
  <p time="336600" is_ac="true">you have to use all your strength to</p>
  <p time="339120" is_ac="true">suck it up the straw it's so thick and</p>
  <p time="340919" is_ac="true">creamy excellent how's the milkshake</p>
  <p time="344160" is_ac="true">it's pretty good</p>
  <p time="345680" is_ac="true">enjoy it</p>
  <p time="347639" is_ac="true">wow all right have your just fries that</p>
  <p time="350460" is_ac="true">comes with a house made Curry ketchup</p>
  <p time="352199" is_ac="true">and chipotle ketchup tossing sea salt</p>
  <p time="354479" is_ac="true">along with fresh chopped herbs thank you</p>
  <p time="356520" is_ac="true">my pleasure</p>
  <p time="358080" is_ac="true">of a burger oh yes</p>
  <p time="360840" is_ac="true">it's our homemade Chuck brisket excuse</p>
  <p time="363240" is_ac="true">me with the brisket on top the bacon</p>
  <p time="364800" is_ac="true">arugula pickled shallots of our famous</p>
  <p time="367259" is_ac="true">house kitchen burger with asajo jalapeno</p>
  <p time="369840" is_ac="true">avocados a tomato and our jalapeno aioli</p>
  <p time="372479" is_ac="true">thank you very much awesome I don't even</p>
  <p time="375539" is_ac="true">want to talk I'm so hungry I have to</p>
  <p time="378120" is_ac="true">pick this up immediately</p>
  <p time="379919" is_ac="true">oh that is beautiful</p>
  <p time="382500" is_ac="true">oh what a burger</p>
  <p time="384120" is_ac="true">oh oh</p>
  <p time="396600" is_ac="true">oh wow</p>
  <p time="400860" is_ac="true">oh that is so tasty and one of the</p>
  <p time="403139" is_ac="true">things that you will immediately notice</p>
  <p time="405419" is_ac="true">is how perfect that top bun is I don't</p>
  <p time="408120" is_ac="true">know if I've ever seen a top bun on a</p>
  <p time="411300" is_ac="true">burger so beautiful so perfectly formed</p>
  <p time="414060" is_ac="true">and shaped with a coating of sesame</p>
  <p time="416880" is_ac="true">seeds and you sink your teeth into that</p>
  <p time="419280" is_ac="true">burger the entire bun is so soft and yet</p>
  <p time="421979" is_ac="true">it holds its shape and then you get to</p>
  <p time="423539" is_ac="true">the meat it's so juicy you taste the</p>
  <p time="426060" is_ac="true">smokiness the cheese the avocado in this</p>
  <p time="428580" is_ac="true">burger</p>
  <p time="429539" is_ac="true">oh mem the perfect texture of meat to</p>
  <p time="433319" is_ac="true">fluffy bun all in your mouth and then</p>
  <p time="435960" is_ac="true">again for this one I ordered the Hell's</p>
  <p time="437639" is_ac="true">Kitchen Burger including asadero cheese</p>
  <p time="440099" is_ac="true">roasted jalapenos avocado roasted</p>
  <p time="443160" is_ac="true">tomatoes and jalapeno aioli</p>
  <p time="448730" is_ac="true">[Music]</p>
  <p time="455400" is_ac="true">yeah and I love that contrast of the</p>
  <p time="458160" is_ac="true">salty beef the creaminess of the avocado</p>
  <p time="460620" is_ac="true">the aioli jalapeno aioli and the</p>
  <p time="463440" is_ac="true">tartness acidity of the tomatoes I'll</p>
  <p time="465780" is_ac="true">just try the the classic fries real fast</p>
  <p time="467460" is_ac="true">serve with their own ketchup there's a</p>
  <p time="468960" is_ac="true">Chipotle ketchup and a curry ketchup I</p>
  <p time="471120" is_ac="true">guess we'll we'll find out which one is</p>
  <p time="472259" is_ac="true">which</p>
  <p time="472630" is_ac="true">[Music]</p>
  <p time="477120" is_ac="true">mmm well that ketchup is amazing I think</p>
  <p time="480539" is_ac="true">that one's a Chipotle has a smoky</p>
  <p time="482940" is_ac="true">roasted chili flavor to it</p>
  <p time="485039" is_ac="true">nice acidity from the tomatoes fries are</p>
  <p time="487860" is_ac="true">good just kind of like classic now this</p>
  <p time="490380" is_ac="true">one is the 24 Hour Burger and this was</p>
  <p time="493560" is_ac="true">one of the burgers that I was most</p>
  <p time="494639" is_ac="true">looking forward to trying here oh and</p>
  <p time="496259" is_ac="true">there's bacon too that all this is just</p>
  <p time="497699" is_ac="true">fully fully loaded fully stacked look at</p>
  <p time="499740" is_ac="true">that arugula look at that oh that bacon</p>
  <p time="505080" is_ac="true">oh it just feels good in your fingers</p>
  <p time="521419" is_ac="true">the other juices</p>
  <p time="524300" is_ac="true">oh so it's a burger with a short rib on</p>
  <p time="528420" is_ac="true">top with the bacon</p>
  <p time="530160" is_ac="true">you've got the kind of like kick of the</p>
  <p time="532380" is_ac="true">arugula and then the Pickled shallots</p>
  <p time="534060" is_ac="true">with the vinaigrette giving it that acid</p>
  <p time="535860" is_ac="true">or two the only thing about this burger</p>
  <p time="537839" is_ac="true">is this one is a little more well done</p>
  <p time="540240" is_ac="true">I like that other one that was rare much</p>
  <p time="542339" is_ac="true">more rare but it's still extremely tasty</p>
  <p time="544500" is_ac="true">extremely good quality beef the bacon</p>
  <p time="546660" is_ac="true">adds a lot</p>
  <p time="553920" is_ac="true">hmm</p>
  <p time="556760" is_ac="true">Jordan Ramsey has really taken it to the</p>
  <p time="559260" is_ac="true">next level in terms of quality of</p>
  <p time="560640" is_ac="true">ingredients this is really I mean</p>
  <p time="563820" is_ac="true">this is the definition of a gourmet</p>
  <p time="566040" is_ac="true">burger and really elevating</p>
  <p time="568680" is_ac="true">the hamburger</p>
  <p time="570240" is_ac="true">to Gourmet levels without being too</p>
  <p time="573120" is_ac="true">crazy without going overboard this one</p>
  <p time="575760" is_ac="true">is good I think probably my favorite is</p>
  <p time="577320" is_ac="true">just that and also because it's medium</p>
  <p time="579180" is_ac="true">rare okay I'm moving back to the Hell's</p>
  <p time="580680" is_ac="true">Kitchen</p>
  <p time="581640" is_ac="true">and that Patty is like extra huge too</p>
  <p time="594839" is_ac="true">that's an awesome awesome Burger I'm</p>
  <p time="596820" is_ac="true">gonna do a little ketchup</p>
  <p time="608160" is_ac="true">oh yeah</p>
  <p time="619320" is_ac="true">one Burger down so Gordon Ramsay burger</p>
  <p time="622260" is_ac="true">that was a solidly good burger</p>
  <p time="624120" is_ac="true">definitely you can taste The Gourmet</p>
  <p time="625800" is_ac="true">qualities of it especially the the</p>
  <p time="627720" is_ac="true">quality of the ingredients and the</p>
  <p time="629580" is_ac="true">quality of the beef that being said you</p>
  <p time="632820" is_ac="true">absolutely have to order medium rare I</p>
  <p time="635519" is_ac="true">think for me that's what really made a</p>
  <p time="637500" is_ac="true">difference</p>
  <p time="637760" is_ac="true">[Music]</p>
  <p time="644339" is_ac="true">just a short walk down the strip we are</p>
  <p time="646920" is_ac="true">at the next place there it is</p>
  <p time="650740" is_ac="true">[Music]</p>
  <p time="657140" is_ac="true">ah okay welcome to Wahlburgers and they</p>
  <p time="661019" is_ac="true">have a whole indoor section but we got a</p>
  <p time="662880" is_ac="true">table here on the outside and actually</p>
  <p time="664260" is_ac="true">this is I thought it would be more kind</p>
  <p time="665820" is_ac="true">of fast food where you you go to the</p>
  <p time="667620" is_ac="true">front and you order but actually if this</p>
  <p time="669000" is_ac="true">small Burgers it's a service restaurant</p>
  <p time="670500" is_ac="true">so you sit down and we'll have a we'll</p>
  <p time="672300" is_ac="true">have a server take our order oh okay now</p>
  <p time="674760" is_ac="true">I get it because the our Burger that's</p>
  <p time="676800" is_ac="true">one of the most popular Burgers here the</p>
  <p time="679019" is_ac="true">our Burger is if they break it down of</p>
  <p time="681180" is_ac="true">what is the difference between the</p>
  <p time="683640" is_ac="true">typical burger and our burger from</p>
  <p time="686100" is_ac="true">Wahlburgers but I think this burger</p>
  <p time="688200" is_ac="true">restaurant it needs barely an</p>
  <p time="690240" is_ac="true">introduction Mark Wahlberg one of the</p>
  <p time="692760" is_ac="true">most famous actors on Earth but this is</p>
  <p time="695519" is_ac="true">a collaboration between his brothers and</p>
  <p time="697440" is_ac="true">if I'm not mistaken Mark Wahlberg is the</p>
  <p time="699420" is_ac="true">youngest of possibly nine siblings Mark</p>
  <p time="702300" is_ac="true">Wahlberg though he's not only just uh an</p>
  <p time="705420" is_ac="true">actor but he's a rapper he's an</p>
  <p time="707820" is_ac="true">entrepreneur he was in a famous boy band</p>
  <p time="711260" is_ac="true">and he loves to eat but but he comes</p>
  <p time="714600" is_ac="true">from such a big fan family and I know</p>
  <p time="716279" is_ac="true">some of his other brothers are actors</p>
  <p time="717959" is_ac="true">have been actors as well especially</p>
  <p time="719640" is_ac="true">Donnie who's also a partner of</p>
  <p time="721200" is_ac="true">Wahlburgers and then Paul who is</p>
  <p time="724140" is_ac="true">actually a chef and Paul as I was</p>
  <p time="726720" is_ac="true">reading in the story about Wahlburgers</p>
  <p time="728339" is_ac="true">Paul was he always cooked for his family</p>
  <p time="730500" is_ac="true">and he loved cooking until he took it to</p>
  <p time="732480" is_ac="true">the next level he became a chef and he's</p>
  <p time="735060" is_ac="true">the chef behind Wahlburgers and also I</p>
  <p time="737760" is_ac="true">know they had a reality TV show as well</p>
  <p time="739740" is_ac="true">so it's a chef driven burger restaurant</p>
  <p time="742920" is_ac="true">backed by Mark Wahlberg and the entire</p>
  <p time="745380" is_ac="true">Wahlberg family and I didn't realize</p>
  <p time="747779" is_ac="true">this but there's over 90 locations of</p>
  <p time="750060" is_ac="true">Wahlburgers but this is going to be my</p>
  <p time="751560" is_ac="true">first time</p>
  <p time="756060" is_ac="true">can't tell if it's actually this green</p>
  <p time="758160" is_ac="true">or if that's the cup that must be the</p>
  <p time="760440" is_ac="true">color of the cup bright green lemonade</p>
  <p time="766560" is_ac="true">oh yeah with all the burger eating you</p>
  <p time="769440" is_ac="true">need this that acidity to digest oh</p>
  <p time="772200" is_ac="true">that's really good really sour</p>
  <p time="776820" is_ac="true">oh great thank you here's your</p>
  <p time="779459" is_ac="true">impossible thank you very much</p>
  <p time="782240" is_ac="true">and then this is a complimentary on the</p>
  <p time="784860" is_ac="true">house sweet potato tots thank you very</p>
  <p time="786540" is_ac="true">much</p>
  <p time="787339" is_ac="true">appreciate it this is perfect thank you</p>
  <p time="789779" is_ac="true">very much okay the burgers have arrived</p>
  <p time="792180" is_ac="true">the famous tater tots have arrived and I</p>
  <p time="795660" is_ac="true">got two different Burgers to try but</p>
  <p time="798660" is_ac="true">this right here</p>
  <p time="800040" is_ac="true">this one is the main event say hello to</p>
  <p time="802680" is_ac="true">the wahlburger our Burger</p>
  <p time="804959" is_ac="true">and I got the double look at that cheese</p>
  <p time="807720" is_ac="true">melting down the burgers that's</p>
  <p time="809820" is_ac="true">impressive I mean that's straight up a</p>
  <p time="811980" is_ac="true">cheese waterfall that it just makes your</p>
  <p time="815339" is_ac="true">mouth drool immediately oh you can smell</p>
  <p time="817860" is_ac="true">the beefiness I got it medium rare oh</p>
  <p time="820620" is_ac="true">that's so much cheese it's oozing the</p>
  <p time="823320" is_ac="true">Ooze is absolutely perfect yeah I mean</p>
  <p time="826740" is_ac="true">right off the bat I would have to say</p>
  <p time="828420" is_ac="true">what a presentation this burger just is</p>
  <p time="831060" is_ac="true">mouth-watering it makes you want to sink</p>
  <p time="833399" is_ac="true">your jaw your teeth into it immediately</p>
  <p time="838260" is_ac="true">good</p>
  <p time="847200" is_ac="true">juiciness</p>
  <p time="851220" is_ac="true">well it's a lot of meat in there good</p>
  <p time="853260" is_ac="true">double patties let me just stick</p>
  <p time="856519" is_ac="true">that's just like a quality Next Level</p>
  <p time="859560" is_ac="true">Burger almost by the books what you</p>
  <p time="861720" is_ac="true">think of your mouth thinks of when you</p>
  <p time="863820" is_ac="true">think about a cheeseburger and I do love</p>
  <p time="865320" is_ac="true">how there's an entire card here which</p>
  <p time="867240" is_ac="true">explains to you how the our Burger is</p>
  <p time="869519" is_ac="true">different from other Burgers so you can</p>
  <p time="871500" is_ac="true">read all about it I mean you have it's a</p>
  <p time="873899" is_ac="true">custom Artisan potato bun baked fresh</p>
  <p time="875940" is_ac="true">it's all that oozing cheeses government</p>
  <p time="877800" is_ac="true">cheese which brings it back to the</p>
  <p time="879660" is_ac="true">Wahlberg's family what they grew up</p>
  <p time="881160" is_ac="true">eating</p>
  <p time="882420" is_ac="true">brings back memories the burger is a</p>
  <p time="885300" is_ac="true">fresh blend of certified Angus beef</p>
  <p time="887160" is_ac="true">brisket short ribbon chuck all ground I</p>
  <p time="889500" is_ac="true">got it medium rare perfect house made</p>
  <p time="892260" is_ac="true">pickles fresh onions fresh tomatoes</p>
  <p time="894180" is_ac="true">fresh lettuce Paul's signature sauce</p>
  <p time="896040" is_ac="true">which is oozing out made fresh daily and</p>
  <p time="898620" is_ac="true">again the potato bun on the bottom</p>
  <p time="907920" is_ac="true">oh yeah</p>
  <p time="912720" is_ac="true">oh what a burger</p>
  <p time="914459" is_ac="true">I like how you really taste the</p>
  <p time="916620" is_ac="true">freshness the quality of the beef</p>
  <p time="918959" is_ac="true">and the quality of the freshness of the</p>
  <p time="920639" is_ac="true">vegetables the pickles and the potato</p>
  <p time="923040" is_ac="true">bun is just so light and fluffy when you</p>
  <p time="925320" is_ac="true">press it down it just kind of collapses</p>
  <p time="927839" is_ac="true">cradling the burger and not too light</p>
  <p time="930240" is_ac="true">and not too um and not too not too</p>
  <p time="933120" is_ac="true">fluffy just really presses down into the</p>
  <p time="936300" is_ac="true">burger</p>
  <p time="938300" is_ac="true">[Music]</p>
  <p time="944040" is_ac="true">or onion</p>
  <p time="948120" is_ac="true">I would call this</p>
  <p time="950760" is_ac="true">kind of your absolute classic American</p>
  <p time="953820" is_ac="true">hamburger cheeseburger but with A Step</p>
  <p time="957779" is_ac="true">Above in quality of ingredients and</p>
  <p time="960300" is_ac="true">freshness</p>
  <p time="961500" is_ac="true">got it a good burger</p>
  <p time="963899" is_ac="true">extremely satisfying Wahlburgers is also</p>
  <p time="966839" is_ac="true">very well known for their tater tots and</p>
  <p time="968519" is_ac="true">they have all these fancy tater tots on</p>
  <p time="970019" is_ac="true">the menu like the cheese and bacon they</p>
  <p time="971459" is_ac="true">have the chicken tots but I kind of just</p>
  <p time="973320" is_ac="true">like the the simple I'm playing just the</p>
  <p time="974880" is_ac="true">regular tots</p>
  <p time="976160" is_ac="true">on the side</p>
  <p time="978380" is_ac="true">oh it was a good day your time I like to</p>
  <p time="981480" is_ac="true">keep it simple though</p>
  <p time="984060" is_ac="true">those are good</p>
  <p time="988800" is_ac="true">then we also got</p>
  <p time="991019" is_ac="true">oh that's barbecue sauce good some of</p>
  <p time="993300" is_ac="true">the sweet potato tots as well</p>
  <p time="996330" is_ac="true">[Music]</p>
  <p time="1002360" is_ac="true">nice sweet potato flavor not as fresh</p>
  <p time="1004759" is_ac="true">beers the potato tater tots</p>
  <p time="1007339" is_ac="true">a little buttery definitely a good</p>
  <p time="1009380" is_ac="true">option and then I got one more Burger</p>
  <p time="1011500" is_ac="true">absolutely had to try this burger the</p>
  <p time="1014120" is_ac="true">burger the our Burger</p>
  <p time="1015380" is_ac="true">is Paul's Chef Paul wahlburger</p>
  <p time="1017420" is_ac="true">Wahlberg's favorite burger this is Mark</p>
  <p time="1021380" is_ac="true">Wahlberg's favorite burger</p>
  <p time="1024439" is_ac="true">it's a nice again a very nice top bun</p>
  <p time="1026600" is_ac="true">look at that shape potato bun the Patty</p>
  <p time="1029179" is_ac="true">cheese and caramelized onions in the</p>
  <p time="1031400" is_ac="true">center Mark Wahlberg's favorite</p>
  <p time="1035000" is_ac="true">foreign</p>
  <p time="1039030" is_ac="true">[Music]</p>
  <p time="1041600" is_ac="true">if I didn't already mention it</p>
  <p time="1043760" is_ac="true">it's an impossible Burger all</p>
  <p time="1045799" is_ac="true">plant-based except I think it's real</p>
  <p time="1047360" is_ac="true">cheese smoked cheddar but the the patty</p>
  <p time="1049640" is_ac="true">just plant-based oh yeah that's really</p>
  <p time="1051080" is_ac="true">good I mean impossible burgers are</p>
  <p time="1053419" is_ac="true">delicious barely taste the difference</p>
  <p time="1054980" is_ac="true">between the texture of grilled beef and</p>
  <p time="1056780" is_ac="true">it has that same meaty texture meaty</p>
  <p time="1059360" is_ac="true">consistency meaty flavor to it the smoke</p>
  <p time="1061280" is_ac="true">cheddar is really nice you've got the</p>
  <p time="1062539" is_ac="true">fresh lettuce tomato in there and again</p>
  <p time="1064640" is_ac="true">that bun So Soft just takes on the</p>
  <p time="1066980" is_ac="true">prince of your finger in the bun I might</p>
  <p time="1069500" is_ac="true">try it with a little bit of that</p>
  <p time="1070460" is_ac="true">barbecue sauce on it would be good</p>
  <p time="1076520" is_ac="true">hmm</p>
  <p time="1079039" is_ac="true">really good I mean impossible Burger is</p>
  <p time="1081380" is_ac="true">fantastic but okay you cannot compare to</p>
  <p time="1084679" is_ac="true">the arbor the our burgers</p>
  <p time="1086660" is_ac="true">that's just a solid again just a classic</p>
  <p time="1089299" is_ac="true">burger cheeseburger</p>
  <p time="1091100" is_ac="true">like</p>
  <p time="1092539" is_ac="true">from the books something that you</p>
  <p time="1094940" is_ac="true">immediately dream of and think of when</p>
  <p time="1096500" is_ac="true">you think about a cheeseburger oh it's</p>
  <p time="1098179" is_ac="true">starting to get Saucy oh yeah it's</p>
  <p time="1100880" is_ac="true">oozing</p>
  <p time="1102380" is_ac="true">for my next bite I might go in for just</p>
  <p time="1104179" is_ac="true">a little bit of a a squeeze of ketchup</p>
  <p time="1107000" is_ac="true">there we go</p>
  <p time="1116780" is_ac="true">oh yeah made it down to the final bite</p>
  <p time="1119000" is_ac="true">might dip it in that barbecue sauce</p>
  <p time="1127880" is_ac="true">very satisfying Burger thank you to the</p>
  <p time="1130160" is_ac="true">wahlbergs the wall burgers</p>
  <p time="1132260" is_ac="true">let's move on to the next place</p>
  <p time="1136340" is_ac="true">[Music]</p>
  <p time="1142420" is_ac="true">[Music]</p>
  <p time="1147980" is_ac="true">we're moving on to Burger number three</p>
  <p time="1150740" is_ac="true">and again this is owned by one of the</p>
  <p time="1153200" is_ac="true">most famous celebrity chefs TV</p>
  <p time="1155900" is_ac="true">personalities and this is probably going</p>
  <p time="1159080" is_ac="true">to be the biggest the most crazy Burger</p>
  <p time="1162679" is_ac="true">of the entire Burger tour today</p>
  <p time="1166100" is_ac="true">[Music]</p>
  <p time="1168260" is_ac="true">the restaurant is located at the link</p>
  <p time="1170780" is_ac="true">and we're ready to eat the next Burger</p>
  <p time="1173840" is_ac="true">okay</p>
  <p time="1176240" is_ac="true">here we go</p>
  <p time="1178820" is_ac="true">oh welcome to Guy Fieri's Vegas kitchen</p>
  <p time="1186919" is_ac="true">again I mean guy theory he hardly needs</p>
  <p time="1189679" is_ac="true">an introduction but he's one of the most</p>
  <p time="1191419" is_ac="true">famous TV personalities restaurateurs</p>
  <p time="1194120" is_ac="true">he's known I mean one of the shows I</p>
  <p time="1196160" is_ac="true">always loved was Diners Drive-Ins and</p>
  <p time="1199039" is_ac="true">Dives where he covered uh the like most</p>
  <p time="1202940" is_ac="true">classic food Across America things that</p>
  <p time="1206360" is_ac="true">are oozing with cheese burgers fries</p>
  <p time="1209620" is_ac="true">milkshakes at Guy Fieri's Vegas kitchen</p>
  <p time="1212660" is_ac="true">now this restaurant I mean it's a it's</p>
  <p time="1214520" is_ac="true">like an All-American restaurant there's</p>
  <p time="1215960" is_ac="true">all sorts of things on the menu but he</p>
  <p time="1218360" is_ac="true">has a couple of signature Burgers which</p>
  <p time="1221419" is_ac="true">are extremely famous which is what we</p>
  <p time="1223700" is_ac="true">came here to try</p>
  <p time="1226460" is_ac="true">so so the bacon Mac and cheeseburger</p>
  <p time="1228799" is_ac="true">guys award-winning Burger it says it's</p>
  <p time="1230960" is_ac="true">voted best burger in Las Vegas by seven</p>
  <p time="1232760" is_ac="true">magazine winner of the New York City</p>
  <p time="1234679" is_ac="true">food and wine festivals Burger match</p>
  <p time="1237980" is_ac="true">whoa it's here yes thank you very much</p>
  <p time="1241760" is_ac="true">that's huge trash can nachos as well sir</p>
  <p time="1244760" is_ac="true">trash can nachos awesome so that's gonna</p>
  <p time="1248919" is_ac="true">in a can</p>
  <p time="1252559" is_ac="true">oh the melted nacho cheese</p>
  <p time="1260299" is_ac="true">and it does come out a little bit messy</p>
  <p time="1262039" is_ac="true">okay I'll make sure it doesn't fall over</p>
  <p time="1264320" is_ac="true">for you okay oh nicely done</p>
  <p time="1266900" is_ac="true">is there anything else I can grab for</p>
  <p time="1268220" is_ac="true">you at the moment that's all thank you</p>
  <p time="1269240" is_ac="true">very much</p>
  <p time="1270620" is_ac="true">it is gigantic the famous bacon Mac and</p>
  <p time="1275419" is_ac="true">cheeseburger from Guy Fieri it's served</p>
  <p time="1278059" is_ac="true">with a knife on the side but this is</p>
  <p time="1280280" is_ac="true">just too good to be true I think I have</p>
  <p time="1282380" is_ac="true">to have to pick it up</p>
  <p time="1284840" is_ac="true">oh it's a tower</p>
  <p time="1287480" is_ac="true">oh look at the size of that Patty oh it</p>
  <p time="1290059" is_ac="true">actually picks up that is actually</p>
  <p time="1291919" is_ac="true">remarkable that you can pick it up</p>
  <p time="1293840" is_ac="true">without it collapsing it's amazing how</p>
  <p time="1296000" is_ac="true">the mac and cheese just is cradled</p>
  <p time="1297860" is_ac="true">within it without it oozing out what a</p>
  <p time="1299960" is_ac="true">feat of engineering oh man I think you</p>
  <p time="1302419" is_ac="true">almost have to eat it and I don't think</p>
  <p time="1303679" is_ac="true">you can fully extend your jaw to that</p>
  <p time="1305720" is_ac="true">size I think you kind of gotta take a</p>
  <p time="1307280" is_ac="true">bite of the burger then a bite of the</p>
  <p time="1308780" is_ac="true">top it's massive but we'll try</p>
  <p time="1314960" is_ac="true">thank you</p>
  <p time="1316760" is_ac="true">mmm</p>
  <p time="1318360" is_ac="true">[Music]</p>
  <p time="1323720" is_ac="true">you immediately taste the cheesy</p>
  <p time="1326120" is_ac="true">creaminess of the mac and cheese</p>
  <p time="1328580" is_ac="true">followed by the crispiness of the smoked</p>
  <p time="1330919" is_ac="true">bacon</p>
  <p time="1333679" is_ac="true">we got a fatty crumbly burger patty</p>
  <p time="1337940" is_ac="true">the butter garlic On the Bun which is</p>
  <p time="1340340" is_ac="true">soft</p>
  <p time="1341240" is_ac="true">you've got all those finely shaved</p>
  <p time="1343100" is_ac="true">iceberg lettuce fried onion rings that</p>
  <p time="1345320" is_ac="true">also give it another texture it is tasty</p>
  <p time="1347480" is_ac="true">it is actually remarkable how it stays</p>
  <p time="1350600" is_ac="true">in shape even when you pick a bite</p>
  <p time="1354370" is_ac="true">[Music]</p>
  <p time="1360679" is_ac="true">it's somehow manages to stay together</p>
  <p time="1363260" is_ac="true">and it just totally fits with Guy</p>
  <p time="1365240" is_ac="true">Fieri's personality</p>
  <p time="1366860" is_ac="true">everything stacked between a bun oozing</p>
  <p time="1369860" is_ac="true">with mac and cheese the only problem is</p>
  <p time="1371900" is_ac="true">if you pick this burger up this is the</p>
  <p time="1373400" is_ac="true">type of burger you do not want to set</p>
  <p time="1374960" is_ac="true">down or you may risk it collapsing it's</p>
  <p time="1377780" is_ac="true">almost one of those burgers that you</p>
  <p time="1378919" is_ac="true">gotta once you pick up you can't stop</p>
  <p time="1380900" is_ac="true">you're all in you're fully committed</p>
  <p time="1384679" is_ac="true">you gotta keep going until there's</p>
  <p time="1386720" is_ac="true">nothing left</p>
  <p time="1393559" is_ac="true">oh</p>
  <p time="1396620" is_ac="true">now I got to the pickles I think they're</p>
  <p time="1398900" is_ac="true">necessary because they kind of contrast</p>
  <p time="1400400" is_ac="true">all that richness all that saltiness all</p>
  <p time="1402260" is_ac="true">the creaminess with that acidity of the</p>
  <p time="1403640" is_ac="true">pickles the pickle stays really good try</p>
  <p time="1405440" is_ac="true">with a little bit of that ketchup</p>
  <p time="1413650" is_ac="true">[Music]</p>
  <p time="1417260" is_ac="true">okay</p>
  <p time="1419780" is_ac="true">I'm gonna rest up and uh Burger comes</p>
  <p time="1422000" is_ac="true">with fries there's a couple of different</p>
  <p time="1423559" is_ac="true">fries in here actually some of the</p>
  <p time="1424640" is_ac="true">waffle cup fries and some of the the</p>
  <p time="1426200" is_ac="true">regular cut fries at the bottom with</p>
  <p time="1428120" is_ac="true">these waffle cut fries look great</p>
  <p time="1432170" is_ac="true">[Music]</p>
  <p time="1435679" is_ac="true">mmm</p>
  <p time="1438700" is_ac="true">excellent waffle cup fries really crispy</p>
  <p time="1441500" is_ac="true">a little bit of seasoning to them as</p>
  <p time="1443179" is_ac="true">well we have to move over to the trash</p>
  <p time="1445400" is_ac="true">can nachos one of the most popular items</p>
  <p time="1447860" is_ac="true">on the menu it's a massive mountain of</p>
  <p time="1450380" is_ac="true">nachos</p>
  <p time="1452480" is_ac="true">melted cheese barbecue pork tomatoes</p>
  <p time="1456380" is_ac="true">onions I think you can try to try to</p>
  <p time="1459080" is_ac="true">pick it up with your fingers but</p>
  <p time="1460159" is_ac="true">eventually I think there's no way around</p>
  <p time="1461960" is_ac="true">using a fork this massive pile</p>
  <p time="1465260" is_ac="true">I did love the way it was served as well</p>
  <p time="1467179" is_ac="true">in a in a can and then when they bring</p>
  <p time="1469280" is_ac="true">it to your table they take out the can</p>
  <p time="1470480" is_ac="true">and it just sprawls it kind of splatters</p>
  <p time="1473000" is_ac="true">onto the plate and he himself said it</p>
  <p time="1475340" is_ac="true">might be a little messy</p>
  <p time="1480400" is_ac="true">oh the Smoky barbecue pork is what I got</p>
  <p time="1483679" is_ac="true">immediately on that bike the beans the</p>
  <p time="1485900" is_ac="true">cheese oh jalapenos</p>
  <p time="1489740" is_ac="true">no fracturing it up it's so rich it's so</p>
  <p time="1492440" is_ac="true">creamy there's so much melted cheese and</p>
  <p time="1494659" is_ac="true">melted sour cream all the way</p>
  <p time="1497780" is_ac="true">um</p>
  <p time="1500120" is_ac="true">I think something about Guy Fieri's</p>
  <p time="1501679" is_ac="true">kitchen here in Las Vegas</p>
  <p time="1503000" is_ac="true">is that the dishes are playful they're</p>
  <p time="1505640" is_ac="true">fun and they really represent Guy Fieri</p>
  <p time="1508039" is_ac="true">and his like eclectic personality his</p>
  <p time="1512360" is_ac="true">monstrous foods that are not only about</p>
  <p time="1515240" is_ac="true">the foods themselves but about their</p>
  <p time="1517039" is_ac="true">experience about the fun</p>
  <p time="1519080" is_ac="true">of eating giant uh crazy things</p>
  <p time="1532539" is_ac="true">and everybody you get something a little</p>
  <p time="1534620" is_ac="true">bit different</p>
  <p time="1535460" is_ac="true">despite I got some of the pickled</p>
  <p time="1536960" is_ac="true">pickled onions or pickles challenge</p>
  <p time="1538460" is_ac="true">after all you could do I I mean it's so</p>
  <p time="1540919" is_ac="true">rich it's so heavy it's so creamy that</p>
  <p time="1542480" is_ac="true">you need that acidity to break it down</p>
  <p time="1552740" is_ac="true">let's move into the bacon mac and cheese</p>
  <p time="1554419" is_ac="true">that giant oversized Patty it just</p>
  <p time="1556940" is_ac="true">overflows out of the burger</p>
  <p time="1562640" is_ac="true">and to be honest this is kind of like</p>
  <p time="1564020" is_ac="true">eating three meals all in one and now</p>
  <p time="1566840" is_ac="true">that I look at it</p>
  <p time="1568279" is_ac="true">I think the macaroni and cheese actually</p>
  <p time="1569960" is_ac="true">acts to like</p>
  <p time="1571340" is_ac="true">plaster it together I mean it melts but</p>
  <p time="1574520" is_ac="true">then it starts to harden as you eat it</p>
  <p time="1576260" is_ac="true">holding the entire structure together</p>
  <p time="1578120" is_ac="true">that's an amazing a genius design and</p>
  <p time="1581000" is_ac="true">architecture</p>
  <p time="1585870" is_ac="true">[Music]</p>
  <p time="1592279" is_ac="true">look at that hangover the burger</p>
  <p time="1594080" is_ac="true">hangover</p>
  <p time="1611900" is_ac="true">foreign</p>
  <p time="1619340" is_ac="true">do not</p>
  <p time="1622520" is_ac="true">there's absolutely no way to stay clean</p>
  <p time="1625159" is_ac="true">when you eat this burger</p>
  <p time="1629070" is_ac="true">[Applause]</p>
  <p time="1636740" is_ac="true">I think as a celebrity restaurant you</p>
  <p time="1639740" is_ac="true">really have to create an experience you</p>
  <p time="1642559" is_ac="true">have to design the restaurant the meal</p>
  <p time="1646159" is_ac="true">in a way that your customers will really</p>
  <p time="1648559" is_ac="true">remember it and so I think that's what</p>
  <p time="1651140" is_ac="true">stands out I mean the ingredients need</p>
  <p time="1652940" is_ac="true">to be top-notch the freshness the</p>
  <p time="1654980" is_ac="true">quality needs to stand out and it just</p>
  <p time="1656779" is_ac="true">needs to be an experience that you'll</p>
  <p time="1658880" is_ac="true">remember and I mean when it comes to Las</p>
  <p time="1660799" is_ac="true">Vegas this is one of the places in the</p>
  <p time="1662960" is_ac="true">world where you have so many options</p>
  <p time="1664880" is_ac="true">food that's Entertainment and I'll have</p>
  <p time="1668480" is_ac="true">all three places that we went to in the</p>
  <p time="1670100" is_ac="true">description box below I want to say a</p>
  <p time="1671840" is_ac="true">big thank you to you for watching this</p>
  <p time="1673039" is_ac="true">video please remember to give it a</p>
  <p time="1674120" is_ac="true">thumbs up if you enjoyed it leave a</p>
  <p time="1675260" is_ac="true">comment below I'd love to hear from you</p>
  <p time="1676460" is_ac="true">and if you're not already subscribed</p>
  <p time="1678260" is_ac="true">subscribe for lots more food and travel</p>
  <p time="1680120" is_ac="true">videos goodbye from Las Vegas I will see</p>
  <p time="1682760" is_ac="true">you on the next video</p>
</text>
