<?xml version='1.0' encoding='UTF-8'?>
<text date_d="8" date_m="10" date_y="2022" format="srv3" age_limit="0" comment_count="2700" description="🎥  WATCH OUR MAIN CHANNEL » http://bit.ly/BestEverFoodReviewShow&#10;👕  BEFRS MERCH » https://bit.ly/ShopBEFRS&#10;✈️ CHECK OUT SECRET FOOD TOURS » https://www.secretfoodtours.com/ | https://www.instagram.com/secretfoodtours/&#10;&#10;RESTAURANTS: &#10;&#10;1. L'Escargot &#10;Address: 38 Rue Montorgueil, 75001 Paris, France&#10;Opening Times: 12:00PM - 10:30PM &#10;Website: https://escargotmontorgueil.com/ &#10;Social Media: Instagram - @escargot_montorgueil&#10;&#10;2. Au Pied De Cochon &#10;Address: 6 Rue Coquillière, 75001 Paris, France&#10;Website: https://www.pieddecochon.com/ &#10;Social Media: Instagram - @pieddecochon &#10;&#10;Follow us on Instagram: &#10;📷 Sonny Side: @besteverfoodreviewshow&#10;- - - - - - - - - - - - - - - - -&#10;🎬CREDITS:&#10;VIDEO EDITOR » Khang Bui&#10;MASTERING EDITOR » Nguyễn Quang Dũng&#10;CAMERA OPERATOR » Wife&#10;LOCAL FIXER » Stéphane Langlois | Secret Food Tours&#10;PRODUCER » Gabrielle Nain" fulltitle="Eating Bizarre French Food in Paris for 24 Hours!! Exotic Meats of Europe!!" like_count="54990" location="na" playlist_title="na" release_date="na" upload_date="20221008" repost_count="na" tags="" title="Eating Bizarre French Food in Paris for 24 Hours!! Exotic Meats of Europe!!" uploader="More Best Ever Food Review Show" view_count="3377134" webpage_url="https://www.youtube.com/watch?v=te60IvK_vzQ" autocaption="true">
  <p time="0" is_ac="true">in this video I'm gonna eat bizarre</p>
  <p time="3179" is_ac="true">French food for 24 hours</p>
  <p time="7799" is_ac="true">oh you made a mistake</p>
  <p time="9160" is_ac="true">[Music]</p>
  <p time="13019" is_ac="true">so of course the menu today won't be</p>
  <p time="14580" is_ac="true">bizarre to people from Paris or people</p>
  <p time="16260" is_ac="true">from France but I'm looking for food</p>
  <p time="17580" is_ac="true">that you won't find in my hometown for</p>
  <p time="19260" is_ac="true">example frog legs snails today I'm gonna</p>
  <p time="21720" is_ac="true">dig as deep as I can there's a lot more</p>
  <p time="23820" is_ac="true">than frog legs and snails follow me</p>
  <p time="25500" is_ac="true">let's take this ride together and find</p>
  <p time="27000" is_ac="true">some weird food here in Paris</p>
  <p time="28500" is_ac="true">[Music]</p>
  <p time="30840" is_ac="true">we've come to our first restaurant our</p>
  <p time="32700" is_ac="true">first destination for today let escargo</p>
  <p time="34860" is_ac="true">I think that's how you say it you</p>
  <p time="36180" is_ac="true">probably maybe you've heard about it in</p>
  <p time="37620" is_ac="true">rap songs as cargo my cargo biggie</p>
  <p time="40440" is_ac="true">anybody Biggie Smalls that's cargo it's</p>
  <p time="42300" is_ac="true">French for snails either their address</p>
  <p time="44280" is_ac="true">is 1832 or this place has been open for</p>
  <p time="46559" is_ac="true">a real long time it's a very well known</p>
  <p time="48059" is_ac="true">establishment that has a huge wide range</p>
  <p time="49920" is_ac="true">of food from typical French Classics to</p>
  <p time="51840" is_ac="true">foods like snails and even pancreas</p>
  <p time="56100" is_ac="true">first wheel right here we have two</p>
  <p time="57600" is_ac="true">dishes this is a tartar or in French</p>
  <p time="60260" is_ac="true">roughly speaking this is a special gland</p>
  <p time="63180" is_ac="true">from a cap I'm gonna talk about that in</p>
  <p time="65040" is_ac="true">a moment but first this is a beautiful</p>
  <p time="66600" is_ac="true">presentation for tartar I was told</p>
  <p time="68220" is_ac="true">earlier that actually tartar in France</p>
  <p time="70260" is_ac="true">used to be really popular to make with</p>
  <p time="71939" is_ac="true">horse meat here they don't have horse</p>
  <p time="73680" is_ac="true">you better believe when I found that out</p>
  <p time="75000" is_ac="true">I asked hey do we have a horse option</p>
  <p time="76740" is_ac="true">they said no this is beef french fries</p>
  <p time="78900" is_ac="true">on the side can I tell you something</p>
  <p time="79860" is_ac="true">here in France they don't even say the</p>
  <p time="81180" is_ac="true">French part just fries take a look at</p>
  <p time="82680" is_ac="true">this you can tell it's like hand chopped</p>
  <p time="84420" is_ac="true">and not just ground meat oh I got a nice</p>
  <p time="86400" is_ac="true">big bite some raw beef for breakfast</p>
  <p time="88080" is_ac="true">let's go</p>
  <p time="92159" is_ac="true">we we it's so good it's very light</p>
  <p time="94320" is_ac="true">aromatic it's interesting because it's</p>
  <p time="95820" is_ac="true">just it's like sticky cold heavy but the</p>
  <p time="98759" is_ac="true">flavors couldn't be more light really</p>
  <p time="100200" is_ac="true">gentle</p>
  <p time="101340" is_ac="true">I love the feel I love the taste and</p>
  <p time="103320" is_ac="true">especially when you put it on some bread</p>
  <p time="104579" is_ac="true">oh chef's kiss very nice that is our</p>
  <p time="108299" is_ac="true">first course right here is the sweet</p>
  <p time="109979" is_ac="true">bread it's a mix of a few different</p>
  <p time="111240" is_ac="true">things there's a bread here there's</p>
  <p time="112740" is_ac="true">potato and then this is a sweet bread</p>
  <p time="114479" is_ac="true">which is not a bread at all this is</p>
  <p time="116460" is_ac="true">actually a gland what gland will let me</p>
  <p time="118560" is_ac="true">tell you this is the thymus of a calf</p>
  <p time="120600" is_ac="true">what where's the thymus it's like right</p>
  <p time="122100" is_ac="true">here basically it's a small plant that's</p>
  <p time="123960" is_ac="true">part of your lymphatic system that</p>
  <p time="126060" is_ac="true">sounds delicious I've never had this</p>
  <p time="127979" is_ac="true">your lymphatic system is part of your</p>
  <p time="129720" is_ac="true">immune system there's one thing this</p>
  <p time="131160" is_ac="true">immune system could not fight off and</p>
  <p time="132720" is_ac="true">that's why it's here on my plate right</p>
  <p time="134040" is_ac="true">now anybody would have the patience or</p>
  <p time="135599" is_ac="true">thought to remove this part from the</p>
  <p time="137400" is_ac="true">animal and cook it up and to make it</p>
  <p time="138840" is_ac="true">look like a five-star Meal look at this</p>
  <p time="142260" is_ac="true">it has a bold Smoky almost slightly</p>
  <p time="144840" is_ac="true">bitter flavor it's super soft nothing</p>
  <p time="146879" is_ac="true">like I've had before I would compare it</p>
  <p time="148319" is_ac="true">mostly to something between the brain</p>
  <p time="149640" is_ac="true">and a liver that's weird I mean I like</p>
  <p time="151620" is_ac="true">it it's weird in the best way possible</p>
  <p time="152940" is_ac="true">there's so much of it look how big this</p>
  <p time="154739" is_ac="true">is they do not shortchange their guests</p>
  <p time="156480" is_ac="true">on the thymus I mean if you come here</p>
  <p time="158160" is_ac="true">you're hungry for this and you might</p>
  <p time="159360" is_ac="true">have to split it with a friend there's</p>
  <p time="160440" is_ac="true">so much the best part about this very</p>
  <p time="162420" is_ac="true">strange food is they brought me a white</p>
  <p time="163860" is_ac="true">wine that they said actually pairs with</p>
  <p time="165660" is_ac="true">this sweet bread</p>
  <p time="168500" is_ac="true">yeah last thing I want to say about this</p>
  <p time="170700" is_ac="true">sweet bread I love the term sweet bread</p>
  <p time="172440" is_ac="true">because it is so euphemistic the only</p>
  <p time="174420" is_ac="true">way to get people to eat something like</p>
  <p time="175800" is_ac="true">this is to be like uh it's bread it's</p>
  <p time="178379" is_ac="true">basically bread what are you talking</p>
  <p time="179400" is_ac="true">about that doesn't look like bread what</p>
  <p time="180660" is_ac="true">kind of bread is it sweet bread just eat</p>
  <p time="183060" is_ac="true">it</p>
  <p time="183860" is_ac="true">so this is just our first course at this</p>
  <p time="186420" is_ac="true">restaurant at this point they're gonna</p>
  <p time="187680" is_ac="true">let me go into the kitchen and see how</p>
  <p time="189360" is_ac="true">they make a few of their other very</p>
  <p time="190739" is_ac="true">special unique Foods</p>
  <p time="195180" is_ac="true">this is our Chef for today she's going</p>
  <p time="196620" is_ac="true">to be preparing the frog legs step one</p>
  <p time="198480" is_ac="true">the frog legs are put in some flour</p>
  <p time="200340" is_ac="true">after the oil is heated up here in the</p>
  <p time="202200" is_ac="true">skillet it just goes directly on there a</p>
  <p time="204360" is_ac="true">little bit of salt giving them a little</p>
  <p time="205620" is_ac="true">bit of a flip more oil yes how do you</p>
  <p time="208680" is_ac="true">say butter in French butter in French</p>
  <p time="211319" is_ac="true">yeah next is a combination right here of</p>
  <p time="213720" is_ac="true">parsley and garlic the frog legs are</p>
  <p time="215519" is_ac="true">going to come out of the hot pan and</p>
  <p time="217319" is_ac="true">into a cast iron skillet and all that</p>
  <p time="219420" is_ac="true">butter is going to go right on top oh</p>
  <p time="221940" is_ac="true">yes finish that was our first food that</p>
  <p time="224400" is_ac="true">we get to see in the kitchen the second</p>
  <p time="225659" is_ac="true">one is snail so at this point the shells</p>
  <p time="227940" is_ac="true">are completely empty step one is to put</p>
  <p time="230159" is_ac="true">the snail meat back inside its shell all</p>
  <p time="232200" is_ac="true">the meat has actually been cooked</p>
  <p time="233400" is_ac="true">already in a broth and so it's actually</p>
  <p time="235080" is_ac="true">not going back into its original home</p>
  <p time="236760" is_ac="true">it's going into somebody else's shell</p>
  <p time="238260" is_ac="true">now it's all about the flavor this is a</p>
  <p time="240060" is_ac="true">butter she's putting inside it's a green</p>
  <p time="241739" is_ac="true">butter infused with garlic and parsley</p>
  <p time="244019" is_ac="true">these are fantastic next up we're gonna</p>
  <p time="245640" is_ac="true">put that in the oven and come back in</p>
  <p time="247440" is_ac="true">just a little bit say goodbye</p>
  <p time="250799" is_ac="true">the moment has come</p>
  <p time="252959" is_ac="true">the moment has not come</p>
  <p time="254100" is_ac="true">[Music]</p>
  <p time="256440" is_ac="true">and that is ready the butter is kind of</p>
  <p time="258720" is_ac="true">oozing out of some of these I can smell</p>
  <p time="260639" is_ac="true">the garlic right now it looks fantastic</p>
  <p time="262740" is_ac="true">I cannot wait to try this out</p>
  <p time="267240" is_ac="true">so we just came from the kitchen right</p>
  <p time="268620" is_ac="true">here we have the frog legs and the</p>
  <p time="270300" is_ac="true">snails the smells here are incredible</p>
  <p time="274540" is_ac="true">[Music]</p>
  <p time="276000" is_ac="true">right here we have the frog legs it's</p>
  <p time="277860" is_ac="true">okay just to eat these with your hands</p>
  <p time="279240" is_ac="true">just like you're eating a piece of</p>
  <p time="280320" is_ac="true">chicken this frog is incredibly flexible</p>
  <p time="281940" is_ac="true">it must have been a gymnast you can see</p>
  <p time="283440" is_ac="true">I love how they cook it at such a hot</p>
  <p time="285300" is_ac="true">temperature and so much oil that it just</p>
  <p time="287280" is_ac="true">crisps up the skin on the outside</p>
  <p time="291360" is_ac="true">that is so delicious there's nothing not</p>
  <p time="293040" is_ac="true">to like about that it tastes buttering</p>
  <p time="294479" is_ac="true">you taste the parsley the garlic until</p>
  <p time="295979" is_ac="true">you actually try it it does sound a</p>
  <p time="297720" is_ac="true">little bit strange people in France eat</p>
  <p time="299160" is_ac="true">frog legs but I think 90 of the people</p>
  <p time="301080" is_ac="true">watching right now they saw this in</p>
  <p time="302460" is_ac="true">front of them would not hesitate to try</p>
  <p time="303900" is_ac="true">it just the smells alone lure you in it</p>
  <p time="306000" is_ac="true">smells so good I wish you could replace</p>
  <p time="307440" is_ac="true">wing night in the US with frog leg night</p>
  <p time="309479" is_ac="true">because I could totally go for this Five</p>
  <p time="310979" is_ac="true">Frogs but only in front legs if you go</p>
  <p time="314100" is_ac="true">to Cambodia in Thailand Vietnam they're</p>
  <p time="315780" is_ac="true">gonna have all the meat actually they</p>
  <p time="317220" is_ac="true">eat the skin too I love what they're</p>
  <p time="318720" is_ac="true">doing here but I think uh I want the</p>
  <p time="320880" is_ac="true">rest of the Frog you know I'm paying for</p>
  <p time="322199" is_ac="true">Five Frogs five Souls where'd the rest</p>
  <p time="324180" is_ac="true">of the Frog go this brings us to our</p>
  <p time="325560" is_ac="true">final course here at this restaurant the</p>
  <p time="327180" is_ac="true">escargot the snails fresh out of the</p>
  <p time="329220" is_ac="true">oven what's amazing is they have snail</p>
  <p time="330780" is_ac="true">drawers inside you can see that they</p>
  <p time="332160" is_ac="true">have many different flavors of butter so</p>
  <p time="333539" is_ac="true">the butter has been infused with other</p>
  <p time="335160" is_ac="true">ingredients other flavors this one</p>
  <p time="336840" is_ac="true">though I think it's a great choice now</p>
  <p time="338460" is_ac="true">the thing is when you eat snails here</p>
  <p time="340020" is_ac="true">it's very different than in Vietnam</p>
  <p time="341759" is_ac="true">because they have a whole tool made just</p>
  <p time="343860" is_ac="true">for picking up this nail oh there you go</p>
  <p time="346080" is_ac="true">that snail ain't going anywhere with the</p>
  <p time="347940" is_ac="true">snail secure we take our little fork and</p>
  <p time="349860" is_ac="true">we dig for that piece of meat so</p>
  <p time="351300" is_ac="true">somewhere deep inside there butter</p>
  <p time="353340" is_ac="true">parsley garlic and then a big dark brown</p>
  <p time="356520" is_ac="true">gooey slimy snail let's try it out</p>
  <p time="362100" is_ac="true">hopefully but slightly soft too they</p>
  <p time="363720" is_ac="true">paired this with bread now the toasted</p>
  <p time="365280" is_ac="true">bread is cut thin because it's meant to</p>
  <p time="366900" is_ac="true">be stuck inside of the snail</p>
  <p time="368980" is_ac="true">[Music]</p>
  <p time="372979" is_ac="true">I gotta say I thought the snail holder</p>
  <p time="375180" is_ac="true">was Overkill it is very effective the</p>
  <p time="377280" is_ac="true">funniest part to me is that they just</p>
  <p time="378720" is_ac="true">boil random snails and put them in</p>
  <p time="380699" is_ac="true">random shells I'm a big snail fan ever</p>
  <p time="382380" is_ac="true">since moving to Vietnam I've had dozens</p>
  <p time="384240" is_ac="true">of different types of snails with</p>
  <p time="385259" is_ac="true">different preparations I love that and I</p>
  <p time="386940" is_ac="true">love this too well I gotta say here in</p>
  <p time="388319" is_ac="true">France snails are much more expensive</p>
  <p time="390240" is_ac="true">than a Vietnam this is lunch soon we're</p>
  <p time="392100" is_ac="true">gonna head to dinner at our next</p>
  <p time="393300" is_ac="true">location</p>
  <p time="395400" is_ac="true">this damn good</p>
  <p time="397100" is_ac="true">so we've had lunch already I've been</p>
  <p time="399360" is_ac="true">walking around all day I built up an</p>
  <p time="400919" is_ac="true">appetite and now we are here for dinner</p>
  <p time="402780" is_ac="true">a restaurant obviously called</p>
  <p time="408300" is_ac="true">probably this restaurant is 70 years old</p>
  <p time="410580" is_ac="true">here you're gonna find a lot of classic</p>
  <p time="411780" is_ac="true">French food and not just little bites</p>
  <p time="413699" is_ac="true">either they have some seriously big</p>
  <p time="415199" is_ac="true">heavy food here I'm gonna step into the</p>
  <p time="417060" is_ac="true">kitchen immediately to see how they whip</p>
  <p time="418500" is_ac="true">up one of their most unique dishes let's</p>
  <p time="420360" is_ac="true">go</p>
  <p time="422240" is_ac="true">right now I'm in the kitchen with</p>
  <p time="424380" is_ac="true">Kristoff Lemire here we have calf liver</p>
  <p time="427259" is_ac="true">it looks gorgeous it looks slippery I've</p>
  <p time="429419" is_ac="true">never had calf liver I'm not sure the</p>
  <p time="431220" is_ac="true">reason for it maybe it's more tender</p>
  <p time="432720" is_ac="true">maybe it's more innocent tasting we're</p>
  <p time="434460" is_ac="true">gonna see how they prepare it here in</p>
  <p time="435840" is_ac="true">just a moment let's do this he takes a</p>
  <p time="437759" is_ac="true">liver he's going to dredge that in a</p>
  <p time="439319" is_ac="true">little bit of flour the butter goes into</p>
  <p time="440699" is_ac="true">a hot Skillet dredge the liver once more</p>
  <p time="442740" is_ac="true">beat off some of that flour and then</p>
  <p time="444599" is_ac="true">boom</p>
  <p time="445800" is_ac="true">nice and easy right into that butter the</p>
  <p time="448740" is_ac="true">sound is incredible he starts basting it</p>
  <p time="451199" is_ac="true">he's putting the butter over the top</p>
  <p time="452580" is_ac="true">cooking it from both sides the smells in</p>
  <p time="454740" is_ac="true">here are incredible it's Rich it's</p>
  <p time="456360" is_ac="true">buttery next some garlic and a bay leaf</p>
  <p time="458759" is_ac="true">go inside</p>
  <p time="460319" is_ac="true">he gives it a little bit of a flip and</p>
  <p time="462120" is_ac="true">my gosh that is looking incredible I've</p>
  <p time="464280" is_ac="true">never seen a liver cooked this way where</p>
  <p time="465960" is_ac="true">it has almost a crust on the outside</p>
  <p time="469680" is_ac="true">here it's coming out of veal demi-glaze</p>
  <p time="472620" is_ac="true">look at that thick beautiful glaze</p>
  <p time="474800" is_ac="true">gently moves the liver over to the plate</p>
  <p time="478800" is_ac="true">first he puts on Lemon Capers parsley</p>
  <p time="482099" is_ac="true">and croutons</p>
  <p time="484440" is_ac="true">Chef Messi it looks incredible my first</p>
  <p time="487080" is_ac="true">time having calf liver let's go</p>
  <p time="490110" is_ac="true">[Music]</p>
  <p time="495259" is_ac="true">well bonjour Welcome to our first course</p>
  <p time="497880" is_ac="true">right here we've got the calf liver come</p>
  <p time="499800" is_ac="true">take a look at this the final</p>
  <p time="500879" is_ac="true">preparation I gotta say with the French</p>
  <p time="502440" is_ac="true">you got to give it up to him when it</p>
  <p time="503639" is_ac="true">comes to the presentation it is so soft</p>
  <p time="505500" is_ac="true">and bouncy you can tell it's definitely</p>
  <p time="507539" is_ac="true">not cooked all the way through this is</p>
  <p time="509160" is_ac="true">not well done that is certainly</p>
  <p time="510479" is_ac="true">intentional let's cut it and see how red</p>
  <p time="512640" is_ac="true">it is inside oh wow you can really feel</p>
  <p time="514979" is_ac="true">like the tissues break apart as you cut</p>
  <p time="516959" is_ac="true">it it is not like a piece of wagyu or</p>
  <p time="519180" is_ac="true">something like that</p>
  <p time="520440" is_ac="true">so it's not like it necessarily looks</p>
  <p time="522599" is_ac="true">you know super pink inside I'm gonna</p>
  <p time="524339" is_ac="true">scoop up some of that glaze let's try it</p>
  <p time="526260" is_ac="true">out all right first taste what do you</p>
  <p time="527700" is_ac="true">call this in French</p>
  <p time="529399" is_ac="true">my first taste here in France let's go</p>
  <p time="536519" is_ac="true">that is a very Bold Flavor the glaze</p>
  <p time="538800" is_ac="true">around it is sticky it's wonderful it</p>
  <p time="540779" is_ac="true">has a salty Savory beef flavor to it but</p>
  <p time="542760" is_ac="true">the liver itself is so intense it's</p>
  <p time="544680" is_ac="true">almost like a little bit gamey too very</p>
  <p time="546360" is_ac="true">strong taste</p>
  <p time="547740" is_ac="true">and the texture too almost like it's</p>
  <p time="549300" is_ac="true">spongy when you're biting through it not</p>
  <p time="551040" is_ac="true">dry at all it's funny because I said I</p>
  <p time="552660" is_ac="true">would like a white wine to go with it</p>
  <p time="553920" is_ac="true">and they said</p>
  <p time="555120" is_ac="true">um</p>
  <p time="556019" is_ac="true">that's not going to be strong enough how</p>
  <p time="557880" is_ac="true">about this</p>
  <p time="560540" is_ac="true">Bold Flavor to go with other bold</p>
  <p time="562740" is_ac="true">flavors that's intense this is one cup</p>
  <p time="564779" is_ac="true">of potatoes let's try that</p>
  <p time="567540" is_ac="true">[Music]</p>
  <p time="568680" is_ac="true">oh that's nice much better than KFC</p>
  <p time="570959" is_ac="true">sorry that was my white trash comparison</p>
  <p time="572580" is_ac="true">of the day there are a couple other</p>
  <p time="573899" is_ac="true">things on this menu that I have to try</p>
  <p time="575459" is_ac="true">out before leaving Paris</p>
  <p time="577520" is_ac="true">[Music]</p>
  <p time="579000" is_ac="true">course number two this is a pork Trotter</p>
  <p time="581519" is_ac="true">if you can see where the the hook splits</p>
  <p time="583380" is_ac="true">and then the skin right here it's not</p>
  <p time="585120" is_ac="true">crispy it's a little bit more soft when</p>
  <p time="586620" is_ac="true">you touch it it's not like a Filipino</p>
  <p time="588180" is_ac="true">crispy Pata it's more like you know a</p>
  <p time="590459" is_ac="true">French</p>
  <p time="591839" is_ac="true">it's more like a French pore Charter</p>
  <p time="593700" is_ac="true">where do you even begin with a</p>
  <p time="595080" is_ac="true">masterpiece like this you can see it</p>
  <p time="596640" is_ac="true">reveals the bones inside my guess is</p>
  <p time="598980" is_ac="true">that they probably Grill it and then</p>
  <p time="600540" is_ac="true">they put it in the oven to finish it off</p>
  <p time="601980" is_ac="true">and that is what's making this skin</p>
  <p time="603300" is_ac="true">right here so gummy let's try it out</p>
  <p time="606000" is_ac="true">[Music]</p>
  <p time="607760" is_ac="true">there's like a pork flavored gummy bear</p>
  <p time="610200" is_ac="true">unbelievably rich but super sticky just</p>
  <p time="612420" is_ac="true">sticking to the inside of your mouth as</p>
  <p time="613740" is_ac="true">you eat it it's a really clean but heavy</p>
  <p time="615720" is_ac="true">flavor and then on the side how do you</p>
  <p time="617279" is_ac="true">say that yeah</p>
  <p time="618500" is_ac="true">how do you say sauce</p>
  <p time="620660" is_ac="true">I want to try giving this a little bit</p>
  <p time="622860" is_ac="true">of a dip in the bangier sauce and see</p>
  <p time="624839" is_ac="true">what that does</p>
  <p time="628459" is_ac="true">the best bites so far that sauce is</p>
  <p time="631140" is_ac="true">everything the sauce has a beautiful</p>
  <p time="632459" is_ac="true">slightly sour element it just makes</p>
  <p time="634140" is_ac="true">everything taste a little bit lighter</p>
  <p time="635580" is_ac="true">this is like Garfunkel but this is Simon</p>
  <p time="637560" is_ac="true">you need Simon actually Simon's fine on</p>
  <p time="639420" is_ac="true">his own too turns out he didn't really</p>
  <p time="640560" is_ac="true">need Garfunkel but together still they</p>
  <p time="642360" is_ac="true">make beautiful music are the young</p>
  <p time="643680" is_ac="true">people still paying attention do you</p>
  <p time="644760" is_ac="true">know who I'm talking about</p>
  <p time="647270" is_ac="true">[Applause]</p>
  <p time="650160" is_ac="true">boom final course here this is kind of</p>
  <p time="652380" is_ac="true">similar to what we had already can you</p>
  <p time="653760" is_ac="true">look at that and distinguish what that</p>
  <p time="655260" is_ac="true">is give you a hint it's part of a pig</p>
  <p time="657060" is_ac="true">the you know this part it's the snout</p>
  <p time="659640" is_ac="true">I'm gonna try to use my Fork this time</p>
  <p time="661320" is_ac="true">wow that is just like pure fad this is</p>
  <p time="663600" is_ac="true">one of the most rich dishes I've ever</p>
  <p time="665339" is_ac="true">had in my life it's so soft it's been</p>
  <p time="667440" is_ac="true">cooked so long the meat and the fat just</p>
  <p time="669420" is_ac="true">peeled right off considering this is</p>
  <p time="671220" is_ac="true">almost like eating pure butter there we</p>
  <p time="672839" is_ac="true">go that is pork butter what I've learned</p>
  <p time="674519" is_ac="true">from the last dish is that this is so</p>
  <p time="676019" is_ac="true">much better with biane's sauce how was</p>
  <p time="678839" is_ac="true">that he's going yeah that's great</p>
  <p time="682800" is_ac="true">a delicious snout like skin and just</p>
  <p time="684899" is_ac="true">pure fat but when you mix it with that</p>
  <p time="686519" is_ac="true">sauce it's very lovely</p>
  <p time="689300" is_ac="true">so there's a patron saint of butchers I</p>
  <p time="692279" is_ac="true">bet you didn't know that his name is</p>
  <p time="693600" is_ac="true">Saint Antoine and this dish is called</p>
  <p time="695040" is_ac="true">the temptation of Saint Antoine and it's</p>
  <p time="696899" is_ac="true">all the stuff that will make him be</p>
  <p time="698760" is_ac="true">tempted take a look at that that is a</p>
  <p time="700440" is_ac="true">big old chunk of pig ear but it's mostly</p>
  <p time="702839" is_ac="true">just cartilage and skin let's give it a</p>
  <p time="704880" is_ac="true">little bit of a dip oh yes it's like</p>
  <p time="706620" is_ac="true">Doritos but better</p>
  <p time="708300" is_ac="true">oh delicious the ear itself is already</p>
  <p time="710040" is_ac="true">beautifully seasoned the skin around the</p>
  <p time="711540" is_ac="true">outside is a bit gummy chewing and then</p>
  <p time="713279" is_ac="true">you have that nice Snappy crunchy</p>
  <p time="715200" is_ac="true">cartilage on the inside it's been boiled</p>
  <p time="717000" is_ac="true">the perfect amount of time you wouldn't</p>
  <p time="718260" is_ac="true">want it any harder or any softer that is</p>
  <p time="720120" is_ac="true">awesome that is probably one of the best</p>
  <p time="721500" is_ac="true">pig ears I've ever had in my life for</p>
  <p time="723000" is_ac="true">most people that wouldn't be that many</p>
  <p time="724320" is_ac="true">ears but for me that's like uh 10 years</p>
  <p time="726540" is_ac="true">probably our final mystery need to end</p>
  <p time="728279" is_ac="true">our day of bizarre eating here in Paris</p>
  <p time="730260" is_ac="true">this is the tail what they've done is</p>
  <p time="731940" is_ac="true">they've taken off some of the skin but</p>
  <p time="733320" is_ac="true">they've left this right here towards the</p>
  <p time="734700" is_ac="true">end there's some muscle here I don't</p>
  <p time="736320" is_ac="true">even want to dip this this looks</p>
  <p time="737519" is_ac="true">incredible on its own</p>
  <p time="739200" is_ac="true">oh good it's like they have this</p>
  <p time="741180" is_ac="true">delicious seasoned flour some crumbs on</p>
  <p time="743279" is_ac="true">the outside it's savoring it's bold the</p>
  <p time="745920" is_ac="true">similar flavors to the other body parts</p>
  <p time="747360" is_ac="true">but just a different texture and that's</p>
  <p time="748740" is_ac="true">what's fun about eating something like</p>
  <p time="749820" is_ac="true">this is a lot of it's going to taste</p>
  <p time="751019" is_ac="true">similar but each body part is going to</p>
  <p time="752459" is_ac="true">have a little bit different texture so</p>
  <p time="753480" is_ac="true">we're gonna be chewing some are just</p>
  <p time="754620" is_ac="true">going to be completely gooey and fatty</p>
  <p time="756300" is_ac="true">and some like the ear are kind of Snappy</p>
  <p time="757920" is_ac="true">so this wraps up our dinner portion of</p>
  <p time="760079" is_ac="true">the day we've had lunch we've had dinner</p>
  <p time="761519" is_ac="true">we've been eating these bizarre French</p>
  <p time="763139" is_ac="true">foods for 24 hours it's time to conclude</p>
  <p time="765540" is_ac="true">the day</p>
  <p time="768000" is_ac="true">guys that is the end of our video for me</p>
  <p time="770040" is_ac="true">the most uh intimidating food was the</p>
  <p time="772320" is_ac="true">the liver of the calf so bold how can</p>
  <p time="774420" is_ac="true">you be so young but so bold before we go</p>
  <p time="777180" is_ac="true">I want to say a huge thank you to secret</p>
  <p time="778500" is_ac="true">Food Tours for making this video</p>
  <p time="779940" is_ac="true">possible they went around and did a lot</p>
  <p time="781500" is_ac="true">of the research for us so we could make</p>
  <p time="783000" is_ac="true">this video happen secret Food Tours at</p>
  <p time="785000" is_ac="true">secretfoodtours.com they do Food Tours</p>
  <p time="787200" is_ac="true">here in Paris if you come to Paris feel</p>
  <p time="789000" is_ac="true">limited time or if you just want to make</p>
  <p time="790320" is_ac="true">the most out of your time I highly</p>
  <p time="791820" is_ac="true">suggest doing a food tour and seeing the</p>
  <p time="793620" is_ac="true">best of what Paris has to offer guys</p>
  <p time="795060" is_ac="true">that is it for this one thank you so</p>
  <p time="796139" is_ac="true">much for watching I will see you next</p>
  <p time="797339" is_ac="true">time</p>
  <p time="799260" is_ac="true">all right I think there's still there's</p>
  <p time="801240" is_ac="true">got to be more unique stuff maybe an</p>
  <p time="802800" is_ac="true">endangered bird or a pigeon I keep</p>
  <p time="804240" is_ac="true">seeing so many pigeons I could eat a</p>
  <p time="805560" is_ac="true">pigeon</p>
  <p time="806940" is_ac="true">no I think I'll just uh get drunk</p>
  <p time="809220" is_ac="true">instead</p>
  <p time="811260" is_ac="true">welcome to the best ever merch store</p>
  <p time="813060" is_ac="true">where you can check out our brand new</p>
  <p time="814680" is_ac="true">designs best ever bandanas in black</p>
  <p time="817019" is_ac="true">white and red the please send nudes</p>
  <p time="819420" is_ac="true">hoodie pillow soft fabric with a quality</p>
  <p time="821700" is_ac="true">custom graphic inlay and our street food</p>
  <p time="824820" is_ac="true">around the world graphic tea</p>
  <p time="827100" is_ac="true">we're now shipping everywhere around the</p>
  <p time="829320" is_ac="true">world just visit</p>
  <p time="830839" is_ac="true">shopfestoverfood.com or click the link</p>
  <p time="832800" is_ac="true">in the description below to get your new</p>
  <p time="834540" is_ac="true">merch today a piece</p>
</text>
