<?xml version='1.0' encoding='UTF-8'?>
<text date_d="8" date_m="1" date_y="2019" format="srv3" age_limit="0" comment_count="6500" description="Y'all ever had 1 star INDIAN FOOD? well i have... and its not great... lol&#10;Join the #TAYLORFAM ► SUBSCRIBE FOR DAILY CONTENT! http://bit.ly/SubscribeToBrennen  &#10;Last Vlog ► https://www.youtube.com/watch?v=pZxhmtFbF5c&#10;MERCH ► http://www.BrennenTaylor.com/&#10;&#10;FOR BEHIND THE SCENES stuff add me on Snapchat ► BrennenTaylor http://www.snapchat.com/add/BrennenTaylor&#10;&#10;Hi I'm Brennen.  I'm a simple kind of dude who likes to make videos on the internet to share with a bunch of people who enjoy my content! #TaylorFam! :)&#10;&#10;Turn my notifs on to get shouted out tomorrow!: &#10;• http://www.twitter.com/BrennenTaylor&#10;• http://www.instagram.com/Brennen&#10;&#10;Shot by Jake: https://www.youtube.com/channel/UCnl0FL8Z4xOipVQpVQXt_JQ&#10;&#10;Check out :&#10;Jake: http://www.instagram.com/JakeTaylor&#10;Billy: http://www.instagram.com/thebido&#10;Kieren: http://www.instagram.com/hey_kez&#10;Vinny: http://www.instagram.com/vinnyandres&#10;&#10;Family friendly pg clean&#10;&#10;Intro/Outro song by: https://soundcloud.com/joakimkarud&#10;&#10;PO BOX: 3844 Chatsworth CA 91313-3844&#10;&#10;Brennen Taylor worst reviewed videos of 1 star yelp restaurants and businesses series" fulltitle="Eating At The Worst Reviewed Indian Restaurant In My City (Los Angeles)" like_count="61863" location="na" playlist_title="na" release_date="na" upload_date="20190108" repost_count="na" tags="brennentaylor; brennen taylor; brennen; taylor; eating at the worst reviewed restaurant in my city; worst reviewed restaurant in my city; 1 star indian food; indian food; 1 star of yelp; yelp 1 star reviews; worst reviewed; worst reviewed indian food; 1 star; eating at worst review restaurant in my city; eating at worst reviewed restaurant; 1 star restaurant review; 1 star food review; worst rated restaurant; trending; brennen taylor 1 star; worst reviewed part 4; yelp review; " title="Eating At The Worst Reviewed Indian Restaurant In My City (Los Angeles)" uploader="Brennen Taylor" view_count="2423573" webpage_url="https://www.youtube.com/watch?v=8C4WLYtvbuI" autocaption="true">
  <p time="30" is_ac="true">hello and welcome back to another</p>
  <p time="1770" is_ac="true">episode of my unfortunate life choices</p>
  <p time="4520" is_ac="true">today we're eating the one the only</p>
  <p time="7820" is_ac="true">Indian food what do you guys think of</p>
  <p time="10650" is_ac="true">this I feel like some curry car it's not</p>
  <p time="13139" is_ac="true">hard you're gonna be an area to the</p>
  <p time="15150" is_ac="true">bathroom so let's just get right to it</p>
  <p time="20279" is_ac="true">let's read these reviews and let's just</p>
  <p time="21990" is_ac="true">go eat some kebabs no they either tikka</p>
  <p time="24750" is_ac="true">that is anyways here we go terrible had</p>
  <p time="27480" is_ac="true">the worst experience in this restaurant</p>
  <p time="29279" is_ac="true">tried their butter chicken chicken tikka</p>
  <p time="31890" is_ac="true">oh that's what you were saying you can</p>
  <p time="33059" is_ac="true">think of and had to throw it away</p>
  <p time="34680" is_ac="true">entirely do not even step in here I</p>
  <p time="37920" is_ac="true">should have read the reviews before</p>
  <p time="39000" is_ac="true">trying this one out you know exactly</p>
  <p time="40320" is_ac="true">what we're ordering right chicken tikka</p>
  <p time="42480" is_ac="true">chicken tikka the food tastes so</p>
  <p time="45899" is_ac="true">disgusting and the owner is very rude</p>
  <p time="47640" is_ac="true">and the table really really dirty</p>
  <p time="49200" is_ac="true">overall I wanted to give half a star cuz</p>
  <p time="51270" is_ac="true">they tried to serve me some of their</p>
  <p time="52860" is_ac="true">food so we should meet the owner we</p>
  <p time="54449" is_ac="true">should definitely have a unit service</p>
  <p time="56370" is_ac="true">some chicken tikka boys next one yup</p>
  <p time="59460" is_ac="true">what is it</p>
  <p time="60359" is_ac="true">yuck whenever I bought meat from this</p>
  <p time="63030" is_ac="true">store I fell sick this happened twice</p>
  <p time="64920" is_ac="true">please don't buy raw meat from here best</p>
  <p time="67350" is_ac="true">place to buy fresh meat Jim's funk</p>
  <p time="69180" is_ac="true">market of this is pre promo for another</p>
  <p time="71310" is_ac="true">market we should also let people know</p>
  <p time="73229" is_ac="true">it's also a grocery store so we just all</p>
  <p time="77280" is_ac="true">got educated that this is not only a</p>
  <p time="79220" is_ac="true">restaurant but it's also a market so</p>
  <p time="81810" is_ac="true">maybe we should buy some of the food</p>
  <p time="82890" is_ac="true">after - in the market try that out what</p>
  <p time="88380" is_ac="true">you guys think about all that this one</p>
  <p time="89970" is_ac="true">has a verified checkpoint Sujit this is</p>
  <p time="92250" is_ac="true">a legit review legit one start here we</p>
  <p time="94530" is_ac="true">go</p>
  <p time="94829" is_ac="true">one word service just attitude and if</p>
  <p time="100680" is_ac="true">you're looking for cleanliness you may</p>
  <p time="102540" is_ac="true">as well actually eat you know choice</p>
  <p time="111990" is_ac="true">vocabulary if you are lucky you will get</p>
  <p time="114299" is_ac="true">your order taken within one hour and</p>
  <p time="116219" is_ac="true">that is if you are the only one in life</p>
  <p time="118259" is_ac="true">wow it's like slow service yes the guy</p>
  <p time="121200" is_ac="true">with the beard is a dishonest cheat has</p>
  <p time="123390" is_ac="true">overcharged me quite a few times so</p>
  <p time="125219" is_ac="true">double check after your double check it</p>
  <p time="127049" is_ac="true">looks like we need to do a quadruple</p>
  <p time="128160" is_ac="true">check boys</p>
  <p time="129390" is_ac="true">you can't get you can't scan a scammer</p>
  <p time="131810" is_ac="true">let's delete all right with that being</p>
  <p time="135990" is_ac="true">said I think that's enough reviews so</p>
  <p time="137220" is_ac="true">let's go on and eat some Indian food</p>
  <p time="138690" is_ac="true">chicken tikka for the boys this kid</p>
  <p time="140400" is_ac="true">might be a little worst Walt this is</p>
  <p time="141569" is_ac="true">definitely gonna be the worst if you</p>
  <p time="161160" is_ac="true">know the Holyman Helene is all the beans</p>
  <p time="166770" is_ac="true">and meat together racial I care thank</p>
  <p time="169320" is_ac="true">you</p>
  <p time="169950" is_ac="true">I mean the menu looks good okay so you</p>
  <p time="181350" is_ac="true">guys want to know what time is it's</p>
  <p time="182670" is_ac="true">bathroom review time</p>
  <p time="185300" is_ac="true">okay so here's in the bathroom kind of</p>
  <p time="188550" is_ac="true">sink in here this whole place it's kind</p>
  <p time="189750" is_ac="true">of really gross let me show you all</p>
  <p time="192150" is_ac="true">right so we got some nice paintings</p>
  <p time="193970" is_ac="true">really nice paintings not much older</p>
  <p time="199380" is_ac="true">I'm not going to discriminate but like</p>
  <p time="201360" is_ac="true">come on well it seems kind of clean bad</p>
  <p time="205440" is_ac="true">just kind of no you know I mean but</p>
  <p time="207829" is_ac="true">we're working with what we got here you</p>
  <p time="210120" is_ac="true">know please do not throw a paper towels</p>
  <p time="212220" is_ac="true">in this women okay we'll all see that</p>
  <p time="214470" is_ac="true">what is this man what is there a big</p>
  <p time="217320" is_ac="true">like claw like what are you supposed to</p>
  <p time="220170" is_ac="true">do like yeah until the paper stuck we</p>
  <p time="221940" is_ac="true">can put it down there got a big trash</p>
  <p time="224250" is_ac="true">man it's a pretty basic bathroom it's</p>
  <p time="227459" is_ac="true">pretty gross everything about it is kind</p>
  <p time="229739" is_ac="true">of dirty and nasty but let's go get some</p>
  <p time="232410" is_ac="true">food now come on</p>
  <p time="233780" is_ac="true">all right so first impressions it looks</p>
  <p time="235760" is_ac="true">kind of good this is a whole foot man</p>
  <p time="239000" is_ac="true">this is a plane my thing</p>
  <p time="247890" is_ac="true">police being super impatient so let him</p>
  <p time="249750" is_ac="true">take his first bite I'm distributed I've</p>
  <p time="252960" is_ac="true">actually had Indian food one time in my</p>
  <p time="254850" is_ac="true">life and it was the first time I had it</p>
  <p time="256620" is_ac="true">I had it in London so this is gonna be a</p>
  <p time="258630" is_ac="true">hard mix up because that was a five-star</p>
  <p time="260459" is_ac="true">place and this one is anyone start</p>
  <p time="262320" is_ac="true">playing so how do I eat this bro that</p>
  <p time="281160" is_ac="true">was not edible</p>
  <p time="282440" is_ac="true">hey it's spicy all right Billy's gonna</p>
  <p time="286830" is_ac="true">try something what is that Billy but a</p>
  <p time="288360" is_ac="true">chicken so bad but good so what is this</p>
  <p time="296460" is_ac="true">doesn't even [ __ ] chicken tikka okay</p>
  <p time="298050" is_ac="true">so this is the chicken tikka that they</p>
  <p time="299340" is_ac="true">were talking on the reviews I'm gonna</p>
  <p time="300810" is_ac="true">give it my hundred percent real honest</p>
  <p time="302640" is_ac="true">review okay here we go</p>
  <p time="308290" is_ac="true">but a little chewy but it's not bad it's</p>
  <p time="310660" is_ac="true">spicy I think the quality of chicken is</p>
  <p time="312520" is_ac="true">not the best but its flavored gut it's</p>
  <p time="314950" is_ac="true">it's it's spicy okay it's like patty</p>
  <p time="318910" is_ac="true">chicken but the seasoning and flavor of</p>
  <p time="321760" is_ac="true">it is very good yeah so yeah you can</p>
  <p time="325690" is_ac="true">taste the chicken but it's good what is</p>
  <p time="375550" is_ac="true">it</p>
  <p time="378040" is_ac="true">this go great this is going you're</p>
  <p time="381070" is_ac="true">spillin never had this before give it a</p>
  <p time="383620" is_ac="true">go</p>
  <p time="385800" is_ac="true">hey here we go I don't get the strings</p>
  <p time="390620" is_ac="true">it's gonna get hit my spice off but yeah</p>
  <p time="397820" is_ac="true">I don't like that I don't like that at</p>
  <p time="401280" is_ac="true">all yo our stomachs are gonna be screwed</p>
  <p time="403230" is_ac="true">after this place I guess in the Indian</p>
  <p time="406500" is_ac="true">food culture they eat the spread they</p>
  <p time="408030" is_ac="true">eat with anything or did you say hummus</p>
  <p time="411000" is_ac="true">or pita bread it's coffee</p>
  <p time="412889" is_ac="true">give me a ghost I'd dip it in some sauce</p>
  <p time="414180" is_ac="true">too I'll dip it in the goat sauce you</p>
  <p time="415860" is_ac="true">know this is the best part how dumb this</p>
  <p time="423360" is_ac="true">weird-looking chicken best you guys know</p>
  <p time="428040" is_ac="true">I mean rice tests looks good you know I</p>
  <p time="430590" is_ac="true">mean like it looks nice oh yeah it's</p>
  <p time="435419" is_ac="true">hard I'm the guy that tells you guys the</p>
  <p time="439860" is_ac="true">truth all these other guys that are</p>
  <p time="441000" is_ac="true">making these kinds of videos they're</p>
  <p time="441930" is_ac="true">going out there and they're like eating</p>
  <p time="444210" is_ac="true">like food like you'll buy it when</p>
  <p time="445680" is_ac="true">they're done we're actually eating this</p>
  <p time="446940" is_ac="true">so like you guys are gonna know a whole</p>
  <p time="448740" is_ac="true">progression of our stomachs trying to</p>
  <p time="452000" is_ac="true">you know break down this food later I</p>
  <p time="454410" is_ac="true">think I'm gonna try to bite some of the</p>
  <p time="456030" is_ac="true">meat off of this hoof huh it's called a</p>
  <p time="458250" is_ac="true">hoof hoof yeah</p>
  <p time="464919" is_ac="true">oh that's been really spicy oh that's</p>
  <p time="466750" is_ac="true">really gross humming you're supposed to</p>
  <p time="469090" is_ac="true">eat that are you just go slap this -</p>
  <p time="471030" is_ac="true">that would make a lot more sense that's</p>
  <p time="473620" is_ac="true">- this is not edible</p>
  <p time="475240" is_ac="true">no no there's kind of like a little meat</p>
  <p time="477039" is_ac="true">down here well that's his paw I just</p>
  <p time="482469" is_ac="true">pictured my dog's paw as though inviting</p>
  <p time="484120" is_ac="true">that this string is like that's it</p>
  <p time="485830" is_ac="true">that's the nasty Dinah - choked on some</p>
  <p time="516010" is_ac="true">of the goat foot we haven't had a lot of</p>
  <p time="517570" is_ac="true">Union food so like I can't necessarily</p>
  <p time="519430" is_ac="true">tell if this is good or not like how</p>
  <p time="521289" is_ac="true">about you besides the fact that we're</p>
  <p time="524680" is_ac="true">really really hungry I mean the spices</p>
  <p time="528100" is_ac="true">all right it's there but I don't know</p>
  <p time="530709" is_ac="true">it's like everything is oily like and a</p>
  <p time="534550" is_ac="true">little bit creamy at the same time like</p>
  <p time="535990" is_ac="true">this that string I've never even string</p>
  <p time="540430" is_ac="true">before initially all right then I went</p>
  <p time="547029" is_ac="true">for the second bite and he's realized he</p>
  <p time="551170" is_ac="true">goes rock</p>
  <p time="555520" is_ac="true">okay I know all this thinking has holes</p>
  <p time="556990" is_ac="true">there listen listen I'm gonna forgot to</p>
  <p time="561220" is_ac="true">talk about this on camera so we're gonna</p>
  <p time="563230" is_ac="true">cut into something right now okay in</p>
  <p time="564880" is_ac="true">here</p>
  <p time="565180" is_ac="true">yes doing great okay so so we can talk</p>
  <p time="569020" is_ac="true">about this before but we're gonna cut</p>
  <p time="570160" is_ac="true">into it right now but Jake and Vinny</p>
  <p time="571660" is_ac="true">actually found mold in the frigerator so</p>
  <p time="574330" is_ac="true">here's a shot of that keep in mind while</p>
  <p time="575800" is_ac="true">we're eating all this food</p>
  <p time="576940" is_ac="true">here's the mold pretty gross and I'm</p>
  <p time="579820" is_ac="true">actually kind of full now yeah</p>
  <p time="580990" is_ac="true">surprising how that happens you know I'm</p>
  <p time="583420" is_ac="true">still hungry chicken tikka is supposed</p>
  <p time="585490" is_ac="true">to have this kind of sauce me well when</p>
  <p time="590740" is_ac="true">you cook guys will be kinda stringy it's</p>
  <p time="592630" is_ac="true">like if you roast it it doesn't</p>
  <p time="593890" is_ac="true">something you haven't driving I'll give</p>
  <p time="595900" is_ac="true">it one big bite on camera because I care</p>
  <p time="597430" is_ac="true">about my subscribers and I really want</p>
  <p time="598600" is_ac="true">to give them the best taste and I can go</p>
  <p time="599890" is_ac="true">ahead for Street</p>
  <p time="600880" is_ac="true">oh come on Oh</p>
  <p time="608240" is_ac="true">don't hate it come on Jason I really did</p>
  <p time="620490" is_ac="true">I bite my tongue come on you're playing</p>
  <p time="622850" is_ac="true">this respectful that's full of it yeah</p>
  <p time="626040" is_ac="true">all right wants while the rest I already</p>
  <p time="627540" is_ac="true">saw half of it you pretty much done this</p>
  <p time="629370" is_ac="true">finish it my mama raised no quitter</p>
  <p time="632870" is_ac="true">what you done with some of that mango</p>
  <p time="634680" is_ac="true">lassi yeah well that's burning my throat</p>
  <p time="639090" is_ac="true">yo as you guys can see what we ate was</p>
  <p time="641280" is_ac="true">kind of only the chicken in the bread</p>
  <p time="642480" is_ac="true">all the soups are still there because</p>
  <p time="644190" is_ac="true">they typically taste good</p>
  <p time="646710" is_ac="true">I don't know man anyways I'm gonna pay</p>
  <p time="650160" is_ac="true">for this bill and so much this is right</p>
  <p time="651390" is_ac="true">to be around like 45 50 bucks off</p>
  <p time="654270" is_ac="true">everything lady drinks</p>
  <p time="658070" is_ac="true">do we need the paper and you have it</p>
  <p time="659600" is_ac="true">I'll grab it I'll buy a prayer you guys</p>
  <p time="676430" is_ac="true">know splitter stores everywhere and you</p>
  <p time="686000" is_ac="true">guys have some drinks</p>
  <p time="686779" is_ac="true">one one one one all right 38 91 chicken</p>
  <p time="691130" is_ac="true">jerk chicken jerk chickens all right you</p>
  <p time="692930" is_ac="true">guys some try some I just opened it good</p>
  <p time="695240" is_ac="true">yeah I do it for work this is not the</p>
  <p time="698149" is_ac="true">same visit now I'm a daddy I'll give it</p>
  <p time="700459" is_ac="true">a go</p>
  <p time="700910" is_ac="true">I'm gonna take now you guys want sure</p>
  <p time="702769" is_ac="true">okay yeah yeah turkey sucked</p>
  <p time="708950" is_ac="true">that turkey was not doing that</p>
  <p time="711390" is_ac="true">sorry was a bit I was gonna swallow</p>
  <p time="713070" is_ac="true">anything so what are your initial</p>
  <p time="714660" is_ac="true">thoughts Billy bright wasn't too bad</p>
  <p time="716760" is_ac="true">like the review said that God was real</p>
  <p time="719010" is_ac="true">super nice super nice guy awful really</p>
  <p time="721470" is_ac="true">cool I appreciate it the chicken tikka</p>
  <p time="723450" is_ac="true">was it was it was not bad but it was not</p>
  <p time="726079" is_ac="true">good yet I mean like I'm sure there was</p>
  <p time="729360" is_ac="true">probably something better yeah but like</p>
  <p time="731519" is_ac="true">but for what it was we go out there to</p>
  <p time="733620" is_ac="true">try things long for bus places you're</p>
  <p time="735690" is_ac="true">like it did you're right okay okay I'm</p>
  <p time="745350" is_ac="true">gonna end this videos early thank you</p>
  <p time="747899" is_ac="true">guys for watching if you want to see</p>
  <p time="748680" is_ac="true">more one star reviews let me know in the</p>
  <p time="750329" is_ac="true">comments below</p>
  <p time="751110" is_ac="true">what do you want to see me do next I</p>
  <p time="752850" is_ac="true">will do it because I am a sick bastard</p>
  <p time="754649" is_ac="true">and that's what I do love you guys so</p>
  <p time="756360" is_ac="true">much thank you so much for all the</p>
  <p time="757170" is_ac="true">support and continued support that you</p>
  <p time="758610" is_ac="true">guys for listening to my music if you</p>
  <p time="759990" is_ac="true">haven't already go stream it is in the</p>
  <p time="761730" is_ac="true">description below get the new merch</p>
  <p time="763079" is_ac="true">brennentaylor comments most farmers in</p>
  <p time="764640" is_ac="true">the game I love you guys I'm gonna go</p>
  <p time="765600" is_ac="true">check on caring cuz poor guys throwing</p>
  <p time="767250" is_ac="true">up out there alright see you guys later</p>
  <p time="768750" is_ac="true">peace</p>
  <p time="773279" is_ac="true">buying drinks all weekend done all right</p>
  <p time="775510" is_ac="true">you got this make sure you guys check</p>
  <p time="797740" is_ac="true">out yesterday's video and also make sure</p>
  <p time="799570" is_ac="true">you hit that subscribe button right now</p>
  <p time="801070" is_ac="true">and turn on post notifications so you</p>
  <p time="802600" is_ac="true">never miss a post follow me on my other</p>
  <p time="803980" is_ac="true">social medias and I'll see you guys</p>
  <p time="805330" is_ac="true">tomorrow peace out</p>
</text>
