<?xml version='1.0' encoding='UTF-8'?>
<text date_d="2" date_m="12" date_y="2022" format="srv3" age_limit="0" comment_count="55" description="🔴 NEW Weight Loss Recipes eBook - https://www.thecheaplazyvegan.com/no-more-cabbage-soup&#10;&#10;BUSINESS INQUIRIES: hello@thecheaplazyvegan.com&#10;&#10;In this video: &#10;I ate at TOFU VEGAN, which was the most highly recommended vegan restaurant in London, UK when I asked everyone where I should eat. This is how it went! I also visited a vegan event in London, took a stroll around Hackney Wick and went to my friends' place for a pizza party! Enjoy~ &#10;&#10;❤️ MORE VIDEOS YOU'LL LOVE ❤️ &#10;➥ Vegan Eats in LONDON - https://bit.ly/2k76gKA&#10;&#10;MY NEW SHORTS CHANNEL - https://www.youtube.com/channel/UCS_6_6KoUGdi90UeETK2BUA/&#10;&#10;Get my FREE Sauces Mini eBook by getting on my EMAIL LIST - https://www.thecheaplazyvegan.com/freesauces/&#10;&#10;✅ LISTEN TO OUR PODCAST (The SaVeg Podcast) - &#10;★ PATREON (bonus episodes &amp; more) - http://www.patreon.com/thesavegpodcast&#10;★ LISTEN - https://linktr.ee/thesavegpodcast&#10;★ WATCH (SUBSCRIBE) - http://www.youtube.com/thesavegpodcast&#10;&#10;✅ MY VEGAN CAFE -&#10;★ Follow on IG - http://www.instagram.com/savegyyc&#10;★ Our website - http://www.savegcafe.ca&#10;&#10;✅  SHORTS CHANNEL - https://www.youtube.com/channel/UCS_6_6KoUGdi90UeETK2BUA&#10;✅ MY VLOG CHANNEL - http://www.youtube.com/therosatron88&#10;&#10;&#10;Note: This is not a sponsored video. &#10;&#10;&#10;CONNECT WITH ME &#10;********************&#10;★ Business inquiries ONLY: hello@thecheaplazyvegan.com&#10;★ Instagram: http://www.instagram.com/cheaplazyvegan @cheaplazyvegan&#10;★ TikTok: @cheaplazyvegan&#10;★ Website/blog: http://www.thecheaplazyvegan.com&#10;★ Facebook: http://www.facebook.com/cheaplazyvegan&#10;★ Twitter: http://www.twitter.com/cheaplazyvegan&#10;★ Personal Instagram: @therosatron&#10;&#10;——&#10;&#10;PRODUCTS I USE &amp; DISCOUNT CODES&#10;********************&#10;Note: These are affiliate links, meaning I will make a small commission/reward if you purchase any products using these links. &#10;&#10;SHOP MY RECOMMENDED PRODUCTS (my amazon shop) - &#10;USA - https://www.amazon.com/shop/cheaplazyvegan &#10;Canada - https://www.amazon.ca/shop/cheaplazyvegan&#10;&#10;★ FREE AUDIOBOOK &amp; 1 MONTH TRIAL - http://www.audibletrial.com/cheaplazyvegan&#10;&#10;★ iHERB.com   5% instant discount on any iHerb order with code CJW878&#10;http://www.iherb.com/iherb-brands?rcode=CJW878&#10;&#10;——&#10;&#10;♫ MUSIC ♫ &#10;By www.epidemicsound.com&#10;&#10;#vegan #vlog #london" fulltitle="Eating at the MOST RECOMMENDED VEGAN RESTAURANT in London, UK!" like_count="693" location="na" playlist_title="na" release_date="na" upload_date="20221202" repost_count="na" tags="cheap lazy vegan; whole foods plant based diet; plant based diet; plant based; vegan diet benefits; what is a vegan diet; what can vegans eat; vegan recipes; easy vegan recipes; 10 minute vegan recipe; budget friendly vegan recipe; budget friendly; VEGAN; recipes; recipe; veganuary; vegan peking duck; tofu vegan london; tofu vegan; london vegan restaurants; vegan london restaurants; london vegan eats; best reviewed london vegan restaurant; eating at the best reviewed restaurant; " title="Eating at the MOST RECOMMENDED VEGAN RESTAURANT in London, UK!" uploader="Cheap Lazy Vegan" view_count="13302" webpage_url="https://www.youtube.com/watch?v=mYFSNyD_4_Q" autocaption="true">
  <p time="0" is_ac="true">foreign</p>
  <p time="1700" is_ac="true">[Music]</p>
  <p time="19240" is_ac="true">[Music]</p>
  <p time="30840" is_ac="true">let's try this chili oil wonton</p>
  <p time="34500" is_ac="true">foreign</p>
  <p time="36980" is_ac="true">[Music]</p>
  <p time="55010" is_ac="true">[Music]</p>
  <p time="72060" is_ac="true">yes</p>
  <p time="75830" is_ac="true">[Music]</p>
  <p time="85439" is_ac="true">oh my God I'm sorry but those wontons</p>
  <p time="87659" is_ac="true">were so good</p>
  <p time="89600" is_ac="true">[Music]</p>
  <p time="100040" is_ac="true">that's me</p>
  <p time="102439" is_ac="true">it fit me or nothing you don't think it</p>
  <p time="105420" is_ac="true">tastes meaty it tastes</p>
  <p time="107860" is_ac="true">[Music]</p>
  <p time="114439" is_ac="true">it's very good</p>
  <p time="118420" is_ac="true">[Music]</p>
  <p time="126380" is_ac="true">try that [ __ ]</p>
  <p time="130560" is_ac="true">oh my God</p>
  <p time="135300" is_ac="true">that's so good</p>
  <p time="137459" is_ac="true">oh my god really good</p>
  <p time="141400" is_ac="true">[Music]</p>
  <p time="143160" is_ac="true">crazy</p>
  <p time="144650" is_ac="true">[Music]</p>
  <p time="152020" is_ac="true">[Music]</p>
  <p time="155280" is_ac="true">now I'm telling you Asians know how to</p>
  <p time="156780" is_ac="true">do the vegan food</p>
  <p time="160500" is_ac="true">wait right there the page didn't rely on</p>
  <p time="163019" is_ac="true">meat flavors</p>
  <p time="167720" is_ac="true">just played it with lemongrass and like</p>
  <p time="170940" is_ac="true">herbs and that kind of stuff</p>
  <p time="173380" is_ac="true">[Music]</p>
  <p time="177420" is_ac="true">again</p>
  <p time="178680" is_ac="true">enjoying the race</p>
  <p time="182900" is_ac="true">what do we got</p>
  <p time="185040" is_ac="true">[Music]</p>
  <p time="190860" is_ac="true">um Monday</p>
  <p time="191880" is_ac="true">[Music]</p>
  <p time="202760" is_ac="true">oh it's on delivery okay</p>
  <p time="205930" is_ac="true">[Music]</p>
  <p time="208580" is_ac="true">this looks like rock what the hell come</p>
  <p time="211680" is_ac="true">on</p>
  <p time="212700" is_ac="true">Rosie and Peking duck for the first time</p>
  <p time="214260" is_ac="true">in years</p>
  <p time="217620" is_ac="true">what do I do</p>
  <p time="221040" is_ac="true">some cucumber</p>
  <p time="222799" is_ac="true">I'm just</p>
  <p time="224580" is_ac="true">what could only be described as duck</p>
  <p time="226700" is_ac="true">what the hell</p>
  <p time="228959" is_ac="true">it looks so real</p>
  <p time="236420" is_ac="true">okay let's</p>
  <p time="239400" is_ac="true">I forgot how to eat this</p>
  <p time="252280" is_ac="true">[Laughter]</p>
  <p time="252299" is_ac="true">is</p>
  <p time="257160" is_ac="true">picking dog</p>
  <p time="271759" is_ac="true">what is it</p>
  <p time="275040" is_ac="true">I don't know yet</p>
  <p time="277360" is_ac="true">[Music]</p>
  <p time="287040" is_ac="true">have I have anyone this is me</p>
  <p time="289800" is_ac="true">[Music]</p>
  <p time="292979" is_ac="true">I don't understand I don't like would</p>
  <p time="295440" is_ac="true">you be able to tell the difference</p>
  <p time="298680" is_ac="true">it's not even taste ever so slightly</p>
  <p time="300360" is_ac="true">right it's like um</p>
  <p time="304880" is_ac="true">right it's hard to tell yeah oh my God I</p>
  <p time="308100" is_ac="true">understand I'm moving to London that's</p>
  <p time="310440" is_ac="true">it</p>
  <p time="312120" is_ac="true">I could bring my family here they</p>
  <p time="313680" is_ac="true">wouldn't have known oh my God you</p>
  <p time="315240" is_ac="true">totally should</p>
  <p time="318660" is_ac="true">be crazy</p>
  <p time="323220" is_ac="true">with my childhood</p>
  <p time="327410" is_ac="true">[Music]</p>
  <p time="338120" is_ac="true">because I'm in garage Hill this morning</p>
  <p time="341220" is_ac="true">I'm going for a walk to Alexandra Palace</p>
  <p time="344759" is_ac="true">the clouds are looking somewhat decent</p>
  <p time="348720" is_ac="true">there happens to be some vegan I don't</p>
  <p time="352259" is_ac="true">know if it's a festival</p>
  <p time="354120" is_ac="true">conference some sort of vegan event</p>
  <p time="356580" is_ac="true">happening at Alexandra Palace and it</p>
  <p time="359220" is_ac="true">just happened to fall in the time that</p>
  <p time="360780" is_ac="true">I'm in London so I thought I would pay a</p>
  <p time="362940" is_ac="true">little visit mainly to eat it's funny</p>
  <p time="365220" is_ac="true">because yesterday I was like eating so</p>
  <p time="366300" is_ac="true">much food and the last couple days I</p>
  <p time="368100" is_ac="true">feel like I've just been overeating</p>
  <p time="369240" is_ac="true">because of the overeating my stomach's</p>
  <p time="371100" is_ac="true">been hurting like I can't digest my body</p>
  <p time="373259" is_ac="true">is like kind of breaking down but then</p>
  <p time="375780" is_ac="true">by the time I digest everything and I'm</p>
  <p time="377940" is_ac="true">hungry again I'm like okay where to next</p>
  <p time="380400" is_ac="true">what should I eat now so anyway I</p>
  <p time="382440" is_ac="true">decided to go for a little stroll</p>
  <p time="383520" is_ac="true">because I figured you know gotta get my</p>
  <p time="387000" is_ac="true">exercise in before shoving in food into</p>
  <p time="389340" is_ac="true">my face because I feel like I feel like</p>
  <p time="390720" is_ac="true">if I was moving just as much as I was</p>
  <p time="392100" is_ac="true">eating I wouldn't feel so like bloated</p>
  <p time="394020" is_ac="true">and gross and digested and just like not</p>
  <p time="396600" is_ac="true">the best but because I'm just like even</p>
  <p time="398460" is_ac="true">though I am walking a lot I feel like</p>
  <p time="400139" is_ac="true">the amount I'm eating and drinking is</p>
  <p time="401759" is_ac="true">just like Beyond what's normal so</p>
  <p time="405000" is_ac="true">anyways I'm heading to Alexandra Palace</p>
  <p time="408660" is_ac="true">anyways I'm walking through Crouch end</p>
  <p time="410759" is_ac="true">which</p>
  <p time="412800" is_ac="true">I think is nice</p>
  <p time="415020" is_ac="true">got my coffee</p>
  <p time="426840" is_ac="true">foreign</p>
  <p time="429360" is_ac="true">[Music]</p>
  <p time="434530" is_ac="true">[Music]</p>
  <p time="443340" is_ac="true">to get to the actual</p>
  <p time="445500" is_ac="true">Palace part</p>
  <p time="448560" is_ac="true">here it is</p>
  <p time="449650" is_ac="true">[Music]</p>
  <p time="455170" is_ac="true">[Music]</p>
  <p time="460440" is_ac="true">foreign</p>
  <p time="465490" is_ac="true">[Music]</p>
  <p time="499879" is_ac="true">thank you</p>
  <p time="502560" is_ac="true">[Music]</p>
  <p time="510330" is_ac="true">[Music]</p>
  <p time="524099" is_ac="true">foreign</p>
  <p time="524410" is_ac="true">[Music]</p>
  <p time="530780" is_ac="true">[Music]</p>
  <p time="545010" is_ac="true">[Laughter]</p>
  <p time="552550" is_ac="true">[Music]</p>
  <p time="558840" is_ac="true">[Applause]</p>
  <p time="567420" is_ac="true">foreign</p>
  <p time="572540" is_ac="true">I requested Tim to follow me on my cheap</p>
  <p time="575640" is_ac="true">laser vegan accounts now I really follow</p>
  <p time="577920" is_ac="true">you I mean I requested me to follow you</p>
  <p time="579779" is_ac="true">sorry</p>
  <p time="580760" is_ac="true">okay are you just follow me</p>
  <p time="583940" is_ac="true">I follow you on my personal account hi</p>
  <p time="586740" is_ac="true">Nate come here</p>
  <p time="591480" is_ac="true">this is part of my video you know this</p>
  <p time="593820" is_ac="true">is part of art also this is the semolina</p>
  <p time="597120" is_ac="true">yeah this is very key okay</p>
  <p time="601700" is_ac="true">look at you Max</p>
  <p time="604850" is_ac="true">[Music]</p>
  <p time="607279" is_ac="true">help him</p>
  <p time="609779" is_ac="true">he just leaves</p>
  <p time="612470" is_ac="true">[Music]</p>
  <p time="615120" is_ac="true">[Applause]</p>
  <p time="616459" is_ac="true">which we failed last time okay this is</p>
  <p time="619019" is_ac="true">the pizza stone used to be very hot okay</p>
  <p time="621860" is_ac="true">and is it hot well it's hot before it</p>
  <p time="624540" is_ac="true">was not hot okay</p>
  <p time="626360" is_ac="true">[Music]</p>
  <p time="628680" is_ac="true">no no it's okay okay I'll get I'll get</p>
  <p time="630779" is_ac="true">the coming out oh look at that</p>
  <p time="634950" is_ac="true">[Music]</p>
  <p time="643519" is_ac="true">oh man</p>
  <p time="645040" is_ac="true">[Music]</p>
  <p time="649459" is_ac="true">look at you</p>
  <p time="651360" is_ac="true">oh [ __ ]</p>
  <p time="654390" is_ac="true">[Music]</p>
  <p time="660320" is_ac="true">why does it burn so fast</p>
  <p time="663500" is_ac="true">what was the last one the last one was</p>
  <p time="666120" is_ac="true">the vegan one</p>
  <p time="668040" is_ac="true">yes good job wow</p>
  <p time="676720" is_ac="true">[Music]</p>
  <p time="686899" is_ac="true">it looks delicious I'm excited</p>
  <p time="697620" is_ac="true">thank you</p>
  <p time="699959" is_ac="true">foreign</p>
  <p time="703510" is_ac="true">[Music]</p>
  <p time="722100" is_ac="true">[Music]</p>
  <p time="736580" is_ac="true">[Music]</p>
  <p time="748640" is_ac="true">what the [ __ ] is he doing</p>
  <p time="750640" is_ac="true">[Music]</p>
  <p time="753180" is_ac="true">are you making fun of me</p>
  <p time="755040" is_ac="true">no he was here</p>
  <p time="758940" is_ac="true">[Music]</p>
  <p time="773880" is_ac="true">foreign</p>
  <p time="784110" is_ac="true">[Music]</p>
  <p time="808820" is_ac="true">thank you</p>
  <p time="818300" is_ac="true">thank you</p>
</text>
