<?xml version='1.0' encoding='UTF-8'?>
<text date_d="17" date_m="2" date_y="2023" format="srv3" age_limit="0" comment_count="259" description="GORDON HAS A NEW RESTAURANT ! WE VISITED IT THIS IS OUR THOUGHTS! &#10;Stream my music: https://li.sten.to/notmyfriend&#10;MY GAMING CHANNEL: @VideoGaming &#10;https://www.youtube.com/channel/UC0fGpCgFiTAwiGPMrjkPLmQ&#10;Text me: 323-405-9940&#10;FREE Spotify Playlist ► https://open.spotify.com/playlist/2FE6ofE15fQyN995nCOq9d&#10;&#10;Join the #TAYLORFAM ►http://bit.ly/SubscribeToBrennen &#10;&#10;Last Vlog ► https://www.youtube.com/watch?v=krpejEYVNmU&amp;t=233s&#10;&#10;MERCH ► http://www.BrennenTaylor.com/&#10;&#10;Facebook ► http://www.Facebook.com/BrennenTaylor&#10;&#10;Instagram ► http://www.instagram.com/Brennen&#10;&#10;Snapchat ►  http://www.snapchat.com/add/BrennenTaylor&#10;&#10;FOLLOW JAKE:&#10;► http://www.instagram.com/JakeTaylor&#10;► http://www.twitter.com/jakextaylor&#10;► http://www.tiktok.com/@jaketaylorx&#10;&#10;&#10;Hi I'm Brennen.  I've been eating food for 27 years. I'm basically a professional. Here is my Food Review:&#10;&#10;PO BOX: 3844 Chatsworth CA 91313-3844&#10;Business email ONLY: MGMT@BrennenTaylor.com&#10;&#10;Brennen Taylor best/worst reviewed videos of 1 star yelp restaurants and businesses series and his newly beloved viral tikok life hack tik tok lifehack series.Family friendly pg clean" fulltitle="Eating At Gordon Ramsay's NEW Restaurant... (5 STAR)" like_count="7080" location="na" playlist_title="na" release_date="na" upload_date="20230217" repost_count="na" tags="brennentaylor; brennen taylor; brennen; taylor; taylorfam; foodie; food review; food video; brennen taylor best reviewed; brennen taylor food review; taylor bros; taylor boys; taylor bro; jake taylor; gordon ramsay's new restaurant; gordon ramsay; eating at gordon ramsay restaurant; hells kitchen; hell's kitchen; new restaurant; gordon; ramsay; ramsey; gordan; kitchen nightmares; hells kitchen restaurant; harrah casino san diego; GORDEN RAMSEY; " title="Eating At Gordon Ramsay's NEW Restaurant... (5 STAR)" uploader="Brennen Taylor" view_count="231637" webpage_url="https://www.youtube.com/watch?v=4a8eDnQd7JY" autocaption="true">
  <p time="0" is_ac="true">I know you guys recognize this this is</p>
  <p time="2280" is_ac="true">Hell's Kitchen Gordon Ramsay's brand new</p>
  <p time="4020" is_ac="true">restaurant let's see if it's smacks or</p>
  <p time="5580" is_ac="true">if it's for the trash come on</p>
  <p time="7380" is_ac="true">[Music]</p>
  <p time="14219" is_ac="true">wait a second I know this isn't taunting</p>
  <p time="17100" is_ac="true">me right now ah that must go walked off</p>
  <p time="19920" is_ac="true">screen all right so check this out on</p>
  <p time="21779" is_ac="true">the wall they have all the winners check</p>
  <p time="23939" is_ac="true">out the man himself in the corner back</p>
  <p time="25740" is_ac="true">there it's a picture but still exactly I</p>
  <p time="28199" is_ac="true">have a quick question sure I always</p>
  <p time="29699" is_ac="true">heard this thing about the pictures on</p>
  <p time="31199" is_ac="true">the walls of the people does that mean</p>
  <p time="32820" is_ac="true">like one of them works here</p>
  <p time="35040" is_ac="true">dear Christina and Michelle so there is</p>
  <p time="38100" is_ac="true">two that still work for Gordon Ramsay</p>
  <p time="39600" is_ac="true">out of this whole thing</p>
  <p time="40920" is_ac="true">got it there's the man of the hour wow</p>
  <p time="43739" is_ac="true">wow beautiful Russia</p>
  <p time="46260" is_ac="true">oh thank you we're here to review</p>
  <p time="48780" is_ac="true">Gordon's a new restaurant</p>
  <p time="54539" is_ac="true">okay sweet</p>
  <p time="58320" is_ac="true">you're about to see him come out he's</p>
  <p time="59340" is_ac="true">gonna yell at you for making a sandwich</p>
  <p time="60539" is_ac="true">round yeah</p>
  <p time="62100" is_ac="true">sweet thank you so first thing I got to</p>
  <p time="64080" is_ac="true">say about this place is they put it</p>
  <p time="65580" is_ac="true">together so nicely it feels very open it</p>
  <p time="68280" is_ac="true">feels inviting but at the same time</p>
  <p time="69840" is_ac="true">still feels like a luxurious restaurant</p>
  <p time="71640" is_ac="true">it looks really nice everyone in here</p>
  <p time="73439" is_ac="true">literally dresses as if they're in the</p>
  <p time="75420" is_ac="true">show I'm not sure if they are filming</p>
  <p time="77220" is_ac="true">the show at the same time that we're</p>
  <p time="78240" is_ac="true">filming this YouTube video but</p>
  <p time="79140" is_ac="true">regardless it is cool to say the least</p>
  <p time="80640" is_ac="true">hello hey how you doing</p>
  <p time="82860" is_ac="true">good good we're excited to be here</p>
  <p time="87060" is_ac="true">oh the red team in the blue team</p>
  <p time="89640" is_ac="true">so on one side of the restaurant they</p>
  <p time="91080" is_ac="true">got the red team and The Blue Team like</p>
  <p time="92700" is_ac="true">in the show that's cool I want to be on</p>
  <p time="94439" is_ac="true">the red team what's that okay I want to</p>
  <p time="97140" is_ac="true">be on the blue team then yeah I'll be on</p>
  <p time="98400" is_ac="true">a sparkling two blue teams okay thank</p>
  <p time="101220" is_ac="true">you like I said it is very much like the</p>
  <p time="103680" is_ac="true">show in here the server is playing as</p>
  <p time="105840" is_ac="true">well choose your team just little fun</p>
  <p time="107759" is_ac="true">Vibes reminds you of the show it's a</p>
  <p time="109619" is_ac="true">whole come around here you know you</p>
  <p time="110820" is_ac="true">watch the show you come here you're</p>
  <p time="111899" is_ac="true">going to start getting the references</p>
  <p time="112979" is_ac="true">and such really cool place so far I hope</p>
  <p time="115020" is_ac="true">the food is as good as the Ambiance I</p>
  <p time="116880" is_ac="true">will say this place is very inviting the</p>
  <p time="119100" is_ac="true">open floor plan all the countless wine</p>
  <p time="121500" is_ac="true">and alcohol rack look at the ceiling</p>
  <p time="123420" is_ac="true">whoa they're all pitchforks as his logo</p>
  <p time="126060" is_ac="true">for Hell's Kitchen and their lights I</p>
  <p time="128399" is_ac="true">want one of those those are custom light</p>
  <p time="131220" is_ac="true">sconces you guys that is pretty sick I</p>
  <p time="133680" is_ac="true">expecting the water to be blue not just</p>
  <p time="135480" is_ac="true">the bottle it's the blue team man</p>
  <p time="138000" is_ac="true">foreign</p>
  <p time="144379" is_ac="true">from that is thinking it all the way</p>
  <p time="146640" is_ac="true">through</p>
  <p time="148200" is_ac="true">them in the last Candle on the right</p>
  <p time="149819" is_ac="true">side is the prefix this is the signature</p>
  <p time="152879" is_ac="true">dish from Gordon Ramsay and this is what</p>
  <p time="154739" is_ac="true">he orders when he comes here yes</p>
  <p time="159660" is_ac="true">okay sweet</p>
  <p time="161519" is_ac="true">IE sure thank you so much have you seen</p>
  <p time="164640" is_ac="true">the napkins I'm taking this thing home</p>
  <p time="166200" is_ac="true">I'm gonna hang it over my sink and it's</p>
  <p time="167640" is_ac="true">gonna be for me to dry my hands every</p>
  <p time="169140" is_ac="true">day</p>
  <p time="171000" is_ac="true">okay so we just took a deep dive into</p>
  <p time="173280" is_ac="true">this menu and I'm not gonna lie now I</p>
  <p time="175440" is_ac="true">know why Gordon's so rich these things</p>
  <p time="177239" is_ac="true">ain't cheap okay so because this is</p>
  <p time="179220" is_ac="true">Gordon Ramsay's restaurant and because</p>
  <p time="180840" is_ac="true">this is his fixed menu we're gonna get</p>
  <p time="182940" is_ac="true">basically what he demands you get when</p>
  <p time="184980" is_ac="true">you come here so we're gonna choose this</p>
  <p time="186360" is_ac="true">right side of the menu right here and</p>
  <p time="187739" is_ac="true">we're gonna get his fix menu try his</p>
  <p time="189660" is_ac="true">beef wellington we're gonna try his</p>
  <p time="190920" is_ac="true">scalp we're gonna try his pudding and uh</p>
  <p time="192840" is_ac="true">we'll put it to the test this is what he</p>
  <p time="194280" is_ac="true">recommends you order when you come to</p>
  <p time="195360" is_ac="true">his shop wow I do want to point</p>
  <p time="196860" is_ac="true">something out real quick okay so I'm</p>
  <p time="198420" is_ac="true">looking at the backsplash of the kitchen</p>
  <p time="200400" is_ac="true">area and it's made to look like Flames</p>
  <p time="202800" is_ac="true">there's the red Flames for the red team</p>
  <p time="204239" is_ac="true">and blue flames for the blue team but</p>
  <p time="205860" is_ac="true">the closer you look the more you realize</p>
  <p time="207720" is_ac="true">that they're all individual like marble</p>
  <p time="210239" is_ac="true">pieces that are coming together to</p>
  <p time="212280" is_ac="true">create a giant image so the detail in</p>
  <p time="214980" is_ac="true">that is crazy so we're ready to order I</p>
  <p time="217019" is_ac="true">want to get the this prefix menu the</p>
  <p time="219480" is_ac="true">three courses without the wine no wine</p>
  <p time="221819" is_ac="true">pairing seared scallops please</p>
  <p time="228180" is_ac="true">it's gonna be my dinner okay no problem</p>
  <p time="230459" is_ac="true">good thank you very much</p>
  <p time="233459" is_ac="true">will do thank you</p>
  <p time="237000" is_ac="true">can we go in there yes oh</p>
  <p time="241440" is_ac="true">no wow amazing yeah we'd love to see it</p>
  <p time="243299" is_ac="true">thank you</p>
  <p time="244500" is_ac="true">thank you wow look how beautiful that is</p>
  <p time="247379" is_ac="true">you guys how each wine bottle is nicely</p>
  <p time="250799" is_ac="true">placed to look like art in here I mean</p>
  <p time="253439" is_ac="true">if you think about it that is the</p>
  <p time="254819" is_ac="true">biggest piece of art that they have in</p>
  <p time="256560" is_ac="true">this entire restaurant so that's pretty</p>
  <p time="258479" is_ac="true">crazy like that is their art piece but</p>
  <p time="260400" is_ac="true">hey once you're at a certain level wine</p>
  <p time="262260" is_ac="true">becomes ours I will say it is kind of</p>
  <p time="264660" is_ac="true">crazy that they chose this location</p>
  <p time="266340" is_ac="true">though is that the resort literally in</p>
  <p time="269639" is_ac="true">kind of near Escondido but not Escondido</p>
  <p time="271919" is_ac="true">literally in the middle of nowhere I</p>
  <p time="273360" is_ac="true">thought this was San Diego but it's like</p>
  <p time="274740" is_ac="true">in the mountains of San Diego very</p>
  <p time="276180" is_ac="true">interesting location but hey clearly</p>
  <p time="277800" is_ac="true">people are here starting to fill out</p>
  <p time="279300" is_ac="true">there's workers we're here yeah it's in</p>
  <p time="282000" is_ac="true">a casino in a casino that's usually how</p>
  <p time="284460" is_ac="true">most Gordon Ramsay restaurants are so</p>
  <p time="286020" is_ac="true">let's wait for the food to come but</p>
  <p time="287460" is_ac="true">before that maybe a bathroom review</p>
  <p time="289080" is_ac="true">let's go see what Gordon Ramsay's</p>
  <p time="290759" is_ac="true">restrooms look like come on</p>
  <p time="293340" is_ac="true">foreign</p>
  <p time="295930" is_ac="true">[Music]</p>
  <p time="305540" is_ac="true">yeah this is nice the details the</p>
  <p time="308820" is_ac="true">lighting the Black Mirror the ambience</p>
  <p time="311220" is_ac="true">what's over here oh no it's a mirror</p>
  <p time="315600" is_ac="true">nice bathroom 10-10 I like it all right</p>
  <p time="319320" is_ac="true">hopefully the food's here let's go first</p>
  <p time="321479" is_ac="true">things first an appetizer we have some</p>
  <p time="324000" is_ac="true">full Stones</p>
  <p time="326300" is_ac="true">I want to point one thing out before I</p>
  <p time="328740" is_ac="true">start eating gold Cutlery here we're</p>
  <p time="330660" is_ac="true">gonna use it so I think I'm just gonna</p>
  <p time="331919" is_ac="true">scoop up one of these get it in this</p>
  <p time="333780" is_ac="true">sauce</p>
  <p time="334480" is_ac="true">[Music]</p>
  <p time="338520" is_ac="true">mmm oh subtle but nice and tasty I will</p>
  <p time="341940" is_ac="true">say I would enjoy this a little bit more</p>
  <p time="343500" is_ac="true">if I had a little bit of squeeze of</p>
  <p time="344880" is_ac="true">lemon to throw on top but what I gotta</p>
  <p time="346620" is_ac="true">say is it's actually pretty tasty I</p>
  <p time="348360" is_ac="true">don't know what this sauce is right here</p>
  <p time="349620" is_ac="true">this white sauce</p>
  <p time="351660" is_ac="true">it's kind of sweet it's gorgeous yeah</p>
  <p time="353820" is_ac="true">it's a cream of some young Gordon is</p>
  <p time="355680" is_ac="true">what I could best describe it as other</p>
  <p time="357419" is_ac="true">than that classic good seared scallops</p>
  <p time="360180" is_ac="true">here we go</p>
  <p time="362280" is_ac="true">[Music]</p>
  <p time="364380" is_ac="true">it's really good yeah crispiness</p>
  <p time="366479" is_ac="true">obviously I'm gonna say like they know</p>
  <p time="367860" is_ac="true">what they're doing here all right off</p>
  <p time="369479" is_ac="true">camera I just tasted all this stuff and</p>
  <p time="371520" is_ac="true">I didn't realize just because I put it</p>
  <p time="372780" is_ac="true">all on top are you sure yeah well</p>
  <p time="374699" is_ac="true">there's not another one for you to try</p>
  <p time="376080" is_ac="true">so let us know I mean you just use it</p>
  <p time="377759" is_ac="true">all in one is that better oh yeah is</p>
  <p time="380639" is_ac="true">that more Gordon ramsay-ish well I've</p>
  <p time="382500" is_ac="true">never tried his dish now you tried his</p>
  <p time="384120" is_ac="true">sauce what'd you think pretty good but</p>
  <p time="386160" is_ac="true">this right here in front of me is the</p>
  <p time="387360" is_ac="true">beef wellington this is what got Gordon</p>
  <p time="389100" is_ac="true">Ramsay pretty famous like this is his</p>
  <p time="390840" is_ac="true">signature meal right here it honestly</p>
  <p time="392580" is_ac="true">doesn't look like much it's like we got</p>
  <p time="394500" is_ac="true">meat inside of bread and that's what</p>
  <p time="396720" is_ac="true">this Beef Wellington is I've never had</p>
  <p time="398220" is_ac="true">one in my entire life let alone one from</p>
  <p time="400560" is_ac="true">Hell's Kitchen so let's try it I also</p>
  <p time="402360" is_ac="true">want to point out this knife amazing</p>
  <p time="404340" is_ac="true">Jake already stole one it's in his</p>
  <p time="406199" is_ac="true">camera bag right now but anyways let's</p>
  <p time="408780" is_ac="true">try this okay so we're gonna get our cut</p>
  <p time="410220" is_ac="true">apart they did say they all come medium</p>
  <p time="411900" is_ac="true">rare So This Is How They come let's try</p>
  <p time="413940" is_ac="true">it Nice Slice down I'm gonna grab a</p>
  <p time="416220" is_ac="true">piece of this thread dip it in the sauce</p>
  <p time="418259" is_ac="true">get a little mashed potatoes here we go</p>
  <p time="420120" is_ac="true">Beef Wellington from Gordon Ramsay let's</p>
  <p time="422220" is_ac="true">try it</p>
  <p time="424979" is_ac="true">born and wow a definite mouthful to stay</p>
  <p time="428520" is_ac="true">the least but a whole array of flavor</p>
  <p time="430380" is_ac="true">this right here</p>
  <p time="432720" is_ac="true">it tastes like a barbecue ponzu very</p>
  <p time="434940" is_ac="true">interesting the meat's chewy it's</p>
  <p time="436620" is_ac="true">delicious it's got a lot of flavor to it</p>
  <p time="438300" is_ac="true">then you got this interesting layer of</p>
  <p time="440460" is_ac="true">what kind of seems to me like garlic</p>
  <p time="442560" is_ac="true">bread in a way let me taste the bread on</p>
  <p time="444240" is_ac="true">its own it's very salty to say the least</p>
  <p time="446200" is_ac="true">[Music]</p>
  <p time="448380" is_ac="true">wow very very salty bread around this</p>
  <p time="451199" is_ac="true">meat but for some reason it kind of goes</p>
  <p time="453000" is_ac="true">together very nicely like the saltiness</p>
  <p time="454800" is_ac="true">of the meat you love that when you're</p>
  <p time="456000" is_ac="true">eating a nice steak sprinkle salt on top</p>
  <p time="457979" is_ac="true">this time it's on the bread very</p>
  <p time="459360" is_ac="true">interesting to say the least this is</p>
  <p time="461160" is_ac="true">what got Gordon really famous it's</p>
  <p time="462780" is_ac="true">definitely interesting because it's not</p>
  <p time="463740" is_ac="true">like the best looking of meals but it's</p>
  <p time="465720" is_ac="true">definitely tasty so Gordon good on you</p>
  <p time="468180" is_ac="true">my man I like your Beef Wellington tasty</p>
  <p time="470960" is_ac="true">and for the final portion of our Gordon</p>
  <p time="473759" is_ac="true">Ramsay fixed menu here at Hell's Kitchen</p>
  <p time="475860" is_ac="true">we have this this is what they call a</p>
  <p time="478440" is_ac="true">pudding but to me it looks rather like a</p>
  <p time="481740" is_ac="true">inside of a cheeseburger so let's dig in</p>
  <p time="484560" is_ac="true">and let's see how good this is they said</p>
  <p time="486360" is_ac="true">it's Cafe de leche ice cream on top</p>
  <p time="488460" is_ac="true">which is some very delicious ice cream</p>
  <p time="490139" is_ac="true">but I want to see the texture of this</p>
  <p time="491580" is_ac="true">pudding oh okay so it's like a pudding</p>
  <p time="493620" is_ac="true">cake all right let's try this oh look at</p>
  <p time="495660" is_ac="true">this it's fall apart that's how good it</p>
  <p time="497460" is_ac="true">is here goes nothing</p>
  <p time="501479" is_ac="true">oh this has got to be the best part of</p>
  <p time="503400" is_ac="true">the whole meal let's try this again</p>
  <p time="505979" is_ac="true">oh I've never had pudding like that in</p>
  <p time="507900" is_ac="true">my life that's some good freaking</p>
  <p time="509639" is_ac="true">pudding imagine the best type of cake</p>
  <p time="511620" is_ac="true">you can imagine and imagine never having</p>
  <p time="513419" is_ac="true">to chew it or anything you just swallow</p>
  <p time="515940" is_ac="true">that's what it's like to eat this</p>
  <p time="517140" is_ac="true">pudding here at Hell's Kitchen super</p>
  <p time="519419" is_ac="true">good super fire but one thing I want to</p>
  <p time="521459" is_ac="true">point out about Gordon Ramsay in its</p>
  <p time="522779" is_ac="true">entirety is I don't think he is famous</p>
  <p time="524700" is_ac="true">for making his food look really good I</p>
  <p time="526560" is_ac="true">think he's famous for making his food</p>
  <p time="527760" is_ac="true">taste really good even though it doesn't</p>
  <p time="529200" is_ac="true">look that good because all this food</p>
  <p time="530940" is_ac="true">that came out didn't look that good but</p>
  <p time="532680" is_ac="true">it tasted pretty damn good you decide</p>
  <p time="534600" is_ac="true">was it worth 100 bucks let's get out of</p>
  <p time="536519" is_ac="true">here come on damn 130 bucks Jesus oh</p>
  <p time="541260" is_ac="true">okay first and last time at Gordon's</p>
  <p time="543420" is_ac="true">before we leave this video we want to</p>
  <p time="545580" is_ac="true">see what it's like inside here so come</p>
  <p time="546899" is_ac="true">here oh wow I gotta get a picture in</p>
  <p time="550200" is_ac="true">here yes oh my God it's a perfect little</p>
  <p time="554100" is_ac="true">chilled it's frozen meeting here guys</p>
  <p time="556500" is_ac="true">with thousands of bottles of wine man if</p>
  <p time="559560" is_ac="true">I just grabbed up and shook this right</p>
  <p time="561180" is_ac="true">now I would lose every dollar in my bank</p>
  <p time="563399" is_ac="true">account yeah but I don't know what are</p>
  <p time="566100" is_ac="true">they I don't know</p>
  <p time="567660" is_ac="true">they are so many there's a bunch of</p>
  <p time="570360" is_ac="true">expensive bottles in there this is thick</p>
  <p time="572580" is_ac="true">this is like the coolest art piece for</p>
  <p time="574920" is_ac="true">your house snag a photo of that</p>
  <p time="578940" is_ac="true">thank you thank you all right guys we'll</p>
  <p time="580440" is_ac="true">see you guys in the next one peace</p>
  <p time="586890" is_ac="true">[Music]</p>
  <p time="592160" is_ac="true">[Music]</p>
  <p time="597360" is_ac="true">[Music]</p>
</text>
