<?xml version='1.0' encoding='UTF-8'?>
<text date_d="25" date_m="3" date_y="2024" format="srv3" age_limit="0" comment_count="497" description="Listen to my new song https://li.sten.to/hatedd&#10;&#10;MY GAMING CHANNEL: @VideoGaming &#10;https://www.youtube.com/channel/UC0fGpCgFiTAwiGPMrjkPLmQ&#10;&#10;FREE Spotify Playlist ► https://open.spotify.com/playlist/2FE6ofE15fQyN995nCOq9d&#10;&#10;Keep up with me ►http://www.Brennen.Tv&#10;&#10;Last Vlog ► https://youtu.be/HjEz4VWj5sI?si=EPWA9McrqSrIp_m2&#10;&#10;MERCH ► http://www.BrennenTaylor.com/&#10;&#10;TikTok ► http://www.tiktok.com/@BrennenTaylor&#10;&#10;Facebook ► http://www.Facebook.com/BrennenTaylor&#10;&#10;Instagram ► http://www.instagram.com/Brennen&#10;&#10;Snapchat ►  http://www.snapchat.com/add/BrennenTaylor&#10;&#10;FOLLOW JAKE:&#10;► http://www.instagram.com/JakeTaylor&#10;► http://www.twitter.com/jakextaylor&#10;► http://www.tiktok.com/@jaketaylorx&#10;&#10;&#10;Hi I'm Brennen.  I've been eating food for 26 years. I'm basically a professional. Here is my Food Review:&#10;&#10;Business email ONLY: MGMT@BrennenTaylor.com&#10;&#10;Brennen Taylor best/worst reviewed videos of 1 star yelp restaurants and businesses series and his newly beloved viral tikok life hack tik tok lifehack series.Family friendly pg clean" fulltitle="Eating At SKETCHY Restaurants For 24 Hours... (Surprisingly Delicious)" like_count="8263" location="na" playlist_title="na" release_date="na" upload_date="20240325" repost_count="na" tags="brennentaylor; brennen taylor; brennen; taylor; taylorfam; foodie; food review; food video; brennen taylor best reviewed; brennen taylor food review; taylor bros; taylor boys; taylor bro; jake taylor; sketchy restaruants; sketchy; sketch; sketchiest restaruants; sketchy restaurants nashville; nashville tennessee; nashville tn; living in nashville; " title="Eating At SKETCHY Restaurants For 24 Hours... (Surprisingly Delicious)" uploader="Brennen Taylor" view_count="245793" webpage_url="https://www.youtube.com/watch?v=kxXqKZzAubA" autocaption="true">
  <p time="80" is_ac="true">what is up folks we are back at it again</p>
  <p time="2040" is_ac="true">today with some of the sketchiest</p>
  <p time="3480" is_ac="true">restaurants for 24 hours we're in the</p>
  <p time="5520" is_ac="true">beautiful city of Nashville Tennessee</p>
  <p time="7560" is_ac="true">and behind us there's varos it kind of</p>
  <p time="9599" is_ac="true">doesn't fit the City Vibe but let's go</p>
  <p time="11280" is_ac="true">see what it's all about it does say</p>
  <p time="12759" is_ac="true">plastered on the wall homecooked</p>
  <p time="14679" is_ac="true">breakfast and there's nothing better I</p>
  <p time="15839" is_ac="true">love and a home cook breakfast hurry</p>
  <p time="16920" is_ac="true">before we get run over it's also a chili</p>
  <p time="18640" is_ac="true">parlor buffalo wings breakfast food it's</p>
  <p time="21160" is_ac="true">going to be interesting let's check oh</p>
  <p time="22760" is_ac="true">wow this looks like a this is a very old</p>
  <p time="24800" is_ac="true">Resturant look at that that's him right</p>
  <p time="26800" is_ac="true">there that might not be 85 years that</p>
  <p time="29279" is_ac="true">might not be him no that's not him</p>
  <p time="30800" is_ac="true">that's probably his father cuz this is a</p>
  <p time="32079" is_ac="true">92 he's already that old W chill Bo he's</p>
  <p time="35800" is_ac="true">right there again and look at what they</p>
  <p time="37680" is_ac="true">have advertised on the wall they have</p>
  <p time="39040" is_ac="true">six Union in 1941 that's probably when</p>
  <p time="41320" is_ac="true">this guy opened this restaurant and</p>
  <p time="42719" is_ac="true">they've owned this business for so long</p>
  <p time="44200" is_ac="true">that they keep it it the city tries to</p>
  <p time="45520" is_ac="true">buy it probably to put skyscrapers or</p>
  <p time="47039" is_ac="true">businesses here and they say no it's</p>
  <p time="48320" is_ac="true">just like an odd man out old style kind</p>
  <p time="50239" is_ac="true">of sketchy restaurant for the City Vibe</p>
  <p time="51879" is_ac="true">cuz look at what we have right next to</p>
  <p time="53640" is_ac="true">this restaurant this is actually</p>
  <p time="55640" is_ac="true">Nashville's oldest restaurant give me</p>
  <p time="57879" is_ac="true">your phone let me Google it real quick</p>
  <p time="59320" is_ac="true">what is the oldest</p>
  <p time="62559" is_ac="true">restaurant all right here we go Moment</p>
  <p time="64439" is_ac="true">of Truth what is the oldest</p>
  <p time="66159" is_ac="true">restaurant Bario's Brown's Diner so</p>
  <p time="68960" is_ac="true">that's pretty cool we actually happen to</p>
  <p time="70880" is_ac="true">be at the oldest restaurant in Nashville</p>
  <p time="73720" is_ac="true">and with history like that you think May</p>
  <p time="75439" is_ac="true">renovate a little but hey you know what</p>
  <p time="77080" is_ac="true">if it still works don't replace it wait</p>
  <p time="79240" is_ac="true">a second is that him I don't hey how are</p>
  <p time="82119" is_ac="true">you my man uh how you doing good good</p>
  <p time="84720" is_ac="true">can I get one breakfast wrap with</p>
  <p time="86960" is_ac="true">sausage I want to try the French toast</p>
  <p time="89960" is_ac="true">the breakfast bowl okay how would you</p>
  <p time="91720" is_ac="true">like the bowl let's do sausage in that</p>
  <p time="94119" is_ac="true">as well and then I would like to try</p>
  <p time="96439" is_ac="true">some chili please hey man how are you</p>
  <p time="99439" is_ac="true">fine how are you guys good good good so</p>
  <p time="101399" is_ac="true">you guys the oldest restaurant in</p>
  <p time="102880" is_ac="true">Nashville we are we're the oldest</p>
  <p time="104479" is_ac="true">restaurant in the state of Tennessee oh</p>
  <p time="106280" is_ac="true">wow the whole state what year did you</p>
  <p time="107880" is_ac="true">start</p>
  <p time="109079" is_ac="true">1907 oh 1907 wow it's all right there</p>
  <p time="112960" is_ac="true">that's why I had to try that chili no</p>
  <p time="114759" is_ac="true">drinks two unsweetened teas 3488 okay</p>
  <p time="118320" is_ac="true">guys so so it's not confirmed this is</p>
  <p time="120719" is_ac="true">the oldest restaurant in all of the</p>
  <p time="122600" is_ac="true">state of Tennessee been around since</p>
  <p time="125320" is_ac="true">1907 that's incredible man that's</p>
  <p time="129440" is_ac="true">10 I can't do M back up 115 years 116</p>
  <p time="133040" is_ac="true">years maybe that's old I don't know how</p>
  <p time="134800" is_ac="true">this dude's still alive that's not him</p>
  <p time="136400" is_ac="true">dude oh look kind of</p>
  <p time="138040" is_ac="true">like you think that dude's 107 what I</p>
  <p time="141239" is_ac="true">was just realizing is it almost looks</p>
  <p time="143080" is_ac="true">like that was the roof and they extended</p>
  <p time="145599" is_ac="true">the restaurant longer huh it does kind</p>
  <p time="148040" is_ac="true">of look like that maybe they did when we</p>
  <p time="150160" is_ac="true">finish this before we hit lunch we</p>
  <p time="151640" is_ac="true">should look it up and see if we can find</p>
  <p time="153000" is_ac="true">some older pictures or something yeah</p>
  <p time="154440" is_ac="true">cuz I mean 19 has said a lot of things</p>
  <p time="156720" is_ac="true">can change since then so let's try to</p>
  <p time="158400" is_ac="true">find some OG pictures and put them up on</p>
  <p time="159879" is_ac="true">the wall right now I mean put them up on</p>
  <p time="161360" is_ac="true">the screen right now so the food just</p>
  <p time="162720" is_ac="true">got to the table let me tell you it</p>
  <p time="163920" is_ac="true">definitely looks like homecooked</p>
  <p time="165680" is_ac="true">breakfast just like as adverti on the</p>
  <p time="167640" is_ac="true">window I'm excited to dig in but before</p>
  <p time="169680" is_ac="true">we do I have a brand new song out called</p>
  <p time="172120" is_ac="true">haed it's out right now this is a song</p>
  <p time="173760" is_ac="true">that means a lot to me I wrote it while</p>
  <p time="175280" is_ac="true">I was in a very dark place and I'd like</p>
  <p time="177040" is_ac="true">you guys to listen to it to First Link</p>
  <p time="178480" is_ac="true">down below you can stream the song</p>
  <p time="179840" is_ac="true">everywhere that songs are stream and now</p>
  <p time="181319" is_ac="true">let's try this okay so this right here</p>
  <p time="182959" is_ac="true">is the most interesting thing it looks</p>
  <p time="184360" is_ac="true">like a bowl of gravy but supposedly it's</p>
  <p time="186280" is_ac="true">the breakfast combo so let's see what's</p>
  <p time="187680" is_ac="true">kind of underneath it shall we cuz it</p>
  <p time="190720" is_ac="true">did say sausage gravy on top what's on</p>
  <p time="192760" is_ac="true">the bottom can't even get it this thing</p>
  <p time="194720" is_ac="true">ain't strong enough let's see oh look at</p>
  <p time="197599" is_ac="true">this eggs hash browns sausage let's go</p>
  <p time="201040" is_ac="true">right into it it's a</p>
  <p time="202000" is_ac="true">[Music]</p>
  <p time="204760" is_ac="true">bowl oh man if only I had a biscuit that</p>
  <p time="207599" is_ac="true">would hit nice but this a good breakfast</p>
  <p time="209560" is_ac="true">bowl never would have a thought of</p>
  <p time="210959" is_ac="true">putting sausage gravy all over my eggs</p>
  <p time="212799" is_ac="true">but damn it tastes</p>
  <p time="215239" is_ac="true">good I like that the Bowl's just good I</p>
  <p time="218200" is_ac="true">wonder how the French toast is Jake all</p>
  <p time="220040" is_ac="true">let's just give this a rip one and done</p>
  <p time="221840" is_ac="true">whole thing one and done look at this I</p>
  <p time="223920" is_ac="true">will say all of that sugar does look</p>
  <p time="225879" is_ac="true">good hot syrup hot syrup hypen syrup</p>
  <p time="228519" is_ac="true">respectable</p>
  <p time="232159" is_ac="true">syrup oh my God must be gas this must be</p>
  <p time="235319" is_ac="true">made from French toast EV this is so</p>
  <p time="237599" is_ac="true">good powdered sugar the bread just</p>
  <p time="239120" is_ac="true">tastes like the freshly made disc it</p>
  <p time="240760" is_ac="true">hasn't been sitting around they</p>
  <p time="241680" is_ac="true">literally chuffed it up right now</p>
  <p time="242920" is_ac="true">brought it straight to the table</p>
  <p time="243959" is_ac="true">something I'm going to come back for it</p>
  <p time="245200" is_ac="true">is Texas toast I do want to point out</p>
  <p time="247120" is_ac="true">something I noticed behind Jake look how</p>
  <p time="248720" is_ac="true">rundown this little part of the city is</p>
  <p time="250879" is_ac="true">right here you got burnt down buildings</p>
  <p time="253040" is_ac="true">across the street things are pretty sus</p>
  <p time="254760" is_ac="true">over there so this place is known as</p>
  <p time="256479" is_ac="true">being a chili parlor well check this out</p>
  <p time="259320" is_ac="true">here is some of their famous chili that</p>
  <p time="260840" is_ac="true">they've been brewing up since for over a</p>
  <p time="262600" is_ac="true">100 years let's see if they know what</p>
  <p time="264400" is_ac="true">they're talking about when it comes to</p>
  <p time="265600" is_ac="true">chili okay so everybody knows quick</p>
  <p time="267720" is_ac="true">little crumble action love that see what</p>
  <p time="270479" is_ac="true">we're working with here ooh lots of</p>
  <p time="272240" is_ac="true">onions in there mix that all up me the</p>
  <p time="274560" is_ac="true">Chili's probably going to be bomb big</p>
  <p time="276440" is_ac="true">chili stand it looks good I love a good</p>
  <p time="278759" is_ac="true">chili op like going to a Chili Festival</p>
  <p time="280639" is_ac="true">you ever done those have you yeah</p>
  <p time="282440" is_ac="true">usually a car show is attached here we</p>
  <p time="289160" is_ac="true">go good Lord that's good chili this is</p>
  <p time="292000" is_ac="true">like classic chili when you think of</p>
  <p time="293800" is_ac="true">chili this is what you think of I will</p>
  <p time="295880" is_ac="true">say though I prefer a little bit spicier</p>
  <p time="298080" is_ac="true">chili but this had a spicy version oh do</p>
  <p time="300880" is_ac="true">yeah this is plastic chili right here</p>
  <p time="303000" is_ac="true">though spicy version would have been a</p>
  <p time="304039" is_ac="true">little bit better for me but this</p>
  <p time="305600" is_ac="true">regardless tastes bomb 100e recipe</p>
  <p time="309120" is_ac="true">better taste good I will say right after</p>
  <p time="310800" is_ac="true">the rip this looks very anti-climatic</p>
  <p time="312560" is_ac="true">let me see the inside of it hold it out</p>
  <p time="313960" is_ac="true">to me it's just a little power meal okay</p>
  <p time="315960" is_ac="true">you know I feel like Starbucks would</p>
  <p time="317280" is_ac="true">make something like this I mean it looks</p>
  <p time="319160" is_ac="true">good I mean I wish the cheese was melted</p>
  <p time="320759" is_ac="true">but go for it yeah I'm going to</p>
  <p time="321840" is_ac="true">definitely put some hot sauce on it it's</p>
  <p time="324120" is_ac="true">like a vinegar</p>
  <p time="325450" is_ac="true">[Music]</p>
  <p time="327759" is_ac="true">basy it's good nothing's special just a</p>
  <p time="330319" is_ac="true">little wrap egg cheese sausage and a</p>
  <p time="331919" is_ac="true">tortilla but it will get me through the</p>
  <p time="333680" is_ac="true">day made me feel good made me feel</p>
  <p time="335039" is_ac="true">energized this little kick of the hot</p>
  <p time="336680" is_ac="true">sauce Yum Yum Yum you said French toast</p>
  <p time="338840" is_ac="true">Heaven huh yeah are you really just</p>
  <p time="340319" is_ac="true">trying to get me to try this because if</p>
  <p time="341840" is_ac="true">you get the calories and fat I got to</p>
  <p time="343479" is_ac="true">get them too is it that good it's real</p>
  <p time="345759" is_ac="true">good it's really good you're going to</p>
  <p time="346680" is_ac="true">fall into</p>
  <p time="347730" is_ac="true">[Music]</p>
  <p time="353160" is_ac="true">heaven wow talk about moat in your mouth</p>
  <p time="357000" is_ac="true">the whole</p>
  <p time="358639" is_ac="true">thing</p>
  <p time="360600" is_ac="true">must be the best friend I told you you</p>
  <p time="362680" is_ac="true">thought I was lying food I thought you</p>
  <p time="364080" is_ac="true">were just trying to get me into eating</p>
  <p time="365400" is_ac="true">more sugar well I was but like that's</p>
  <p time="367360" is_ac="true">good too you bastard breakfast I'm going</p>
  <p time="369440" is_ac="true">to honestly rate this little spot a</p>
  <p time="371319" is_ac="true">solid 8 out of 10 it's a good little</p>
  <p time="373120" is_ac="true">breakfast spot everything is as</p>
  <p time="374759" is_ac="true">advertised homecooked breakfast super</p>
  <p time="377400" is_ac="true">good wonder what else we're going to eat</p>
  <p time="378720" is_ac="true">today so let's get on out of here and</p>
  <p time="380560" is_ac="true">let's go get looking for the next</p>
  <p time="381840" is_ac="true">sketchy spot come</p>
  <p time="385919" is_ac="true">on got to be joking me right this is</p>
  <p time="388759" is_ac="true">what we're having for lunch Rico's Taco</p>
  <p time="390479" is_ac="true">Rico in Spanish means Rich this is</p>
  <p time="392880" is_ac="true">giving me the opposite of rich either</p>
  <p time="394240" is_ac="true">way let's get on in there and let's go</p>
  <p time="395639" is_ac="true">try this place come Ono</p>
  <p time="401639" is_ac="true">tacos okay Perfecto all right so let's</p>
  <p time="405400" is_ac="true">get um two</p>
  <p time="408240" is_ac="true">twoa two tacos that's fine let's just do</p>
  <p time="411960" is_ac="true">tacos</p>
  <p time="413960" is_ac="true">see Perfecto gracias all right all the</p>
  <p time="417360" is_ac="true">cash I had but let's see how this would</p>
  <p time="418720" is_ac="true">tastes we're getting a bunch of</p>
  <p time="420039" is_ac="true">all right you guys so we're standing</p>
  <p time="421039" is_ac="true">behind the restaurant right now because</p>
  <p time="422720" is_ac="true">we could easily walk around this thing</p>
  <p time="424319" is_ac="true">but this is the back I don't is that</p>
  <p time="425680" is_ac="true">like an animal a dead animal underneath</p>
  <p time="427199" is_ac="true">the fan that's holding it up propped up</p>
  <p time="429199" is_ac="true">more I look at it the more I kind of see</p>
  <p time="430840" is_ac="true">an animal I don't know they also do have</p>
  <p time="432440" is_ac="true">like ble or something on the ground</p>
  <p time="434160" is_ac="true">cooking yeah they have something cooking</p>
  <p time="435400" is_ac="true">up right here in a pot it's got the</p>
  <p time="436919" is_ac="true">propane like this is as like I don't</p>
  <p time="438639" is_ac="true">want to say ratchet as it gets but</p>
  <p time="440520" is_ac="true">that's as R there's no Grill they're on</p>
  <p time="443039" is_ac="true">they just got a flame an open flame</p>
  <p time="444599" is_ac="true">shooting it on top of a griddle that's</p>
  <p time="446360" is_ac="true">wild let's go check out the rest of it</p>
  <p time="447759" is_ac="true">oh look it's like pork damn kind of</p>
  <p time="449759" is_ac="true">looks good hey like check this out so</p>
  <p time="452280" is_ac="true">this is where all of their supplies come</p>
  <p time="454039" is_ac="true">from as you can see the bread the Sprite</p>
  <p time="455680" is_ac="true">everything don't touch this this might</p>
  <p time="457479" is_ac="true">be a live wire at any moment we can be</p>
  <p time="459560" is_ac="true">shocked it looks like like they might be</p>
  <p time="460840" is_ac="true">hijacking the power I don't want to say</p>
  <p time="462479" is_ac="true">illegally but I'd say that might not be</p>
  <p time="465599" is_ac="true">too legal anyways hey let's hope it's</p>
  <p time="468440" is_ac="true">good let's hope it tastes delicious I'm</p>
  <p time="469879" is_ac="true">ready to try it I mean it's literally</p>
  <p time="471400" is_ac="true">turn around you got houses right behind</p>
  <p time="473039" is_ac="true">you so it's kind of a weird interesting</p>
  <p time="476039" is_ac="true">place to be there's only women that are</p>
  <p time="477440" is_ac="true">eating here so I don't know it must be</p>
  <p time="478879" is_ac="true">fire I trust them if there's one type of</p>
  <p time="481280" is_ac="true">woman you could trust it's a Latino</p>
  <p time="482759" is_ac="true">woman all righty guys so all of tacos</p>
  <p time="484599" is_ac="true">just came here they do look nice I won't</p>
  <p time="486680" is_ac="true">lie the only thing I will say is that we</p>
  <p time="489240" is_ac="true">saw all the park the car with all the</p>
  <p time="490440" is_ac="true">Kroger bags inside so it's obviously</p>
  <p time="492000" is_ac="true">that's I also think it's weird that they</p>
  <p time="493319" is_ac="true">put cheese on like street tacos but that</p>
  <p time="494800" is_ac="true">must be a southern things they love</p>
  <p time="496159" is_ac="true">their cheese out here Salas yeah</p>
  <p time="497720" is_ac="true">definitely going to throw some which one</p>
  <p time="498800" is_ac="true">are you trying first I'm going to take</p>
  <p time="499960" is_ac="true">off one of these right off the bat don't</p>
  <p time="501599" is_ac="true">need two tortillas for me I'm cutting</p>
  <p time="503680" is_ac="true">it's cutting season oh mine just fell</p>
  <p time="505000" is_ac="true">apart damn anyways we got onions we got</p>
  <p time="506680" is_ac="true">chicken we got rice let's try it</p>
  <p time="508440" is_ac="true">cilantro</p>
  <p time="510470" is_ac="true">[Music]</p>
  <p time="512519" is_ac="true">that's a good little taco it is pretty</p>
  <p time="514240" is_ac="true">good that cheese is actually kind of</p>
  <p time="515279" is_ac="true">good cheese actually hits nice maybe</p>
  <p time="517039" is_ac="true">because it reminds me it's</p>
  <p time="519240" is_ac="true">perfo really makes me reminds me of like</p>
  <p time="521560" is_ac="true">the street tacos that you get in La at</p>
  <p time="523360" is_ac="true">home that I'd make at home not</p>
  <p time="525000" is_ac="true">necessarily the ones that they'd make or</p>
  <p time="526519" is_ac="true">the ones that I'd be throwing on the</p>
  <p time="527399" is_ac="true">grill making myself or it does taste</p>
  <p time="529279" is_ac="true">very homey and tasty not that I'm like a</p>
  <p time="530839" is_ac="true">chef or anything but we know how to make</p>
  <p time="532120" is_ac="true">good tacos of course it's a good taco</p>
  <p time="534240" is_ac="true">I'm trying the langa and I'm going with</p>
  <p time="536040" is_ac="true">gessa which is brain so cheers on that</p>
  <p time="542920" is_ac="true">wow this has some good flavor it's got</p>
  <p time="544880" is_ac="true">it does have a real good flavor in here</p>
  <p time="546399" is_ac="true">the Cava literally I I'm not where do</p>
  <p time="550000" is_ac="true">that me come from damn that guy's</p>
  <p time="552640" is_ac="true">jamming on that</p>
  <p time="554000" is_ac="true">Harley I don't know how he even thinks</p>
  <p time="556079" is_ac="true">with that music that L I will say this</p>
  <p time="557600" is_ac="true">the Salsa's like lacking a little bit</p>
  <p time="559399" is_ac="true">like I wish it was little salsa is a</p>
  <p time="560480" is_ac="true">little watery yeah but the tacos what</p>
  <p time="562760" is_ac="true">this is important tacos are good every</p>
  <p time="564519" is_ac="true">was very fatty I just say though yeah</p>
  <p time="565959" is_ac="true">all those things are usually as fatty</p>
  <p time="567600" is_ac="true">okay we both got gardi out of here I'm</p>
  <p time="568920" is_ac="true">going with red salsa this time I'm going</p>
  <p time="570360" is_ac="true">to go a little bit of both cuz the red</p>
  <p time="572040" is_ac="true">had the kick little lime let's try this</p>
  <p time="576959" is_ac="true">one really good tortillas too I W lie I</p>
  <p time="579800" is_ac="true">don't think they're making them in here</p>
  <p time="581040" is_ac="true">but I think they're buying it from a</p>
  <p time="582200" is_ac="true">small Mexican market that makes really</p>
  <p time="584160" is_ac="true">good homemade tortillas carneada and the</p>
  <p time="586279" is_ac="true">chicken I think have been the best ones</p>
  <p time="588120" is_ac="true">the ones that are a little bit more</p>
  <p time="589079" is_ac="true">interesting I'm not really liking the</p>
  <p time="590760" is_ac="true">head was very fatty and slimy and kind</p>
  <p time="592920" is_ac="true">of gross overall I think it's a pretty</p>
  <p time="594880" is_ac="true">good spot for just randomly being a hole</p>
  <p time="596720" is_ac="true">in the wall I think they're making good</p>
  <p time="598040" is_ac="true">stuff it's interesting cuz it's not this</p>
  <p time="599720" is_ac="true">what it looked like when you look at</p>
  <p time="600880" is_ac="true">this place it looks like it was like</p>
  <p time="602079" is_ac="true">possibly on wheels at one point and then</p>
  <p time="604240" is_ac="true">they capped it up with this bottom</p>
  <p time="605959" is_ac="true">little skirt to close it off to make it</p>
  <p time="607880" is_ac="true">look like an actual restaurant but if</p>
  <p time="609079" is_ac="true">you actually look at this with your</p>
  <p time="610240" is_ac="true">naked eye you can see it's not even like</p>
  <p time="612160" is_ac="true">on the floor because the floor isn't</p>
  <p time="613560" is_ac="true">there's definitely wheels in the bottom</p>
  <p time="614600" is_ac="true">there's definitely Wheels it's</p>
  <p time="615640" is_ac="true">definitely look at the curvature at it</p>
  <p time="617000" is_ac="true">you know regardless they made this home</p>
  <p time="618959" is_ac="true">they're concreted into the floor now</p>
  <p time="620680" is_ac="true">they got concrete steps leading into it</p>
  <p time="622600" is_ac="true">so I think they're here to stay and let</p>
  <p time="624160" is_ac="true">me tell you I can't hate I like it tacos</p>
  <p time="626160" is_ac="true">are good so far last but not least I'm</p>
  <p time="627640" is_ac="true">going to throw these past ones down hope</p>
  <p time="629320" is_ac="true">for the best I some that sauce you keep</p>
  <p time="631079" is_ac="true">putting it so far away from my head you</p>
  <p time="632440" is_ac="true">know is that one gas I thought is gas</p>
  <p time="635200" is_ac="true">I'm trying not to eat as much pork</p>
  <p time="636560" is_ac="true">either but damn the Mexican spots always</p>
  <p time="638839" is_ac="true">bring me back I'm good at saying no when</p>
  <p time="640720" is_ac="true">it's a breakfast restaurant was so Fabby</p>
  <p time="642880" is_ac="true">that's one yeah the head the head was</p>
  <p time="644639" is_ac="true">horrible Kaba it's not it the</p>
  <p time="648360" is_ac="true">rest and for 20 bucks not bad we're fed</p>
  <p time="651480" is_ac="true">we're fed you going to try that Lang one</p>
  <p time="653120" is_ac="true">one N I want a better taste my last</p>
  <p time="654880" is_ac="true">taste in my mouth was all that fat I</p>
  <p time="656560" is_ac="true">don't know I don't like what I the fatty</p>
  <p time="657880" is_ac="true">one that I had turned me off on it</p>
  <p time="662279" is_ac="true">look all in all I can definitely say I'm</p>
  <p time="664720" is_ac="true">happy that I came here happy I got some</p>
  <p time="666480" is_ac="true">tacos filed both of us up for 20 bucks</p>
  <p time="668880" is_ac="true">that's a steal where else you going to</p>
  <p time="669959" is_ac="true">do that where not even McDonald's all</p>
  <p time="671800" is_ac="true">right lunch definitely completed now and</p>
  <p time="674160" is_ac="true">I'm definitely full so let's get back on</p>
  <p time="675680" is_ac="true">the road and let's see what we're going</p>
  <p time="676800" is_ac="true">to have for dinner let's go come</p>
  <p time="680959" is_ac="true">on before we get into our dinner scene</p>
  <p time="683480" is_ac="true">if you don't already know I have a brand</p>
  <p time="685160" is_ac="true">new song called hate it it's out now</p>
  <p time="687360" is_ac="true">here's a quick preview it</p>
  <p time="692240" is_ac="true">I mean it sounds good doesn't it go</p>
  <p time="693800" is_ac="true">listen to the whole rest of the song</p>
  <p time="695519" is_ac="true">first link down below all right now</p>
  <p time="697560" is_ac="true">let's go get this dinner let me tell you</p>
  <p time="699320" is_ac="true">it looks sus come on so usually you</p>
  <p time="701200" is_ac="true">could tell how good a restaurant is</p>
  <p time="702959" is_ac="true">based on how many people they have</p>
  <p time="704320" is_ac="true">outside well this one has none so let's</p>
  <p time="706399" is_ac="true">go see if it's good or bad come on wait</p>
  <p time="709079" is_ac="true">second cash only I think there's an ATM</p>
  <p time="711880" is_ac="true">around the corner what do you mean like</p>
  <p time="713079" is_ac="true">a public one yeah that's sketch got the</p>
  <p time="716560" is_ac="true">cash we're good let's go in and let's</p>
  <p time="719000" is_ac="true">try this place come on after you hey</p>
  <p time="721120" is_ac="true">there how are you how are y'all good</p>
  <p time="723320" is_ac="true">good so let's see what they got first so</p>
  <p time="725120" is_ac="true">obviously this place is known for their</p>
  <p time="726560" is_ac="true">their pizza but where is this big Brick</p>
  <p time="728680" is_ac="true">Oven that they have is it back there I</p>
  <p time="730200" is_ac="true">need to see it I'm not seeing no Brick</p>
  <p time="733440" is_ac="true">Oven you guys got one of those big brick</p>
  <p time="735480" is_ac="true">ovens that's on that photo I don't think</p>
  <p time="737720" is_ac="true">they're they're more like metal oh so so</p>
  <p time="741199" is_ac="true">that's not even David's Pizza up there</p>
  <p time="743399" is_ac="true">um and the photo honestly don't even</p>
  <p time="745399" is_ac="true">know what the photo looks like it's</p>
  <p time="747519" is_ac="true">right here you're saying this ain't</p>
  <p time="748600" is_ac="true">David's p this is like we have a metal</p>
  <p time="751839" is_ac="true">oven oven okay well the truth comes out</p>
  <p time="754639" is_ac="true">either way I hope the pizza's good let's</p>
  <p time="756480" is_ac="true">do a uh pepperoni pizza on the thin</p>
  <p time="758959" is_ac="true">crust or hand tossed oh is it actually</p>
  <p time="761040" is_ac="true">hand tossed is it actually thin these</p>
  <p time="762839" is_ac="true">are the questions that I got now you</p>
  <p time="764240" is_ac="true">know it goes through like a little it's</p>
  <p time="766399" is_ac="true">like a machine and so it's not hand toss</p>
  <p time="768600" is_ac="true">it's machine toss okay all right you</p>
  <p time="771240" is_ac="true">know what let's leave it up to machine</p>
  <p time="773000" is_ac="true">and we'll do it that way thin I don't</p>
  <p time="774600" is_ac="true">want thin it's not thin it's it's hand</p>
  <p time="776440" is_ac="true">thin or hand toss hand toss it's not</p>
  <p time="778120" is_ac="true">hand though it's a machine no the thin</p>
  <p time="779880" is_ac="true">is through a machine which one's through</p>
  <p time="781399" is_ac="true">the machine so the hand toss goes</p>
  <p time="783480" is_ac="true">through a machine and it kind of like</p>
  <p time="785440" is_ac="true">press he always tries to correct me I</p>
  <p time="787800" is_ac="true">was right okay let's do that one that</p>
  <p time="789079" is_ac="true">we're doing the hand tossed one small</p>
  <p time="791279" is_ac="true">and then we're going to get Philly</p>
  <p time="792440" is_ac="true">cheese steak and then just so you know</p>
  <p time="794199" is_ac="true">we are taking cash what the heck</p>
  <p time="796360" is_ac="true">happened to your credit card machine</p>
  <p time="797959" is_ac="true">it's been down for a little bit been</p>
  <p time="800600" is_ac="true">down all right now I'm just playing I</p>
  <p time="801600" is_ac="true">got cash I'm just messing give me a hard</p>
  <p time="803079" is_ac="true">time have you met David himself no I</p>
  <p time="805480" is_ac="true">have not really so he doesn't even pop</p>
  <p time="807240" is_ac="true">by his own restaurant I think he</p>
  <p time="809720" is_ac="true">pass I'm pretty sure bless his heart</p>
  <p time="812320" is_ac="true">like your to going be 22 22 thank you we</p>
  <p time="815279" is_ac="true">literally got the rundown of this</p>
  <p time="816639" is_ac="true">restaurant from the nice lady up front</p>
  <p time="818320" is_ac="true">so whoever owns this place don't get mad</p>
  <p time="819760" is_ac="true">at her but the hand tossed isn't hand</p>
  <p time="821720" is_ac="true">tossed it's with machine there's also a</p>
  <p time="823440" is_ac="true">thin crust option which I'm assuming is</p>
  <p time="825560" is_ac="true">also not done by hand this roof is crazy</p>
  <p time="827920" is_ac="true">yeah it's just all individually painted</p>
  <p time="829279" is_ac="true">checkered style I mean that's probably</p>
  <p time="830519" is_ac="true">the nicest thing above this restaurant</p>
  <p time="832040" is_ac="true">to be honest but you do see look at</p>
  <p time="833920" is_ac="true">these ones back here that have water</p>
  <p time="835040" is_ac="true">damage next to the AC fill that brick</p>
  <p time="836800" is_ac="true">wall right there give it a oh not really</p>
  <p time="839279" is_ac="true">prick no that's fake everything about</p>
  <p time="840839" is_ac="true">this place is fake everything that they</p>
  <p time="842639" is_ac="true">make you seem like even the</p>
  <p time="843920" is_ac="true">advertisement of fais pizza isn't even</p>
  <p time="845920" is_ac="true">cooked like that I'm amazed so let's see</p>
  <p time="848279" is_ac="true">how this tastes one for a surprise all</p>
  <p time="850519" is_ac="true">righty folks so the Philly cheese steak</p>
  <p time="852160" is_ac="true">just came to the table it doesn't look</p>
  <p time="853639" is_ac="true">half bad okay does have a little bit</p>
  <p time="855720" is_ac="true">less meat than I would normally like but</p>
  <p time="857279" is_ac="true">let's let's try it okay fresh hot</p>
  <p time="861550" is_ac="true">[Music]</p>
  <p time="863600" is_ac="true">steaming that bread is fire meat</p>
  <p time="866440" is_ac="true">seasoned nicely the veggies are nice</p>
  <p time="868199" is_ac="true">little snap them these are pretty good</p>
  <p time="869720" is_ac="true">only thing I'll say here is that bread</p>
  <p time="870800" is_ac="true">is fresh it's just almost more bread</p>
  <p time="872360" is_ac="true">than anything else because there's not</p>
  <p time="873880" is_ac="true">enough meat in here but the do the</p>
  <p time="875360" is_ac="true">little bits of meat that you do get are</p>
  <p time="877279" is_ac="true">quite tasty okay honestly I might have</p>
  <p time="879519" is_ac="true">to take back some of the things I said</p>
  <p time="881199" is_ac="true">but we're here to judge a pizza this</p>
  <p time="882639" is_ac="true">ain't too hard to do some salt and</p>
  <p time="884000" is_ac="true">pepper and some meat that's good though</p>
  <p time="886670" is_ac="true">[Music]</p>
  <p time="894839" is_ac="true">good and this is Jake's bathroom review</p>
  <p time="898120" is_ac="true">first off that's blowing real cold air</p>
  <p time="900079" is_ac="true">and it's kind of susing me out but it's</p>
  <p time="902600" is_ac="true">kind of gross I'm going to give you guys</p>
  <p time="903959" is_ac="true">some shots of it it's kind of dirty</p>
  <p time="905759" is_ac="true">lighting's really bad I think there's</p>
  <p time="907160" is_ac="true">some waiting outside for me but we give</p>
  <p time="908759" is_ac="true">a couple shots with the flash on so you</p>
  <p time="910279" is_ac="true">guys can really see and then I'll come</p>
  <p time="911440" is_ac="true">back for a smell test just looking a</p>
  <p time="914000" is_ac="true">little</p>
  <p time="915320" is_ac="true">ratchet it's a little ratchet all right</p>
  <p time="918160" is_ac="true">smell</p>
  <p time="919079" is_ac="true">test I think with this clean moldy air</p>
  <p time="921440" is_ac="true">I'm going to give it around like a a</p>
  <p time="922720" is_ac="true">four it's not the worst but I think I'm</p>
  <p time="925399" is_ac="true">also going to die from this so let's get</p>
  <p time="928360" is_ac="true">out of here before the pizza comes this</p>
  <p time="929920" is_ac="true">is a perfect time to tell you pick up</p>
  <p time="931079" is_ac="true">some merch ray.com everything's going</p>
  <p time="933319" is_ac="true">still quick oh and it's here thank you</p>
  <p time="936399" is_ac="true">much thank you all right folks so the</p>
  <p time="938440" is_ac="true">pizza just came here and did she say</p>
  <p time="940759" is_ac="true">hand tossed or did she get pulled out of</p>
  <p time="942440" is_ac="true">a small Douro box and given to us this</p>
  <p time="945399" is_ac="true">looks like something You' get out of a</p>
  <p time="946720" is_ac="true">gas station or like 7-Eleven if you were</p>
  <p time="948839" is_ac="true">to order the whole pizza I mean it</p>
  <p time="950360" is_ac="true">doesn't look bad djo doesn't is not a</p>
  <p time="952160" is_ac="true">bad Pizza it looks like it's fresh hot</p>
  <p time="954040" is_ac="true">and ready so I will say though it also</p>
  <p time="955639" is_ac="true">is very uh oily the cheese looks like</p>
  <p time="958600" is_ac="true">it's was raw at one point and now it's</p>
  <p time="960759" is_ac="true">melted that's what usually cheese</p>
  <p time="962199" is_ac="true">happens it's raw and then it melts well</p>
  <p time="963720" is_ac="true">I met the whole pizza was probably raw</p>
  <p time="965319" is_ac="true">and then yeah that that's usually what</p>
  <p time="966759" is_ac="true">happens when you cook things really you</p>
  <p time="968519" is_ac="true">get like a raw steak or frozen I meant</p>
  <p time="970360" is_ac="true">froz Frozen I'm not good at English it's</p>
  <p time="972160" is_ac="true">my second</p>
  <p time="973480" is_ac="true">language really doughy it fresh it's got</p>
  <p time="976560" is_ac="true">the things that remind you of a pizza</p>
  <p time="977880" is_ac="true">you know it kind of smells like a pizza</p>
  <p time="979319" is_ac="true">it looks like a pizza obviously when you</p>
  <p time="980560" is_ac="true">take a bite of it all it is is dough</p>
  <p time="982319" is_ac="true">you're not getting much of the sauce</p>
  <p time="983759" is_ac="true">you're not getting much of the cheese</p>
  <p time="985040" is_ac="true">you get the saltiness from the</p>
  <p time="986120" is_ac="true">pepperonis but everything else is pretty</p>
  <p time="987920" is_ac="true">bland and not very good which is very</p>
  <p time="989800" is_ac="true">surprising though because you said the</p>
  <p time="991279" is_ac="true">pepper RS were salty I also felt like</p>
  <p time="992959" is_ac="true">that was kind of salty but that's what</p>
  <p time="994199" is_ac="true">made it good was that it was salty that</p>
  <p time="995800" is_ac="true">was good this was not good people are</p>
  <p time="997319" is_ac="true">coming in here there's attraction of</p>
  <p time="998800" is_ac="true">people coming in here so I don't know</p>
  <p time="1000079" is_ac="true">maybe we should got a large pizza or</p>
  <p time="1001440" is_ac="true">something like that maybe the maybe the</p>
  <p time="1002839" is_ac="true">smalls are while we're here though I am</p>
  <p time="1005040" is_ac="true">curious since we just drive by these</p>
  <p time="1006360" is_ac="true">places and we choose based on if they're</p>
  <p time="1007759" is_ac="true">sketch or not what do they actually have</p>
  <p time="1009120" is_ac="true">as reviews here let's pull it up okay</p>
  <p time="1011680" is_ac="true">all right two and a half star 30 reviews</p>
  <p time="1014120" is_ac="true">2.4 Stars I mean I won't lie the pizza</p>
  <p time="1016759" is_ac="true">tastes like a two and a half star now</p>
  <p time="1018199" is_ac="true">that I know can confirm definitely 2 and</p>
  <p time="1020120" is_ac="true">a half St Pizza it's not horrible but</p>
  <p time="1021959" is_ac="true">it's just not great and now we know the</p>
  <p time="1023519" is_ac="true">truth they don't even have an oven a</p>
  <p time="1024959" is_ac="true">brick oven back there they're Liars they</p>
  <p time="1026640" is_ac="true">lied this came on cardboard no pizza</p>
  <p time="1028160" is_ac="true">comes on cardboard right also $22 for</p>
  <p time="1031120" is_ac="true">all this stuff not a bad deal not a bad</p>
  <p time="1032559" is_ac="true">deal but not a great deal I won't be</p>
  <p time="1034120" is_ac="true">back all right folks so there you have</p>
  <p time="1036400" is_ac="true">it it makes sense that there's no one</p>
  <p time="1038079" is_ac="true">standing outside this restaurant it's</p>
  <p time="1039600" is_ac="true">because it's not very good all of these</p>
  <p time="1041240" is_ac="true">people are a lot smarter than us cuz</p>
  <p time="1042959" is_ac="true">they keep on driving by I hope you guys</p>
  <p time="1044720" is_ac="true">enjoyed these sketchy restaurants for 24</p>
  <p time="1046559" is_ac="true">hours if you did hit the thumbs up pick</p>
  <p time="1048039" is_ac="true">up the merch br stream the new song it's</p>
  <p time="1050520" is_ac="true">out now go listen to it available</p>
  <p time="1052200" is_ac="true">everywhere until next time I'll see you</p>
  <p time="1053400" is_ac="true">guys later</p>
  <p time="1056440" is_ac="true">peace Mama taugh me how to stay quiet</p>
  <p time="1060480" is_ac="true">people it a mean nothing everyone</p>
  <p time="1064260" is_ac="true">[Music]</p>
  <p time="1065559" is_ac="true">storyed ha it it's so much on my mind I</p>
  <p time="1069160" is_ac="true">don't say it</p>
</text>
