<?xml version='1.0' encoding='UTF-8'?>
<text date_d="27" date_m="2" date_y="2023" format="srv3" age_limit="0" comment_count="970" description="#finedining #geranium #michelinstar &#10;&#10;My name is Alexander. I’m the co-owner of a ONE Michelin star restaurant, and I’m on a mission - to find inspiration in gastronomy. &#10;I love fine dining, good wine and sharing what I know with other people.&#10;&#10;----------------------------------------------------------------&#10;&#10;Geranium is located in Copenhagen, but not where you might expect a 3-Michelin star restaurant to be. It’s not on the high street, it’s not in a trendy neighbourhood, nor a 5 star hotel. It’s actually in a football stadium!&#10;&#10;The genius in the kitchen is head chef Rasmus Kofoed. His name is now undoubtedly synonymous with Scandinavian top gastronomy. The 48-year-old Danish chef is the first and only chef in the world to have stood on the podium of the world's most prestigious cooking competition three times, winning the iconic Bocuse d'Or statuette in bronze (2005), silver (2007) and gold (2011).&#10;&#10;The three statues still have a prominent place in the world's best restaurant, Geranium. With 3 Michelin stars, Rasmus Kofoed's restaurant not only entered the gastronomic elite in 2016, but it was also named the world's very best restaurant on the list of The World's 50 Best Restaurants last year.&#10;&#10;I have visited the best restaurant in the world. The lesson I learnt? Join me to find out!&#10;&#10;https://www.geranium.dk/&#10;&#10;----------------------------------------------------------------&#10;&#10;Check out my 1 Michelin Star Restaurant: &#10;https://www.instagram.com/42restaurant/&#10;&#10;YOU CAN ALSO FIND ME HERE:&#10;&#10;Instagram - https://www.instagram.com/alexandertheguest&#10;TikTok - https://www.tiktok.com/@alexandertheguest&#10;Blog - https://www.alexandertheguest.com/&#10;&#10;00:00 Intro&#10;00:35 Location&#10;00:50 The Chef&#10;01:54 First Impressions&#10;03:45 Menu&#10;07:59 Final thoughts&#10;&#10;#geranium #rasmuskofoed #michelinstar #3michelinstars #michelin #finedining #gastro #gastronomy #travel #denmark #copenhagen" fulltitle="Eating the 430€ Menu at the WORLD’S NO. 1 RESTAURANT (2022) - Geranium" like_count="32086" location="GERANIUM" playlist_title="na" release_date="na" upload_date="20230227" repost_count="na" tags="Best restaurant in the world; No 1 restaurant; The world’s best restaurant; The world’s 50 best restaurant; Eating at the world’s best restaurant; Copenhagen; Denmark; Geranium; Rasmus Kofoed; restaurant; restaurant Geranium; fine dining; fine dining restaurant; tasting menu; 50 Best Restaurants; food; foodie; eat; eating; three stars; three Michelin stars; Michelin Guide; Michelin star; gourmet; dining; travel; experience; " title="Eating the 430€ Menu at the WORLD’S NO. 1 RESTAURANT (2022) - Geranium" uploader="Alexander The Guest" view_count="1711043" webpage_url="https://www.youtube.com/watch?v=c2RKdhmpf8A" autocaption="false">
  <p time="120" is_ac="false">Welcome to a taste of luxury.</p>
  <p time="2040" is_ac="false">In this channel,</p>
  <p time="3060" is_ac="false">I take you to some of the world’s most 
exclusive 3 Michelin-star restaurants.</p>
  <p time="6900" is_ac="false">My name is Alexander.</p>
  <p time="8640" is_ac="false">I’m the co-owner of a ONE 
Michelin star restaurant,</p>
  <p time="10740" is_ac="false">and I’m on a mission - to find 
inspiration in gastronomy.</p>
  <p time="14340" is_ac="false">I love fine dining, good wine
and sharing what I know with other people</p>
  <p time="18540" is_ac="false">So join me for a taste of luxury.</p>
  <p time="20880" is_ac="false">Welcome to Alexander the Guest.</p>
  <p time="24960" is_ac="false">Today, we have a special treat for you.</p>
  <p time="27360" is_ac="false">We are going to the top of the list 
of the World’s 50 Best Restaurants</p>
  <p time="31020" is_ac="false">to check out the 2022 champion,</p>
  <p time="34200" is_ac="false">Geranium.</p>
  <p time="35160" is_ac="false">Geranium is located in Copenhagen,  </p>
  <p time="37320" is_ac="false">but not where you might expect a 
3-Michelin star restaurant to be.</p>
  <p time="40980" is_ac="false">It’s not on the high street,</p>
  <p time="42480" is_ac="false">it’s not in a trendy neighborhood,</p>
  <p time="44220" is_ac="false">nor a 5 star hotel.</p>
  <p time="45720" is_ac="false">It’s actually in ….</p>
  <p time="47850" is_ac="false">a football stadium!</p>
  <p time="49980" is_ac="false">The genius in the kitchen 
is head chef Rasmus Kofoed. </p>
  <p time="54240" is_ac="false">He is one of the best-known chefs in 
the world for winning the Bocuse d’Or,</p>
  <p time="58200" is_ac="false">which is basically the World Cup of cooking.</p>
  <p time="61380" is_ac="false">Rasmus took home bronze in 2005,</p>
  <p time="63900" is_ac="false">silver in 2007 seven and Gold in 2011.</p>
  <p time="67380" is_ac="false">He is the only chef to have all three statues. </p>
  <p time="70980" is_ac="false">His restaurant, Geranium, was the first 
in Denmark to get 3 Michelin stars,</p>
  <p time="75540" is_ac="false">back in 2016.</p>
  <p time="76620" is_ac="false">So the all-star chef, Rasmus Kofoed</p>
  <p time="79740" is_ac="false">has won pretty much everything there is.</p>
  <p time="82320" is_ac="false">Now, he is coaching other chefs.</p>
  <p time="84840" is_ac="false">He coached the Hungarian team in 2016</p>
  <p time="87180" is_ac="false">and the Danish team in 2019.</p>
  <p time="89340" is_ac="false">both got gold in the European Bocouse d’Or.</p>
  <p time="91860" is_ac="false">I have been lucky enough 
to try his cuisine a few times.</p>
  <p time="95160" is_ac="false">Once was at a four hands dinner in Budapest.</p>
  <p time="98640" is_ac="false">I’ve also been to Geranium twice before,</p>
  <p time="100800" is_ac="false">but since I was here last,</p>
  <p time="102540" is_ac="false">the menu and the restaurant have been revamped,</p>
  <p time="105540" is_ac="false">so I’m looking forward to it.</p>
  <p time="107220" is_ac="false">I have big expectations.</p>
  <p time="108780" is_ac="false">After all, this is the best 
restaurant in the world.</p>
  <p time="114120" is_ac="false">Finding Geranium is easy.</p>
  <p time="118440" is_ac="false">Go to Parken,</p>
  <p time="119700" is_ac="false">the big stadium,</p>
  <p time="120660" is_ac="false">and go to the 8th floor.</p>
  <p time="122580" is_ac="false">You step out of the lift and into the restaurant.</p>
  <p time="127800" is_ac="false">You might think a stadium is a strange 
place for a 3 Michelin star restaurant,  </p>
  <p time="132000" is_ac="false">but when you see the panoramic 
view, you totally get it.</p>
  <p time="135660" is_ac="false">The space is huge and bright.</p>
  <p time="137880" is_ac="false">It has a clean, minimalist design</p>
  <p time="140160" is_ac="false">and large windows overlooking 
the park and the city,</p>
  <p time="143400" is_ac="false">all the way to the sea.</p>
  <p time="145560" is_ac="false">The concept has changed only slightly from before.</p>
  <p time="148740" is_ac="false">The white tablecloths have been 
replaced by marble-topped wooden tables</p>
  <p time="153240" is_ac="false">and the walls have floral accents.</p>
  <p time="155520" is_ac="false">Very tasteful.</p>
  <p time="156840" is_ac="false">It’s simple but luxurious at the same time,</p>
  <p time="159900" is_ac="false">and the Danes manage to keep the direct,</p>
  <p time="162360" is_ac="false">friendly atmosphere they are known for.</p>
  <p time="164880" is_ac="false">The same goes for the service.</p>
  <p time="166440" is_ac="false">It’s elegant, yet easy-going.</p>
  <p time="169320" is_ac="false">The welcoming is typical scandanavian.</p>
  <p time="171840" is_ac="false">Nice and simple.</p>
  <p time="173580" is_ac="false">Nothing is stiff, forced or over the top.</p>
  <p time="176640" is_ac="false">The servers are dressed differently, </p>
  <p time="178680" is_ac="false">which is rare for a 3 Michelin star, 
but they look sharp, so it works.</p>
  <p time="183540" is_ac="false">The servers are young and international.</p>
  <p time="185760" is_ac="false">Some have come all the way 
from Australia to work here,</p>
  <p time="189660" is_ac="false">but none of them are veterans with the 
years of experience we see so often</p>
  <p time="194520" is_ac="false">at the 3-Michelin star level.</p>
  <p time="196440" is_ac="false">There are close to 40 people in the kitchen,</p>
  <p time="198840" is_ac="false">and the finishing area is out in 
the open and part of the show.</p>
  <p time="203400" is_ac="false">The final touches are done at the table, 
adding another level of excitement.</p>
  <p time="208140" is_ac="false">Geranium loves to innovate.</p>
  <p time="210300" is_ac="false">Last year, they introduced a pescetarian menu.</p>
  <p time="213540" is_ac="false">That means there is no meat,</p>
  <p time="215580" is_ac="false">but we can expect fish and seafood.</p>
  <p time="219000" is_ac="false">The chef himself has been 
eating this way for a long time</p>
  <p time="222540" is_ac="false">and here in Denmark, it fits.</p>
  <p time="225300" is_ac="false">The restaurant offers a degustation menu</p>
  <p time="227520" is_ac="false">featuring 19 pescetarian and vegetarian dishes.</p>
  <p time="234600" is_ac="false">The welcome champagne arrives by trolley,</p>
  <p time="237120" is_ac="false">with 4 batches available for tasting.</p>
  <p time="239820" is_ac="false">Krug is my favorite.</p>
  <p time="241440" is_ac="false">They used to have it by the glass,</p>
  <p time="243600" is_ac="false">but not anymore.</p>
  <p time="244740" is_ac="false">Times are changing</p>
  <p time="246300" is_ac="false">and Krug is getting more and more rare.</p>
  <p time="248400" is_ac="false">But still,</p>
  <p time="249600" is_ac="false">Geranium has a great selection to choose from.</p>
  <p time="254460" is_ac="false">The first course arrives 
immediately after the champagne.</p>
  <p time="258660" is_ac="false">It’s a crunchy seaweed basket 
in line with Danish tradition.</p>
  <p time="262860" is_ac="false">It’s basically edible art.</p>
  <p time="266040" is_ac="false">I’m blown away by the artistry and the taste.</p>
  <p time="273660" is_ac="false">Throughout the meal are beautiful 
dishes on spotless plates,</p>
  <p time="277080" is_ac="false">with tweezer techniques in every single dish.</p>
  <p time="280140" is_ac="false">The plates are all natural,</p>
  <p time="281760" is_ac="false">the flavors sharp and refined,</p>
  <p time="284160" is_ac="false">and everything is delicious.</p>
  <p time="287100" is_ac="false">The chef’s skill really shows</p>
  <p time="289140" is_ac="false">and it’s clear that his game 
is a step above the rest.</p>
  <p time="291660" is_ac="false">His menu is served in 3 acts,</p>
  <p time="294330" is_ac="false">with 5 starters,</p>
  <p time="295440" is_ac="false">7 savory</p>
  <p time="296580" is_ac="false">and 7 sweet dishes.</p>
  <p time="303960" is_ac="false">Some compositions remind me of 
a Japanese flower arrangement.</p>
  <p time="311340" is_ac="false">The flowers, of course, are edible.</p>
  <p time="314160" is_ac="false">and the courgettes form a stunning bouquet.</p>
  <p time="316380" is_ac="false">The next course is lobster,</p>
  <p time="329700" is_ac="false">and before serving, wild flowers are 
smoked at the table to enhance the flavor.  </p>
  <p time="336000" is_ac="false">It’s paired with an excellent red wine. </p>
  <p time="337980" is_ac="false">At this moment there are simply no 
words to describe the experience.</p>
  <p time="345900" is_ac="false">I am in my happy place.</p>
  <p time="348780" is_ac="false">It is a visual frenzy that is 
high-end down to the last detail.</p>
  <p time="353880" is_ac="false">And then, they blinked.</p>
  <p time="356100" is_ac="false">The next course was a truffle dish.</p>
  <p time="358500" is_ac="false">It was good, but didn’t fit with 
the excellence of this menu.</p>
  <p time="362460" is_ac="false">In terms of experience and 
taste, it was a step back.</p>
  <p time="366240" is_ac="false">But with the desserts, a nice recovery.</p>
  <p time="371760" is_ac="false">Once again we were back to 
sophistication of an all-star team.</p>
  <p time="376860" is_ac="false">Multiple temperatures, textures and 
exciting presentation were all here.</p>
  <p time="393540" is_ac="false">Let’s talk about the wine list.</p>
  <p time="395040" is_ac="false">For the degustation menu,</p>
  <p time="396540" is_ac="false">there were 4 wine pairings to choose from,</p>
  <p time="398880" is_ac="false">ranging from 270 to 2700 euros.</p>
  <p time="403680" is_ac="false">Maybe the most expensive wine pairing on earth.</p>
  <p time="406860" is_ac="false">We chose the two middle courses and enjoyed 
some outstanding wines by the glass.</p>
  <p time="415680" is_ac="false">Geranium also has a non-alcoholic selection too,</p>
  <p time="418260" is_ac="false">with some interesting and delicious choices.</p>
  <p time="420720" is_ac="false">They serve kambuchas, extractions, 
juices and fancy mocktails.</p>
  <p time="425820" is_ac="false">After dessert,</p>
  <p time="427140" is_ac="false">the kitchen was finished,</p>
  <p time="428160" is_ac="false">and there was just some drinks before</p>
  <p time="430380" is_ac="false">it was time to say goodbye 
to our afternoon at Geranium.</p>
  <p time="433380" is_ac="false">The kitchen was done pushing out courses,</p>
  <p time="435960" is_ac="false">and we could feel the sense or 
urgency getting more relaxed.</p>
  <p time="440640" is_ac="false">All they needed to do was hang on for the win.</p>
  <p time="443940" is_ac="false">But sadly, here is where the 
service started to fall apart.</p>
  <p time="447840" is_ac="false">They relaxed a little bit too much.</p>
  <p time="450540" is_ac="false">Empty wine glasses and dessert 
plates were left on the table.</p>
  <p time="453780" is_ac="false">The water had run out,</p>
  <p time="455580" is_ac="false">and it had been 20 minutes since coffee.</p>
  <p time="459360" is_ac="false">In 3-Michelin star dining, we rarely see this.</p>
  <p time="462420" is_ac="false">Could I let it go?</p>
  <p time="463740" is_ac="false">Absolutely.</p>
  <p time="464880" is_ac="false">It was the only mistake I’d seen in three visits,</p>
  <p time="469080" is_ac="false">and otherwise it was absolutely perfect.</p>
  <p time="472500" is_ac="false">Before we set off,</p>
  <p time="473640" is_ac="false">I was invited to see the kitchen and wine cellar.</p>
  <p time="476940" is_ac="false">Both were spotless.</p>
  <p time="479280" is_ac="false">And now, my final thoughts on Geranium.</p>
  <p time="482940" is_ac="false">The new design is just what I hoped for</p>
  <p time="485460" is_ac="false">simple, elegant and beautiful.</p>
  <p time="487800" is_ac="false">That view is breath-taking.</p>
  <p time="490260" is_ac="false">The service was strong,</p>
  <p time="492060" is_ac="false">but they lost the ball at the end for a bit.</p>
  <p time="495060" is_ac="false">Maybe the young staff just needs more experience,</p>
  <p time="497940" is_ac="false">or maybe they could use a veteran.</p>
  <p time="500700" is_ac="false">It’s always good to have someone 
with 15 years under their belt.</p>
  <p time="504720" is_ac="false">Minus the truffle dish, the food was exceptional.</p>
  <p time="508740" is_ac="false">One of the best menus on the planet.</p>
  <p time="511320" is_ac="false">In a world of 8 billion people</p>
  <p time="513420" is_ac="false">it’s an honor to eat food prepared by the best.</p>
  <p time="517320" is_ac="false">Rasmus Kofoed proved to be a 
true all-star of the kitchen.</p>
  <p time="522000" is_ac="false">It’s really something.</p>
  <p time="523800" is_ac="false">The nearly three-hour experience is like no other,</p>
  <p time="526920" is_ac="false">and some moments blew me away.</p>
  <p time="529740" is_ac="false">I wish the service had gone the distance,</p>
  <p time="531960" is_ac="false">but it reminded me that even the 
best teams can sometimes slip up.</p>
  <p time="537420" is_ac="false">That said,</p>
  <p time="538080" is_ac="false">Geranium is still top 5 in my life.</p>
  <p time="541260" is_ac="false">That’s how good this place is.</p>
  <p time="543480" is_ac="false">Delicious, unique food presented beautifully</p>
  <p time="547020" is_ac="false">in a gorgeous restaurant overlooking Copenhagen.</p>
  <p time="550320" is_ac="false">For that, I would come back in a heartbeat.</p>
  <p time="553260" is_ac="false">And that does it for this episode.</p>
  <p time="554820" is_ac="false">Thank you for joining me.</p>
  <p time="556260" is_ac="false">Come back soon,
and together, we’ll go to  </p>
  <p time="559440" is_ac="false">the next 3 Michelin-star restaurant
and enjoy another taste of luxury</p>
  <p time="562980" is_ac="false">with Alexander the Guest.</p>
</text>
