<?xml version='1.0' encoding='UTF-8'?>
<text date_d="6" date_m="12" date_y="2023" format="srv3" age_limit="0" comment_count="531" description="About the Video -&#10;Today I am visiting the restaurant of every chef who is considered one of the top chefs in India but people have still not recognized them. Let's see if I find them worth recognizing or not.&#10;&#10;--------------------&#10;&#10;&#10;#celebritychef #aayushsapra #food &#10;&#10;&#10;Music Used in the Video:&#10;Licensed Music from Epidemic Sound, Use my referral link to get started - https://www.epidemicsound.com/referral/0ua6yw&#10;&#10;&#10;SUBSCRIBE AND I WILL RATE THE CHEFS WORLDWIDE►&#10;https://www.youtube.com/c/AayushSapra&#10;&#10;--------------------------------&#10;&#10;Watch More ►&#10;Food Challenges | https://www.youtube.com/playlist?list=PLk9oD1jp7tVn2qJHkt6e77ABAPFo5BY0G&#10;Special Episodes | https://youtube.com/playlist?list=PLk9oD1jp7tVlFmOanEcCKXekY0cPCey1W&#10;Any Food You Can Carry | https://youtube.com/playlist?list=PLk9oD1jp7tVnoY26bfCF-AIXbRlVJt4Kh&#10;Every Brand in 24 Hours | https://youtube.com/playlist?list=PLk9oD1jp7tVlgY0CY9VKa1ML2CoXQ0RcS&#10;Aayush Sapra Food Reviews | https://www.youtube.com/playlist?list=PLk9oD1jp7tVm9yaOQ-MJKYp59Vn07A8P8&#10;Short Videos | https://www.youtube.com/playlist?list=PLk9oD1jp7tVnP6kDa0Iz_V32T0MekR1dK&#10;&#10;&#10;FOLLOW ME or I will not eat for a week ►&#10;https://www.facebook.com/aayushsapra11/&#10;https://www.instagram.com/aayushsapra1/&#10;&#10;For Business Enquiries ► contact.aayushsapra@gmail.com" fulltitle="Eating at Every Underrated Celebrity Chef's Restaurant" like_count="28978" location="na" playlist_title="na" release_date="na" upload_date="20231206" repost_count="na" tags="chefs; celebrity chef; harpal singh; chef namak shamak; chef atul kochar; chef manish mehrotra; chef ritu dalmia; chef zorawar kalra; aayush sapra; aayush sapra masterchef; aayush chef; trending videos; " title="Eating at Every Underrated Celebrity Chef's Restaurant" uploader="Aayush Sapra" view_count="696891" webpage_url="https://www.youtube.com/watch?v=llU28m2_hPU" autocaption="false">
  <p time="0" is_ac="false"> A celebrity chef is who makes good food </p>
  <p time="3173" is_ac="false">and also makes people too.</p>
  <p time="4534" is_ac="false">crazy about himself. </p>
  <p time="5844" is_ac="false">But mostly in India we know those chefs </p>
  <p time="8504" is_ac="false">whom we watch on TV or on the internet.</p>
  <p time="10115" is_ac="false">So I thought why not make a video on those chefs</p>
  <p time="12311" is_ac="false"> who has brought recognition </p>
  <p time="13785" is_ac="false">to Indian food across the world.</p>
  <p time="15286" is_ac="false">But the public has not been able to</p>
  <p time="16930" is_ac="false"> give him that much respect.</p>
  <p time="18030" is_ac="false">By the way, in the previous video</p>
  <p time="19808" is_ac="false"> I have exposed some of your favorite Chefs.</p>
  <p time="22899" is_ac="false">So go watch that video but after it.</p>
  <p time="25226" is_ac="false">Today I have found out the name of the celebrity chef</p>
  <p time="29259" is_ac="false"> who taught us the legit method </p>
  <p time="31130" is_ac="false">of adding salt to vegetables.</p>
  <p time="33294" is_ac="false"> Let's add salt-walt.</p>
  <p time="36029" is_ac="false">Who are the fans of Salt-walt. </p>
  <p time="38527" is_ac="false">Please  post in the comment section.</p>
  <p time="39652" is_ac="false">Till then let me take you to </p>
  <p time="40635" is_ac="false">Chef Harpal Singh Sokhi's wonderful </p>
  <p time="42487" is_ac="false"> classic restaurant Karigari</p>
  <p time="44685" is_ac="false">🎵 Music 🎵</p>
  <p time="50500" is_ac="false">The mark of a real chef is that</p>
  <p time="53000" is_ac="false"> even the chandeliers in its restaurant </p>
  <p time="55132" is_ac="false">were made of spoons.</p>
  <p time="56770" is_ac="false">Tell you the most interesting thing about the menu </p>
  <p time="58823" is_ac="false">that there is a story hidden behind every dish.</p>
  <p time="61801" is_ac="false">Which is based on the different experiences of Chef.</p>
  <p time="64871" is_ac="false">Have you heard the name of the show Khana Khazana?</p>
  <p time="66855" is_ac="false">The first episode was not hosted </p>
  <p time="68758" is_ac="false">by Sanjeev Kapoor but hosted by him.</p>
  <p time="70675" is_ac="false">After that Sanjeev Kapoor took all the limelight</p>
  <p time="72890" is_ac="false"> and this poor guy remained underrated.</p>
  <p time="74936" is_ac="false">Sad life.</p>
  <p time="75814" is_ac="false">🎵 Music 🎵</p>
  <p time="79590" is_ac="false">The first dish we have ordered is Chit Karare.</p>
  <p time="81470" is_ac="false"> Chef Harpal tells that there is a station named Patti, </p>
  <p time="83967" is_ac="false"> 30 kilometers away from Jalandhar, </p>
  <p time="85487" is_ac="false">where a Chit Karare seller sits.</p>
  <p time="87961" is_ac="false">And he knows how to call people </p>
  <p time="89301" is_ac="false">whether they want 100 or thousand. </p>
  <p time="90539" is_ac="false">Meaning, need 100 number spicy or thousand number spicy.</p>
  <p time="93802" is_ac="false">You think I will be able to tolerate the maximum</p>
  <p time="95358" is_ac="false">Yes sir!</p>
  <p time="96055" is_ac="false">Let's start with maximum</p>
  <p time="97629" is_ac="false">[ Crunch ]</p>
  <p time="98414" is_ac="false">What happened? Why are there tears in your eyes?</p>
  <p time="100491" is_ac="false">Have I ever been scared?</p>
  <p time="102009" is_ac="false"> I have never been scared till date.</p>
  <p time="104000" is_ac="false">Are you doing comedy?</p>
  <p time="105712" is_ac="false">Now Checking mild ones.</p>
  <p time="107986" is_ac="false">This is nice.</p>
  <p time="108620" is_ac="false">Well honestly  this dish is very tasty.</p>
  <p time="111328" is_ac="false"> Basically it's is fried potato.</p>
  <p time="113184" is_ac="false"> Thin chips made of potatoes </p>
  <p time="114616" is_ac="false">and is topped with spicy chutney.</p>
  <p time="116585" is_ac="false">I am enjoying it.</p>
  <p time="117386" is_ac="false"> I have never been scared till date.</p>
  <p time="119301" is_ac="false">🎵 Music 🎵</p>
  <p time="120809" is_ac="false"> People from Pakistan had commented last time that</p>
  <p time="122560" is_ac="false">Butter is not added to the original chicken sajji.</p>
  <p time="125287" is_ac="false">Butter is not added to them.</p>
  <p time="127162" is_ac="false">[ Crunch ]</p>
  <p time="127975" is_ac="false">Preparation of chicken with very whole spices</p>
  <p time="130658" is_ac="false">with Kulcha Bread.</p>
  <p time="131886" is_ac="false">The taste and combination looks amazing, man.</p>
  <p time="134912" is_ac="false">Let's try the coconut drink.</p>
  <p time="136843" is_ac="false">[ Slurp ]</p>
  <p time="138014" is_ac="false">Oh My God!</p>
  <p time="139281" is_ac="false">Very different, very distinguish.</p>
  <p time="140876" is_ac="false">very differential</p>
  <p time="142033" is_ac="false">Tell me more 4-5 words.</p>
  <p time="143498" is_ac="false">It's different, understand.</p>
  <p time="144701" is_ac="false">You will get to eat three types of mushrooms </p>
  <p time="146444" is_ac="false">for the price of one mushroom</p>
  <p time="147658" is_ac="false">Button mushroom, Shitake mushroom </p>
  <p time="149047" is_ac="false">and Guchchci mushroom and two types of gravy.</p>
  <p time="150944" is_ac="false">How has it turned black, has it burnt?</p>
  <p time="152530" is_ac="false">No, charcoal powder is added.</p>
  <p time="153829" is_ac="false">[ Crunch ]</p>
  <p time="154840" is_ac="false"> Honestly speaking, </p>
  <p time="155872" is_ac="false">I have been to many Chef's restaurants </p>
  <p time="157667" is_ac="false">and eaten different types of food.</p>
  <p time="159131" is_ac="false">But the taste at this Chef's restaurant is amazing. </p>
  <p time="161130" is_ac="false">My personal recommendation is that you come and eat</p>
  <p time="163757" is_ac="false">and if you don't enjoy then hit me with two shoes.</p>
  <p time="166187" is_ac="false">Brother, let's end today's review with the dessert, </p>
  <p time="168738" is_ac="false">its name is 'Shahi Tukda Gulab Jamun'.</p>
  <p time="171071" is_ac="false">🎵 Music 🎵</p>
  <p time="172500" is_ac="false">It's a perfect restaurant.</p>
  <p time="173622" is_ac="false">The taste of every thing is very exceptional</p>
  <p time="176099" is_ac="false">And according to me, Chef Harpal and his restaurant </p>
  <p time="179057" is_ac="false">is very underrated and they should be recognized.</p>
  <p time="181440" is_ac="false">You must come.</p>
  <p time="182222" is_ac="false">So let me show you the next </p>
  <p time="183472" is_ac="false">underrated celebrity chef restaurant.</p>
  <p time="185457" is_ac="false">Rahul, How much we call Vikas Khanna </p>
  <p time="187526" is_ac="false">or Sanjeev Kapoor  as India's No. 1 chef.</p>
  <p time="189645" is_ac="false">But the real experts of food industry. </p>
  <p time="191688" is_ac="false">And in the eyes of media outlets like Hindustan Time,</p>
  <p time="194489" is_ac="false">Do you know who is actually is India's No.1 Chef?</p>
  <p time="196844" is_ac="false"> Bro, He is the executive Chef</p>
  <p time="199330" is_ac="false"> of India's no.1  restaurant Indian Accent.</p>
  <p time="201192" is_ac="false">Chef Manish Mehrotra.</p>
  <p time="202582" is_ac="false">This is Manish Mehrotra's restaurant</p>
  <p time="205172" is_ac="false">Comorin.</p>
  <p time="205971" is_ac="false">Within a few months of its launch, </p>
  <p time="207257" is_ac="false">it has reached number 69 in the list </p>
  <p time="209068" is_ac="false">of Asia's best restaurants.</p>
  <p time="211647" is_ac="false">I know you love the number. </p>
  <p time="213002" is_ac="false">You're  going to love this place too.</p>
  <p time="214522" is_ac="false">Let's go.</p>
  <p time="215786" is_ac="false">🎵 Music 🎵</p>
  <p time="219534" is_ac="false">If you will see his award section,</p>
  <p time="221279" is_ac="false">Zomato Best Restaurants award,</p>
  <p time="222800" is_ac="false">Icons Whisky awards.</p>
  <p time="224104" is_ac="false">I don't understand why their restaurant </p>
  <p time="225613" is_ac="false">has received so many awards </p>
  <p time="227020" is_ac="false">and yet it remains so underrated.</p>
  <p time="229257" is_ac="false">I am unable to understand.</p>
  <p time="230571" is_ac="false">In my eyes he is not a Chef, he is the Chef.</p>
  <p time="233515" is_ac="false">Thanks!!</p>
  <p time="234357" is_ac="false">If you will see the names of his dishes</p>
  <p time="235829" is_ac="false">like, Lemon Gun Powder Idli</p>
  <p time="237233" is_ac="false">Sweet-corn Khichdi</p>
  <p time="238374" is_ac="false">Means our traditional dishes has been presented here </p>
  <p time="241087" is_ac="false">with a model fusion and a modern touch. </p>
  <p time="243586" is_ac="false">This is Gun Powder Idli and its price is ₹ 500.</p>
  <p time="246601" is_ac="false">This place is situated at Gold Golf Course road, Gurgaon.</p>
  <p time="249427" is_ac="false">  And these prices are very common here.</p>
  <p time="252282" is_ac="false">[ Crunch ]</p>
  <p time="253399" is_ac="false">Oho! It should have had so much salt in it. </p>
  <p time="255447" is_ac="false">A few moments later.</p>
  <p time="257327" is_ac="false">When we told him about the salt issue,</p>
  <p time="259656" is_ac="false"> he re-prepare this dish for us </p>
  <p time="263157" is_ac="false">and also we got a complimentary dish.</p>
  <p time="266586" is_ac="false">Fried Chicken Burger.</p>
  <p time="267996" is_ac="false">Sometimes I feel like lying to take advantage</p>
  <p time="271001" is_ac="false"> but today it was an honest case.</p>
  <p time="273118" is_ac="false">🎵 Music 🎵</p>
  <p time="275214" is_ac="false">Now things are being tasted, </p>
  <p time="276687" is_ac="false">spices are being understood. </p>
  <p time="278414" is_ac="false">Earlier the taste of salt was dominating a bit.</p>
  <p time="279542" is_ac="false">Yes! You can say the dish fancy.</p>
  <p time="281257" is_ac="false">It's a fusion, get to experience something new.</p>
  <p time="283622" is_ac="false">Has anything of him is ever bad?</p>
  <p time="284987" is_ac="false">[ Crunch ]</p>
  <p time="285571" is_ac="false">This is very oily, but very tasty.</p>
  <p time="288700" is_ac="false">This is Murgh Yakhni Pulav. </p>
  <p time="290639" is_ac="false">You can never see Biryani of this colour.</p>
  <p time="293557" is_ac="false">In fact, the pieces inside it are also quite different.</p>
  <p time="297157" is_ac="false"> It's kind of Kashmiri Biryani.</p>
  <p time="298630" is_ac="false">Today is our lucky day.</p>
  <p time="300183" is_ac="false">Since the complaint regarding excess salt was lodged</p>
  <p time="302138" is_ac="false"> by the women behind the camera</p>
  <p time="304287" is_ac="false"> Since then the complimentary thing has not stopped.</p>
  <p time="306543" is_ac="false">This is my charm. (wifey)</p>
  <p time="307714" is_ac="false">🎵 Music 🎵</p>
  <p time="309309" is_ac="false">Usually biryani is spicy </p>
  <p time="312800" is_ac="false">but this is not at all like that.</p>
  <p time="314200" is_ac="false">Guchchi Mushroom Biryani</p>
  <p time="315958" is_ac="false">I think both rice and preparation is same,</p>
  <p time="318215" is_ac="false"> there is chicken in the middle, </p>
  <p time="319200" is_ac="false">and here is mushroom in the middle.</p>
  <p time="320957" is_ac="false">It's same.</p>
  <p time="321687" is_ac="false">Do you know which mushroom is it?</p>
  <p time="322904" is_ac="false"> Mushroom Googly Dim-Sum, </p>
  <p time="324129" is_ac="false">which we had eaten at Viraat Kohli's restaurant</p>
  <p time="325800" is_ac="false">Brother I would definitely recommend it,</p>
  <p time="327137" is_ac="false"> must check it out. </p>
  <p time="328568" is_ac="false">Until then let me check out </p>
  <p time="330443" is_ac="false">the next underrated celebrity Chef's restaurant</p>
  <p time="332330" is_ac="false">Rahul, did you knew that</p>
  <p time="333582" is_ac="false"> India's number one Chef Sanjeev Kapoor </p>
  <p time="335777" is_ac="false">or his any restaurant has not yet received </p>
  <p time="338271" is_ac="false">any Michelin Star Award. </p>
  <p time="340383" is_ac="false">[ Baby cry ]</p>
  <p time="341426" is_ac="false">But it is with this member of our list </p>
  <p time="343850" is_ac="false">whose restaurant I have brought you</p>
  <p time="345658" is_ac="false"> and he does not have only one award,</p>
  <p time="347313" is_ac="false">but he has two Michelin Star awards.</p>
  <p time="349268" is_ac="false"> He is the Big Daddy of the cooking industry.</p>
  <p time="351187" is_ac="false">OG  Atul Kochhar</p>
  <p time="353257" is_ac="false">This is Atul Kochhar's lavish  restaurant 'SAGA'</p>
  <p time="355964" is_ac="false">🎵 Music 🎵</p>
  <p time="360786" is_ac="false">How many languages in the world?</p>
  <p time="362188" is_ac="false"> 7,000</p>
  <p time="363143" is_ac="false">And this restaurant is calling us poor in every language</p>
  <p time="365087" is_ac="false"> You are.</p>
  <p time="365961" is_ac="false">Brother, I have never seen such a lavish </p>
  <p time="368530" is_ac="false">&amp; luxurious restaurant in my life.</p>
  <p time="370400" is_ac="false">Do you know what is here?</p>
  <p time="371390" is_ac="false">Chidiya Samosa worth ₹ 600</p>
  <p time="373014" is_ac="false">Chicken momos worth ₹750.</p>
  <p time="374811" is_ac="false">Very nice.</p>
  <p time="375687" is_ac="false">A Sikandari Raan of ₹3,500  is also available here.</p>
  <p time="377949" is_ac="false">🎵 Music 🎵</p>
  <p time="379181" is_ac="false">Rahul, do you know where we are eating samosa today?</p>
  <p time="381210" is_ac="false">What kind of place? </p>
  <p time="381750" is_ac="false">A normal man does not eat samosa here. </p>
  <p time="383417" is_ac="false">Aman Gupta lives here in DLF Camellias</p>
  <p time="385257" is_ac="false">where the flats are worth 100 crores.</p>
  <p time="389537" is_ac="false">Even samosas would never have thought </p>
  <p time="391100" is_ac="false">that I could look so beautiful.</p>
  <p time="392557" is_ac="false">🎵 Music 🎵</p>
  <p time="394288" is_ac="false">Honestly speaking, the chole along with it is such </p>
  <p time="397365" is_ac="false">that one feels like eating it again and again, </p>
  <p time="399286" is_ac="false">but the samosa is not such tasty.</p>
  <p time="402957" is_ac="false">In a Dish whose name is Samosa,</p>
  <p time="404272" is_ac="false"> if Samosa is not tasty then it is not fun.</p>
  <p time="407888" is_ac="false">I agree that your restaurant is</p>
  <p time="408873" is_ac="false"> at a very expensive place, it is on Golf Course Road, </p>
  <p time="410694" is_ac="false">Will you sell four momos worth Rs 750?</p>
  <p time="413086" is_ac="false">🎵 Music 🎵</p>
  <p time="415443" is_ac="false">Bro, momos are very nice.</p>
  <p time="416957" is_ac="false">I swear, you can find better ones in the streets.</p>
  <p time="419749" is_ac="false">The name of this dish is Kundan Kali.</p>
  <p time="421156" is_ac="false">It has broccoli inside it along with a gravy</p>
  <p time="424130" is_ac="false"> and multigrain rotis with it.</p>
  <p time="425929" is_ac="false"> It look like as simple bread,</p>
  <p time="427367" is_ac="false"> but when you will hear its price, </p>
  <p time="428932" is_ac="false">your mangoes too will burst.</p>
  <p time="430762" is_ac="false">Friend, a roti costs ₹220</p>
  <p time="432772" is_ac="false">🎵 Music 🎵</p>
  <p time="434529" is_ac="false">From which angle are the rotis worth Rs 220 </p>
  <p time="436361" is_ac="false">and from which angle are the broccoli worth Rs 600?​</p>
  <p time="438876" is_ac="false">I am unable to understand. My God!</p>
  <p time="440913" is_ac="false">This is the hidden gem that needs to stay hidden.</p>
  <p time="443373" is_ac="false">We go to the next underrated celebrity chef's restaurant.</p>
  <p time="446643" is_ac="false">Well, who remembers NDTV's show Traveling Diva?</p>
  <p time="449848" is_ac="false">No one remembers now, move forward.</p>
  <p time="451301" is_ac="false">Ok, that's why in 2012 the chef who hosted </p>
  <p time="454786" is_ac="false">the show and remains underrated till date.</p>
  <p time="457382" is_ac="false">Guys, the next entry in the list </p>
  <p time="458787" is_ac="false">is the Italian restaurant Diva</p>
  <p time="460342" is_ac="false"> and the chef Ritu Dalmia who runs it.</p>
  <p time="463840" is_ac="false">🎵 Music 🎵</p>
  <p time="468066" is_ac="false"> You know guys, I feel that Ritu ji must have opened</p>
  <p time="471073" is_ac="false"> this restaurant during the day</p>
  <p time="472225" is_ac="false">She forgot to set the lights for night.</p>
  <p time="474625" is_ac="false">No one likes such childish things </p>
  <p time="477344" is_ac="false">and people make fun of them.</p>
  <p time="478529" is_ac="false">This Gals first opened a restaurant which failed,</p>
  <p time="480714" is_ac="false"> then opened another which she had to leave. </p>
  <p time="482699" is_ac="false"> Then opened her third restaurant with the name DIVA,</p>
  <p time="484401" is_ac="false">which has been a superhit for the last 23 years. </p>
  <p time="486772" is_ac="false">Basically the menu here is not North Indian cuisine </p>
  <p time="489273" is_ac="false">but Italian cuisine.</p>
  <p time="491349" is_ac="false">Ritu ji has learned to make Italian in in Italy only.</p>
  <p time="494510" is_ac="false">So what has come, I didn't even order this.</p>
  <p time="496506" is_ac="false"> It's complimentary.</p>
  <p time="497771" is_ac="false">If I sit in a restaurant for 10 minutes </p>
  <p time="499643" is_ac="false">with holding the menu</p>
  <p time="500943" is_ac="false">let me eat this item</p>
  <p time="501966" is_ac="false">Hey! you...</p>
  <p time="503285" is_ac="false">I will eat, people will eat or not. </p>
  <p time="504730" is_ac="false">People are crazy.</p>
  <p time="505514" is_ac="false">People don't know how to collect free stuff.</p>
  <p time="507666" is_ac="false">In reality, amount of bill is not reimburse </p>
  <p time="509501" is_ac="false">in ordered dishes but in these things</p>
  <p time="510729" is_ac="false">[ Indistinct chattering ]</p>
  <p time="512243" is_ac="false">what is so disgusting about this?</p>
  <p time="513786" is_ac="false">How is the taste?</p>
  <p time="515057" is_ac="false">What will be the taste?  it's of tomato and bread.</p>
  <p time="517215" is_ac="false">I ordered two types of pizza.</p>
  <p time="519185" is_ac="false">Two are combined into one. </p>
  <p time="520501" is_ac="false">These poor people doesn't eat pizza.</p>
  <p time="522730" is_ac="false">One half is Burrata Cheese </p>
  <p time="524415" is_ac="false">and the other half is wild mushroom.</p>
  <p time="526128" is_ac="false">🎵 Music 🎵</p>
  <p time="528729" is_ac="false">To be honest, I have never eaten such average</p>
  <p time="531125" is_ac="false"> Burrata cheese pizza.</p>
  <p time="532930" is_ac="false">There is a Nomad pizza in Delhi, ever try it.</p>
  <p time="535850" is_ac="false">That is called Pizza.</p>
  <p time="537059" is_ac="false">This is pure garbage.</p>
  <p time="538673" is_ac="false"> This Chef has opened Italian restaurant in India</p>
  <p time="541078" is_ac="false"> and Indian restaurant in Italy. </p>
  <p time="542829" is_ac="false">But I feel that something has gone</p>
  <p time="544400" is_ac="false"> terribly wrong at both places.</p>
  <p time="545915" is_ac="false">I didn't enjoy it, bro.</p>
  <p time="547187" is_ac="false"> Tiramisu, it's basically a European Dessert.</p>
  <p time="550128" is_ac="false">[ munching ]</p>
  <p time="552172" is_ac="false">Why do these dishes say that you adjust, </p>
  <p time="554258" is_ac="false">we are like this only.</p>
  <p time="556387" is_ac="false">Where these are made,</p>
  <p time="558073" is_ac="false"> they are according to their taste para.</p>
  <p time="559807" is_ac="false">This restaurant also deserves </p>
  <p time="561530" is_ac="false">to be underrated in my opinion.</p>
  <p time="563860" is_ac="false">Drink this Italian ice-tea</p>
  <p time="565472" is_ac="false">We don't like it.</p>
  <p time="566944" is_ac="false">Let's move on to next.</p>
  <p time="568247" is_ac="false">Today I have brought you the last restaurant on the list. </p>
  <p time="571029" is_ac="false">This guy has not just one but 26 restaurants to his name.</p>
  <p time="574557" is_ac="false">In which the quite popular name is FARZI cafe, </p>
  <p time="577087" is_ac="false">PA PA YA, Masala Bar</p>
  <p time="578986" is_ac="false">This guy himself may not be a professional Chef</p>
  <p time="581443" is_ac="false">But he has judged Chefs in season 5 of MasterChef. </p>
  <p time="585904" is_ac="false">And this is one of their 26 restaurants. </p>
  <p time="588901" is_ac="false">Presenting you guys Farzi cafe by Mr. Zorawar Kalra.</p>
  <p time="592126" is_ac="false">🎵 Music 🎵</p>
  <p time="596043" is_ac="false">Do you know what people used to say his father?</p>
  <p time="598830" is_ac="false">The emperor of the modern cuisine food industry.</p>
  <p time="601997" is_ac="false">The things are very expensive even in his restaurant. </p>
  <p time="603930" is_ac="false">We taste it and tell you </p>
  <p time="605129" is_ac="false">whether underrated is right or wrong.</p>
  <p time="607386" is_ac="false">🎵 Music 🎵</p>
  <p time="609650" is_ac="false">Oh My God! This dish is very good.</p>
  <p time="611515" is_ac="false">It has very unique flavour.</p>
  <p time="612607" is_ac="false">🎵 Music 🎵</p>
  <p time="615524" is_ac="false">Oh My God!</p>
  <p time="616287" is_ac="false">Brother, food is amazing.</p>
  <p time="617582" is_ac="false">Brother, the shape of food tell us the half story. </p>
  <p time="619715" is_ac="false">There is no need for me to tell it. </p>
  <p time="621094" is_ac="false">The viewer will understand what this thing is like.</p>
  <p time="623628" is_ac="false">The food is good.</p>
  <p time="624836" is_ac="false"> The restaurant is on an expensive site</p>
  <p time="626301" is_ac="false"> but I think it is definitely underrated.</p>
  <p time="629057" is_ac="false"> People need to appreciate.</p>
  <p time="632657" is_ac="false">Umm!!!</p>
  <p time="633914" is_ac="false">Nice!</p>
  <p time="634665" is_ac="false">Enjoyed it. </p>
  <p time="635373" is_ac="false">Definitely, I think this restaurant is underrated.</p>
  <p time="637535" is_ac="false">And may it deserves more appreciation.</p>
  <p time="639542" is_ac="false"> Rest, you have understood the summary of today's video. </p>
  <p time="642186" is_ac="false"> You have seen which restaurant was underrated </p>
  <p time="644144" is_ac="false">and which one was right?</p>
  <p time="644959" is_ac="false">If we have missed any Chef's restaurant </p>
  <p time="647130" is_ac="false">then please let us know in the comment section.</p>
  <p time="648874" is_ac="false">Thank you for watching guys.</p>
  <p time="650344" is_ac="false">Take care. Bye-Bye.</p>
  <p time="651887" is_ac="false">Bro, Chef Atul Kochhar is...</p>
  <p time="653743" is_ac="false">Don't talk nonsense.</p>
  <p time="655172" is_ac="false">How much does he talk.</p>
  <p time="656709" is_ac="false"> I am saying the fact.</p>
  <p time="657696" is_ac="false">Don't want to listen, man.</p>
</text>
