<?xml version='1.0' encoding='UTF-8'?>
<text date_d="22" date_m="11" date_y="2023" format="srv3" age_limit="0" comment_count="3100" description="I went to the worst reviewed restaurant in Italy which is also the lowest rated restaurant in the history of our show to see what's wrong.&#10;&#10;Get O2's e-sim with 10GB of mobile data in EU: https://od.o2.cz/PPPeter&#10;with first 10 people getting one day of unlimited data&#10;&#10;Get your copy of All the Places I Didn't Die HERE: https://www.pppeter.shop/&#10;or on Amazon: https://www.amazon.com/dp/B0CKVXW4GB/ref=tsm_1_fb_lk&#10;&#10;READ THE FIRST CHAPTER FOR FREE HERE: https://www.pppeter.shop/info/bookpreview&#10;&#10;SUPPORT ME ON PATREON: https://www.patreon.com/PPPeter&#10;&#10;MERCH: https://represent.com/store/pppeter&#10;&#10;INSTAGRAM&#10;https://www.instagram.com/patopopular/&#10;&#10;FACEBOOK&#10;https://www.facebook.com/PPPeterYouTube/&#10;&#10;TWITTER&#10;https://twitter.com/peterblathering" fulltitle="Eating at the Worst Reviewed Restaurant in Italy" like_count="38326" location="na" playlist_title="na" release_date="na" upload_date="20231122" repost_count="na" tags="Eating at the Worst Reviewed Restaurant in Italy; worst reviewed; worst reviewed restaurant; restaurant; eating at; i went to; italy; worst rated; worst rating; worst; the worst; the; reviewed; yelp; 1-star; one star; worst reviewed hotel; hotel; " title="Eating at the Worst Reviewed Restaurant in Italy" uploader="PPPeter" view_count="1037656" webpage_url="https://www.youtube.com/watch?v=LYZE7tn0oCo" autocaption="true">
  <p time="290" is_ac="true">[Music]</p>
  <p time="3000" is_ac="true">one of the worst pizzas of my</p>
  <p time="7639" is_ac="true">life this is a [ __ ]</p>
  <p time="12880" is_ac="true">scam we are in Venice the gem of Italy a</p>
  <p time="17720" is_ac="true">symphony of art culture and nature where</p>
  <p time="21199" is_ac="true">the enchantment never Fades away such a</p>
  <p time="24560" is_ac="true">poetic beginning for an episode that</p>
  <p time="26760" is_ac="true">might be filled with unpleasant stomach</p>
  <p time="29039" is_ac="true">problems and terrible food buckle up</p>
  <p time="32840" is_ac="true">we're visiting the worv restaurant in</p>
  <p time="37450" is_ac="true">[Music]</p>
  <p time="40320" is_ac="true">Italy you're all familiar with the</p>
  <p time="42800" is_ac="true">routine let's open Trip Advisor and</p>
  <p time="45200" is_ac="true">browse through the restaurants of 10 of</p>
  <p time="47320" is_ac="true">the biggest Italian cities including the</p>
  <p time="49960" is_ac="true">entire regions of Sicily and Sardinia</p>
  <p time="52800" is_ac="true">this way we're basically covering most</p>
  <p time="54559" is_ac="true">of Italy take all the boxes here</p>
  <p time="56680" is_ac="true">navigate to the very last page of each</p>
  <p time="58680" is_ac="true">City and find the app absolutely worst</p>
  <p time="60719" is_ac="true">restaurants of a country with arguably</p>
  <p time="63199" is_ac="true">the best food in the world I'm very</p>
  <p time="66400" is_ac="true">curious give me a</p>
  <p time="70420" is_ac="true">[Music]</p>
  <p time="80320" is_ac="true">minute ladies and gentlemen we're going</p>
  <p time="83240" is_ac="true">back to Milan the worst rude restaurant</p>
  <p time="85960" is_ac="true">in Italy is named minor resturante</p>
  <p time="89000" is_ac="true">pizeria bar and check this out one star</p>
  <p time="92280" is_ac="true">on trip advisor with over 1,500 reviews</p>
  <p time="96640" is_ac="true">and get ready for more shocks 95% of the</p>
  <p time="100520" is_ac="true">reviews are one star ones 1.1 on Google</p>
  <p time="105719" is_ac="true">reviews I've never seen something like</p>
  <p time="109040" is_ac="true">that almost every guest must have left</p>
  <p time="112040" is_ac="true">disgusted and</p>
  <p time="114000" is_ac="true">appalled what the hell have we just</p>
  <p time="116840" is_ac="true">found this looks like a standard</p>
  <p time="118960" is_ac="true">restaurant look look happy employees</p>
  <p time="121479" is_ac="true">happy guests all right the food looks</p>
  <p time="123840" is_ac="true">average but nothing suggests this could</p>
  <p time="125880" is_ac="true">be the absolutely worst restaurant of an</p>
  <p time="128039" is_ac="true">entire 60 million</p>
  <p time="130080" is_ac="true">country something doesn't add up here</p>
  <p time="133160" is_ac="true">looking at the words most often</p>
  <p time="135040" is_ac="true">mentioned in the reviews I think I'm on</p>
  <p time="137360" is_ac="true">to something scam tourist trap Thief</p>
  <p time="140840" is_ac="true">ripoff Scandal let's read some of the</p>
  <p time="143840" is_ac="true">reviews and find out why minera Doro</p>
  <p time="146920" is_ac="true">which translates to gold mine is such a</p>
  <p time="149840" is_ac="true">horrible establishment the owner and the</p>
  <p time="152760" is_ac="true">bouncer beats customers in front of the</p>
  <p time="155080" is_ac="true">place after I called for the police he</p>
  <p time="157400" is_ac="true">said there is no police in Italia we</p>
  <p time="159840" is_ac="true">paid €42 for pizza and coffee I told the</p>
  <p time="162400" is_ac="true">server that I was going to put in a</p>
  <p time="164480" is_ac="true">negative review and he literally pushed</p>
  <p time="166440" is_ac="true">me out of the door shocking for be you</p>
  <p time="168959" is_ac="true">pay €20 they got mad and treated us</p>
  <p time="171480" is_ac="true">badly they even threw in our faces the</p>
  <p time="173800" is_ac="true">change from the bill we paid the beers</p>
  <p time="175720" is_ac="true">with absolute ripoff €35 for a plate of</p>
  <p time="178640" is_ac="true">Letts and a few pieces of of CH they</p>
  <p time="180519" is_ac="true">will charge you to charge your phone and</p>
  <p time="182440" is_ac="true">for the smallest things you can imagine</p>
  <p time="184440" is_ac="true">we asked for ketchup and he asked us how</p>
  <p time="186159" is_ac="true">many we had four sachets little did we</p>
  <p time="188200" is_ac="true">know until the pill came that each small</p>
  <p time="189840" is_ac="true">CET cost €2 a fraud they don't offer you</p>
  <p time="193040" is_ac="true">a menu then they try to convince you to</p>
  <p time="194959" is_ac="true">order what they want the most expensive</p>
  <p time="197159" is_ac="true">the waiter quite rud and to top it off</p>
  <p time="199480" is_ac="true">you can't pay by car due to an alleged</p>
  <p time="201360" is_ac="true">recli failure we didn't go the police</p>
  <p time="203879" is_ac="true">because we were with a little kid I mean</p>
  <p time="206040" is_ac="true">we've been to some overpriced tourist</p>
  <p time="208280" is_ac="true">trp restaurants on our show but this is</p>
  <p time="210599" is_ac="true">some Next Level overpriced tourist trap</p>
  <p time="214480" is_ac="true">gold mine is apparently really living up</p>
  <p time="216599" is_ac="true">to its name I really want to find out</p>
  <p time="219040" is_ac="true">how the hell can this restaurant get so</p>
  <p time="221400" is_ac="true">many customers and what's the secret of</p>
  <p time="223959" is_ac="true">their long-term existence asking for</p>
  <p time="226680" is_ac="true">money for charging your phone that's</p>
  <p time="229519" is_ac="true">unheard of anyway I'm really glad we</p>
  <p time="232480" is_ac="true">robbed the bank because we'll need a lot</p>
  <p time="234599" is_ac="true">of money and nerves of Steel let's get</p>
  <p time="238439" is_ac="true">ourselves scammed</p>
  <p time="241519" is_ac="true">in</p>
  <p time="242760" is_ac="true">[Music]</p>
  <p time="250800" is_ac="true">[Applause]</p>
  <p time="254760" is_ac="true">[Music]</p>
  <p time="268600" is_ac="true">Milan</p>
  <p time="270250" is_ac="true">[Music]</p>
  <p time="276199" is_ac="true">we'll be right in Milan son of a biscuit</p>
  <p time="278880" is_ac="true">the silly SIM card is not working the is</p>
  <p time="281400" is_ac="true">wrong with you Vlog what are you</p>
  <p time="282560" is_ac="true">bitching about the SIM card is so small</p>
  <p time="285039" is_ac="true">how am I supposed to insert it here</p>
  <p time="287160" is_ac="true">freaking heck no no no no no no no no no</p>
  <p time="290880" is_ac="true">no what have you done how will we find</p>
  <p time="294960" is_ac="true">the restaurant without mobile data on</p>
  <p time="296880" is_ac="true">our phone Google Maps won't work without</p>
  <p time="299280" is_ac="true">internet don't worry we go old</p>
  <p time="306880" is_ac="true">school are you kidding on give it to</p>
  <p time="314720" is_ac="true">me if you're traveling in the European</p>
  <p time="317520" is_ac="true">Union like us and your friends goofball</p>
  <p time="320639" is_ac="true">like vlot then forget about physical sim</p>
  <p time="323520" is_ac="true">cards for mobile data there's a more</p>
  <p time="326160" is_ac="true">convenient faster and cheaper option</p>
  <p time="329560" is_ac="true">electronic SIM card from the sponsor of</p>
  <p time="331560" is_ac="true">this video O2 Czech Republic imagine</p>
  <p time="334680" is_ac="true">visiting the beautiful Czech Republic my</p>
  <p time="337520" is_ac="true">home for the last 11 years you'll need</p>
  <p time="340160" is_ac="true">mobile data with o2's eim you can get 10</p>
  <p time="344120" is_ac="true">GB for 30 days for nearly all European</p>
  <p time="347479" is_ac="true">countries for only 499 check crowns</p>
  <p time="351240" is_ac="true">which is roughly $21 and if you get</p>
  <p time="354080" is_ac="true">tired of the Czech Republic you can</p>
  <p time="356240" is_ac="true">visit France to see the Eiffel Tower</p>
  <p time="358880" is_ac="true">Spain to to experience vibrant flamco</p>
  <p time="361520" is_ac="true">dancing or Italy to eat at its worst</p>
  <p time="364160" is_ac="true">reviewed restaurant otu's eim ensures</p>
  <p time="367199" is_ac="true">you stay connected in each of these</p>
  <p time="369639" is_ac="true">countries getting and activating the SIM</p>
  <p time="372280" is_ac="true">card couldn't be any easier simply</p>
  <p time="375199" is_ac="true">follow the link in the description</p>
  <p time="377120" is_ac="true">purchase the SIM card without any need</p>
  <p time="379080" is_ac="true">for registration and after payment</p>
  <p time="381319" is_ac="true">you'll receive instructions to activate</p>
  <p time="383360" is_ac="true">it by scanning a QR code and you're set</p>
  <p time="386160" is_ac="true">now you can scroll Tik toks if the</p>
  <p time="388000" is_ac="true">Austrian opra bores you you can also</p>
  <p time="390599" is_ac="true">post your extremely unoriginal insta</p>
  <p time="393000" is_ac="true">story from Greece or you can easily call</p>
  <p time="395560" is_ac="true">on Uber in Germany after leaving its</p>
  <p time="397919" is_ac="true">worst reviewed Hotel skip the cues at a</p>
  <p time="400520" is_ac="true">mobile operator's office somewhere in</p>
  <p time="402960" is_ac="true">Portugal by clicking the link in the</p>
  <p time="405080" is_ac="true">description to get your absolute</p>
  <p time="407120" is_ac="true">European travel essential I'm glad my</p>
  <p time="409560" is_ac="true">internet is settled because according to</p>
  <p time="411720" is_ac="true">the reviews the Wi-Fi in Min adoro is</p>
  <p time="415520" is_ac="true">not free welcome to Milan once again</p>
  <p time="419960" is_ac="true">we were here just recently checking out</p>
  <p time="422440" is_ac="true">the worst reviewed Hotel of Italy and</p>
  <p time="425039" is_ac="true">now it's time for the overpriced tourist</p>
  <p time="427199" is_ac="true">trap possibly the biggest tourist trap</p>
  <p time="430120" is_ac="true">of Our Lives we're going to play the</p>
  <p time="432319" is_ac="true">role of typical lost tourists trying to</p>
  <p time="435080" is_ac="true">get ourselves lured in and pushed to</p>
  <p time="437160" is_ac="true">order food and drinks the servers</p>
  <p time="439319" is_ac="true">recommend will the food be edible or</p>
  <p time="442520" is_ac="true">will we leave not only broke but also</p>
  <p time="446039" is_ac="true">hungry let's find</p>
  <p time="448319" is_ac="true">out</p>
  <p time="451360" is_ac="true">if there's one thing we learned after</p>
  <p time="453759" is_ac="true">visiting many worst reviewed restaurants</p>
  <p time="456280" is_ac="true">all around Europe it's that they all</p>
  <p time="458800" is_ac="true">rely on luring you in from the</p>
  <p time="463120" is_ac="true">street</p>
  <p time="464680" is_ac="true">beer yes why not yeah we're actually</p>
  <p time="468120" is_ac="true">looking for</p>
  <p time="470840" is_ac="true">something do you want to have one</p>
  <p time="478319" is_ac="true">beer</p>
  <p time="480400" is_ac="true">beer yeah two</p>
  <p time="483479" is_ac="true">beer they wasted no time the beers</p>
  <p time="487400" is_ac="true">arrived in under a minute to an ordinary</p>
  <p time="490319" is_ac="true">guest this would seem like exemplary</p>
  <p time="492759" is_ac="true">Swift service but to us it felt like</p>
  <p time="496400" is_ac="true">rushing why such</p>
  <p time="499720" is_ac="true">urgency well my wallet is already</p>
  <p time="504680" is_ac="true">crying too money</p>
  <p time="508240" is_ac="true">Che extremely</p>
  <p time="510759" is_ac="true">expensive what about some antipasti</p>
  <p time="513039" is_ac="true">first let let's splash the cash let's</p>
  <p time="515240" is_ac="true">let's have some starter as well now you</p>
  <p time="518560" is_ac="true">may have noticed the poor audio quality</p>
  <p time="521039" is_ac="true">of this part of the video we were forced</p>
  <p time="523719" is_ac="true">to use the sound from vlat spy glasses</p>
  <p time="526480" is_ac="true">and a GoPro hidden in my back next to a</p>
  <p time="529080" is_ac="true">small fan to prevent overheating</p>
  <p time="531880" is_ac="true">normally we'd used our regular camera</p>
  <p time="534480" is_ac="true">but as you'll soon discover the</p>
  <p time="536399" is_ac="true">suspicious staff around us made that imp</p>
  <p time="539720" is_ac="true">possible so hi so uh we would like to</p>
  <p time="542519" is_ac="true">try at anti pasty what kind of antipasti</p>
  <p time="550160" is_ac="true">CPR you want</p>
  <p time="553079" is_ac="true">toed</p>
  <p time="555200" is_ac="true">BR okay okay</p>
  <p time="559240" is_ac="true">okay yes the</p>
  <p time="564320" is_ac="true">camera no</p>
  <p time="566680" is_ac="true">camera it's my my glass no this no</p>
  <p time="570720" is_ac="true">there's no camera no it's just just I</p>
  <p time="573800" is_ac="true">think the camera</p>
  <p time="575200" is_ac="true">because I think it was a camera it's</p>
  <p time="577839" is_ac="true">just the style of my glass style of his</p>
  <p time="580040" is_ac="true">glasses okay thank you very much yeah oh</p>
  <p time="586680" is_ac="true">sorry we almost got exposed but we</p>
  <p time="589440" is_ac="true">played it pretty well I think we should</p>
  <p time="591720" is_ac="true">uh hide the the Panasonic G7 right now</p>
  <p time="594440" is_ac="true">so they are not more suspicious hide the</p>
  <p time="596839" is_ac="true">G7 we're we're just going to use the</p>
  <p time="598959" is_ac="true">gold from</p>
  <p time="602240" is_ac="true">okay the drinks are not listed on the</p>
  <p time="605440" is_ac="true">menu there are no</p>
  <p time="608920" is_ac="true">drinks</p>
  <p time="612519" is_ac="true">thank thank you thank you to be</p>
  <p time="616320" is_ac="true">completely honest the food looked</p>
  <p time="619000" is_ac="true">phenomenal and tasted that's it yeah</p>
  <p time="622839" is_ac="true">it's really good</p>
  <p time="626399" is_ac="true">about 10 out of 10 both of</p>
  <p time="630360" is_ac="true">topping is so well seasoned very fluffy</p>
  <p time="634200" is_ac="true">but crunchy at the same time always</p>
  <p time="636399" is_ac="true">keeping the Tre on this show I think</p>
  <p time="638399" is_ac="true">what we should do is finishing the beers</p>
  <p time="640839" is_ac="true">as fast as possible so we'll see if</p>
  <p time="643440" is_ac="true">they're going to be pushing for one more</p>
  <p time="646360" is_ac="true">round of beer I finished my beer and</p>
  <p time="649680" is_ac="true">wondered how long will it take for the</p>
  <p time="651760" is_ac="true">servers to</p>
  <p time="653180" is_ac="true">[Music]</p>
  <p time="658040" is_ac="true">notice</p>
  <p time="661760" is_ac="true">yes yeah of</p>
  <p time="664600" is_ac="true">course thank you that's absolutely unbel</p>
  <p time="668480" is_ac="true">the moment I finished it was here you</p>
  <p time="670519" is_ac="true">were still</p>
  <p time="671880" is_ac="true">finishing I finished my sentence exactly</p>
  <p time="675360" is_ac="true">35 seconds after we ordered the second</p>
  <p time="678560" is_ac="true">round of</p>
  <p time="679920" is_ac="true">[Music]</p>
  <p time="685120" is_ac="true">beers indeed a very Swift service</p>
  <p time="691760" is_ac="true">let's be really slow with this beer cuz</p>
  <p time="694120" is_ac="true">I don't have 500 in my</p>
  <p time="696680" is_ac="true">wallet surprised by the quality of</p>
  <p time="699399" is_ac="true">starters we checked the overpriced on</p>
  <p time="702120" is_ac="true">trace and got ready for the main course</p>
  <p time="705000" is_ac="true">what we we want like pizza and</p>
  <p time="709720" is_ac="true">pastaa</p>
  <p time="711639" is_ac="true">salad</p>
  <p time="717600" is_ac="true">salad for</p>
  <p time="722320" is_ac="true">the back page of the menu listed all the</p>
  <p time="724760" is_ac="true">hidden costs €2 per person for table</p>
  <p time="728040" is_ac="true">service 15 minutes of Wi-Fi usage a</p>
  <p time="730880" is_ac="true">small saet of ketchup or mayonnaise</p>
  <p time="733279" is_ac="true">calling a taxi and charging your phone I</p>
  <p time="736680" is_ac="true">have a socket here can you give me the</p>
  <p time="740839" is_ac="true">charger it's charging let's see what</p>
  <p time="744880" is_ac="true">this will lead to thank you wow thank</p>
  <p time="748399" is_ac="true">you very much good thank you so</p>
  <p time="750639" is_ac="true">much pizza was very</p>
  <p time="755279" is_ac="true">underwhelming</p>
  <p time="760399" is_ac="true">right this is overcooked this is not</p>
  <p time="763360" is_ac="true">alent it's definitely a downgrade from</p>
  <p time="765720" is_ac="true">the starter how much did it cost is it</p>
  <p time="770199" is_ac="true">€30 for</p>
  <p time="773279" is_ac="true">this that</p>
  <p time="777839" is_ac="true">hurts</p>
  <p time="780279" is_ac="true">this is the kind of pizza I would expect</p>
  <p time="782920" is_ac="true">in like in a fast food counter average</p>
  <p time="785920" is_ac="true">and bl one of the worst pizzas of my</p>
  <p time="789279" is_ac="true">life my glass is empty and the vultures</p>
  <p time="792720" is_ac="true">are still not here I'm going to ask if</p>
  <p time="794680" is_ac="true">they can bring me tap water I'm pretty</p>
  <p time="796399" is_ac="true">sure they're going to bring me water</p>
  <p time="797560" is_ac="true">that will cost like €</p>
  <p time="799880" is_ac="true">10 thank</p>
  <p time="802880" is_ac="true">you we're not smiling that much so let's</p>
  <p time="806079" is_ac="true">uh do you know any joke</p>
  <p time="811000" is_ac="true">without racist content</p>
  <p time="814519" is_ac="true">nobe uh maybe just water please guys</p>
  <p time="817880" is_ac="true">this can I like te</p>
  <p time="820959" is_ac="true">water no te</p>
  <p time="823600" is_ac="true">water it's not not good what</p>
  <p time="826880" is_ac="true">you it's dirty dirty in Milan it's dirty</p>
  <p time="832079" is_ac="true">here well then uh uh</p>
  <p time="835360" is_ac="true">still thank you very</p>
  <p time="837560" is_ac="true">much so we stumbled across the only</p>
  <p time="840720" is_ac="true">place in the entire city of mil with</p>
  <p time="843519" is_ac="true">dirty Temple such a coincidence probably</p>
  <p time="847320" is_ac="true">some old tubes here some SE problem pool</p>
  <p time="850560" is_ac="true">guys it's the first time in my life I'm</p>
  <p time="852279" is_ac="true">not going to finish a pizza are you</p>
  <p time="854360" is_ac="true">finishing yours no I don't want it I</p>
  <p time="857000" is_ac="true">think maybe it's time to go to the</p>
  <p time="859000" is_ac="true">toilet are you able to do a proper</p>
  <p time="861880" is_ac="true">comprehensive review I think your</p>
  <p time="863800" is_ac="true">pronunciation is much better your</p>
  <p time="865759" is_ac="true">grammar is better your vocabulary is</p>
  <p time="867839" is_ac="true">improved a lot so please go there and</p>
  <p time="871120" is_ac="true">make a comprehensive review of the</p>
  <p time="872839" is_ac="true">toilet please don't don't show your car</p>
  <p time="875199" is_ac="true">okay okay thank</p>
  <p time="876840" is_ac="true">[Applause]</p>
  <p time="883360" is_ac="true">you so this is</p>
  <p time="886120" is_ac="true">toilet this this is sink uh toilet has</p>
  <p time="890040" is_ac="true">no liad I'm going to</p>
  <p time="893130" is_ac="true">[Music]</p>
  <p time="896920" is_ac="true">[ __ ] let's see there we going to suggest</p>
  <p time="899440" is_ac="true">some desserts CU we still have room for</p>
  <p time="902519" is_ac="true">some overpriced sugar</p>
  <p time="904920" is_ac="true">aree yes yes</p>
  <p time="908199" is_ac="true">espresso twice and uh also tiu to</p>
  <p time="917519" is_ac="true">share what is</p>
  <p time="922240" is_ac="true">thatal yes</p>
  <p time="924759" is_ac="true">yes okay okay what the [ __ ] is</p>
  <p time="929120" is_ac="true">I just really don't want to see the bill</p>
  <p time="931240" is_ac="true">why are we saying yes sometimes saying</p>
  <p time="933440" is_ac="true">yes to opportunity is not the way of</p>
  <p time="936360" is_ac="true">life you should pursue no is the new</p>
  <p time="939639" is_ac="true">yes thank you very</p>
  <p time="943279" is_ac="true">much okay</p>
  <p time="950079" is_ac="true">also so instead of the tiiu we won it</p>
  <p time="953800" is_ac="true">and saw listed on the menu we ended up</p>
  <p time="956519" is_ac="true">with a mysterious Crema Catal</p>
  <p time="959279" is_ac="true">that wasn't even mentioned on it I</p>
  <p time="961800" is_ac="true">consider</p>
  <p time="963519" is_ac="true">myself and we're having</p>
  <p time="965920" is_ac="true">this talana is good it's good it's good</p>
  <p time="968839" is_ac="true">I like it I was expecting them to bring</p>
  <p time="971000" is_ac="true">the and also this like what the hell you</p>
  <p time="974199" is_ac="true">have</p>
  <p time="975079" is_ac="true">aisu yeah another one you have it so</p>
  <p time="979120" is_ac="true">please wantu for yeah thank you yes</p>
  <p time="982800" is_ac="true">perfect thank you very much thank you</p>
  <p time="984560" is_ac="true">thank you this is the size of an</p>
  <p time="987120" is_ac="true">espresso we're</p>
  <p time="989120" is_ac="true">10 for this [ __ ] I already see the</p>
  <p time="993480" is_ac="true">consistency is not there it's</p>
  <p time="996279" is_ac="true">so hard not Fluffy at all it looks like</p>
  <p time="999680" is_ac="true">like it isn't</p>
  <p time="1002199" is_ac="true">fresh if I told you</p>
  <p time="1005639" is_ac="true">thisy so sour like a th suit from not</p>
  <p time="1009519" is_ac="true">even from yesterday from like 3 days ago</p>
  <p time="1012319" is_ac="true">I expect for the best my life I got the</p>
  <p time="1015319" is_ac="true">worst yeah I'm still charging my phone</p>
  <p time="1017880" is_ac="true">is it charging</p>
  <p time="1022399" is_ac="true">no it's not charging</p>
  <p time="1025720" is_ac="true">anymore did they turn it off they turned</p>
  <p time="1028760" is_ac="true">it off the tii really didn't like</p>
  <p time="1032959" is_ac="true">it okay cuz it's so acidic and hard like</p>
  <p time="1036959" is_ac="true">I don't know I really didn't like it he</p>
  <p time="1038880" is_ac="true">completely ignored that he didn't like</p>
  <p time="1041720" is_ac="true">the thy suit we have the no no beard</p>
  <p time="1044959" is_ac="true">Bill Bill yeah Bill thank you very much</p>
  <p time="1048679" is_ac="true">thank you can you pay me the C case okay</p>
  <p time="1052360" is_ac="true">only the total price for our mediocre</p>
  <p time="1055600" is_ac="true">lunch was</p>
  <p time="1058200" is_ac="true">€150 they didn't charge us for the small</p>
  <p time="1060760" is_ac="true">water but that still didn't convince me</p>
  <p time="1063160" is_ac="true">to leave a</p>
  <p time="1064350" is_ac="true">[Music]</p>
  <p time="1066080" is_ac="true">tip</p>
  <p time="1068640" is_ac="true">tis okay we were not satisfied what we</p>
  <p time="1072000" is_ac="true">were not satisfied no we are not</p>
  <p time="1076440" is_ac="true">satisfied the server left with a face</p>
  <p time="1079320" is_ac="true">more sour than the tiramisu little did</p>
  <p time="1082360" is_ac="true">he know we would call him back shortly</p>
  <p time="1085240" is_ac="true">it was time for the</p>
  <p time="1087159" is_ac="true">confrontation I have uh I have a</p>
  <p time="1089240" is_ac="true">question huh I have a question do you</p>
  <p time="1092799" is_ac="true">speak English no is there someone who</p>
  <p time="1095520" is_ac="true">speaks English is there someone</p>
  <p time="1107320" is_ac="true">Spanish</p>
  <p time="1116760" is_ac="true">Google</p>
  <p time="1130799" is_ac="true">reviews no no no no</p>
  <p time="1137320" is_ac="true">no</p>
  <p time="1143200" is_ac="true">[Laughter]</p>
  <p time="1144840" is_ac="true">I think it's enough no that's not enough</p>
  <p time="1147200" is_ac="true">that's not enough I want to have his</p>
  <p time="1149000" is_ac="true">opinion because this is a [ __ ] scam</p>
  <p time="1150880" is_ac="true">not paying € 150 and then being treated</p>
  <p time="1154600" is_ac="true">like</p>
  <p time="1166960" is_ac="true">this gole</p>
  <p time="1197240" is_ac="true">reviews</p>
  <p time="1227159" is_ac="true">for</p>
  <p time="1257120" is_ac="true">fore</p>
  <p time="1259720" is_ac="true">pre</p>
  <p time="1264740" is_ac="true">[Music]</p>
  <p time="1268120" is_ac="true">okay all</p>
  <p time="1270679" is_ac="true">right so glad we didn't leave a</p>
  <p time="1273300" is_ac="true">[Music]</p>
  <p time="1274690" is_ac="true">[Applause]</p>
  <p time="1277120" is_ac="true">tip I raid the gold mine restaurant with</p>
  <p time="1280520" is_ac="true">one star out of five at least the air</p>
  <p time="1283640" is_ac="true">was free thanks for watching hit the</p>
  <p time="1286400" is_ac="true">like button if you enjoyed this episode</p>
  <p time="1288159" is_ac="true">And subscribe for more Dreadful places</p>
  <p time="1290960" is_ac="true">see you soon I got to find the nearest</p>
  <p time="1298060" is_ac="true">[Music]</p>
  <p time="1310279" is_ac="true">ATM</p>
</text>
