<?xml version='1.0' encoding='UTF-8'?>
<text date_d="24" date_m="5" date_y="2019" format="srv3" age_limit="0" comment_count="2700" description="Today we wanted to try out a new type of video... we found a restaurant with no reviews and decided to either make or break this place..... &#10;MERCH ► http://www.BrennenTaylor.com&#10;Join the #TAYLORFAM ►http://bit.ly/SubscribeToBrennen  &#10;Last Vlog ►https://www.youtube.com/watch?v=5IE-2rhhMLA&amp;t=610s &#10;Twitter ► http://www.twitter.com/BrennenTaylor&#10;Ig: ► http://www.instagram.com/Brennen&#10;&#10;FOR BEHIND THE SCENES stuff add me on Snapchat ► BrennenTaylor http://www.snapchat.com/add/BrennenTaylor&#10;&#10;Hi I'm Brennen.  I've been eating food for 23 years. I'm basically a professional. Here is my Food Review:&#10;&#10;&#10;Shot by Jake: https://www.youtube.com/channel/UCnl0FL8Z4xOipVQpVQXt_JQ&#10;&#10;Check out :&#10;Jake: http://www.instagram.com/JakeTaylor&#10;Bido: http://www.instagram.com/thebido&#10;&#10;Family friendly pg clean&#10;&#10;Intro/Outro song by: https://soundcloud.com/joakimkarud&#10;&#10;PO BOX: 3844 Chatsworth CA 91313-3844&#10;&#10;Brennen Taylor best/worst reviewed videos of 1 star yelp restaurants and businesses series" fulltitle="Eating At A Restaurant With No Reviews (Gone Wrong)" like_count="33116" location="na" playlist_title="na" release_date="na" upload_date="20190524" repost_count="na" tags="brennentaylor; brennen taylor; brennen; taylor; taylorfam; create the restaurant rating; restaurant rating; reviewing food; brennen taylor best review; brennen taylor worst review; brennen taylor food review; brennen taylor 1 star; brennen taylor 5 star; first review; first to review; zero stars; first to eat at restaurant; first to review new business; 5 star review; food channel; brennen taylor rating; " title="Eating At A Restaurant With No Reviews (Gone Wrong)" uploader="Brennen Taylor" view_count="1178237" webpage_url="https://www.youtube.com/watch?v=Kskry6pC1YA" autocaption="true">
  <p time="30" is_ac="true">hello everyone how is your day going</p>
  <p time="1829" is_ac="true">hope it's going fantastic today we have</p>
  <p time="4110" is_ac="true">an exciting new series happening today</p>
  <p time="6359" is_ac="true">we're doing a create the rating this</p>
  <p time="8220" is_ac="true">place right behind me just open not even</p>
  <p time="10500" is_ac="true">a day ago so we have a very exciting</p>
  <p time="12929" is_ac="true">episode of creating new life choices I</p>
  <p time="17850" is_ac="true">just created that right now anyways this</p>
  <p time="20039" is_ac="true">is a 24 hour hot chicken and waffles</p>
  <p time="22529" is_ac="true">place I am super excited to try it is</p>
  <p time="24660" is_ac="true">not a huge fan of fried chicken but you</p>
  <p time="27119" is_ac="true">know what this place might change my</p>
  <p time="28560" is_ac="true">mind before we go in there I just want</p>
  <p time="29970" is_ac="true">to introduce myself my name is Brendon</p>
  <p time="31650" is_ac="true">Taylor this is my brother Jake behind</p>
  <p time="33300" is_ac="true">the camera this is my friend Billy and</p>
  <p time="34920" is_ac="true">let's go in here and let's try this</p>
  <p time="36450" is_ac="true">place out so how this is gonna work</p>
  <p time="37710" is_ac="true">we're gonna go in there order our fruit</p>
  <p time="39570" is_ac="true">eat it enjoy it and then we're gonna hop</p>
  <p time="41129" is_ac="true">over to Yelp and we're gonna leave this</p>
  <p time="42540" is_ac="true">place a review and it has to be a real</p>
  <p time="44340" is_ac="true">review exactly how we feel about this</p>
  <p time="46200" is_ac="true">place so it could be a one-star or it</p>
  <p time="48600" is_ac="true">could be a five-star or it could be</p>
  <p time="49920" is_ac="true">anywhere in between so let's get in</p>
  <p time="51390" is_ac="true">there and let's find out</p>
  <p time="55360" is_ac="true">I think this 20 cool hot chicken and</p>
  <p time="60010" is_ac="true">waffles so maybe it might not be at</p>
  <p time="62650" is_ac="true">where everything we're gonna find out</p>
  <p time="63850" is_ac="true">let's roll it this place is open we</p>
  <p time="65740" is_ac="true">noticed that 24 does that mean it's</p>
  <p time="67480" is_ac="true">24-hour 24/7 oh so it's not a 24-hour</p>
  <p time="74520" is_ac="true">day down and then we're gonna try to</p>
  <p time="77140" is_ac="true">a.m. on the weekend but we are expecting</p>
  <p time="79600" is_ac="true">long lines the features</p>
  <p time="83000" is_ac="true">okay what would you suggest for a</p>
  <p time="84710" is_ac="true">first-timer hi</p>
  <p time="87860" is_ac="true">as two favorite here chicken and waffle</p>
  <p time="90590" is_ac="true">the port and the time</p>
  <p time="93659" is_ac="true">I'm gonna tell you why tell me why I</p>
  <p time="95310" is_ac="true">wish when you eat the chicken breast</p>
  <p time="97200" is_ac="true">it's super dry right yeah</p>
  <p time="99689" is_ac="true">when you queue I just hope this chicken</p>
  <p time="108359" is_ac="true">actually is what you say okay there's a</p>
  <p time="111509" is_ac="true">profit they're gonna promise or</p>
  <p time="112799" is_ac="true">money-back situation yeah you can't play</p>
  <p time="119250" is_ac="true">with us there's five items oh there's</p>
  <p time="121469" is_ac="true">only five items so I've always wanted to</p>
  <p time="123539" is_ac="true">say this I did it once in the patch but</p>
  <p time="125310" is_ac="true">let me get the whole left side of the</p>
  <p time="126780" is_ac="true">menu first things first let's talk about</p>
  <p time="133620" is_ac="true">the prices and the menu options there's</p>
  <p time="136260" is_ac="true">not a lot of options but you do get a</p>
  <p time="138840" is_ac="true">lot of options and sauces and flavoring</p>
  <p time="141180" is_ac="true">and how hot something is gonna be which</p>
  <p time="142829" is_ac="true">is which is cool because if you're like</p>
  <p time="144360" is_ac="true">in an adventure eater and you want to go</p>
  <p time="146310" is_ac="true">super hot I like how they name things</p>
  <p time="148709" is_ac="true">like video this because it's literally a</p>
  <p time="150359" is_ac="true">ghost pepper if my memory serves me</p>
  <p time="152730" is_ac="true">correct a ghost pepper is 1 million</p>
  <p time="154590" is_ac="true">Scoville units which is hot so even</p>
  <p time="158880" is_ac="true">eating these wings she said you're gonna</p>
  <p time="160650" is_ac="true">be sweating are you ready for that I'm</p>
  <p time="162329" is_ac="true">kind of cool today burn my jacket</p>
  <p time="163680" is_ac="true">something yeah all right my biggest</p>
  <p time="165630" is_ac="true">thing that is already like putting me</p>
  <p time="167370" is_ac="true">kind of like about this place is that</p>
  <p time="169470" is_ac="true">there's no sides included with like even</p>
  <p time="172169" is_ac="true">with the half chicken we kind of thrown</p>
  <p time="173910" is_ac="true">in one side like I'm good at that</p>
  <p time="176980" is_ac="true">you bet right in people's topping yeah</p>
  <p time="182739" is_ac="true">that that's a little kind of message you</p>
  <p time="184300" is_ac="true">are paying like $10 and above for each</p>
  <p time="187870" is_ac="true">item you don't really get anything but</p>
  <p time="189700" is_ac="true">the item it's a little sad but you know</p>
  <p time="192220" is_ac="true">what the restaurant is new they're still</p>
  <p time="193780" is_ac="true">trying to figure things out and maybe in</p>
  <p time="195340" is_ac="true">the future they might switch up and</p>
  <p time="196959" is_ac="true">start adding things to the actual meal</p>
  <p time="199150" is_ac="true">so it's more of a meal hope the food has</p>
  <p time="200739" is_ac="true">arrived that was pretty quick thank you</p>
  <p time="205959" is_ac="true">so first things first we all have to</p>
  <p time="208239" is_ac="true">kind of try everything to really leave a</p>
  <p time="210280" is_ac="true">rating that we all believe is 100%</p>
  <p time="212769" is_ac="true">authentic so first thing first let's</p>
  <p time="215260" is_ac="true">start off with this chicken and waffle</p>
  <p time="217120" is_ac="true">combo that is a stunning little meal and</p>
  <p time="223510" is_ac="true">everything is super quick you notice how</p>
  <p time="225130" is_ac="true">fast everything came out you know always</p>
  <p time="226959" is_ac="true">good one meal order she was telling them</p>
  <p time="228459" is_ac="true">before this tip was right so they could</p>
  <p time="229930" is_ac="true">already start making them okay here we</p>
  <p time="231489" is_ac="true">go solution you guys ready one two</p>
  <p time="238459" is_ac="true">the waffle station waffles taste better</p>
  <p time="241290" is_ac="true">than the shape I agree</p>
  <p time="243000" is_ac="true">like this place is in hot chicken place</p>
  <p time="244709" is_ac="true">but that waffle was ten times better</p>
  <p time="247260" is_ac="true">than the chicken chicken was a little</p>
  <p time="248459" is_ac="true">dry to me really had a little spice but</p>
  <p time="251370" is_ac="true">it wasn't like there it wasn't like</p>
  <p time="252989" is_ac="true">juicy like that lady described it I</p>
  <p time="255120" is_ac="true">think it's best to try the chicken</p>
  <p time="256259" is_ac="true">individually and see what your psyche is</p>
  <p time="257880" is_ac="true">right now maybe it was that far so</p>
  <p time="260220" is_ac="true">exclude that you looks like this water</p>
  <p time="261570" is_ac="true">I'm gonna get a little chicken piece</p>
  <p time="263000" is_ac="true">like I don't think the way she described</p>
  <p time="265530" is_ac="true">it made my mouth water me eating it</p>
  <p time="267990" is_ac="true">soaked up all the water you know what I</p>
  <p time="269970" is_ac="true">mean I think the waffle is outstanding</p>
  <p time="272310" is_ac="true">but then again this place isn't in 24</p>
  <p time="274620" is_ac="true">Waffle House it's yeah waffle chicken</p>
  <p time="276960" is_ac="true">the chicken does have a very good brunch</p>
  <p time="279360" is_ac="true">it does it's it's writing and some good</p>
  <p time="282180" is_ac="true">batter as a Defen because I've tasted</p>
  <p time="283740" is_ac="true">stuff that it's like overly and we're</p>
  <p time="286050" is_ac="true">really battered stuff that's not really</p>
  <p time="287400" is_ac="true">like you buy frozen chicken nuggets and</p>
  <p time="289740" is_ac="true">they have like a very thin no crisp</p>
  <p time="291690" is_ac="true">layer to it this has the just enough</p>
  <p time="294150" is_ac="true">crunch mixed with the tender chicken</p>
  <p time="296370" is_ac="true">that it gives you that like satisfying</p>
  <p time="298110" is_ac="true">yeah like tasting you're like wow to</p>
  <p time="299880" is_ac="true">review this whole dish it's a perfect</p>
  <p time="302490" is_ac="true">balance of swayed from the waffle scent</p>
  <p time="304020" is_ac="true">of maples here mm-hmm</p>
  <p time="305099" is_ac="true">savory from the deep fried chicken and</p>
  <p time="307169" is_ac="true">the spice it's a good level up like oh</p>
  <p time="315060" is_ac="true">my god I need some water because my</p>
  <p time="316199" is_ac="true">mouth you know what this is missing them</p>
  <p time="318740" is_ac="true">it's missing instead of syrup it's</p>
  <p time="321110" is_ac="true">missing some sort of gravy to make its</p>
  <p time="323120" is_ac="true">southern yeah because this is a southern</p>
  <p time="325250" is_ac="true">restaurant if you noticed on the Yelp it</p>
  <p time="326780" is_ac="true">does say southern so you know something</p>
  <p time="329180" is_ac="true">creamy to bring it all together to give</p>
  <p time="330890" is_ac="true">it more flavor and juice because the</p>
  <p time="332690" is_ac="true">syrup is a sticky thing that's just</p>
  <p time="334190" is_ac="true">sweet you put them that's more flavorful</p>
  <p time="335900" is_ac="true">I think it would be like definitely she</p>
  <p time="337640" is_ac="true">made everything seem like 24 is gonna be</p>
  <p time="339590" is_ac="true">a good spice like it is a nice spice</p>
  <p time="341510" is_ac="true">it's a comfortable spice like I can eat</p>
  <p time="343190" is_ac="true">it comfortably and not be like you know</p>
  <p time="345560" is_ac="true">what I mean but at the same time it I</p>
  <p time="346940" is_ac="true">don't rate it as nearly her 80 so</p>
  <p time="350000" is_ac="true">initially looking at this here sandwich</p>
  <p time="351350" is_ac="true">it does come with some Cajun fries we</p>
  <p time="353510" is_ac="true">thought it wasn't gonna come with</p>
  <p time="354380" is_ac="true">anything but it did actually come with</p>
  <p time="356120" is_ac="true">it the bun is soft it's a little oily</p>
  <p time="358640" is_ac="true">but that's okay</p>
  <p time="359510" is_ac="true">we have pickles and we have this hot</p>
  <p time="361310" is_ac="true">male it's called comeback sauce never</p>
  <p time="363350" is_ac="true">heard that name before I think they</p>
  <p time="364580" is_ac="true">named it themselves</p>
  <p time="365420" is_ac="true">maybe because it makes you want to come</p>
  <p time="366950" is_ac="true">back for more I don't know haven't</p>
  <p time="368660" is_ac="true">tasted it yet but it also has some</p>
  <p time="370730" is_ac="true">coleslaw on the bottom and we got the</p>
  <p time="372320" is_ac="true">patty so I'm gonna take a bite goodbye</p>
  <p time="374840" is_ac="true">to pass it on don't chew until we all</p>
  <p time="378770" is_ac="true">get oh yeah no do see I think that this</p>
  <p time="385640" is_ac="true">sandwich here alone</p>
  <p time="386750" is_ac="true">will compete with sandwiches at</p>
  <p time="388910" is_ac="true">chick-fil-a because this is a restaurant</p>
  <p time="391280" is_ac="true">but it's a fast food restaurant so I</p>
  <p time="393010" is_ac="true">feel that the comparison to this would</p>
  <p time="395240" is_ac="true">be the spicy chicken sandwich at</p>
  <p time="396410" is_ac="true">chick-fil-a but I feel like this chicken</p>
  <p time="398660" is_ac="true">is a little bit better and I can do</p>
  <p time="401390" is_ac="true">taste the juiciness of this sandwich but</p>
  <p time="403640" is_ac="true">I also think the coleslaw and the sauce</p>
  <p time="405470" is_ac="true">inside of it really adds the juiciness</p>
  <p time="407240" is_ac="true">it cofell definitely had a big impact on</p>
  <p time="409400" is_ac="true">making</p>
  <p time="409840" is_ac="true">oh yeah but it was good I can see myself</p>
  <p time="412210" is_ac="true">like going here before ordering that</p>
  <p time="414430" is_ac="true">yeah it's just quick easy at dinner and</p>
  <p time="416260" is_ac="true">sighs ticket like I haven't</p>
  <p time="418270" is_ac="true">expect a big burger be a big chicken</p>
  <p time="419949" is_ac="true">like I'm used to take little patties</p>
  <p time="421479" is_ac="true">yeah so now we're moving on to the</p>
  <p time="423400" is_ac="true">chicken tenders these are jumbo chicken</p>
  <p time="425320" is_ac="true">tenders so I'm going to show you the</p>
  <p time="426190" is_ac="true">size of this this is the size of the</p>
  <p time="429250" is_ac="true">chicken tender so it is a generous size</p>
  <p time="430690" is_ac="true">you get four pieces piece of bread and</p>
  <p time="432669" is_ac="true">some pickles so with this we got one</p>
  <p time="435280" is_ac="true">below the hottest so this we're gonna</p>
  <p time="437680" is_ac="true">actually taste the spiciness and see if</p>
  <p time="439900" is_ac="true">this place is exactly how that lady</p>
  <p time="441910" is_ac="true">described it in the front because she</p>
  <p time="443410" is_ac="true">described it as super juicy and and just</p>
  <p time="446320" is_ac="true">about as hot as sweaty you know what I</p>
  <p time="448300" is_ac="true">mean so I'm gonna dip mine a little bit</p>
  <p time="450220" is_ac="true">just to get this kind of sauce here we</p>
  <p time="453160" is_ac="true">go see I think all the chicken and this</p>
  <p time="458919" is_ac="true">one is definitely a little spicier I</p>
  <p time="460300" is_ac="true">definitely feel my mouth heating up now</p>
  <p time="461880" is_ac="true">this is like the normal spice I was</p>
  <p time="464740" is_ac="true">saying I would say this is like a mild</p>
  <p time="466479" is_ac="true">or a medium anywhere else</p>
  <p time="468220" is_ac="true">it's got slight hints of heatless but</p>
  <p time="471250" is_ac="true">still not enough to make me go which is</p>
  <p time="473650" is_ac="true">making me think that these ghost pepper</p>
  <p time="475900" is_ac="true">ones aren't gonna be that hot because</p>
  <p time="477729" is_ac="true">this is right below that and I can't</p>
  <p time="480130" is_ac="true">imagine them being a huge drastic change</p>
  <p time="482410" is_ac="true">in heat definitely thinks the crunch is</p>
  <p time="484120" is_ac="true">good but I don't think it's juicy as she</p>
  <p time="486190" is_ac="true">says she's she claimed that like this</p>
  <p time="487780" is_ac="true">was like the best chicken and it's the</p>
  <p time="489250" is_ac="true">juiciest chicken I can't agree with that</p>
  <p time="491710" is_ac="true">it's good but it's still not like how</p>
  <p time="493810" is_ac="true">she extract described it aside from an</p>
  <p time="495610" is_ac="true">Australian point of view so for me this</p>
  <p time="497500" is_ac="true">is big compared to what we had back home</p>
  <p time="499060" is_ac="true">but I can tell I can I understand what</p>
  <p time="501610" is_ac="true">you're saying about the chicken being</p>
  <p time="502570" is_ac="true">dry</p>
  <p time="503439" is_ac="true">the crunch outside the crunch is great</p>
  <p time="505809" is_ac="true">yeah don't get me wrong I'm not a huge</p>
  <p time="507999" is_ac="true">fried chicken either just because I like</p>
  <p time="509889" is_ac="true">to be a little bit healthier and go with</p>
  <p time="511059" is_ac="true">grilled chickens but I have had fried</p>
  <p time="513190" is_ac="true">chicken in the past and I know it is it</p>
  <p time="515709" is_ac="true">is decently good fried chicken yeah I</p>
  <p time="518229" is_ac="true">don't gonna take bites of it I guess my</p>
  <p time="520750" is_ac="true">level is this one I knew this one is uh</p>
  <p time="522430" is_ac="true">that same hotness</p>
  <p time="525070" is_ac="true">this one I'm not a big fan of and I</p>
  <p time="527589" is_ac="true">think it's because it's just like a hard</p>
  <p time="530500" is_ac="true">position to eat if there's just bones in</p>
  <p time="532149" is_ac="true">there so it's a lot harder to eat</p>
  <p time="533259" is_ac="true">especially when it's fried you don't</p>
  <p time="534459" is_ac="true">really know where the bone is so you're</p>
  <p time="535899" is_ac="true">kind of just taking a bite of something</p>
  <p time="537250" is_ac="true">it's a hit or miss it's definitely juicy</p>
  <p time="538930" is_ac="true">but it is juicier because it starts me</p>
  <p time="540639" is_ac="true">down so there's a lot more flavor in it</p>
  <p time="542050" is_ac="true">but like I don't think this would throw</p>
  <p time="545350" is_ac="true">me up or even get me near filled up if</p>
  <p time="547360" is_ac="true">I'm hungry it's so small you literally</p>
  <p time="549639" is_ac="true">get is a piece of white bread and the</p>
  <p time="552009" is_ac="true">the thigh of a chicken so there is a you</p>
  <p time="555490" is_ac="true">know okay amount of chicken on there but</p>
  <p time="557740" is_ac="true">I think I would need to order two of</p>
  <p time="559060" is_ac="true">those to actually even be remotely for</p>
  <p time="561310" is_ac="true">though this is other chicken looks got</p>
  <p time="563500" is_ac="true">bone we got bone basically everywhere</p>
  <p time="565360" is_ac="true">I'm gonna taste the chicken on its own</p>
  <p time="566709" is_ac="true">as if it was just not fried it is a</p>
  <p time="569019" is_ac="true">little bit slimy waste slimy er then the</p>
  <p time="571480" is_ac="true">chicken breast but that is because</p>
  <p time="572709" is_ac="true">there's more juicy flavors in this</p>
  <p time="574269" is_ac="true">rather than it being the white press</p>
  <p time="576190" is_ac="true">which is very like dry it is a little</p>
  <p time="577990" is_ac="true">bit more enjoyable at the same time it's</p>
  <p time="579790" is_ac="true">a lot more of a process you have to get</p>
  <p time="581290" is_ac="true">in there with your fingers to really rip</p>
  <p time="582610" is_ac="true">all the chicken a little bit because of</p>
  <p time="584050" is_ac="true">all the bones now it is time for the hot</p>
  <p time="587769" is_ac="true">these spicy the sweat and do sweets I</p>
  <p time="591370" is_ac="true">need to prepare myself and use the</p>
  <p time="593440" is_ac="true">restroom first you know what time it is</p>
  <p time="594880" is_ac="true">bathroom review time hit the bathroom</p>
  <p time="596800" is_ac="true">review and then we're gonna eat this</p>
  <p time="604740" is_ac="true">if this is Jake's</p>
  <p time="607360" is_ac="true">bathroom room you first often I open the</p>
  <p time="611920" is_ac="true">door before I did that didn't show I was</p>
  <p time="613600" is_ac="true">not sure if I was in like a closet or a</p>
  <p time="616450" is_ac="true">bathroom because there's a ladder right</p>
  <p time="618970" is_ac="true">in the middle my did this place just</p>
  <p time="620710" is_ac="true">opened yesterday or day before kind of</p>
  <p time="623380" is_ac="true">weird setup I'm just gonna plan out a</p>
  <p time="624880" is_ac="true">couple few things real quick say you</p>
  <p time="626950" is_ac="true">wash your hands here use the soap here</p>
  <p time="629680" is_ac="true">then you gotta walk all the way over</p>
  <p time="631450" is_ac="true">here down here and like look this is me</p>
  <p time="634090" is_ac="true">all the way down to grab a paper towel</p>
  <p time="636280" is_ac="true">throw it away I think that's a little</p>
  <p time="638020" is_ac="true">odd but at the same time like whoever</p>
  <p time="640930" is_ac="true">designed this just did a very bad job</p>
  <p time="642640" is_ac="true">another point on say you need to use the</p>
  <p time="644920" is_ac="true">restroom you need to do a number two you</p>
  <p time="646990" is_ac="true">they have seat covers for a reason but</p>
  <p time="649600" is_ac="true">the seat cover is way up here and then</p>
  <p time="651880" is_ac="true">you gotta like go down usually they have</p>
  <p time="653350" is_ac="true">them here you put it down just a couple</p>
  <p time="655870" is_ac="true">little pointers it is a little weird and</p>
  <p time="657460" is_ac="true">the poor is built for something being</p>
  <p time="660070" is_ac="true">open only two days and half stains and</p>
  <p time="662620" is_ac="true">gum on the floor stain just doesn't make</p>
  <p time="664750" is_ac="true">sense but let me give you a shot of this</p>
  <p time="673920" is_ac="true">all right let's get back to the food</p>
  <p time="675880" is_ac="true">refreshing I'm ready to go okay so here</p>
  <p time="678610" is_ac="true">we go to the hot to the spicy to the</p>
  <p time="681910" is_ac="true">sweat inducing ghost pepper chili</p>
  <p time="685839" is_ac="true">chicken these are chicken wings so it's</p>
  <p time="688779" is_ac="true">like a buffalo wing but it is just</p>
  <p time="690430" is_ac="true">initially fried and cooked in the hot</p>
  <p time="692529" is_ac="true">doze pepper it's not super juicy from</p>
  <p time="695110" is_ac="true">the outside like normal buffalo wings</p>
  <p time="696580" is_ac="true">would be so with that being said</p>
  <p time="698830" is_ac="true">everyone grab a wing and let's let's do</p>
  <p time="700720" is_ac="true">this huh it doesn't smell hot you know</p>
  <p time="703270" is_ac="true">like yeah you know when you smell</p>
  <p time="705370" is_ac="true">something really hot in your nose just</p>
  <p time="706900" is_ac="true">burns doesn't smell like that kind of</p>
  <p time="708910" is_ac="true">smells like battered chicken so here we</p>
  <p time="710410" is_ac="true">go that's hot</p>
  <p time="715990" is_ac="true">I believe finished chewy and it's there</p>
  <p time="718080" is_ac="true">that is Wow</p>
  <p time="723570" is_ac="true">bad idea um I'm gonna try to distract my</p>
  <p time="727060" is_ac="true">stomach oh my god you've done that one</p>
  <p time="732430" is_ac="true">my lips are burning waffle to pull it</p>
  <p time="735820" is_ac="true">down nothing's working man but employer</p>
  <p time="741209" is_ac="true">we'll be back after this short message</p>
  <p time="743250" is_ac="true">hello people of the Internet welcome to</p>
  <p time="746589" is_ac="true">brennentaylor com where we will have you</p>
  <p time="749320" is_ac="true">shopping until you're dropping click</p>
  <p time="751779" is_ac="true">this shop here button right here bring</p>
  <p time="753459" is_ac="true">you to this new page says join the</p>
  <p time="755290" is_ac="true">Taylor fam your merch today</p>
  <p time="757540" is_ac="true">hashtag Taylor family look at the</p>
  <p time="759100" is_ac="true">products we have we have smiley hoodies</p>
  <p time="760870" is_ac="true">we have so over at t-shirts we have the</p>
  <p time="763390" is_ac="true">signature bead t-shirts we have more</p>
  <p time="765670" is_ac="true">hoodies more shirts we have the food</p>
  <p time="767950" is_ac="true">porn stuff and keep in mind for this</p>
  <p time="769959" is_ac="true">weekend only we have 25% off that is</p>
  <p time="774040" is_ac="true">sales on sales on sales make sure you</p>
  <p time="776560" is_ac="true">click the link in the description join</p>
  <p time="778900" is_ac="true">that mailing list and be told whenever</p>
  <p time="780880" is_ac="true">we have brand new large enjoy the rest</p>
  <p time="782980" is_ac="true">of this video initially what are your</p>
  <p time="785440" is_ac="true">guys thoughts on the chicken mine is as</p>
  <p time="787360" is_ac="true">soon as this thing touched my lips it</p>
  <p time="790510" is_ac="true">started heating up and right when I bit</p>
  <p time="793089" is_ac="true">in is when it went</p>
  <p time="794320" is_ac="true">boom it went this is fired I don't know</p>
  <p time="798490" is_ac="true">if I could even enjoy something like</p>
  <p time="800350" is_ac="true">this because it's so hot because the</p>
  <p time="802450" is_ac="true">fact that it is so hot I can't even</p>
  <p time="805030" is_ac="true">really taste any of the flavors I think</p>
  <p time="806440" is_ac="true">all my taste buds got initially burnt</p>
  <p time="808390" is_ac="true">that I couldn't even taste that the</p>
  <p time="810040" is_ac="true">chicken was juicy or not hold my whole</p>
  <p time="811720" is_ac="true">brain in shock my whole mouth feels like</p>
  <p time="814090" is_ac="true">I just literally licked a hot piece of</p>
  <p time="816370" is_ac="true">metal and I cannot feel anything I also</p>
  <p time="818110" is_ac="true">think there's hotter wings than that oh</p>
  <p time="819790" is_ac="true">yeah now they're starting to cool like</p>
  <p time="824260" is_ac="true">cool down a bit now and I don't think a</p>
  <p time="826420" is_ac="true">ghost pepper would have the same</p>
  <p time="828730" is_ac="true">reaction is what we just had like I</p>
  <p time="830080" is_ac="true">think our faces would be bloodshot red</p>
  <p time="831880" is_ac="true">we will be sweating yes it was hot don't</p>
  <p time="834850" is_ac="true">get me wrong it is hot but I don't</p>
  <p time="837250" is_ac="true">believe that it is as hot and they say I</p>
  <p time="840160" is_ac="true">definitely pull a fire alarm it's like a</p>
  <p time="841450" is_ac="true">good heat level yeah it's not too hot</p>
  <p time="843640" is_ac="true">but it's you still feel but it still</p>
  <p time="846130" is_ac="true">could be too much for some people it</p>
  <p time="847480" is_ac="true">could be so if you're in the area and</p>
  <p time="848980" is_ac="true">you want to try this place out and see</p>
  <p time="850150" is_ac="true">which one is your favorite go ahead now</p>
  <p time="852460" is_ac="true">is the time that this whole series comes</p>
  <p time="854980" is_ac="true">round in circle we are gonna create our</p>
  <p time="857170" is_ac="true">own ratings for this place hopefully we</p>
  <p time="858760" is_ac="true">are the first reviews for this place</p>
  <p time="860740" is_ac="true">since it just opened yesterday but what</p>
  <p time="862360" is_ac="true">we're gonna do is we were gonna wait a</p>
  <p time="863860" is_ac="true">period of 45 to an hour before we do our</p>
  <p time="866260" is_ac="true">own rating so we can feel how this</p>
  <p time="867730" is_ac="true">really digests in our stomach because</p>
  <p time="869170" is_ac="true">there's times we go to a place we think</p>
  <p time="871090" is_ac="true">it's delicious and an hour later we're</p>
  <p time="872890" is_ac="true">crapping our brains out so we'll be back</p>
  <p time="875080" is_ac="true">in an hour to leave our reviews so now</p>
  <p time="877570" is_ac="true">is that time to leave our reviews good</p>
  <p time="880120" is_ac="true">or bad whatever it may be</p>
  <p time="882330" is_ac="true">let's leave these reviews shall we let's</p>
  <p time="884710" is_ac="true">do it nice staff very kind and helpful</p>
  <p time="886930" is_ac="true">the food is just met I think there's</p>
  <p time="889810" is_ac="true">potential but for me it's either you</p>
  <p time="891490" is_ac="true">nailed it first try or most likely I</p>
  <p time="893290" is_ac="true">won't return the chicken was dry but</p>
  <p time="895120" is_ac="true">that's probably because after they cook</p>
  <p time="896920" is_ac="true">it it sits on a heater for who knows how</p>
  <p time="898660" is_ac="true">long the spices were good but not all</p>
  <p time="901120" is_ac="true">that spicy even though they're named hot</p>
  <p time="903010" is_ac="true">chicken don't know if I'd return but</p>
  <p time="905080" is_ac="true">good try</p>
  <p time="905530" is_ac="true">and let's hope all right my time to</p>
  <p time="908770" is_ac="true">shine let's do this so I left three</p>
  <p time="911050" is_ac="true">stars as well I walked into a warm</p>
  <p time="913570" is_ac="true">welcome restaurant has been owned for no</p>
  <p time="915220" is_ac="true">longer than five days cashier was</p>
  <p time="916630" is_ac="true">friendly and was very good at describing</p>
  <p time="918010" is_ac="true">the food which left my mouth water</p>
  <p time="920140" is_ac="true">sadly the meal itself did not compare</p>
  <p time="922120" is_ac="true">there was five level of spices</p>
  <p time="923820" is_ac="true">three were below traditional media any</p>
  <p time="925500" is_ac="true">other wing or chicken spot the chicken</p>
  <p time="927030" is_ac="true">and waffles of my favorite meal and</p>
  <p time="928320" is_ac="true">that's because the waffle was the best</p>
  <p time="929730" is_ac="true">part</p>
  <p time="930180" is_ac="true">Christian area was cooked perfectly the</p>
  <p time="932310" is_ac="true">chicken though is dry and unflavored</p>
  <p time="934140" is_ac="true">full would not come back they should</p>
  <p time="936090" is_ac="true">have taken more time before they opened</p>
  <p time="937500" is_ac="true">it to perfect it all right I'm done</p>
  <p time="940080" is_ac="true">don't have me guys I left a four star oh</p>
  <p time="942060" is_ac="true">he must have really liked the place food</p>
  <p time="944310" is_ac="true">four star serve this five star selection</p>
  <p time="947340" is_ac="true">four star overall experience full star</p>
  <p time="949740" is_ac="true">service was amazing</p>
  <p time="951210" is_ac="true">the server greeted us and explained the</p>
  <p time="952650" is_ac="true">menu we decided to order everything on</p>
  <p time="954540" is_ac="true">the left side of the menu which was five</p>
  <p time="955860" is_ac="true">dishes when the food came out it looked</p>
  <p time="957840" is_ac="true">delicious the tenders and waffles were a</p>
  <p time="960030" is_ac="true">great combo the chicken thaw was</p>
  <p time="961530" is_ac="true">disappointing as it was too plain the</p>
  <p time="963480" is_ac="true">chicken sandwich wasn't real the wings</p>
  <p time="965340" is_ac="true">were hot AF overall though delicious the</p>
  <p time="967890" is_ac="true">chicken was drier especially for fried</p>
  <p time="969570" is_ac="true">chicken like crunchy nice review it</p>
  <p time="971700" is_ac="true">makes sense</p>
  <p time="972450" is_ac="true">so all in all those were our opinions on</p>
  <p time="974760" is_ac="true">the place if you want to judge it</p>
  <p time="975960" is_ac="true">yourself go ahead and go and do it</p>
  <p time="978120" is_ac="true">basically it was good but it wasn't it</p>
  <p time="981690" is_ac="true">was all right you know I mean and that's</p>
  <p time="983400" is_ac="true">just our opinions on it you know we all</p>
  <p time="985200" is_ac="true">have our own opinions so if you enjoyed</p>
  <p time="986760" is_ac="true">this video make sure you smash the</p>
  <p time="988320" is_ac="true">thumbs up let us know in the comments if</p>
  <p time="989820" is_ac="true">you want us to do this again I've seen</p>
  <p time="991320" is_ac="true">plenty of restaurants on Yelp that have</p>
  <p time="993030" is_ac="true">zero stars so let us know if you'd like</p>
  <p time="995070" is_ac="true">us to go and try it doesn't have to be</p>
  <p time="996750" is_ac="true">just food either we're interested in</p>
  <p time="998430" is_ac="true">trying different places so let us know</p>
  <p time="999720" is_ac="true">in the comment below and we will see you</p>
  <p time="1001520" is_ac="true">guys next time we post peace out</p>
  <p time="1003890" is_ac="true">love you stay awesome make sure you guys</p>
  <p time="1009140" is_ac="true">check out yesterday's video and also</p>
  <p time="1010640" is_ac="true">make sure you hit that subscribe button</p>
  <p time="1011900" is_ac="true">right now and turn on post notifications</p>
  <p time="1013490" is_ac="true">so you never miss a post follow me on my</p>
  <p time="1015410" is_ac="true">other social medias and I'll see you</p>
  <p time="1016640" is_ac="true">guys tomorrow Pizza help</p>
</text>
