<?xml version='1.0' encoding='UTF-8'?>
<text date_d="2" date_m="5" date_y="2023" format="srv3" age_limit="0" comment_count="57" description="Hey guys welcome to my Eating At Worlds ANGRIEST CHEFS Restaurant (And I REVIEWED THE FOOD!)&#10;&#10;OZZYS Location:  1076 Stratford Rd, Hall Green, Birmingham B28 8AD&#10;&#10;Subscribe to this channel to stay up to date on my new videos!&#10;&#10;Permanent Channel Sponsors (I LOVE these places!):&#10;✅Nom Noms: https://www.youtube.com/watch?v=VUB0T_fth7c&amp;t=722s&#10;✅Grillz: https://www.youtube.com/watch?v=6A7_QAkVvoY&#10;✅Shakebee:https://www.youtube.com/watch?v=bM7L-jD2ieA&#10;✅BRD: https://www.youtube.com/watch?v=9geRa7_Wk5I&amp;t=34s&#10;&#10;&#10;Start Here Playlist: https://www.youtube.com/playlist?list=PLtt0nOmC8da_zSt1J9mmO-SmL1jHX4YJZ&#10;&#10;My Other Playlists:&#10;Manchester Food Reviews: https://www.youtube.com/playlist?list=PLtt0nOmC8da98JMMhXz7azX59SOeE2FsT&#10;Bradford Food Reviews: https://www.youtube.com/playlist?list=PLtt0nOmC8da-tVoTrAulQv8FVy2FpKSEt&#10;Oldham Food Reviews: https://www.youtube.com/playlist?list=PLtt0nOmC8da-yNLlUlFvwVlP_pI2ijIvf&#10;Birmingham Food Reviews: https://www.youtube.com/playlist?list=PLtt0nOmC8da-hLrL8GWAa9WaH8Ms8q37o&#10;London Food Reviews:&#10;Fast Food Chain Reviews: https://www.youtube.com/playlist?list=PLtt0nOmC8da8S3Z7HxY7xOmn2o0d-2Jbh&#10;Challenges: https://www.youtube.com/playlist?list=PLtt0nOmC8da_lj2ZeLZ_z2DxFMKs-tpLL&#10;&#10;Support my channel buy checking out my merch: https://teespring.com/en-GB/stores/halal-food-travel-guy&#10;Follow me on Instagram!&#10;__________________&#10;&#10;Welcome to my channel! If you're a foodie, you're already in the right place for:&#10;- Restaurant reviews&#10;- Takeaway reviews&#10;- Food tours all over the world&#10;- Food challenges&#10;...and much more!&#10;&#10;Make sure to hit subscribe, explore the channel, and get involved in the discussion!&#10;For business enquiries: halalfoodtravelguy@gmail.com&#10;&#10;My Gear&#10;My Camera: https://amzn.to/32D8J2j&#10;My Mic: https://amzn.to/32EaOuN&#10;My Tripod:https://amzn.to/3eTAtVu&#10;Smaller Tripod: https://amzn.to/3kmsmS7&#10;My Indoor Light Set Up: https://amzn.to/35qiq69&#10;Selfie Light: https://amzn.to/32yWpjp&#10;&#10;HAVE A GREAT DAY&#10;#heyman" fulltitle="Eating At ANGRIEST CHEF in The Worlds Restaurant (And I REVIEWED THE FOOD!)" like_count="392" location="na" playlist_title="na" release_date="na" upload_date="20230502" repost_count="na" tags="halal food travel guy; heyman; food review; rate my takeaway; underrated hijabi; angry chef; rude chef; rude restaurant; karens diner; rudest; rudest restaurant; " title="Eating At ANGRIEST CHEF in The Worlds Restaurant (And I REVIEWED THE FOOD!)" uploader="HEYMAN Food Reviews" view_count="26608" webpage_url="https://www.youtube.com/watch?v=8D4gqixruWw" autocaption="true">
  <p time="0" is_ac="true">always</p>
  <p time="900" is_ac="true">what do you want man there's your</p>
  <p time="2340" is_ac="true">kebabish burger oh thanks man can you</p>
  <p time="4380" is_ac="true">get the camera hey guys welcome to the</p>
  <p time="5940" is_ac="true">channel I'm in Birmingham Stratford Road</p>
  <p time="7919" is_ac="true">I'm hearing Lots about this place right</p>
  <p time="10080" is_ac="true">here you can see it there Aussies</p>
  <p time="11580" is_ac="true">they're doing the rounds on social media</p>
  <p time="13440" is_ac="true">they've got this really cool uh</p>
  <p time="14820" is_ac="true">character called angry Chef they're</p>
  <p time="16440" is_ac="true">super popular but what I'm here to do</p>
  <p time="18359" is_ac="true">really is actually to go inside and see</p>
  <p time="20279" is_ac="true">how the food is it's all good having</p>
  <p time="21900" is_ac="true">like a cool character but as a food</p>
  <p time="23460" is_ac="true">stacker because I feel like a lot of you</p>
  <p time="24840" is_ac="true">want to try this place because they're</p>
  <p time="26039" is_ac="true">getting the views I'm here to tell you</p>
  <p time="27420" is_ac="true">whether it's worth it or not a five-star</p>
  <p time="30000" is_ac="true">hygiene rating that's a good start guys</p>
  <p time="31859" is_ac="true">so I've sat inside I've actually sat at</p>
  <p time="33540" is_ac="true">the back they've got lots of seating</p>
  <p time="34800" is_ac="true">they've got some sitting at the front I</p>
  <p time="36239" is_ac="true">didn't realize you could walk all the</p>
  <p time="37559" is_ac="true">way around and come here and it's</p>
  <p time="39120" is_ac="true">stunning let me actually just show you</p>
  <p time="40680" is_ac="true">around a little bit so as you come in</p>
  <p time="42120" is_ac="true">you've got all these tables and we do</p>
  <p time="43620" is_ac="true">have booths here so I'm trying to not</p>
  <p time="45000" is_ac="true">get people in them because people are</p>
  <p time="46140" is_ac="true">sat in the booth so I'm trying to avoid</p>
  <p time="47700" is_ac="true">those people where you get to the back</p>
  <p time="49079" is_ac="true">is you walk straight through here</p>
  <p time="50940" is_ac="true">in this kind of little lobby area which</p>
  <p time="53700" is_ac="true">is nice man who goes this is Aussie's</p>
  <p time="55980" is_ac="true">nostril therapist couch there if you've</p>
  <p time="57719" is_ac="true">had a if you've had a bad day and then</p>
  <p time="59280" is_ac="true">I'm sat all the way back here this is a</p>
  <p time="62100" is_ac="true">cool bit where I'm at so I'm basically</p>
  <p time="63960" is_ac="true">sat here my brother there they've</p>
  <p time="65100" is_ac="true">actually literally just opened I've</p>
  <p time="66299" is_ac="true">tried to make sure they've come open</p>
  <p time="67979" is_ac="true">time thank you my bro uh on site here</p>
  <p time="70200" is_ac="true">that's you'll see the camera set up but</p>
  <p time="71880" is_ac="true">they've got plenty of seat in our back</p>
  <p time="73260" is_ac="true">so yeah we know the seating is good we</p>
  <p time="75119" is_ac="true">know the Ambiance is nice but how is the</p>
  <p time="77159" is_ac="true">actual food that's like the star of the</p>
  <p time="78600" is_ac="true">show really this kind of stuff only</p>
  <p time="79979" is_ac="true">matters when the food is good the food</p>
  <p time="81479" is_ac="true">isn't good Ambiance means nothing right</p>
  <p time="83280" is_ac="true">so let's start look at this menu what's</p>
  <p time="85619" is_ac="true">the best thing you have the one thing</p>
  <p time="87299" is_ac="true">that you said I want to get a few things</p>
  <p time="88439" is_ac="true">okay I'm gonna get a few things I'll be</p>
  <p time="90240" is_ac="true">honest bro what's the one you got you</p>
  <p time="91560" is_ac="true">know what that's what you've got to get</p>
  <p time="93060" is_ac="true">the main sellers here what I love is the</p>
  <p time="94860" is_ac="true">loaded caramel yeah so that's the</p>
  <p time="97560" is_ac="true">parmesan which has got kebabish on top</p>
  <p time="99240" is_ac="true">of it what we've done we put one dish</p>
  <p time="100680" is_ac="true">together I don't know I might do both I</p>
  <p time="102479" is_ac="true">don't know how is that do you do like a</p>
  <p time="104100" is_ac="true">box of bowler box I think a lot of</p>
  <p time="106560" is_ac="true">people are kind of tried to copy but the</p>
  <p time="108119" is_ac="true">water the Box originally is from Aussies</p>
  <p time="109500" is_ac="true">so it's like a platter of everything is</p>
  <p time="111420" is_ac="true">angry Chef around he's not around at the</p>
  <p time="113579" is_ac="true">mom but I think that's good for me</p>
  <p time="114960" is_ac="true">because I don't want to get shot with</p>
  <p time="115979" is_ac="true">that today you know what I mean</p>
  <p time="117840" is_ac="true">just have a soul to the menu</p>
  <p time="132260" is_ac="true">I'm really excited I don't I'm also I</p>
  <p time="135300" is_ac="true">like that it's kind of um I've just kind</p>
  <p time="136560" is_ac="true">of opening times it's empty so I've kind</p>
  <p time="138120" is_ac="true">of like walk around do my thing you know</p>
  <p time="139680" is_ac="true">so ah order lots of food I ordered what</p>
  <p time="141900" is_ac="true">the chef recommended them a couple of</p>
  <p time="143400" is_ac="true">small little bits as well you know why</p>
  <p time="145200" is_ac="true">not let's do that I want to give you</p>
  <p time="147180" is_ac="true">guys a really comprehensive view of this</p>
  <p time="148620" is_ac="true">also if you're new here make sure you</p>
  <p time="150000" is_ac="true">subscribe because I know 50 60 70 of you</p>
  <p time="153840" is_ac="true">don't don't subscribe subscribe to the</p>
  <p time="155340" is_ac="true">channel help me out guys look at this so</p>
  <p time="157860" is_ac="true">look how much food I have so this is the</p>
  <p time="160379" is_ac="true">grill platter lots of meat look at the</p>
  <p time="162660" is_ac="true">size of that chicken you've got chops</p>
  <p time="164160" is_ac="true">we've got Wings we've got strips this is</p>
  <p time="166260" is_ac="true">the Ballers book which looks phenomenal</p>
  <p time="169019" is_ac="true">I love these big plates by the way a</p>
  <p time="170580" is_ac="true">little little tangent there for you and</p>
  <p time="172080" is_ac="true">then that's the uh parmo burger what an</p>
  <p time="174840" is_ac="true">absolutely I don't know what to go for</p>
  <p time="176700" is_ac="true">first I think you know what</p>
  <p time="178739" is_ac="true">I I don't know why I always want to go</p>
  <p time="180660" is_ac="true">for sides like mozzarella sticks first I</p>
  <p time="182280" is_ac="true">shouldn't I shouldn't let's try</p>
  <p time="183840" is_ac="true">something proper I think I'm gonna go</p>
  <p time="185879" is_ac="true">for a lamb chop first it looks like</p>
  <p time="188400" is_ac="true">they've been grilled really well</p>
  <p time="190640" is_ac="true">oh flavor and the Charming is Sublime on</p>
  <p time="194400" is_ac="true">that that's so delicate it's a delicate</p>
  <p time="196500" is_ac="true">flavor it's seasoned like lightly you</p>
  <p time="198540" is_ac="true">know like it's not over seasoned</p>
  <p time="200159" is_ac="true">whatsoever a lot of places they kind of</p>
  <p time="201480" is_ac="true">drown chops or lower Quality Meat with</p>
  <p time="203220" is_ac="true">just spices that's really tasty let's</p>
  <p time="205440" is_ac="true">move on to the wings</p>
  <p time="207300" is_ac="true">oh before even going on to the burgers</p>
  <p time="210300" is_ac="true">and the Palmer burger and all that kind</p>
  <p time="212099" is_ac="true">of stuff one thing I can see these guys</p>
  <p time="213780" is_ac="true">know how to cook meat the wing and the</p>
  <p time="216180" is_ac="true">chop they are both getting a hey man</p>
  <p time="218879" is_ac="true">they are Divine they're cooked really</p>
  <p time="220799" is_ac="true">well and I think what's good is it's</p>
  <p time="222299" is_ac="true">quite brave for a restaurant when they</p>
  <p time="224099" is_ac="true">um don't drown in sauces and like herbs</p>
  <p time="227040" is_ac="true">and spices they quite lightly seasoned</p>
  <p time="229500" is_ac="true">actually but perfect and then this is</p>
  <p time="231540" is_ac="true">the strip okay so one thing I should say</p>
  <p time="233760" is_ac="true">I know on the box you get to pick two</p>
  <p time="235500" is_ac="true">flavors I've picked hot and then I</p>
  <p time="237420" is_ac="true">picked mango lime because I feel like</p>
  <p time="238760" is_ac="true">spicy than a sweet one</p>
  <p time="241739" is_ac="true">my mango lime is doing bits guys this is</p>
  <p time="244379" is_ac="true">a fantastic fantastic mixed grill where</p>
  <p time="246720" is_ac="true">I'm a happy boy I think for that price</p>
  <p time="248159" is_ac="true">point Aussies so far you are absolutely</p>
  <p time="250799" is_ac="true">smashing it but really because I tried</p>
  <p time="253319" is_ac="true">the Ballers boxes look at this</p>
  <p time="255540" is_ac="true">this is a chicken pie my burger I can't</p>
  <p time="257400" is_ac="true">wait to put my mouth around that look at</p>
  <p time="259260" is_ac="true">the size of this right this I alluded to</p>
  <p time="260820" is_ac="true">earlier this is the half chicken guys</p>
  <p time="262400" is_ac="true">this chicken at some point was on PDS</p>
  <p time="266280" is_ac="true">right because it's just no it's been in</p>
  <p time="268620" is_ac="true">the gym it's been working hard there's a</p>
  <p time="270300" is_ac="true">lot of meat going on if you're a gym guy</p>
  <p time="271919" is_ac="true">and uh maybe that's me you're gonna like</p>
  <p time="275699" is_ac="true">the amount of protein in this you're the</p>
  <p time="278220" is_ac="true">meat platter is is something special</p>
  <p time="285180" is_ac="true">honestly I was just going to kind of</p>
  <p time="286979" is_ac="true">intro with it kind of like a starter in</p>
  <p time="289199" is_ac="true">a way if you shared with your friends</p>
  <p time="290280" is_ac="true">and move on to the bonus box that's kind</p>
  <p time="291900" is_ac="true">of one of the key reasons why I'm here</p>
  <p time="293400" is_ac="true">but it's actually fantastic that's</p>
  <p time="294840" is_ac="true">absolutely beautiful you also get like a</p>
  <p time="296880" is_ac="true">load of Donna meat in there too we've</p>
  <p time="299160" is_ac="true">got chips without a big portion decent</p>
  <p time="301259" is_ac="true">portion of rice I think for two people</p>
  <p time="303060" is_ac="true">that is gonna absolutely fill you up</p>
  <p time="305340" is_ac="true">that is more than enough but we're gonna</p>
  <p time="307080" is_ac="true">do this because actually you know what</p>
  <p time="308400" is_ac="true">little change of plans guys we're gonna</p>
  <p time="310020" is_ac="true">try the chicken parmo because that looks</p>
  <p time="312180" is_ac="true">really good it's in a burger and I've</p>
  <p time="314040" is_ac="true">definitely never seen that before so</p>
  <p time="315840" is_ac="true">it's kind of like looking at me and I</p>
  <p time="317699" is_ac="true">had a certain Autumn head before I came</p>
  <p time="319020" is_ac="true">but I'm not gonna follow that order I'm</p>
  <p time="320699" is_ac="true">gonna go for what I want like how could</p>
  <p time="322139" is_ac="true">I not look at it it's a big piece of</p>
  <p time="325199" is_ac="true">fried chicken breast we've got some</p>
  <p time="327000" is_ac="true">cheese on it it looks like a it smells</p>
  <p time="328320" is_ac="true">like kind of like an Algerian saw I do</p>
  <p time="329940" is_ac="true">think they should put a little bit of</p>
  <p time="330840" is_ac="true">bechamel maybe oh no there is actually I</p>
  <p time="333360" is_ac="true">was gonna say you kind of need a little</p>
  <p time="334860" is_ac="true">bit that looks really good</p>
  <p time="340940" is_ac="true">that's absolutely fantastic</p>
  <p time="343860" is_ac="true">never did I think I would need parmesan</p>
  <p time="346500" is_ac="true">in a burger that is doing absolute</p>
  <p time="349680" is_ac="true">bits oh no tell me in the comments who's</p>
  <p time="351780" is_ac="true">had a part of my burger I've had</p>
  <p time="353100" is_ac="true">parmesan's before in Bradford number of</p>
  <p time="355080" is_ac="true">times but this is a phenomenal little</p>
  <p time="357060" is_ac="true">burger and I think you can actually add</p>
  <p time="359220" is_ac="true">it I feel like you can add it to the the</p>
  <p time="361020" is_ac="true">Ballers box and it's like an extra three</p>
  <p time="363300" is_ac="true">quid but I'm sure you can which is a</p>
  <p time="365759" is_ac="true">steal I'm gonna go for that now and in</p>
  <p time="368880" is_ac="true">the Ballers box I actually got a beef</p>
  <p time="370320" is_ac="true">burger you can get beef or chicken but</p>
  <p time="372300" is_ac="true">I'm sure you can add that for three quid</p>
  <p time="373860" is_ac="true">which actually do you know what let me</p>
  <p time="376020" is_ac="true">have the beef burger first and I'll tell</p>
  <p time="377460" is_ac="true">you whether you should add it or not I</p>
  <p time="378600" is_ac="true">don't want to say upgrade and then the</p>
  <p time="380460" is_ac="true">beef Burger's like phenomenal right so I</p>
  <p time="382259" is_ac="true">don't want to do that but I guess it's</p>
  <p time="383340" is_ac="true">hard to compare beef and chicken with</p>
  <p time="385020" is_ac="true">the boilers box you can get beef or</p>
  <p time="387660" is_ac="true">chicken well I did because I got the</p>
  <p time="389639" is_ac="true">palmo burger which is obviously fried</p>
  <p time="391199" is_ac="true">chicken I decided to get the beef in the</p>
  <p time="393180" is_ac="true">bowlers box I mean the burger these buns</p>
  <p time="395340" is_ac="true">are actually really nice but it's an odd</p>
  <p time="398400" is_ac="true">thing to fix say on right and I never</p>
  <p time="400080" is_ac="true">really do that so the fact that I am</p>
  <p time="401819" is_ac="true">doing that should tell you what I'm</p>
  <p time="403199" is_ac="true">thinking they're just really nice like</p>
  <p time="405060" is_ac="true">they've just got a good spring to them</p>
  <p time="406560" is_ac="true">you know like they've got Goods bigger</p>
  <p time="408360" is_ac="true">crisp to them</p>
  <p time="409620" is_ac="true">I had the um the homemade sauce or</p>
  <p time="411960" is_ac="true">certainly whatever sauce they're using</p>
  <p time="413340" is_ac="true">it's giving it a good flavor the beef is</p>
  <p time="415139" is_ac="true">cooked well</p>
  <p time="416340" is_ac="true">I'm enjoying that again</p>
  <p time="418560" is_ac="true">I really like the pot but the burglary</p>
  <p time="420720" is_ac="true">itself is delicious I do think I would</p>
  <p time="422400" is_ac="true">be tempted to upgrade to the actual</p>
  <p time="425100" is_ac="true">Palmer burger that is getting a hey man</p>
  <p time="426900" is_ac="true">so that's like a Hayman for things that</p>
  <p time="428639" is_ac="true">are like nine out of ten and above the</p>
  <p time="430020" is_ac="true">bug is tasty and I enjoy if you fancy</p>
  <p time="431880" is_ac="true">beef you'll be happy with that but</p>
  <p time="433440" is_ac="true">that's kind of it's kind of got my heart</p>
  <p time="435000" is_ac="true">a little bit and you're not going to get</p>
  <p time="436380" is_ac="true">that in many places so it's Unique to</p>
  <p time="438060" is_ac="true">something to mention is you do get a</p>
  <p time="440039" is_ac="true">little bit of red slaw with the Ballers</p>
  <p time="441720" is_ac="true">box and also with the uh the girl I had</p>
  <p time="443819" is_ac="true">at the beginning I don't think mentioned</p>
  <p time="445199" is_ac="true">that and another thing they're actually</p>
  <p time="446520" is_ac="true">quite well known for is this this is a</p>
  <p time="449220" is_ac="true">stir-fry daughter which you did get here</p>
  <p time="450900" is_ac="true">too but I'm going to try it properly</p>
  <p time="452520" is_ac="true">here because you guys know what I'm like</p>
  <p time="454319" is_ac="true">I'm a bit of a Donna fiend</p>
  <p time="456479" is_ac="true">it's called quite thick which I enjoy I</p>
  <p time="458880" is_ac="true">end up with maybe a couple of chips oh I</p>
  <p time="461220" is_ac="true">don't I'll use the chips actually</p>
  <p time="463259" is_ac="true">that the bolus box comes with these are</p>
  <p time="465060" is_ac="true">the cheesy chips but you can ask for the</p>
  <p time="466919" is_ac="true">Perry chips even you know plain chips if</p>
  <p time="469680" is_ac="true">you want but if you're going to get the</p>
  <p time="471300" is_ac="true">option of cheesy chips take it</p>
  <p time="473400" is_ac="true">my friend take that up take every</p>
  <p time="475139" is_ac="true">opportunity life throws you away</p>
  <p time="477720" is_ac="true">they asked me if I want cheese and chips</p>
  <p time="479039" is_ac="true">or not I said yes that's a good</p>
  <p time="480720" is_ac="true">combination you've got spicy Donna with</p>
  <p time="482639" is_ac="true">like the cheesy chips the Mellow flavor</p>
  <p time="484560" is_ac="true">of the cheese coming through</p>
  <p time="486479" is_ac="true">um good combo I think they could even</p>
  <p time="488220" is_ac="true">put a touch more spice actually in the</p>
  <p time="490080" is_ac="true">Kebab it's cooked really well it's quite</p>
  <p time="491520" is_ac="true">Saucy a little bit more spice I think I</p>
  <p time="493440" is_ac="true">could I could take that I think it</p>
  <p time="494759" is_ac="true">depends on your your palette really and</p>
  <p time="496380" is_ac="true">then mac and cheese bites see more</p>
  <p time="498180" is_ac="true">places need to do stuff like this like</p>
  <p time="499740" is_ac="true">put some mac and cheese bites in a box</p>
  <p time="502080" is_ac="true">like this put some onion rings maybe</p>
  <p time="503580" is_ac="true">chili cheese bites maybe mozzarella</p>
  <p time="505800" is_ac="true">sticks come on look I know this is from</p>
  <p time="508080" is_ac="true">a packet I know it's frozen that's why</p>
  <p time="509520" is_ac="true">it's probably gonna cost a couple of</p>
  <p time="510360" is_ac="true">quid that's fine put it in my box beef</p>
  <p time="512099" is_ac="true">up the box a little bit do you guys kind</p>
  <p time="513779" is_ac="true">of know what I mean like I don't mind</p>
  <p time="515219" is_ac="true">having four or five onion rings out from</p>
  <p time="516839" is_ac="true">a packet if it's in a big box that's</p>
  <p time="518279" is_ac="true">fine because the Box isn't about the</p>
  <p time="520020" is_ac="true">rings of all the other stuff but the</p>
  <p time="521219" is_ac="true">Rings just add to it this is a mac and</p>
  <p time="523440" is_ac="true">cheese bite</p>
  <p time="525360" is_ac="true">oh it's not deep fried mac and cheese</p>
  <p time="527459" is_ac="true">especially lovely see this just goes so</p>
  <p time="529320" is_ac="true">well with this bit of Donna one of these</p>
  <p time="531360" is_ac="true">like a little side perfect quick little</p>
  <p time="533399" is_ac="true">break to have some mocktails also these</p>
  <p time="535980" is_ac="true">are cooked I just know there's little</p>
  <p time="537660" is_ac="true">faces on these can you guys see the</p>
  <p time="538860" is_ac="true">faces I don't know if their cameras</p>
  <p time="540240" is_ac="true">picking them up this is the uh blue one</p>
  <p time="542279" is_ac="true">I uh I asked my brother who was serving</p>
  <p time="545760" is_ac="true">me get me like ones that you like if I</p>
  <p time="547920" is_ac="true">don't like them it's his fault this is</p>
  <p time="549959" is_ac="true">blue sea Martini</p>
  <p time="551899" is_ac="true">I don't know what that is orange and</p>
  <p time="555060" is_ac="true">lime</p>
  <p time="556019" is_ac="true">do you know that's got like a fizzy</p>
  <p time="558240" is_ac="true">bubble gummy kind of taste you're not</p>
  <p time="559860" is_ac="true">foodie ninja cameraman towels my brother</p>
  <p time="561600" is_ac="true">he would love that and then this one I'm</p>
  <p time="563279" is_ac="true">going to call this the orange one but I</p>
  <p time="565380" is_ac="true">think it's actually it's a passion fruit</p>
  <p time="567000" is_ac="true">mojito that's a bit more something that</p>
  <p time="569519" is_ac="true">I understand and I know oh do you know</p>
  <p time="571620" is_ac="true">I'll get that you know what that is</p>
  <p time="572760" is_ac="true">divine do not get a can of Coke why come</p>
  <p time="574860" is_ac="true">to a place like this which is really</p>
  <p time="575940" is_ac="true">nice great seating good food and get</p>
  <p time="578760" is_ac="true">like a Coke but that just doesn't make</p>
  <p time="581040" is_ac="true">sense to me you can get that anyway the</p>
  <p time="582660" is_ac="true">Coke's probably gonna be like two three</p>
  <p time="584040" is_ac="true">quid anyway that's how much Cooks I read</p>
  <p time="586019" is_ac="true">in like restaurants yes three quid you</p>
  <p time="588899" is_ac="true">must pay a little bit more and get like</p>
  <p time="590459" is_ac="true">a proper drink that's a bit unique you</p>
  <p time="592500" is_ac="true">know they make it here tasty like</p>
  <p time="594360" is_ac="true">presented well too the borders box comes</p>
  <p time="597300" is_ac="true">with chops as well comes with two chops</p>
  <p time="598800" is_ac="true">actually but because I've already eaten</p>
  <p time="599940" is_ac="true">them I'm not gonna eat them again or I</p>
  <p time="601860" is_ac="true">can review them again I'm actually gonna</p>
  <p time="602820" is_ac="true">I'm gonna eat them again but not</p>
  <p time="604860" is_ac="true">on camera I can't believe I nearly</p>
  <p time="606720" is_ac="true">forgot these good little side again look</p>
  <p time="608459" is_ac="true">for anyone in the comment says it I know</p>
  <p time="610019" is_ac="true">it's my packet but I think they're like</p>
  <p time="611459" is_ac="true">two pounds I mean</p>
  <p time="613459" is_ac="true">250. that's fine this little add-on to</p>
  <p time="616380" is_ac="true">my meal why not want to find like a good</p>
  <p time="618720" is_ac="true">spot right to give you my final thoughts</p>
  <p time="620459" is_ac="true">because they've got</p>
  <p time="622860" is_ac="true">The Good The Bad The Hungry if you know</p>
  <p time="625260" is_ac="true">that reference it's a great movie it's</p>
  <p time="626519" is_ac="true">one of the first ones I ever saw my dad</p>
  <p time="627779" is_ac="true">and she did the bad and ugly</p>
  <p time="629519" is_ac="true">um we've got a burger we've got</p>
  <p time="632399" is_ac="true">this is cool</p>
  <p time="633959" is_ac="true">like an Aussie it's like this is you</p>
  <p time="635640" is_ac="true">know what the light in bangs here so and</p>
  <p time="637200" is_ac="true">that's that guy from that TV show um</p>
  <p time="641279" is_ac="true">I don't know what it's called anyway</p>
  <p time="644220" is_ac="true">this is I came in not with</p>
  <p time="647700" is_ac="true">um</p>
  <p time="648240" is_ac="true">a negative viewpoint but more of a oh</p>
  <p time="650940" is_ac="true">these guys are doing big on social media</p>
  <p time="653399" is_ac="true">um they've got like that really funny</p>
  <p time="654480" is_ac="true">kind of character which should be fair I</p>
  <p time="655740" is_ac="true">actually love the content it's really</p>
  <p time="656700" is_ac="true">good but that doesn't mean the food's</p>
  <p time="658079" is_ac="true">good</p>
  <p time="658800" is_ac="true">so I was like let's see how the food</p>
  <p time="660060" is_ac="true">actually is you know and honestly to</p>
  <p time="661860" is_ac="true">blow me away they've kind of like proved</p>
  <p time="663899" is_ac="true">me wrong not not that came in negative</p>
  <p time="665519" is_ac="true">but you kind of guys know what I mean</p>
  <p time="667560" is_ac="true">they've sort of nailed it you know</p>
  <p time="669000" is_ac="true">they've got really cool social media</p>
  <p time="670019" is_ac="true">they've got that funny kind of character</p>
  <p time="671100" is_ac="true">the angry chef but the food which is</p>
  <p time="672839" is_ac="true">what really matters they have absolutely</p>
  <p time="674880" is_ac="true">nailed they've got great seating in here</p>
  <p time="678240" is_ac="true">as well it's a really good environment</p>
  <p time="680040" is_ac="true">and they've got like I said great food</p>
  <p time="682019" is_ac="true">it's well priced they've got really good</p>
  <p time="683940" is_ac="true">drinks so for me it's an easy recommend</p>
  <p time="686399" is_ac="true">it's a very easy recommend so check</p>
  <p time="688380" is_ac="true">these guys out if you're in the area</p>
  <p time="689459" is_ac="true">check them out I'll put the address down</p>
  <p time="690899" is_ac="true">below they've got a ton of hey man</p>
  <p time="693060" is_ac="true">because they were awesome and it's a</p>
  <p time="694740" is_ac="true">place I will definitely</p>
</text>
