<?xml version='1.0' encoding='UTF-8'?>
<text date_d="6" date_m="8" date_y="2019" format="srv3" age_limit="0" comment_count="3900" description="Gordon Ramsay did a 24 hour Rebuild on this restaurant in my city.... So i went to try it out and see if it was all just for the show or for real....&#10;Join us on Patreon and get closer than ever before ► http://www.patreon.com/brennentaylor&#10;Join the #TAYLORFAM ►http://bit.ly/SubscribeToBrennen  &#10;Last Vlog ► https://www.youtube.com/watch?v=L4QfvEErS00&amp;t=583s&#10;MERCH ► http://www.BrennenTaylor.com/&#10;Twitter ► http://www.twitter.com/BrennenTaylor&#10;Instagram ► http://www.instagram.com/Brennen&#10;&#10;FOR BEHIND THE SCENES stuff add me on Snapchat ► BrennenTaylor http://www.snapchat.com/add/BrennenTaylor&#10;&#10;Hi I'm Brennen.  I've been eating food for 23 years. I'm basically a professional. Here is my Food Review:&#10;&#10;&#10;Shot byJake: http://www.instagram.com/JakeTaylor&#10;&#10;&#10;Family friendly pg clean&#10;&#10;Intro/Outro song by: https://soundcloud.com/joakimkarud&#10;&#10;PO BOX: 3844 Chatsworth CA 91313-3844&#10;&#10;Brennen Taylor best/worst reviewed videos of 1 star yelp restaurants and businesses series&#10;&#10;&#10;Special Shoutout to the patreon family:&#10;Abby Addy Rose Agustina Alejandra Juarez Alexandrea Alissa Amanda Amina Gardner Andrea Berg Angel Angel Angela Sauceda Angelica Ramos anna Arianna Buckley Ariel moreno Ashley Ashley kazanecki  Ashlyn Takacs Blaire Long Braylee Brittney Brittney Baker Bryan Alvarez Caitlin Farley Camille Herrero Carol Orellana Cedric Burgan Chantria Chloe Brashear Courtney Ebers Damian Danielle Fultz Darwin23 Denice Balderas Destine green  Destiny Merryfield Diana Mora Dymond Galindo Eliana Elijha.john BOYw☮der Emily Hernandez fozymexe Gabriel Sanchez  Georga Wells Glenda Davila Guadalupe Ayala Heather Baldwin Isaiah Herndon  itsalexisl0ve Jackelyn duarte Jacqui Zimmerman Jaime Jamie Stoessel Jasmine Lamas Jasmine Randall Javier Esiquio jeffrey Jenna Bullinger Jess jess Jess Emes Jessica Jessica Martinez Jessica Samuels Jessie Cheroske JOHN GRAD jordan Joshua Parent Kaitlyn Moncevaiz Kamila Sharma Katie cluff Katy Gentile Kayla Kayla Ebel Kayla henderson kendall k Kimmie Kriss krissie johnson Kristen  McMahan Kyle Van Bonn  Layla Keaton lesliekivell Lisa Lisa Ezell (BrennenTaylorNews) Lucy Jackson lydia joy Macayla Wilks Maddie Maddie Madison MaLaya Mallory Clifton Manny Martinez- Ramos Meg Mel~Rose Meme2213 Micky craig Molly Natalia Rouse Nicolas Astudillo Nicole Marie Nidia estapa pip raven Rayne Rebeccaax_ Roberta Chavez Robyn Gioe Sabrina Sahira Matos Sara Baker Shaunessey Lambert Sheradan Adams Skyler lang Stephanie Cody  Tammy Tanya Stavroulias Tawny Tiffany Tiffany Tori Tyler James Valerie Ramirez Vanessa Barrera Victoria Wood wigcolby Yazmina Yesenia Escobedo" fulltitle="Eating At Gordon Ramsay's Kitchen Nightmares Restaurant (1 STAR)" like_count="49463" location="na" playlist_title="na" release_date="na" upload_date="20190806" repost_count="na" tags="brennentaylor; brennen taylor; brennen; taylor; taylorfam; gordon ramsey hells kitchen; gordon ramsey; kitchen nightmares; gordon ramsay; gordon ramsay cooking; gordon ramsay reviewed; kitchen nightmares revisited; gordon ramsay brennen taylor; brennen taylor kitchen nightmares; brennen taylor 1 star; 1 star; worst reviewed restaurant; brennen taylor food review; brennen taylor 1 star food; brennen taylor worst reviewed; 5 star; food review channel; " title="Eating At Gordon Ramsay's Kitchen Nightmares Restaurant (1 STAR)" uploader="Brennen Taylor" view_count="1607571" webpage_url="https://www.youtube.com/watch?v=2WGS5Zzcgfk" autocaption="true">
  <p time="80" is_ac="true">hello before this video starts i just</p>
  <p time="1760" is_ac="true">want to point out that i have some brand</p>
  <p time="3040" is_ac="true">new merch out</p>
  <p time="3840" is_ac="true">this is limited edition merch so it's</p>
  <p time="5520" is_ac="true">only going to be out for a certain</p>
  <p time="6319" is_ac="true">amount of time and there's only a</p>
  <p time="7440" is_ac="true">certain amount</p>
  <p time="8240" is_ac="true">printed so if you do want one of these</p>
  <p time="10080" is_ac="true">awesome shirts go to brand taylor.com</p>
  <p time="12240" is_ac="true">pick yours up today because they won't</p>
  <p time="14160" is_ac="true">last all right enjoy this video okay</p>
  <p time="15839" is_ac="true">wait we</p>
  <p time="16400" is_ac="true">seen that restaurant yeah that's so</p>
  <p time="18320" is_ac="true">sorrows remember that's something and</p>
  <p time="19760" is_ac="true">chatsworth right yeah</p>
  <p time="21039" is_ac="true">well my question is is that fake because</p>
  <p time="23199" is_ac="true">how do they have all those cameras in</p>
  <p time="24480" is_ac="true">there how do they get someone just turn</p>
  <p time="25840" is_ac="true">the restaurant around how do you even do</p>
  <p time="27119" is_ac="true">that in 24 hours i don't know but i</p>
  <p time="28640" is_ac="true">haven't been there in like two years or</p>
  <p time="30720" is_ac="true">three years</p>
  <p time="31439" is_ac="true">it was like the food wasn't that great</p>
  <p time="33280" is_ac="true">yeah i remember it was awful last time</p>
  <p time="34800" is_ac="true">we went it looked</p>
  <p time="35920" is_ac="true">just like it did in the before so maybe</p>
  <p time="38160" is_ac="true">they just did a full</p>
  <p time="39680" is_ac="true">rebuttal of this place why don't we do</p>
  <p time="42079" is_ac="true">this guys why don't we figure this out</p>
  <p time="43600" is_ac="true">let's figure out is gordon ramsay a</p>
  <p time="45039" is_ac="true">complete fake because he never responded</p>
  <p time="46559" is_ac="true">to my dms by the way</p>
  <p time="47840" is_ac="true">oh yeah maybe we go try this out let's</p>
  <p time="49840" is_ac="true">let's go review a gordon ramsay reviewed</p>
  <p time="51840" is_ac="true">restaurant he turned this place around</p>
  <p time="53360" is_ac="true">let's see</p>
  <p time="53840" is_ac="true">let's see if it really happened okay</p>
  <p time="55440" is_ac="true">guys welcome back to a brand new episode</p>
  <p time="57920" is_ac="true">of</p>
  <p time="58879" is_ac="true">my gordon ramsay life choices i don't</p>
  <p time="61600" is_ac="true">really know where i'm going with this</p>
  <p time="62640" is_ac="true">anymore but i'm brandon taylor i'm your</p>
  <p time="64400" is_ac="true">host this is my mom lisa my brother jake</p>
  <p time="66560" is_ac="true">right behind the camera and we are gonna</p>
  <p time="67920" is_ac="true">go try this place out we're gonna go see</p>
  <p time="69520" is_ac="true">if it was turned around completely</p>
  <p time="71520" is_ac="true">or if this was all just for showbiz</p>
  <p time="73520" is_ac="true">let's go see it let's go check this out</p>
  <p time="75350" is_ac="true">[Applause]</p>
  <p time="76680" is_ac="true">[Music]</p>
  <p time="82880" is_ac="true">here we are captioning not</p>
  <p time="99040" is_ac="true">real available i think we should just</p>
  <p time="101040" is_ac="true">hold on filament</p>
  <p time="103360" is_ac="true">i like it i like it and they do like oh</p>
  <p time="105600" is_ac="true">wow</p>
  <p time="106720" is_ac="true">when we first ever started coming to</p>
  <p time="108320" is_ac="true">this place they literally had just an</p>
  <p time="109840" is_ac="true">old cinder block basically that they</p>
  <p time="111360" is_ac="true">would stand behind and look like crap</p>
  <p time="112720" is_ac="true">they didn't have anything</p>
  <p time="113600" is_ac="true">this is actual leather on here</p>
  <p time="116640" is_ac="true">which is really cool it's still like the</p>
  <p time="118719" is_ac="true">old character of the dad who</p>
  <p time="120240" is_ac="true">ran this place in 1967. they also have a</p>
  <p time="122159" is_ac="true">bathroom i gotta check that out later</p>
  <p time="123680" is_ac="true">you know</p>
  <p time="124000" is_ac="true">we'll be definitely checking that out we</p>
  <p time="125280" is_ac="true">got a little lasso man just to say so</p>
  <p time="126840" is_ac="true">guys</p>
  <p time="128860" is_ac="true">[Music]</p>
  <p time="154400" is_ac="true">okay so first thing that i did notice we</p>
  <p time="156239" is_ac="true">did a quick walk through this whole</p>
  <p time="157280" is_ac="true">restaurant they did not repair</p>
  <p time="159040" is_ac="true">anything but this room which is one a</p>
  <p time="161280" is_ac="true">good sign for like new people that walk</p>
  <p time="163040" is_ac="true">in because immediately they're gonna</p>
  <p time="164000" is_ac="true">think this whole restaurant is super</p>
  <p time="165040" is_ac="true">nice but two it's a bad thing because</p>
  <p time="166720" is_ac="true">they literally only focused on one room</p>
  <p time="168560" is_ac="true">what does that tell you that it was very</p>
  <p time="170640" is_ac="true">quick no they told it's</p>
  <p time="172080" is_ac="true">for tv yeah yeah because they didn't</p>
  <p time="174640" is_ac="true">even show any of the other rooms</p>
  <p time="177680" is_ac="true">in the video they did 24 hours repairing</p>
  <p time="179519" is_ac="true">this whole place and if it took 24 hours</p>
  <p time="181680" is_ac="true">just to repair this one room they put</p>
  <p time="182959" is_ac="true">some blankets up in the sky they gave it</p>
  <p time="184640" is_ac="true">some nice light they put these nice</p>
  <p time="185840" is_ac="true">little chandeliers but</p>
  <p time="187120" is_ac="true">they only focused on this room so if you</p>
  <p time="189040" is_ac="true">go through the actual restaurant you see</p>
  <p time="190400" is_ac="true">the old los toros from what we knew</p>
  <p time="192959" is_ac="true">growing up</p>
  <p time="193599" is_ac="true">the other rooms it's still dark and</p>
  <p time="195920" is_ac="true">gloomy and green walls and it's like</p>
  <p time="198080" is_ac="true">not inviting whatsoever this is the only</p>
  <p time="200239" is_ac="true">room that's bright</p>
  <p time="201680" is_ac="true">according to my mother it's cool though</p>
  <p time="203920" is_ac="true">so we almost sat back there well</p>
  <p time="205519" is_ac="true">because we're in 100 degrees chatsworth</p>
  <p time="207920" is_ac="true">weather and it's</p>
  <p time="209200" is_ac="true">70 in there so it is cool</p>
  <p time="213360" is_ac="true">[Music]</p>
  <p time="217360" is_ac="true">yeah i know you guys were talking about</p>
  <p time="219680" is_ac="true">last episode when i mentioned the guy</p>
  <p time="221440" is_ac="true">grabbing the cups like that</p>
  <p time="222640" is_ac="true">this time i caught it he grabbed the cup</p>
  <p time="224799" is_ac="true">just like that this is why i need a</p>
  <p time="226239" is_ac="true">straw unfortunately i really am against</p>
  <p time="227760" is_ac="true">straws because i love turtles</p>
  <p time="229280" is_ac="true">but in certain situations you have to</p>
  <p time="231120" is_ac="true">you know they should just give</p>
  <p time="232640" is_ac="true">paper straws to everyone although i hate</p>
  <p time="234159" is_ac="true">those too because they disintegrate</p>
  <p time="235680" is_ac="true">i'd rather a straw disintegrate than you</p>
  <p time="237439" is_ac="true">have to kill a turtle</p>
  <p time="238799" is_ac="true">fortunately these are plastic so i</p>
  <p time="240400" is_ac="true">thought there was a band in california</p>
  <p time="241680" is_ac="true">wasn't it</p>
  <p time="242400" is_ac="true">eco products renewable income</p>
  <p time="245519" is_ac="true">compost wall that's good so it means</p>
  <p time="248720" is_ac="true">it'll break down in natural like in the</p>
  <p time="250959" is_ac="true">water if it were to go into the ocean it</p>
  <p time="252319" is_ac="true">would just break down into nothing so</p>
  <p time="253519" is_ac="true">now i feel</p>
  <p time="254000" is_ac="true">not so bad drinking out of that to take</p>
  <p time="255920" is_ac="true">one of these into an experiment how long</p>
  <p time="257359" is_ac="true">it takes to break it down</p>
  <p time="258479" is_ac="true">i'd be interested because it's sitting</p>
  <p time="259759" is_ac="true">in water and how hasn't it not broken</p>
  <p time="261519" is_ac="true">down</p>
  <p time="262240" is_ac="true">interesting let us know 10 000 likes</p>
  <p time="264560" is_ac="true">we'll do it</p>
  <p time="265440" is_ac="true">okay so on the show they came out with</p>
  <p time="266880" is_ac="true">five new items and these items are used</p>
  <p time="268479" is_ac="true">supposedly from gordon ramsay where he</p>
  <p time="270160" is_ac="true">said you can charge</p>
  <p time="271120" is_ac="true">more for these because they're more</p>
  <p time="272320" is_ac="true">aesthetically pleasing so we ordered</p>
  <p time="273919" is_ac="true">three of those five to really try them</p>
  <p time="275520" is_ac="true">out and see if they taste as good</p>
  <p time="277199" is_ac="true">as the food did if they look as good as</p>
  <p time="279040" is_ac="true">they did on the episode so what they</p>
  <p time="280479" is_ac="true">have now is shrimp ceviche tostadas</p>
  <p time="282560" is_ac="true">they have roasted poblano tamale</p>
  <p time="284560" is_ac="true">swordfish chicken mole and garnet salad</p>
  <p time="287040" is_ac="true">so out of the five items we're going to</p>
  <p time="289040" is_ac="true">order three we're going to do the</p>
  <p time="290240" is_ac="true">swordfish</p>
  <p time="291040" is_ac="true">the shrimp and ceviche tostada and the</p>
  <p time="292800" is_ac="true">garnet and hopefully</p>
  <p time="294960" is_ac="true">they'll be exactly like gordon ramsay's</p>
  <p time="297040" is_ac="true">presentation was yeah because</p>
  <p time="298560" is_ac="true">the way that they presented each of</p>
  <p time="299840" is_ac="true">these looked like a high-end five-star</p>
  <p time="301600" is_ac="true">restaurant</p>
  <p time="302240" is_ac="true">let's keep in mind that i did check the</p>
  <p time="303759" is_ac="true">yelp reviews before we came here and</p>
  <p time="305120" is_ac="true">they are still at three stars so</p>
  <p time="307039" is_ac="true">although you know there has been a long</p>
  <p time="308560" is_ac="true">pass of mishaps i don't know if the show</p>
  <p time="310880" is_ac="true">is really helping the play-doh</p>
  <p time="312639" is_ac="true">or ruining it so we're going to find out</p>
  <p time="314080" is_ac="true">for ourselves um how are these shrimp</p>
  <p time="316080" is_ac="true">ceviche tostadas they're really good all</p>
  <p time="318800" is_ac="true">right i'm going to get that for me</p>
  <p time="320160" is_ac="true">can i do the carne asada let's do it</p>
  <p time="324320" is_ac="true">thank you</p>
  <p time="326790" is_ac="true">[Music]</p>
  <p time="336479" is_ac="true">you didn't have to ask for refills of</p>
  <p time="337919" is_ac="true">chips and salsa and the bean dip</p>
  <p time="339520" is_ac="true">usually with other restaurants you have</p>
  <p time="340800" is_ac="true">to be like can i get some more chips and</p>
  <p time="341840" is_ac="true">i get some more salsa</p>
  <p time="343199" is_ac="true">they literally and they brought double</p>
  <p time="344800" is_ac="true">instead of one they brought two of them</p>
  <p time="346639" is_ac="true">because they realized you liked it</p>
  <p time="348000" is_ac="true">so much maybe they know who you are the</p>
  <p time="350240" is_ac="true">other thing that i have to i just have</p>
  <p time="351759" is_ac="true">to play the devil's advocate is they do</p>
  <p time="353199" is_ac="true">see a big ass camera</p>
  <p time="354560" is_ac="true">they see we're filming they know they</p>
  <p time="355759" is_ac="true">were just on the show five months ago</p>
  <p time="357680" is_ac="true">they're probably trying to do anything</p>
  <p time="358960" is_ac="true">they can to protect their image because</p>
  <p time="360319" is_ac="true">in the show they did have food critics</p>
  <p time="361840" is_ac="true">come and like</p>
  <p time="362639" is_ac="true">eat the food review the food and they</p>
  <p time="363919" is_ac="true">were all taking pictures of their stuff</p>
  <p time="364880" is_ac="true">so they may be seeing us from the</p>
  <p time="365840" is_ac="true">backstage and are</p>
  <p time="366880" is_ac="true">behind the kitchen or whatever and</p>
  <p time="368080" is_ac="true">they're like yeah these guys you've got</p>
  <p time="368960" is_ac="true">to impress them get them more vegan you</p>
  <p time="370240" is_ac="true">know what i mean i agree i agree let's</p>
  <p time="371759" is_ac="true">just see how the rest let's see so the</p>
  <p time="373759" is_ac="true">beer is good the beans it's good chips</p>
  <p time="375440" is_ac="true">we all know that let's find out how this</p>
  <p time="376880" is_ac="true">bathroom is shall we</p>
  <p time="382560" is_ac="true">and this is jake's bathroom review</p>
  <p time="386400" is_ac="true">okay first off they did not remodel this</p>
  <p time="388479" is_ac="true">place at all it still has the same vibe</p>
  <p time="390319" is_ac="true">from when i was like 10 years old coming</p>
  <p time="392160" is_ac="true">in here</p>
  <p time="393120" is_ac="true">not the best condition like this is very</p>
  <p time="395039" is_ac="true">like hispanic culture like they</p>
  <p time="396479" is_ac="true">literally drove to rosarito and picked</p>
  <p time="398080" is_ac="true">all this stuff the tiles up everything</p>
  <p time="399680" is_ac="true">like that</p>
  <p time="400639" is_ac="true">window has a bunch of graffiti on it</p>
  <p time="402400" is_ac="true">this one</p>
  <p time="403840" is_ac="true">i don't even know what that is and i</p>
  <p time="405120" is_ac="true">don't even want to know what that is</p>
  <p time="407600" is_ac="true">check out the rest of the bathroom okay</p>
  <p time="409360" is_ac="true">got a changing room station</p>
  <p time="410880" is_ac="true">even the toilet seat has graffiti i</p>
  <p time="412960" is_ac="true">don't know how that happens</p>
  <p time="414479" is_ac="true">there's someone that's disrespecting</p>
  <p time="415840" is_ac="true">this place and that's not cool they do</p>
  <p time="417440" is_ac="true">have some updated urinals you know no</p>
  <p time="419039" is_ac="true">flush</p>
  <p time="419680" is_ac="true">save the water save the environment save</p>
  <p time="421280" is_ac="true">the turtles now let's go drink this beer</p>
  <p time="425440" is_ac="true">so we just overheard someone else</p>
  <p time="427120" is_ac="true">complain about how their food took</p>
  <p time="428720" is_ac="true">a long time to come it's been about 20</p>
  <p time="430560" is_ac="true">minutes and we still have not seen our</p>
  <p time="431840" is_ac="true">food he said half an hour</p>
  <p time="433360" is_ac="true">i think we've been at 20 minutes but</p>
  <p time="434720" is_ac="true">they just complained about 30 minutes</p>
  <p time="436080" is_ac="true">and they were here before us already</p>
  <p time="437360" is_ac="true">eating i don't know they're gonna come</p>
  <p time="438479" is_ac="true">and try to serve us some more chips</p>
  <p time="439599" is_ac="true">right now but i think that's literally</p>
  <p time="440800" is_ac="true">all the chips i can consume</p>
  <p time="442240" is_ac="true">they had a perfect opportunity with</p>
  <p time="443680" is_ac="true">gordon ramsay and boosting this place up</p>
  <p time="445360" is_ac="true">and trying to make it happen</p>
  <p time="446479" is_ac="true">and they're lacking is not going to be</p>
  <p time="448479" is_ac="true">good because customers aren't going to</p>
  <p time="449520" is_ac="true">want to return here</p>
  <p time="450479" is_ac="true">much longer until our food gets here</p>
  <p time="452800" is_ac="true">thank you</p>
  <p time="453599" is_ac="true">see if it's even worth eating it could</p>
  <p time="454960" is_ac="true">have all just been for show you know</p>
  <p time="456240" is_ac="true">they could have been good for a day or</p>
  <p time="457360" is_ac="true">two and then they slid it slack</p>
  <p time="458720" is_ac="true">i just it's friday and it's the</p>
  <p time="460479" is_ac="true">beginning of the weekend i don't want to</p>
  <p time="461599" is_ac="true">get sick</p>
  <p time="463680" is_ac="true">there was like nine people that got sick</p>
  <p time="465280" is_ac="true">before gordon ramsay came in here</p>
  <p time="476240" is_ac="true">so what we're working with here is oh a</p>
  <p time="478639" is_ac="true">hair</p>
  <p time="480960" is_ac="true">are you serious that's not my hair</p>
  <p time="482720" is_ac="true">that's like a</p>
  <p time="484000" is_ac="true">dead in the center</p>
  <p time="493039" is_ac="true">i mean i'm just going to pull it out and</p>
  <p time="494319" is_ac="true">just continue but already a hair</p>
  <p time="496479" is_ac="true">on my plate that's not actually looking</p>
  <p time="498080" is_ac="true">too good</p>
  <p time="499599" is_ac="true">there's literally another one on the</p>
  <p time="501280" is_ac="true">shrimp okay leave it alone</p>
  <p time="503120" is_ac="true">what do you mean you want me to eat it</p>
  <p time="504160" is_ac="true">no it's sitting on the shrimp right</p>
  <p time="505280" is_ac="true">there you just took it off</p>
  <p time="506319" is_ac="true">no i didn't it's right there i'm not</p>
  <p time="508879" is_ac="true">gonna wait another hour for them to give</p>
  <p time="510160" is_ac="true">it to me</p>
  <p time="513599" is_ac="true">so it's just like already there's like</p>
  <p time="515839" is_ac="true">it's open so i can't really complain but</p>
  <p time="517360" is_ac="true">let's just try this</p>
  <p time="518560" is_ac="true">there's flies everywhere i'm just gonna</p>
  <p time="520000" is_ac="true">give this a quick taste test</p>
  <p time="521599" is_ac="true">found two hairs in my food already the</p>
  <p time="524080" is_ac="true">actual presentation of it looks</p>
  <p time="525680" is_ac="true">aesthetically nice there's a lot of</p>
  <p time="526800" is_ac="true">colors to it and a lot of like vibrancy</p>
  <p time="528800" is_ac="true">so when you're looking at it you do kind</p>
  <p time="530160" is_ac="true">of see like a whole mesh of different</p>
  <p time="532160" is_ac="true">stuff you got you know a pickled onion</p>
  <p time="534160" is_ac="true">you got the jumbo shrimp and these are</p>
  <p time="535600" is_ac="true">actually jumbo pieces of shrimp</p>
  <p time="537760" is_ac="true">i can only imagine the size of the</p>
  <p time="539120" is_ac="true">actual shrimp there's radishes</p>
  <p time="540959" is_ac="true">cilantro there's the avocado crema on</p>
  <p time="542959" is_ac="true">top let me give this a taste</p>
  <p time="548000" is_ac="true">before gordon ramsay came into this</p>
  <p time="549680" is_ac="true">place the food here would just taste</p>
  <p time="551279" is_ac="true">like crappy mexican food this actually</p>
  <p time="553279" is_ac="true">tastes like something that would be like</p>
  <p time="554480" is_ac="true">a pop-up shop in hollywood</p>
  <p time="556160" is_ac="true">like very nice and very aesthetic and</p>
  <p time="558240" is_ac="true">like people could take pictures of these</p>
  <p time="559600" is_ac="true">and eat it</p>
  <p time="560240" is_ac="true">on a nice little summer's day right</p>
  <p time="562000" is_ac="true">outside of the restaurant this doesn't</p>
  <p time="563200" is_ac="true">taste like it comes from this place so</p>
  <p time="564560" is_ac="true">they did do a whole 360 with this</p>
  <p time="566320" is_ac="true">minus the hair minus the hair yes there</p>
  <p time="568160" is_ac="true">was a couple hairs in it</p>
  <p time="569600" is_ac="true">uh i don't know maybe on the possibility</p>
  <p time="572160" is_ac="true">it could have fallen out of my own head</p>
  <p time="573360" is_ac="true">but i didn't look like my hair</p>
  <p time="574959" is_ac="true">so uh yeah the food though does taste</p>
  <p time="577279" is_ac="true">all right the rice tastes like it was</p>
  <p time="579600" is_ac="true">from 11 12 o'clock lunch hour we're here</p>
  <p time="582160" is_ac="true">at four o'clock</p>
  <p time="583040" is_ac="true">so it does taste a little old</p>
  <p time="586080" is_ac="true">but other than that i mean the swordfish</p>
  <p time="587760" is_ac="true">is really good it smells very fishy</p>
  <p time="590000" is_ac="true">but it is fish so i remember in the</p>
  <p time="592160" is_ac="true">episode they did say like they were</p>
  <p time="594000" is_ac="true">smelling it smell rancid like a lot of</p>
  <p time="595600" is_ac="true">the old stuff that they did</p>
  <p time="596880" is_ac="true">what i've just experienced with my</p>
  <p time="599040" is_ac="true">family</p>
  <p time="599920" is_ac="true">has been shocking it was like reheated</p>
  <p time="602399" is_ac="true">slop</p>
  <p time="602959" is_ac="true">this place is known for like saving old</p>
  <p time="604880" is_ac="true">stuff and i mean mine didn't taste like</p>
  <p time="607040" is_ac="true">it was old</p>
  <p time="608000" is_ac="true">but that was just something that they</p>
  <p time="609200" is_ac="true">did talk about in the end i got a</p>
  <p time="610720" is_ac="true">carnosaur plate</p>
  <p time="611760" is_ac="true">pretty much your typical steak i asked</p>
  <p time="613839" is_ac="true">them how to cook whatever they recommend</p>
  <p time="615600" is_ac="true">so they said medium</p>
  <p time="616880" is_ac="true">rice beans got sour cream and avocado</p>
  <p time="619440" is_ac="true">and i got a chili rail on the side so</p>
  <p time="622000" is_ac="true">let's give it a go you know just like</p>
  <p time="624160" is_ac="true">look at it like</p>
  <p time="625040" is_ac="true">it feels very dense and dry like</p>
  <p time="628240" is_ac="true">like like look at it it doesn't like</p>
  <p time="630000" is_ac="true">have juice in it is really pink it's a</p>
  <p time="632640" is_ac="true">meat it's medium so it's definitely</p>
  <p time="634240" is_ac="true">under a little let's see how it tastes</p>
  <p time="640530" is_ac="true">[Music]</p>
  <p time="641920" is_ac="true">it's so dry if a white guy said hey i'm</p>
  <p time="645120" is_ac="true">barbecuing garnier salad come over</p>
  <p time="647120" is_ac="true">it's gonna be really good man this is</p>
  <p time="648959" is_ac="true">what it would taste like</p>
  <p time="650480" is_ac="true">they would have gone to ralph's to buy</p>
  <p time="652240" is_ac="true">their steak and this is</p>
  <p time="653600" is_ac="true">how they would have made it i think the</p>
  <p time="654720" is_ac="true">best part of this meal was this pickled</p>
  <p time="656720" is_ac="true">like</p>
  <p time="657040" is_ac="true">poblano chili this was the best thing i</p>
  <p time="659760" is_ac="true">don't think you need much to</p>
  <p time="660959" is_ac="true">make that you know what i mean you kind</p>
  <p time="662320" is_ac="true">of just throw that on the grill so yeah</p>
  <p time="664000" is_ac="true">this was the best part my mom tasted a</p>
  <p time="666160" is_ac="true">little bit of jake's and literally said</p>
  <p time="667600" is_ac="true">she almost choked on it because it was</p>
  <p time="669200" is_ac="true">that dry</p>
  <p time="670320" is_ac="true">one thing i have to say is that i think</p>
  <p time="672160" is_ac="true">if i ever return here i haven't been</p>
  <p time="673680" is_ac="true">here</p>
  <p time="674240" is_ac="true">in a while would be just for the bar i</p>
  <p time="676240" is_ac="true">guess have like some chips and bean dip</p>
  <p time="678399" is_ac="true">and margarita they're known for their</p>
  <p time="680000" is_ac="true">margaritas they're supposed to be really</p>
  <p time="681360" is_ac="true">good they have like every flavor</p>
  <p time="683040" is_ac="true">that's about it so the check is here</p>
  <p time="685519" is_ac="true">let's see how much we are helping them</p>
  <p time="687440" is_ac="true">get out of their 400 000</p>
  <p time="688959" is_ac="true">debt shall we</p>
  <p time="692399" is_ac="true">what the frick this is expensive yo so</p>
  <p time="694800" is_ac="true">what we came here for</p>
  <p time="695920" is_ac="true">everything we got 70 and we had hair in</p>
  <p time="699040" is_ac="true">our food we had cold food we had</p>
  <p time="700880" is_ac="true">not right meat like that's i mean i'm</p>
  <p time="703519" is_ac="true">we're gonna pay for it i'm gonna go</p>
  <p time="704640" is_ac="true">playing we ate the food but</p>
  <p time="706000" is_ac="true">the medela pitcher was 15 bucks shrimp</p>
  <p time="707920" is_ac="true">ceviche at 13. carne asada was 19.</p>
  <p time="710480" is_ac="true">and then the mango salsa surface was 19.</p>
  <p time="712959" is_ac="true">this is a business they're here to make</p>
  <p time="714480" is_ac="true">money</p>
  <p time="714959" is_ac="true">it's just i wish they would like take</p>
  <p time="716639" is_ac="true">more pride and serve</p>
  <p time="719040" is_ac="true">food that's better you have to enjoy</p>
  <p time="721360" is_ac="true">what you're making</p>
  <p time="722480" is_ac="true">i don't think this place enjoys what</p>
  <p time="724000" is_ac="true">they make i think even in the episode</p>
  <p time="726000" is_ac="true">like it didn't seem like the guy really</p>
  <p time="727600" is_ac="true">wanted to do that the kids that work</p>
  <p time="729040" is_ac="true">here they didn't want to do this either</p>
  <p time="730639" is_ac="true">and you can tell like when we've gone to</p>
  <p time="732160" is_ac="true">these little mom-and-pop shops that are</p>
  <p time="733680" is_ac="true">like</p>
  <p time="734079" is_ac="true">in the middle of nowhere or in a parking</p>
  <p time="735839" is_ac="true">lot and we had those burritos like you</p>
  <p time="737360" is_ac="true">could taste that they really care and</p>
  <p time="738880" is_ac="true">they want to make the best food possible</p>
  <p time="741279" is_ac="true">this place just doesn't follow those</p>
  <p time="742800" is_ac="true">standards at all so what i do want to do</p>
  <p time="744720" is_ac="true">though is i want to get out of here and</p>
  <p time="746000" is_ac="true">i want to read some of the reviews and</p>
  <p time="747440" is_ac="true">see like of the recent reviews and see</p>
  <p time="749279" is_ac="true">if people have maybe changed their mind</p>
  <p time="750639" is_ac="true">about the place or if they're the same</p>
  <p time="752000" is_ac="true">so</p>
  <p time="752320" is_ac="true">let's go check that out when we get back</p>
  <p time="753600" is_ac="true">home okay so we're back home we just ate</p>
  <p time="755839" is_ac="true">the place</p>
  <p time="756480" is_ac="true">it's been like an hour since we ate and</p>
  <p time="758399" is_ac="true">i feel oh i feel all right not</p>
  <p time="760240" is_ac="true">bad nothing bad like that we are going</p>
  <p time="762320" is_ac="true">to jump on their yelp their yelp does</p>
  <p time="763760" is_ac="true">have three stars with 1400 reviews which</p>
  <p time="765920" is_ac="true">is a lot of reviews to only have three</p>
  <p time="767600" is_ac="true">stars we're gonna look at their newest</p>
  <p time="769200" is_ac="true">review</p>
  <p time="769680" is_ac="true">since the place has been revamped and</p>
  <p time="771360" is_ac="true">let's see what the people are saying now</p>
  <p time="773040" is_ac="true">that the food has been revamped</p>
  <p time="774560" is_ac="true">drinks were good and reasonable price</p>
  <p time="775760" is_ac="true">but the food was not so great it tastes</p>
  <p time="777519" is_ac="true">like microwaved food</p>
  <p time="779839" is_ac="true">we have to agree with that but they are</p>
  <p time="781760" is_ac="true">trying to change because here is someone</p>
  <p time="783839" is_ac="true">that you know responded</p>
  <p time="785120" is_ac="true">from the restaurant and it looks like</p>
  <p time="786720" is_ac="true">it's the guy from the video it is</p>
  <p time="788880" is_ac="true">it's the owner it's the owner he replied</p>
  <p time="791120" is_ac="true">and said happy you like the drinks you</p>
  <p time="792800" is_ac="true">were sort of seeing the thought that the</p>
  <p time="794000" is_ac="true">food wasn't great is disappointing it</p>
  <p time="795360" is_ac="true">definitely is not microwave so i'm sorry</p>
  <p time="797120" is_ac="true">it didn't have that great fresh flavor</p>
  <p time="798800" is_ac="true">it should have i'd love to see you back</p>
  <p time="800480" is_ac="true">soon so we can make it up for this trip</p>
  <p time="802160" is_ac="true">and uh what i'm getting off of this</p>
  <p time="803600" is_ac="true">quick overview if you guys have seen the</p>
  <p time="805279" is_ac="true">gordon</p>
  <p time="805839" is_ac="true">ramsay episode essentially this guy</p>
  <p time="807839" is_ac="true">doesn't ever like to take</p>
  <p time="809279" is_ac="true">fault you know what i mean he's always</p>
  <p time="810639" is_ac="true">like no no no no and</p>
  <p time="812399" is_ac="true">i mean right here again it says it's</p>
  <p time="813839" is_ac="true">definitely not migrated like he always</p>
  <p time="815040" is_ac="true">has to defend himself</p>
  <p time="816240" is_ac="true">right and then we got two three in a row</p>
  <p time="819600" is_ac="true">that are now one stars so here we go</p>
  <p time="822079" is_ac="true">this is last month too</p>
  <p time="823360" is_ac="true">this was literally last month a couple</p>
  <p time="824720" is_ac="true">days ago 7 20 10 days ago 10 days ago</p>
  <p time="827199" is_ac="true">aside from the excessive amount of</p>
  <p time="828560" is_ac="true">overly drunk obnoxious people getting</p>
  <p time="830240" is_ac="true">plastered all over the place it</p>
  <p time="831440" is_ac="true">resembles a dark poorly lit</p>
  <p time="832880" is_ac="true">cave where you drink your sorrows or</p>
  <p time="834480" is_ac="true">pre-game a friday night don't order</p>
  <p time="836079" is_ac="true">drinks</p>
  <p time="836639" is_ac="true">off the specialist you'll be surprised</p>
  <p time="838480" is_ac="true">they don't know how to make mojitos</p>
  <p time="840320" is_ac="true">then getting ignored for 30 to 45</p>
  <p time="842320" is_ac="true">minutes by our waiter who was too busy</p>
  <p time="843920" is_ac="true">topping off the drunk slobs hackling in</p>
  <p time="845839" is_ac="true">the booth next to us</p>
  <p time="846959" is_ac="true">we eventually got our questionable food</p>
  <p time="848800" is_ac="true">slop just to say it's a good thing you</p>
  <p time="850880" is_ac="true">can't see very well in there</p>
  <p time="852560" is_ac="true">so it seems like they they're just like</p>
  <p time="854480" is_ac="true">kind of oblivious because when we went</p>
  <p time="856000" is_ac="true">there they took a long time to get us</p>
  <p time="857519" is_ac="true">our beer which we first ordered</p>
  <p time="859279" is_ac="true">which means the guys that were probably</p>
  <p time="861120" is_ac="true">serving us were in the bar room</p>
  <p time="862800" is_ac="true">serving all those people and not really</p>
  <p time="864320" is_ac="true">paying attention because the bar was</p>
  <p time="865839" is_ac="true">very busy so i feel like</p>
  <p time="867519" is_ac="true">the server it wasn't our server's fault</p>
  <p time="869199" is_ac="true">because he ordered it and he has to wait</p>
  <p time="871440" is_ac="true">till the bartender</p>
  <p time="872560" is_ac="true">serves it that's true so overall i</p>
  <p time="874720" is_ac="true">thought the service was good like</p>
  <p time="876240" is_ac="true">the girl brought us our chips yes we</p>
  <p time="878000" is_ac="true">didn't have to ask that so that's sure</p>
  <p time="879920" is_ac="true">you know what i think we should do i</p>
  <p time="881199" is_ac="true">think we should scroll back to when that</p>
  <p time="882880" is_ac="true">episode aired and see if there's any</p>
  <p time="884880" is_ac="true">like</p>
  <p time="885199" is_ac="true">correlation to the food being very good</p>
  <p time="887120" is_ac="true">in the beginning and then going downhill</p>
  <p time="889040" is_ac="true">again you know what i mean</p>
  <p time="889920" is_ac="true">oh here we go here's one about the show</p>
  <p time="891199" is_ac="true">okay okay here we go one star after the</p>
  <p time="892880" is_ac="true">show</p>
  <p time="893680" is_ac="true">i really wanted to give this place a</p>
  <p time="895040" is_ac="true">second chance after the show i went out</p>
  <p time="897120" is_ac="true">for dinner with my mom we ordered the</p>
  <p time="898639" is_ac="true">fajitas we both ended up with stomach</p>
  <p time="900639" is_ac="true">issues and were diagnosed with food</p>
  <p time="902639" is_ac="true">poisoning</p>
  <p time="903600" is_ac="true">i grew up coming here and will keep this</p>
  <p time="905519" is_ac="true">place as a childhood memory and never</p>
  <p time="907360" is_ac="true">return</p>
  <p time="908000" is_ac="true">it was not worth the next few days of</p>
  <p time="909600" is_ac="true">stomach cramps damn</p>
  <p time="911760" is_ac="true">like literally gordon ramsay gave these</p>
  <p time="914000" is_ac="true">people everything and they still</p>
  <p time="915600" is_ac="true">couldn't do it</p>
  <p time="916240" is_ac="true">i mean just scrolling through here i</p>
  <p time="918480" is_ac="true">just i see a lot of one and two stars</p>
  <p time="920720" is_ac="true">i don't understand how the health</p>
  <p time="922320" is_ac="true">department didn't like close them down</p>
  <p time="924320" is_ac="true">earlier though with the way the food was</p>
  <p time="926560" is_ac="true">on that show it showed i mean the food</p>
  <p time="928320" is_ac="true">was</p>
  <p time="928639" is_ac="true">rotten it was disgusting yeah it was</p>
  <p time="930399" is_ac="true">gross it was slimy</p>
  <p time="931759" is_ac="true">like how did the health department how</p>
  <p time="933440" is_ac="true">did they get through so many</p>
  <p time="935519" is_ac="true">years of serving stuff like that it</p>
  <p time="937440" is_ac="true">could have been like a non-popular</p>
  <p time="938800" is_ac="true">restaurant that people like</p>
  <p time="940560" is_ac="true">don't get checked up on because to be</p>
  <p time="942079" is_ac="true">honest well to be honest</p>
  <p time="943839" is_ac="true">i didn't see a health sign around any of</p>
  <p time="945360" is_ac="true">this and i walked around the building</p>
  <p time="946639" is_ac="true">getting shots</p>
  <p time="947279" is_ac="true">there was no health there was no abc</p>
  <p time="949360" is_ac="true">there was no health sign i looked for it</p>
  <p time="950800" is_ac="true">too</p>
  <p time="951120" is_ac="true">all i have to say if anybody wants to</p>
  <p time="952959" is_ac="true">try the restaurant</p>
  <p time="954240" is_ac="true">sit in the lit room because we found how</p>
  <p time="956800" is_ac="true">many we found</p>
  <p time="957839" is_ac="true">three hairs in two different meals and</p>
  <p time="960079" is_ac="true">two different meals</p>
  <p time="961120" is_ac="true">i dissected mine as best as i could i</p>
  <p time="963120" is_ac="true">didn't find anything i mean the food was</p>
  <p time="964639" is_ac="true">uh you know and no stomachache so that's</p>
  <p time="967199" is_ac="true">good but with that being said</p>
  <p time="969120" is_ac="true">i just don't feel personally that this</p>
  <p time="971680" is_ac="true">restaurant cleaned up their act i think</p>
  <p time="973279" is_ac="true">everything that happened in this</p>
  <p time="974480" is_ac="true">restaurant was for the tv show</p>
  <p time="976720" is_ac="true">nothing else really happened the food</p>
  <p time="978399" is_ac="true">like yeah it got nicer looking</p>
  <p time="980399" is_ac="true">yeah but it didn't get nicer tasting and</p>
  <p time="982720" is_ac="true">that's kind of a letdown especially with</p>
  <p time="984399" is_ac="true">gordon ramsay a celebrity chef coming</p>
  <p time="985839" is_ac="true">through and</p>
  <p time="986320" is_ac="true">teaching you how to run a restaurant you</p>
  <p time="987680" is_ac="true">still can't do it right but if you want</p>
  <p time="989120" is_ac="true">to see us do this more</p>
  <p time="990079" is_ac="true">to more gordon ramsay reviewed</p>
  <p time="991360" is_ac="true">restaurants and let you guys know is it</p>
  <p time="992560" is_ac="true">was it just for the tv show</p>
  <p time="993920" is_ac="true">or is it actually improved let us know</p>
  <p time="995920" is_ac="true">in the comments below smash the thumbs</p>
  <p time="997279" is_ac="true">up so we can do this join our patreon we</p>
  <p time="998800" is_ac="true">have a lot of cool exclusive access to</p>
  <p time="1001199" is_ac="true">super exclusive posts on there that you</p>
  <p time="1003120" is_ac="true">guys can get by just joining the patreon</p>
  <p time="1004800" is_ac="true">patreon.com taylor</p>
  <p time="1006160" is_ac="true">there's also tons of other tiers that</p>
  <p time="1007360" is_ac="true">you guys can look at at</p>
  <p time="1009839" is_ac="true">brandontaylor you get some free merch if</p>
  <p time="1011759" is_ac="true">you join so make sure you join</p>
  <p time="1013279" is_ac="true">and we will see you guys later oh wait</p>
  <p time="1015600" is_ac="true">and you can go to brandontaylor.com to</p>
  <p time="1017360" is_ac="true">get some of the new merch</p>
  <p time="1018720" is_ac="true">something like this go get some brendon</p>
  <p time="1020480" is_ac="true">taylor.com here's some old</p>
  <p time="1022000" is_ac="true">and there's old merch look at us awesome</p>
  <p time="1023279" is_ac="true">all right see you guys later peace out</p>
  <p time="1027919" is_ac="true">make sure you guys check out yesterday's</p>
  <p time="1029360" is_ac="true">video and also make sure you hit that</p>
  <p time="1030799" is_ac="true">subscribe button right now and turn on</p>
  <p time="1032480" is_ac="true">post notifications so you never miss a</p>
  <p time="1033919" is_ac="true">post follow me on my other social medias</p>
  <p time="1035520" is_ac="true">and i'll see you guys tomorrow peace out</p>
</text>
