<?xml version='1.0' encoding='UTF-8'?>
<text date_d="3" date_m="2" date_y="2024" format="srv3" age_limit="0" comment_count="679" description="I ate my way through Korean traditional markets only eating the best korean street food in Seoul. I went to shinchang market located in north east of seoul and gwangjang market. I recommend you go check out shinchang market when you're in Seoul because it's not crowded and you'll be able to get a taste for local street delights. Gwangjang market is also definitely a place you need to go visit, but the real tip is to go later at night to avoid the crowds and enjoy the ~real vibes~&#10;&#10;Here are the list of places I went to &#10;📍신창시장 Shinchang Sijang&#10;서울 도봉구 창2동 창2동 581&#10;&#10;📍 씨앗호떡 Ssiat Hotteuk &#10;서울 도봉구 덕릉로 238 명금당&#10;&#10;📍 신창튀김 Sinchang Tweegim &#10;(Walk inside the market and on your right)&#10;&#10;📍소문난 순대국 Somoonnan Soondaegook&#10;574-28 Dobong-dong, Dobong-gu, Seoul&#10;&#10;📍창동 할머니 토스트 Changdong Halmoni Toast &#10;15 Deongneung-ro 60da-gil, Dobong-gu, Seoul&#10;&#10;📍신송 분식 Shinsong Bunsik&#10;Seoul, Dobong-gu, 창제2동 581-75 1층&#10;&#10;📍Gyeran Bbang / Corn / Sweet Potato &#10;(Walk further inside the market on your left)&#10;&#10;📍대전곱창 Daejun Gopchang&#10;서울 종로구 종로38길 8&#10;&#10;📍Buchon Yukhoe&#10;200-12 종로, Jongno-gu, Seoul&#10;&#10;📍해동이네 &#10;138-31 종로5.6가동 Jongno-gu, Seoul&#10;OR East Cart #42 Haedong's inside Gwangjang Market &#10;&#10;📍광장시장 찹쌀꽈배기 &#10;Seoul, Jongno-gu, Jongno 4(sa)-ga, 188 105호&#10;&#10;Instagram @doobydobap  &#10;Join my discord! 😈&#10;https://discord.gg/doobyverse&#10;www.doobydobap.com for recipes &amp; stories" fulltitle="Eating the BEST KOREAN STREET FOOD in SEOUL" like_count="33716" location="na" playlist_title="na" release_date="na" upload_date="20240203" repost_count="na" tags="vlog; foodie; korean; korea; street food; korean street food; gwangjang market; tteokbokki; korean fried chicken; local; seoul; where to eat in seoul; what i eat in a day; what i ate for lunch in korea; school; traditional markets; documentary; mark wiens; mukbang; food vlogs; travel; japan; markets; where to go in seoul; what to do in seoul; seoul itinerary; authentic; korean street food best; best; best ever food review show; anthony bourdaine; " title="Eating the BEST KOREAN STREET FOOD in SEOUL" uploader="Doobydobap" view_count="1310346" webpage_url="https://www.youtube.com/watch?v=zPuLGkluoTY" autocaption="true">
  <p time="40" is_ac="true">[Music]</p>
  <p time="2760" is_ac="true">my favorite place on Earth traditional</p>
  <p time="4520" is_ac="true">markets and for 24 hours we are going to</p>
  <p time="8280" is_ac="true">eat our way through it showing you the</p>
  <p time="10519" is_ac="true">best Korean street food that you'll ever</p>
  <p time="12559" is_ac="true">find trust me on this I do this as my</p>
  <p time="16080" is_ac="true">job I did it again who told you that I</p>
  <p time="18760" is_ac="true">was finished fresh off the plane with a</p>
  <p time="20760" is_ac="true">new Manny Betty my hair stay late and</p>
  <p time="23080" is_ac="true">you know I get pid1</p>
  <p time="25679" is_ac="true">Bill give me cash I'm going to blow all</p>
  <p time="28679" is_ac="true">this okay I'm I'm want to start with the</p>
  <p time="30439" is_ac="true">hot do so what I really like about this</p>
  <p time="32559" is_ac="true">place is that they use a corn infused</p>
  <p time="34680" is_ac="true">dough so that's why it gets that kind of</p>
  <p time="36920" is_ac="true">like yellow Sheen so you can get two</p>
  <p time="38840" is_ac="true">flavors you can get either Savory or</p>
  <p time="40640" is_ac="true">sweet and the Savory version has chap</p>
  <p time="43120" is_ac="true">which is the Korean glass noodle filling</p>
  <p time="45760" is_ac="true">and then the other one the sweet one is</p>
  <p time="48079" is_ac="true">um cinnamon sugar and nut mix and it's</p>
  <p time="51719" is_ac="true">so good Kevin said that it's his</p>
  <p time="53600" is_ac="true">favorite dessert like ever and I think</p>
  <p time="55640" is_ac="true">it's one of my favorite desserts ever</p>
  <p time="58920" is_ac="true">too</p>
  <p time="62660" is_ac="true">[Music]</p>
  <p time="65560" is_ac="true">this one's the Savory one this is the</p>
  <p time="67240" is_ac="true">chap duck and this is the regular hook</p>
  <p time="69479" is_ac="true">duck look how beautiful and crispy and</p>
  <p time="72040" is_ac="true">yellow and golden it is it's pretty this</p>
  <p time="74479" is_ac="true">is the dessert that you have to try when</p>
  <p time="76799" is_ac="true">you come to Korea look at how flaky it</p>
  <p time="78520" is_ac="true">is it's actually like beautifully</p>
  <p time="80840" is_ac="true">caramelized it's like puffy as soon as</p>
  <p time="83040" is_ac="true">it like hits that oil it kind of like</p>
  <p time="85040" is_ac="true">puffs up and then you kind of press it</p>
  <p time="87040" is_ac="true">down like your childhood trauma it's</p>
  <p time="89479" is_ac="true">like it's salty and sweet it kind of has</p>
  <p time="92200" is_ac="true">like almost like a Teriyaki flavor these</p>
  <p time="94600" is_ac="true">are glass noodles and they're made with</p>
  <p time="96040" is_ac="true">sweet potato starch and what they're</p>
  <p time="97520" is_ac="true">really good at doing is just absorbing</p>
  <p time="99880" is_ac="true">juice and it makes the hook duck really</p>
  <p time="102200" is_ac="true">moist and flavorful there's like onions</p>
  <p time="104280" is_ac="true">there's carrots there's Chinese chives</p>
  <p time="106439" is_ac="true">and look how the dough is just so light</p>
  <p time="109040" is_ac="true">and Flaky and</p>
  <p time="111600" is_ac="true">fluffy I'm going to try the sweet</p>
  <p time="113320" is_ac="true">version where is</p>
  <p time="117759" is_ac="true">it also super crispy and and you can see</p>
  <p time="120399" is_ac="true">kind of like the Sesame that's like</p>
  <p time="121880" is_ac="true">embedded in the dough I'm expecting a</p>
  <p time="124439" is_ac="true">burst of brown sugar and nuts to explode</p>
  <p time="127880" is_ac="true">in my</p>
  <p time="134120" is_ac="true">mouth M super crispy a punch of cinnamon</p>
  <p time="139319" is_ac="true">brown sugar sunflower seeds black sesame</p>
  <p time="142840" is_ac="true">seeds you know I'm kind of sad that I'm</p>
  <p time="144920" is_ac="true">on gatekeeping this place because this</p>
  <p time="147280" is_ac="true">is kind of like my spot and it's like a</p>
  <p time="149480" is_ac="true">perfect perfect dut perfect</p>
  <p time="152879" is_ac="true">dut it has the crispiness of a waffle</p>
  <p time="155519" is_ac="true">but the softness of like a pancake or a</p>
  <p time="158519" is_ac="true">woman's</p>
  <p time="162519" is_ac="true">touch now that we had something sweet</p>
  <p time="165239" is_ac="true">I'm in the mood to get something more</p>
  <p time="167680" is_ac="true">Savory this is dried</p>
  <p time="169760" is_ac="true">squid this is corn cakes and then this</p>
  <p time="172319" is_ac="true">is like mugw cake also those temp look</p>
  <p time="176040" is_ac="true">so</p>
  <p time="177319" is_ac="true">good so the thing with like cre Korean</p>
  <p time="180200" is_ac="true">fried food is that we are the nation of</p>
  <p time="182239" is_ac="true">double frying like anything other than</p>
  <p time="184400" is_ac="true">pastries is like always double fried one</p>
  <p time="187159" is_ac="true">it's like actually time effective like</p>
  <p time="189159" is_ac="true">you can fry in advance and just like</p>
  <p time="191080" is_ac="true">heat it up and it's like crispier and</p>
  <p time="192879" is_ac="true">better so it's like smart and time</p>
  <p time="195200" is_ac="true">effective so I just asked for like $5</p>
  <p time="198200" is_ac="true">worth of fried food and this is how much</p>
  <p time="200560" is_ac="true">he gave you know what makes me happy</p>
  <p time="202799" is_ac="true">when like oil seeps out of paper this is</p>
  <p time="206959" is_ac="true">when my heart starts beating</p>
  <p time="210200" is_ac="true">ASMR</p>
  <p time="212120" is_ac="true">time I don't have the long acrylics to</p>
  <p time="214400" is_ac="true">do it though wow it's hard to get the</p>
  <p time="216480" is_ac="true">veggie temper right because you can't</p>
  <p time="218680" is_ac="true">have too much dough or else it becomes</p>
  <p time="220640" is_ac="true">too doughy and it's not crispy so</p>
  <p time="222599" is_ac="true">there's like onion there's sweet potato</p>
  <p time="224439" is_ac="true">carrots and a little bit of perilla as</p>
  <p time="227080" is_ac="true">well crispy sweet imagine just like</p>
  <p time="231159" is_ac="true">stuffing sweet potato fries and onion</p>
  <p time="233560" is_ac="true">fries all in one bite okay so this is a</p>
  <p time="236760" is_ac="true">squid M it's not fresh squid it's</p>
  <p time="240120" is_ac="true">actually dried squid that they</p>
  <p time="241920" is_ac="true">rehydrated we love chewy food in Korea</p>
  <p time="245560" is_ac="true">but I prefer like Italian style Camari</p>
  <p time="248680" is_ac="true">just for this onewe shm shrimp well</p>
  <p time="251879" is_ac="true">shrimp is good shrimp is really good</p>
  <p time="254200" is_ac="true">very sweet juicy and tender the pepper</p>
  <p time="256720" is_ac="true">this is what I'm talking about so this</p>
  <p time="259280" is_ac="true">is K it's a stuffed</p>
  <p time="262240" is_ac="true">pepper so inside is also stuffed with</p>
  <p time="264639" is_ac="true">glass noodles it's good but I think I</p>
  <p time="266759" is_ac="true">would have preferred like a meteor or</p>
  <p time="268960" is_ac="true">like a tofu feeling for sure well I</p>
  <p time="270680" is_ac="true">don't know which one this is long and</p>
  <p time="272080" is_ac="true">skinny though so me</p>
  <p time="274840" is_ac="true">likey M it's strey the imitation crab</p>
  <p time="278639" is_ac="true">meat actually really good too sweet</p>
  <p time="280960" is_ac="true">potato fried sweet potato what I like</p>
  <p time="282720" is_ac="true">about this is that kind of chokes</p>
  <p time="286120" is_ac="true">you uhhuh</p>
  <p time="289240" is_ac="true">honey it's like the same throat feel as</p>
  <p time="292560" is_ac="true">peanut butter sandwich it's kind of like</p>
  <p time="294400" is_ac="true">it hurts but in a good way this is</p>
  <p time="296280" is_ac="true">kimari and we love to dip it into toi</p>
  <p time="298479" is_ac="true">sauce but look at how beautiful this fry</p>
  <p time="300479" is_ac="true">is like a good fry looks like it has</p>
  <p time="303000" is_ac="true">eczema M it's like crunchy but also</p>
  <p time="306400" is_ac="true">spongy inside very yummy my favorite out</p>
  <p time="309160" is_ac="true">of all of them definitely the tempora</p>
  <p time="311360" is_ac="true">one it's really hard to get that crispy</p>
  <p time="313560" is_ac="true">texture without it being too dense and</p>
  <p time="315680" is_ac="true">like holding together like if I lived</p>
  <p time="317560" is_ac="true">around in this area I would buy just</p>
  <p time="319360" is_ac="true">like a bunch of tempora make a little</p>
  <p time="321199" is_ac="true">like soy sauce action and just drizzle</p>
  <p time="323319" is_ac="true">it over rice and like that would be a</p>
  <p time="325160" is_ac="true">great meal of its own and this is so</p>
  <p time="326960" is_ac="true">cheap like all this like it could feed</p>
  <p time="329160" is_ac="true">like three people for</p>
  <p time="331319" is_ac="true">$5 it's my</p>
  <p time="340319" is_ac="true">clutch that's a whole baby and she's</p>
  <p time="343000" is_ac="true">doing it without hands too it's really</p>
  <p time="346000" is_ac="true">cold and my hands and my feet my flanges</p>
  <p time="349120" is_ac="true">are freezing so let's go eat</p>
  <p time="358479" is_ac="true">some</p>
  <p time="366910" is_ac="true">[Music]</p>
  <p time="386570" is_ac="true">[Music]</p>
  <p time="388240" is_ac="true">yeah this is Korean facial 101 this is</p>
  <p time="392000" is_ac="true">how we retain good skin it's hot broth</p>
  <p time="396400" is_ac="true">opens up your</p>
  <p time="397720" is_ac="true">pores okay we have ch which is pig</p>
  <p time="401280" is_ac="true">Trotters we have takar which is boneless</p>
  <p time="404840" is_ac="true">chicken feet and we</p>
  <p time="408240" is_ac="true">have which is pork intestine soup this</p>
  <p time="411400" is_ac="true">is the</p>
  <p time="415130" is_ac="true">[Music]</p>
  <p time="418400" is_ac="true">soup</p>
  <p time="422800" is_ac="true">you want to adjust the saltiness to your</p>
  <p time="425720" is_ac="true">level I am definitely going to add a</p>
  <p time="427759" is_ac="true">little bit of fermented shrimp sauce a</p>
  <p time="430479" is_ac="true">little bit of kukaru in as well Korean</p>
  <p time="432360" is_ac="true">red pepper flake I'm just start with a</p>
  <p time="434319" is_ac="true">little</p>
  <p time="442680" is_ac="true">bit we also have to put Garlic</p>
  <p time="448319" is_ac="true">in</p>
  <p time="461080" is_ac="true">oh</p>
  <p time="463759" is_ac="true">my more</p>
  <p time="465919" is_ac="true">garlic you want to put the rice in right</p>
  <p time="469000" is_ac="true">you want to shake it to release it from</p>
  <p time="471599" is_ac="true">its</p>
  <p time="472479" is_ac="true">cages like</p>
  <p time="473900" is_ac="true">[Music]</p>
  <p time="475039" is_ac="true">this and you can also do something like</p>
  <p time="477440" is_ac="true">this oh</p>
  <p time="483759" is_ac="true">nothing happened</p>
  <p time="486000" is_ac="true">nothing this is called cook pop c means</p>
  <p time="489120" is_ac="true">soup and then pop means rice right and</p>
  <p time="492759" is_ac="true">the pot that they serve it in is a earth</p>
  <p time="495800" is_ac="true">andwar stone pot and it's really thick</p>
  <p time="498400" is_ac="true">so it retains heat for a very long time</p>
  <p time="501360" is_ac="true">so that the soup stays warm like</p>
  <p time="508240" is_ac="true">this</p>
  <p time="515279" is_ac="true">some of</p>
  <p time="516479" is_ac="true">this</p>
  <p time="524120" is_ac="true">in this dish is actually really</p>
  <p time="526440" is_ac="true">customizable so this has um something</p>
  <p time="528959" is_ac="true">called a wild Pilla powder called tiu</p>
  <p time="532240" is_ac="true">and it adds a bit of kind of like earthy</p>
  <p time="534800" is_ac="true">tones to the C like that</p>
  <p time="541640" is_ac="true">beautiful and you can see all the</p>
  <p time="544200" is_ac="true">corilla seed powder rising to the top</p>
  <p time="546399" is_ac="true">think of is kind of like a blank canvas</p>
  <p time="549959" is_ac="true">and you start layering and adding things</p>
  <p time="552279" is_ac="true">to what you like and you can really</p>
  <p time="557640" is_ac="true">cut and this</p>
  <p time="562160" is_ac="true">is and that's the same green pepper</p>
  <p time="565360" is_ac="true">that's</p>
  <p time="568120" is_ac="true">just is Ultimate wintertime food okay</p>
  <p time="571760" is_ac="true">let's take a bite oh this is a big</p>
  <p time="582920" is_ac="true">[Music]</p>
  <p time="595079" is_ac="true">boy so this is takar It's boneless</p>
  <p time="598480" is_ac="true">chicken feet</p>
  <p time="600480" is_ac="true">I much prefer this to bone in because</p>
  <p time="603519" is_ac="true">it's just so much easier to</p>
  <p time="612279" is_ac="true">eat spicy and it's all in the texture</p>
  <p time="616079" is_ac="true">she grilled it over the charcoal fire</p>
  <p time="618440" is_ac="true">because it kind of makes the skin even</p>
  <p time="620000" is_ac="true">more taut and has that like really nice</p>
  <p time="622360" is_ac="true">smokiness from the sauce I</p>
  <p time="626079" is_ac="true">want that's hilarious Mini so it's a</p>
  <p time="630079" is_ac="true">smaller Pig troter I like the smaller</p>
  <p time="632480" is_ac="true">ones because smaller means there's more</p>
  <p time="635200" is_ac="true">surface</p>
  <p time="636399" is_ac="true">area and the reason why you eat pig</p>
  <p time="639519" is_ac="true">troter is all for that collagen outside</p>
  <p time="642959" is_ac="true">and you need to use your hands for this</p>
  <p time="645160" is_ac="true">one it's chewy and salty and fatty and</p>
  <p time="649880" is_ac="true">the beauty of it is just like</p>
  <p time="651920" is_ac="true">maneuvering through the bones finding</p>
  <p time="654440" is_ac="true">just the right amount of</p>
  <p time="658040" is_ac="true">meat</p>
  <p time="665120" is_ac="true">that broth really warmed me up and now I</p>
  <p time="667959" is_ac="true">feel so energized to keep eating more</p>
  <p time="671320" is_ac="true">this is work okay this is strictly for</p>
  <p time="673040" is_ac="true">work I don't usually eat this</p>
  <p time="676959" is_ac="true">much oh look at this so this is like a</p>
  <p time="679920" is_ac="true">panchan shop and you can kind of like</p>
  <p time="682240" is_ac="true">pick and choose all these like Korean</p>
  <p time="683959" is_ac="true">side dishes which is really nice so a</p>
  <p time="685800" is_ac="true">lot of people who live alone they would</p>
  <p time="687600" is_ac="true">come to these punchan shops and just buy</p>
  <p time="689760" is_ac="true">a couple side dishes this for real is</p>
  <p time="691800" is_ac="true">how like korean's meal prep oh and look</p>
  <p time="693560" is_ac="true">at how pretty that egg is</p>
  <p time="698880" is_ac="true">[Music]</p>
  <p time="701720" is_ac="true">too they're making freshly pressed</p>
  <p time="704560" is_ac="true">sesame oil which is super cool to see</p>
  <p time="707360" is_ac="true">it's kind of smells like a Coffee</p>
  <p time="708959" is_ac="true">Roastery almost</p>
  <p time="712320" is_ac="true">wow</p>
  <p time="714950" is_ac="true">[Music]</p>
  <p time="717959" is_ac="true">wow</p>
  <p time="730760" is_ac="true">oh they using the old um calendar to</p>
  <p time="734040" is_ac="true">wrap</p>
  <p time="746760" is_ac="true">it look at the people just</p>
  <p time="750760" is_ac="true">you meet your friends you hang out</p>
  <p time="752600" is_ac="true">strolling around what's going to be good</p>
  <p time="754120" is_ac="true">for dinner tonight and it's just fun</p>
  <p time="757320" is_ac="true">like you just don't see this much in big</p>
  <p time="759480" is_ac="true">cities anymore if you watch my shorts</p>
  <p time="761760" is_ac="true">you probably seen this because we're at</p>
  <p time="764000" is_ac="true">the infamous Hony kot toast kot</p>
  <p time="767839" is_ac="true">literally just translates to the street</p>
  <p time="770199" is_ac="true">so it means like street style toast if</p>
  <p time="772240" is_ac="true">you're Partners being a hoe male or</p>
  <p time="775600" is_ac="true">female to the kod you go is what how you</p>
  <p time="778480" is_ac="true">say it</p>
  <p time="784320" is_ac="true">[Music]</p>
  <p time="807760" is_ac="true">for</p>
  <p time="821639" is_ac="true">the layers on this is crazy you get like</p>
  <p time="824000" is_ac="true">the cheesy top the ham that's like</p>
  <p time="825880" is_ac="true">slightly roasted and the margarine The</p>
  <p time="828279" is_ac="true">Omelette with the juicy cabbage that's</p>
  <p time="830880" is_ac="true">sweet and caramelized and that kind of</p>
  <p time="832959" is_ac="true">adds as like a moisture bomb which is</p>
  <p time="834959" is_ac="true">what I love love love about this place</p>
  <p time="837959" is_ac="true">they understand that a sandwich needs</p>
  <p time="841600" is_ac="true">moisture if you don't like the word</p>
  <p time="843920" is_ac="true">moist fight me because you need to grow</p>
  <p time="850040" is_ac="true">up I said this before but I would</p>
  <p time="853399" is_ac="true">consider this a diet food because it's</p>
  <p time="855759" is_ac="true">basically a warm salad with egg which is</p>
  <p time="858480" is_ac="true">good for protein</p>
  <p time="860120" is_ac="true">so this place definitely is really</p>
  <p time="862360" is_ac="true">special though because it's um two</p>
  <p time="864880" is_ac="true">generations they started off with like a</p>
  <p time="867120" is_ac="true">really like small cart</p>
  <p time="871320" is_ac="true">so many dogs you can really feel that</p>
  <p time="873519" is_ac="true">like who is not having children because</p>
  <p time="875160" is_ac="true">it's just dogs everywhere you don't</p>
  <p time="876720" is_ac="true">really see like human babies anywhere</p>
  <p time="878959" is_ac="true">yeah but this place is really special</p>
  <p time="880360" is_ac="true">because it's like two generations it</p>
  <p time="882040" is_ac="true">started off as a little like side alley</p>
  <p time="883839" is_ac="true">cart um with this like Harmony which</p>
  <p time="885880" is_ac="true">translates to grandmother so it means</p>
  <p time="887560" is_ac="true">like grandmother toast and uh she passed</p>
  <p time="890560" is_ac="true">away so she gave the recipe to her</p>
  <p time="893000" is_ac="true">daughter-in-law who's um making it right</p>
  <p time="895040" is_ac="true">now and she's from</p>
  <p time="897680" is_ac="true">Vietnam</p>
  <p time="901920" is_ac="true">so inside there's ketchup mustard and</p>
  <p time="904600" is_ac="true">sugar I know that the sugar part is kind</p>
  <p time="907880" is_ac="true">of weird for some people but it kind of</p>
  <p time="910880" is_ac="true">tastes like sweet egg omelette like</p>
  <p time="913560" is_ac="true">almost like custardy feeling to it and</p>
  <p time="916079" is_ac="true">the cabbages add a really nice bite and</p>
  <p time="918440" is_ac="true">like texture to The Omelette making it</p>
  <p time="921000" is_ac="true">thick you know you don't want a egg</p>
  <p time="922320" is_ac="true">sandwich it's like thin and just like</p>
  <p time="925160" is_ac="true">scabby looking this is thick and moist</p>
  <p time="928360" is_ac="true">and juicy and big which makes it so like</p>
  <p time="931160" is_ac="true">appetizing also definitely a messy food</p>
  <p time="935000" is_ac="true">though do you see why I love this market</p>
  <p time="937720" is_ac="true">so much it's filled with Unique Eats and</p>
  <p time="941079" is_ac="true">kind people you can see also here that</p>
  <p time="943279" is_ac="true">this is a beloved local joint like the</p>
  <p time="945160" is_ac="true">patrons have been coming here for 10 20</p>
  <p time="947880" is_ac="true">years and it's nice to see a local eery</p>
  <p time="951880" is_ac="true">just filled with so much</p>
  <p time="957600" is_ac="true">love</p>
  <p time="959120" is_ac="true">we've only explored half of the market</p>
  <p time="960720" is_ac="true">so we're going to cross the street and</p>
  <p time="962240" is_ac="true">see what's up on the other side I feel</p>
  <p time="965360" is_ac="true">like when you visit Korea you have to</p>
  <p time="967360" is_ac="true">visit one of these markets like the</p>
  <p time="968720" is_ac="true">cafes are cute but this is where the</p>
  <p time="971440" is_ac="true">locals go</p>
  <p time="972720" is_ac="true">[Music]</p>
  <p time="977040" is_ac="true">too so much food</p>
  <p time="980440" is_ac="true">huh now that I had some egg toast I want</p>
  <p time="983560" is_ac="true">to get something spicy again so I'm</p>
  <p time="986240" is_ac="true">going to get some toi and the P place</p>
  <p time="989279" is_ac="true">here is actually really good it's quite</p>
  <p time="990839" is_ac="true">famous also they've been open for like</p>
  <p time="992519" is_ac="true">20</p>
  <p time="1001319" is_ac="true">years it must be the cold weather but I</p>
  <p time="1004120" is_ac="true">can eat and eat and</p>
  <p time="1006639" is_ac="true">eat do this to make sure there's no</p>
  <p time="1009399" is_ac="true">splinters</p>
  <p time="1010759" is_ac="true">Tui 3001 which is like</p>
  <p time="1014279" is_ac="true">$219 so the DOI here these big juicy</p>
  <p time="1019319" is_ac="true">white rice</p>
  <p time="1025079" is_ac="true">cakes it's so good it's like not too</p>
  <p time="1028600" is_ac="true">spicy either I don't know why us Asians</p>
  <p time="1031120" is_ac="true">like chewy and sticky texture but</p>
  <p time="1034079" is_ac="true">there's really just nothing like it like</p>
  <p time="1035919" is_ac="true">everything is made fresh like you have</p>
  <p time="1037319" is_ac="true">so much local produce that you can just</p>
  <p time="1039360" is_ac="true">step outside your door and can cook with</p>
  <p time="1041720" is_ac="true">like guaranteed almost everything in</p>
  <p time="1043520" is_ac="true">this market it's just so good like I</p>
  <p time="1045559" is_ac="true">haven't had an unsuccessful meal in this</p>
  <p time="1048199" is_ac="true">market market and I can also get kind of</p>
  <p time="1050000" is_ac="true">picky</p>
  <p time="1065440" is_ac="true">[Music]</p>
  <p time="1075120" is_ac="true">sometimes so I got a pum bom and Puma</p>
  <p time="1079000" is_ac="true">translates to koish and so this is our</p>
  <p time="1082039" is_ac="true">koish bread and you can get it in two</p>
  <p time="1084400" is_ac="true">flavors Sho cream or red bean</p>
  <p time="1088880" is_ac="true">filling I like to eat like tail first</p>
  <p time="1091559" is_ac="true">because it's crispier on the</p>
  <p time="1095880" is_ac="true">bottom so warm and custardy if you want</p>
  <p time="1098840" is_ac="true">to catch a Korean Opa you just start</p>
  <p time="1101400" is_ac="true">making these you'll be able to catch</p>
  <p time="1103159" is_ac="true">them like fish it's like koi fish if it</p>
  <p time="1105520" is_ac="true">got</p>
  <p time="1107320" is_ac="true">gutted</p>
  <p time="1110240" is_ac="true">good though I think our egg bread is</p>
  <p time="1112840" is_ac="true">ready right</p>
  <p time="1114960" is_ac="true">[Music]</p>
  <p time="1130840" is_ac="true">now I told him that I was going to buy</p>
  <p time="1133159" is_ac="true">all the egg bread here and he was like</p>
  <p time="1135520" is_ac="true">today's yield is this I never never knew</p>
  <p time="1139200" is_ac="true">how they made these before like I didn't</p>
  <p time="1141080" is_ac="true">know when you crack the egg you mix it</p>
  <p time="1143440" is_ac="true">and it kind of creates this like sheen</p>
  <p time="1145400" is_ac="true">on top because like some of the custard</p>
  <p time="1147039" is_ac="true">and the sugar Rises and it caramelizes</p>
  <p time="1149200" is_ac="true">and bruet oh fancy word brulee so the</p>
  <p time="1152760" is_ac="true">bottom layer is sponge cake and then the</p>
  <p time="1155200" is_ac="true">top is egg it almost smells like pastel</p>
  <p time="1158120" is_ac="true">donada like one of those like Portuguese</p>
  <p time="1159880" is_ac="true">egg Tarts mixed with like the sweet</p>
  <p time="1162280" is_ac="true">custard bread on the bottom and the</p>
  <p time="1164120" is_ac="true">salty egg it has that like weird in</p>
  <p time="1166440" is_ac="true">between of sweet and savory but works</p>
  <p time="1169000" is_ac="true">and has this like roasted flavor this is</p>
  <p time="1175240" is_ac="true">delicious oh yeah those are</p>
  <p time="1179190" is_ac="true">[Music]</p>
  <p time="1190919" is_ac="true">animal what's different about Korean</p>
  <p time="1193120" is_ac="true">corn versus like American corn is that</p>
  <p time="1195520" is_ac="true">these corn it's not like sweet corn</p>
  <p time="1197400" is_ac="true">where it's sweet it's more starchy and</p>
  <p time="1199600" is_ac="true">gluttonous and it also has a chewy</p>
  <p time="1202280" is_ac="true">texture chewy and sticky almost it</p>
  <p time="1206000" is_ac="true">almost tastes like creamed corn</p>
  <p time="1208480" is_ac="true">texture it's good M I actually love</p>
  <p time="1212080" is_ac="true">cream</p>
  <p time="1216679" is_ac="true">corn this what Asian love looks like oh</p>
  <p time="1219600" is_ac="true">it's so</p>
  <p time="1223200" is_ac="true">hot super fluffy and you get this by</p>
  <p time="1227240" is_ac="true">like slow roasting it on like hot coals</p>
  <p time="1229840" is_ac="true">or Stones like the low roasting process</p>
  <p time="1232600" is_ac="true">really maximizes and brings out all the</p>
  <p time="1234760" is_ac="true">sugar and caramelizes the</p>
  <p time="1239159" is_ac="true">outside this just like candy you can</p>
  <p time="1241640" is_ac="true">also see some of the sugar that's like</p>
  <p time="1243360" is_ac="true">crystallized here that's what's burning</p>
  <p time="1245240" is_ac="true">my hands right</p>
  <p time="1249300" is_ac="true">[Music]</p>
  <p time="1250880" is_ac="true">now wow it's so gorgeous it's like me</p>
  <p time="1255200" is_ac="true">yellow and golden and steaming I am</p>
  <p time="1258720" is_ac="true">stuffed to the brim and now that we got</p>
  <p time="1261679" is_ac="true">all these nice goodies from him I'm</p>
  <p time="1264640" is_ac="true">going to eat the rest at home and a warm</p>
  <p time="1266919" is_ac="true">blanket before we head out for some</p>
  <p time="1285679" is_ac="true">more this is a market that's like 10 15</p>
  <p time="1288679" is_ac="true">minutes walk from kuang Jang market and</p>
  <p time="1290880" is_ac="true">it's called shinin market and this</p>
  <p time="1293000" is_ac="true">Market focuses on one thing and one</p>
  <p time="1295440" is_ac="true">thing only and that is intestines all</p>
  <p time="1298480" is_ac="true">the street has cow intestine Pig</p>
  <p time="1301559" is_ac="true">intestine and we love to stir fry it and</p>
  <p time="1304520" is_ac="true">some Kang and Karu and some garlic</p>
  <p time="1307360" is_ac="true">because why we're crean babe watch up oh</p>
  <p time="1311840" is_ac="true">messing with my audio here huh look at</p>
  <p time="1313559" is_ac="true">the vibe around this place like</p>
  <p time="1315360" is_ac="true">everyone's eating outside just slurping</p>
  <p time="1318200" is_ac="true">away some intestines it's fun this is</p>
  <p time="1320720" is_ac="true">the place to come if you're drunk and</p>
  <p time="1322880" is_ac="true">you want something fatty and chewy and</p>
  <p time="1325320" is_ac="true">spicy it's right here this is pig</p>
  <p time="1328039" is_ac="true">intestines and she is just kind of like</p>
  <p time="1330279" is_ac="true">stir frying it it's been parboiled so</p>
  <p time="1332279" is_ac="true">that some of that scum and the extra</p>
  <p time="1334159" is_ac="true">oiliness is out and I ordered the yach</p>
  <p time="1337039" is_ac="true">Chang which translates to vegetable</p>
  <p time="1339360" is_ac="true">intestine stir fry and it has leaks</p>
  <p time="1343360" is_ac="true">onions</p>
  <p time="1345880" is_ac="true">cabbage she just asked if I</p>
  <p time="1348760" is_ac="true">eat spicy and that's MSG some kukaru</p>
  <p time="1351919" is_ac="true">which is Korean chili flakes and the</p>
  <p time="1354200" is_ac="true">spicy sauce this is going to be the</p>
  <p time="1356000" is_ac="true">secret sauce for her stir fry recipe and</p>
  <p time="1359240" is_ac="true">every restaurant is going to have their</p>
  <p time="1361120" is_ac="true">own take on their sauce and this is</p>
  <p time="1363799" is_ac="true">perilla leaves you can think of this</p>
  <p time="1365559" is_ac="true">kind of as like our cilantro this has</p>
  <p time="1368880" is_ac="true">like this like herbaceousness very</p>
  <p time="1370760" is_ac="true">similar looking to Japanese shiso but</p>
  <p time="1373279" is_ac="true">it's more earthy and it comes from</p>
  <p time="1375520" is_ac="true">perilla seed</p>
  <p time="1376960" is_ac="true">powder</p>
  <p time="1378799" is_ac="true">glass noodles and they're going to add</p>
  <p time="1380799" is_ac="true">some more volume and help absorb the</p>
  <p time="1383240" is_ac="true">sauce even better and the oil</p>
  <p time="1403010" is_ac="true">[Music]</p>
  <p time="1406880" is_ac="true">too</p>
  <p time="1410520" is_ac="true">but already the smell of the Pilla is</p>
  <p time="1412480" is_ac="true">really really nice it's like earthy</p>
  <p time="1416000" is_ac="true">there's like something about eating</p>
  <p time="1418320" is_ac="true">outside during the winter that makes</p>
  <p time="1420720" is_ac="true">food taste even more delicious I don't</p>
  <p time="1422840" is_ac="true">know if it's the steam I don't know if</p>
  <p time="1424600" is_ac="true">it's the cold that you're like burning</p>
  <p time="1426760" is_ac="true">the calories that makes you hungry for</p>
  <p time="1428480" is_ac="true">like greasy food but this I'm like way</p>
  <p time="1431919" is_ac="true">too excited about look at</p>
  <p time="1436000" is_ac="true">that gorgeous</p>
  <p time="1438440" is_ac="true">okay I'm just going to have one on its</p>
  <p time="1439679" is_ac="true">own salty sweet spicy with a little bit</p>
  <p time="1444400" is_ac="true">of MSG to really get the Umami going</p>
  <p time="1448000" is_ac="true">this is what Korean street food is all</p>
  <p time="1449240" is_ac="true">about W so</p>
  <p time="1453120" is_ac="true">delicious and if this wasn't enough</p>
  <p time="1455600" is_ac="true">sauce she gives a little extra on this</p>
  <p time="1457760" is_ac="true">side too we have a very big culture of</p>
  <p time="1460799" is_ac="true">eating outside sitting around this like</p>
  <p time="1463159" is_ac="true">round aluminum table we just eat and eat</p>
  <p time="1466520" is_ac="true">and eat and drink and until the night</p>
  <p time="1468320" is_ac="true">ends so Sam is just whatever parcel of</p>
  <p time="1472960" is_ac="true">veggies to deliver food into your</p>
  <p time="1478200" is_ac="true">mouth all the ladies are just like cat</p>
  <p time="1480760" is_ac="true">calling the guests hey lady hey pretty</p>
  <p time="1482880" is_ac="true">lady come here I can make you some good</p>
  <p time="1487240" is_ac="true">food she's good this one that's how she</p>
  <p time="1489880" is_ac="true">got us too like we didn't we weren't</p>
  <p time="1492720" is_ac="true">looking for a particular place her</p>
  <p time="1494360" is_ac="true">prerogative now is to get us out as fast</p>
  <p time="1496760" is_ac="true">as possible for the next</p>
  <p time="1498399" is_ac="true">guest this is Korean math not girl math</p>
  <p time="1501880" is_ac="true">Korean math now you can see all the oil</p>
  <p time="1504880" is_ac="true">oozing out from the intestine and that</p>
  <p time="1507960" is_ac="true">kind of gives it that like really like</p>
  <p time="1509960" is_ac="true">creamy texture and like mouth feel if</p>
  <p time="1513000" is_ac="true">you're scared of trying something like</p>
  <p time="1515039" is_ac="true">intestines think of it as like chicken</p>
  <p time="1517600" is_ac="true">skin is nothing weird like you eat all</p>
  <p time="1520399" is_ac="true">the different parts of the pork why not</p>
  <p time="1522799" is_ac="true">eat the intestine it comes from the same</p>
  <p time="1525120" is_ac="true">animal if you really say that you love</p>
  <p time="1529080" is_ac="true">food it's something that you should try</p>
  <p time="1531080" is_ac="true">at least once if you don't like it well</p>
  <p time="1534080" is_ac="true">don't yuck my</p>
  <p time="1536310" is_ac="true">[Music]</p>
  <p time="1538039" is_ac="true">yum time for some</p>
  <p time="1541120" is_ac="true">Soju My Lens my precious</p>
  <p time="1545320" is_ac="true">lens sorry</p>
  <p time="1556679" is_ac="true">dues that was bitter this got me in the</p>
  <p time="1560080" is_ac="true">mood to eat more and drink more this is</p>
  <p time="1563000" is_ac="true">like appetizer you want to go drinking</p>
  <p time="1564919" is_ac="true">and eating with the Korean we don't just</p>
  <p time="1567159" is_ac="true">like go to One restaurant and Order</p>
  <p time="1568880" is_ac="true">appetizers Ms and desserts we go to like</p>
  <p time="1572520" is_ac="true">three four five different places and end</p>
  <p time="1575080" is_ac="true">up in a karaoke in the middle of</p>
  <p time="1578399" is_ac="true">nowhere let's</p>
  <p time="1586600" is_ac="true">go</p>
  <p time="1587770" is_ac="true">[Laughter]</p>
  <p time="1591640" is_ac="true">most 45 years she's been</p>
  <p time="1594360" is_ac="true">open she's seen some shit like there's</p>
  <p time="1597320" is_ac="true">there's one intestine place that does</p>
  <p time="1599039" is_ac="true">well the whole street ends up becoming</p>
  <p time="1602039" is_ac="true">an intestine</p>
  <p time="1608600" is_ac="true">Street onto our next spot one of the</p>
  <p time="1611240" is_ac="true">beauties of going to these like old</p>
  <p time="1612919" is_ac="true">traditional markets is just like people</p>
  <p time="1616000" is_ac="true">watching you're going to see so so many</p>
  <p time="1618039" is_ac="true">like interesting characters that you</p>
  <p time="1619799" is_ac="true">wouldn't really see these types of</p>
  <p time="1622120" is_ac="true">places are my favorite like the places</p>
  <p time="1624120" is_ac="true">where it's a supermarket but then they</p>
  <p time="1626559" is_ac="true">also allow you to just like sit down and</p>
  <p time="1629000" is_ac="true">like eat whatever you pick off from the</p>
  <p time="1630880" is_ac="true">counter you can get like fried spam and</p>
  <p time="1633200" is_ac="true">like instant Ramen and like chips with</p>
  <p time="1636200" is_ac="true">some beer on the side and it's like</p>
  <p time="1637840" is_ac="true">super cheap but also just like super</p>
  <p time="1644860" is_ac="true">[Music]</p>
  <p time="1646520" is_ac="true">fun</p>
  <p time="1650170" is_ac="true">[Music]</p>
  <p time="1653679" is_ac="true">this is Kevin's long johns he was like I</p>
  <p time="1656520" is_ac="true">have a very extra long underwear you</p>
  <p time="1658240" is_ac="true">should</p>
  <p time="1662720" is_ac="true">wear shit shit shit shit shit shit open</p>
  <p time="1665679" is_ac="true">the door open the door for him come on</p>
  <p time="1667919" is_ac="true">come on faith in humanity</p>
  <p time="1671600" is_ac="true">restored we're here in front of Korea's</p>
  <p time="1674880" is_ac="true">most underrated Market I'm just kidding</p>
  <p time="1676799" is_ac="true">it's t as fuck but if you come around</p>
  <p time="1679559" is_ac="true">like 7:40 like a little before 8 it's</p>
  <p time="1682600" is_ac="true">not as packed these days like pong</p>
  <p time="1684760" is_ac="true">Market is impossible to get in without</p>
  <p time="1686760" is_ac="true">being squished like a little bean sprout</p>
  <p time="1689000" is_ac="true">but there's a reason why it's so famous</p>
  <p time="1691840" is_ac="true">let's go you got an attitude but that's</p>
  <p time="1694760" is_ac="true">your style maybe if I could get up in</p>
  <p time="1696480" is_ac="true">your latitude somehow then we could put</p>
  <p time="1698399" is_ac="true">the pass back where it belongs for</p>
  <p time="1702159" is_ac="true">now trying to find the beef tartar</p>
  <p time="1705159" is_ac="true">street it's been a hot minutes since</p>
  <p time="1707200" is_ac="true">I've been in</p>
  <p time="1709730" is_ac="true">[Music]</p>
  <p time="1718600" is_ac="true">here this is a place we need to go to</p>
  <p time="1721320" is_ac="true">see not a long line during weekends you</p>
  <p time="1724440" is_ac="true">have to wait like 2 hours this is Korean</p>
  <p time="1726799" is_ac="true">beef tartar it was on the Michelin bib</p>
  <p time="1728840" is_ac="true">Gourmand and it's dressed in sesame oil</p>
  <p time="1732000" is_ac="true">sugar and a little bit of soy sauce and</p>
  <p time="1734760" is_ac="true">Korean pear and crowned with an egg Yol</p>
  <p time="1737799" is_ac="true">and it is one of my favorite bites to</p>
  <p time="1739720" is_ac="true">get here in quangang</p>
  <p time="1746080" is_ac="true">market so the thing that you need to try</p>
  <p time="1748519" is_ac="true">here is definitely the beef Tartar and</p>
  <p time="1752120" is_ac="true">they have an option of adding like live</p>
  <p time="1754720" is_ac="true">octopus that's</p>
  <p time="1756320" is_ac="true">still squirming that like a lot of</p>
  <p time="1759279" is_ac="true">people would get freaked out by are you</p>
  <p time="1761360" is_ac="true">ready for this I don't know if you've</p>
  <p time="1763480" is_ac="true">been able to catch on to a common theme</p>
  <p time="1766120" is_ac="true">throughout Korean food is that we like</p>
  <p time="1768159" is_ac="true">things chewy texture is a very very big</p>
  <p time="1771240" is_ac="true">part of Korean food and the reason why</p>
  <p time="1773799" is_ac="true">we have live octopus like this is</p>
  <p time="1776880" is_ac="true">because we like the sensation as well as</p>
  <p time="1780360" is_ac="true">it's a little sweet and the bite to it</p>
  <p time="1782399" is_ac="true">is really really nice there like eight</p>
  <p time="1784080" is_ac="true">people each year that die from</p>
  <p time="1786559" is_ac="true">affixation from uh live ocopus in</p>
  <p time="1792799" is_ac="true">Korea</p>
  <p time="1794799" is_ac="true">delicious I mean the most important fact</p>
  <p time="1797600" is_ac="true">with</p>
  <p time="1798799" is_ac="true">bear is using good quality sesame</p>
  <p time="1803039" is_ac="true">oil Raw on Raw on Raw it's how I like it</p>
  <p time="1807360" is_ac="true">on my plate and in</p>
  <p time="1811760" is_ac="true">bed actually really</p>
  <p time="1814000" is_ac="true">good it's like fresh Fred sesame oil is</p>
  <p time="1817080" is_ac="true">coming through a little bit of brown</p>
  <p time="1818679" is_ac="true">sugar I didn't really like beef tartar</p>
  <p time="1821039" is_ac="true">when I was</p>
  <p time="1823360" is_ac="true">younger but now I</p>
  <p time="1825360" is_ac="true">do end of story</p>
  <p time="1829159" is_ac="true">I didn't like the fact that it didn't</p>
  <p time="1830360" is_ac="true">taste like anything but that's like what</p>
  <p time="1832440" is_ac="true">I keep craving when I get older wow I</p>
  <p time="1834559" is_ac="true">sound really old now like I crave like</p>
  <p time="1836760" is_ac="true">Taste of the ingredients easier on the</p>
  <p time="1838919" is_ac="true">gut IBS unit like the radish soup here</p>
  <p time="1842120" is_ac="true">is also so bomb because it's like all</p>
  <p time="1844279" is_ac="true">the leftover beef and then you make soup</p>
  <p time="1846399" is_ac="true">with it and radish during the winter is</p>
  <p time="1848799" is_ac="true">always the best</p>
  <p time="1851760" is_ac="true">sweet tastes like fall according to AJ I</p>
  <p time="1855039" is_ac="true">stole all your</p>
  <p time="1856240" is_ac="true">lines</p>
  <p time="1861559" is_ac="true">clean bow</p>
  <p time="1864039" is_ac="true">Club</p>
  <p time="1869360" is_ac="true">fuck you know what I'm the happiest when</p>
  <p time="1871639" is_ac="true">I'm done eating and there's a</p>
  <p time="1875720" is_ac="true">line now that we got something raw we</p>
  <p time="1878519" is_ac="true">need to coat our stomach with more fat</p>
  <p time="1881200" is_ac="true">that's how things work around</p>
  <p time="1886159" is_ac="true">here</p>
  <p time="1888639" is_ac="true">these are all heated it's like they have</p>
  <p time="1891039" is_ac="true">like electric padding underneath</p>
  <p time="1893780" is_ac="true">[Music]</p>
  <p time="1902870" is_ac="true">[Music]</p>
  <p time="1911840" is_ac="true">see she's making a little bowl for the</p>
  <p time="1915000" is_ac="true">ramen and she's going to just cook it in</p>
  <p time="1917799" is_ac="true">the tin</p>
  <p time="1929840" is_ac="true">[Music]</p>
  <p time="1932519" is_ac="true">foil oh they're like regulars to her</p>
  <p time="1935679" is_ac="true">place for 15 years yeah and the the</p>
  <p time="1939480" is_ac="true">table next to them just turned 20 pretty</p>
  <p time="1941360" is_ac="true">amazing this is eastate</p>
  <p time="1945760" is_ac="true">b42 oh</p>
  <p time="1960500" is_ac="true">[Music]</p>
  <p time="1964240" is_ac="true">comes the ramen here is what caught my</p>
  <p time="1968120" is_ac="true">eye I have never seen this technique if</p>
  <p time="1972360" is_ac="true">the French has unot which means to cook</p>
  <p time="1976480" is_ac="true">in wax paper you know like fish we have</p>
  <p time="1980200" is_ac="true">an aluminum foil and we cook</p>
  <p time="1988279" is_ac="true">ramen you got to put it into the paper</p>
  <p time="1991240" is_ac="true">cup first and then you get the broth and</p>
  <p time="1993440" is_ac="true">then spoon the broth on top so that you</p>
  <p time="1995559" is_ac="true">can sip on it and I'm going to try and</p>
  <p time="1998600" is_ac="true">find a little cooked oyster in there too</p>
  <p time="2001480" is_ac="true">as our little garnish the oysters just</p>
  <p time="2004240" is_ac="true">add another dimension to the ramum it</p>
  <p time="2007039" is_ac="true">has a tiny bit of the brininess from the</p>
  <p time="2009919" is_ac="true">sea makes it so so good</p>
  <p time="2014880" is_ac="true">wow and the ramen isn't even on the menu</p>
  <p time="2018639" is_ac="true">this is only for the VIPs and I'm not a</p>
  <p time="2021240" is_ac="true">VIP I just I just round out because</p>
  <p time="2022840" is_ac="true">those guys over there were having and I</p>
  <p time="2024240" is_ac="true">was like I want that please a smart fat</p>
  <p time="2027519" is_ac="true">ass is always alert of its</p>
  <p time="2031159" is_ac="true">surroundings the Chive pancake very</p>
  <p time="2034360" is_ac="true">green kind of looks like brass cuting</p>
  <p time="2037679" is_ac="true">made into a pancake has like that</p>
  <p time="2041200" is_ac="true">herbaceousness M soy pickled onions</p>
  <p time="2045159" is_ac="true">they're sweet they're a little</p>
  <p time="2046880" is_ac="true">sour they're salty what kind of cuts</p>
  <p time="2049720" is_ac="true">away some of the oiliness from the</p>
  <p time="2051720" is_ac="true">fritters that's a nice really crunchy</p>
  <p time="2053919" is_ac="true">texture too and I ordered the assortment</p>
  <p time="2056320" is_ac="true">and she just like used her scissors to</p>
  <p time="2058399" is_ac="true">cut up everything C people we love</p>
  <p time="2061040" is_ac="true">scissors that's like the one utensil</p>
  <p time="2063440" is_ac="true">that we will use in the kitchen that's</p>
  <p time="2065760" is_ac="true">so underrated in the rest of the world</p>
  <p time="2068079" is_ac="true">like I don't know why people find it so</p>
  <p time="2069560" is_ac="true">weird to use scissors when cutting meat</p>
  <p time="2073000" is_ac="true">or cutting anything it's precise it's</p>
  <p time="2075839" is_ac="true">easy and this is the mung bean pancake</p>
  <p time="2078480" is_ac="true">it's ground up mung beans with a bit of</p>
  <p time="2080839" is_ac="true">bean sprout and bound with egg and flour</p>
  <p time="2084280" is_ac="true">the star of the show is definitely the</p>
  <p time="2095879" is_ac="true">ramen</p>
  <p time="2106520" is_ac="true">she's saying that her closing hours are</p>
  <p time="2108320" is_ac="true">1:00 a.m. but her regulars are saying</p>
  <p time="2110000" is_ac="true">it's 4:00 a.m. so test your</p>
  <p time="2113640" is_ac="true">luck and with Chon you need to have</p>
  <p time="2118760" is_ac="true">moli moli is the drink to drink when</p>
  <p time="2122440" is_ac="true">you're in Korea feel like when most</p>
  <p time="2124400" is_ac="true">people think about Korean alcohol it's</p>
  <p time="2126960" is_ac="true">always</p>
  <p time="2128599" is_ac="true">soou but no this is the drink of Koreans</p>
  <p time="2133079" is_ac="true">you can kind of think of it as almost</p>
  <p time="2134680" is_ac="true">like unfiltered sake it comes from rice</p>
  <p time="2137599" is_ac="true">and it's fermented I like to drink the</p>
  <p time="2140079" is_ac="true">first Sip unshaken and it's clear like</p>
  <p time="2143240" is_ac="true">this so that you can kind of taste like</p>
  <p time="2145119" is_ac="true">the essence of</p>
  <p time="2150560" is_ac="true">it now after you taste that fresh Crema</p>
  <p time="2155000" is_ac="true">creem moli you want it creamy and you</p>
  <p time="2158240" is_ac="true">want to mix it up really well and it's</p>
  <p time="2162040" is_ac="true">going to get this like almost cream soda</p>
  <p time="2164760" is_ac="true">consistency look now it's going to be</p>
  <p time="2167359" is_ac="true">opaque and that's because the starch</p>
  <p time="2170119" is_ac="true">from the rice gets mixed evenly and it</p>
  <p time="2173440" is_ac="true">gets that milky</p>
  <p time="2175319" is_ac="true">white a little bit of carbonation on the</p>
  <p time="2178079" is_ac="true">tongue a little sweet not super</p>
  <p time="2180880" is_ac="true">alcoholic just the right amount of</p>
  <p time="2183400" is_ac="true">bitterness that keeps making you want to</p>
  <p time="2186040" is_ac="true">drink more and more and more and it's</p>
  <p time="2189160" is_ac="true">perfect to have with some fatty fatty</p>
  <p time="2191800" is_ac="true">food man I love street food and there's</p>
  <p time="2195119" is_ac="true">so much of it too it's not just one</p>
  <p time="2197960" is_ac="true">thing you can get anything on the</p>
  <p time="2207830" is_ac="true">[Music]</p>
  <p time="2211920" is_ac="true">streets 9:05 still very much alive all</p>
  <p time="2216000" is_ac="true">of these Stu dolls are open until like</p>
  <p time="2218680" is_ac="true">1:00 a.m. a lot of people think that</p>
  <p time="2220640" is_ac="true">Quang Jang Market they think of it as</p>
  <p time="2222520" is_ac="true">almost like a farmers market so they</p>
  <p time="2224319" is_ac="true">come during the day and they think that</p>
  <p time="2225720" is_ac="true">it's like only a daytime thing but</p>
  <p time="2227680" is_ac="true">actually the real time to come is at</p>
  <p time="2229920" is_ac="true">night because there's nobody not many</p>
  <p time="2232720" is_ac="true">tourists and it's just old drunk dudes</p>
  <p time="2234880" is_ac="true">having a blast they're still selling</p>
  <p time="2236400" is_ac="true">Twisted Donuts on that way let's</p>
  <p time="2240800" is_ac="true">go the line usually goes all the way</p>
  <p time="2243520" is_ac="true">over there like all the way to the end</p>
  <p time="2245680" is_ac="true">over there this is</p>
  <p time="2248660" is_ac="true">[Music]</p>
  <p time="2271920" is_ac="true">nothing all for</p>
  <p time="2275599" is_ac="true">me so this is guabi which means to be</p>
  <p time="2280079" is_ac="true">twisted it's a twisted Korean doughnut</p>
  <p time="2282640" is_ac="true">Origins are from China actually it's</p>
  <p time="2285880" is_ac="true">like our rendition of the Chinese guo</p>
  <p time="2288760" is_ac="true">that became this almost like a fried</p>
  <p time="2292760" is_ac="true">Brios donut it's a fluffy yeasted dough</p>
  <p time="2296400" is_ac="true">and what they do really well at this</p>
  <p time="2298240" is_ac="true">place is the amount of cinnamon they put</p>
  <p time="2300839" is_ac="true">a lot of cinnamon so it's really</p>
  <p time="2302200" is_ac="true">aromatic and their dough is incredibly</p>
  <p time="2304640" is_ac="true">fluffy I know this because I've eaten</p>
  <p time="2306319" is_ac="true">that this place many of</p>
  <p time="2313480" is_ac="true">times</p>
  <p time="2317800" is_ac="true">M lots of air incorporated into the</p>
  <p time="2320720" is_ac="true">dough which makes it incredibly fluffy</p>
  <p time="2322920" is_ac="true">and not dense just the right amount of</p>
  <p time="2324960" is_ac="true">gluten formation but it's really really</p>
  <p time="2327480" is_ac="true">just like fighting into a pillow almost</p>
  <p time="2330000" is_ac="true">that's coated in cinnamon sugar let's</p>
  <p time="2332040" is_ac="true">put a smile on that</p>
  <p time="2335520" is_ac="true">face</p>
  <p time="2340599" is_ac="true">so this is sh it's a fermented rice</p>
  <p time="2343680" is_ac="true">drink that's sweetened with rice brand</p>
  <p time="2346960" is_ac="true">and that kind of makes it very</p>
  <p time="2349200" is_ac="true">very like nutty sweetness it's called</p>
  <p time="2353359" is_ac="true">Yen and you want to have it when it's</p>
  <p time="2355760" is_ac="true">like kind of icy don't add the ice you</p>
  <p time="2358040" is_ac="true">just freeze it so it has kind of like a</p>
  <p time="2359720" is_ac="true">slushy like consistency think of it as</p>
  <p time="2362119" is_ac="true">like Korea Boba instead of tapioca</p>
  <p time="2364440" is_ac="true">pearls it's rice fermental</p>
  <p time="2369640" is_ac="true">rice refreshing sweet naughty not overly</p>
  <p time="2374800" is_ac="true">sweet it's really nice the most similar</p>
  <p time="2378400" is_ac="true">comparison that I can make is sugar cane</p>
  <p time="2381440" is_ac="true">juice it kind of has that like dark</p>
  <p time="2383680" is_ac="true">sugar notes as well you know when you</p>
  <p time="2385680" is_ac="true">come to Guang Jang Market it's not just</p>
  <p time="2387400" is_ac="true">like the food stalls there's also stalls</p>
  <p time="2389839" is_ac="true">that sell like traditional candy you can</p>
  <p time="2392119" is_ac="true">also get like medicine they sell Viagra</p>
  <p time="2394640" is_ac="true">here coffee they sell cockroach</p>
  <p time="2397640" is_ac="true">repellants like you can find everything</p>
  <p time="2400040" is_ac="true">this wasn't like a market that was built</p>
  <p time="2401960" is_ac="true">for tourists it was one of the most</p>
  <p time="2403760" is_ac="true">important markets in central Soul kind</p>
  <p time="2406720" is_ac="true">of essentially like a shopping center so</p>
  <p time="2409200" is_ac="true">yeah that was a whole full day of eating</p>
  <p time="2412119" is_ac="true">Korean street food only at the</p>
  <p time="2414200" is_ac="true">traditional markets and I hope you</p>
  <p time="2416200" is_ac="true">enjoyed it the beauty of the traditional</p>
  <p time="2418720" is_ac="true">markets is not only the food but you</p>
  <p time="2421119" is_ac="true">also eat with your eyes there's so much</p>
  <p time="2423640" is_ac="true">to see smell hear and the people that</p>
  <p time="2428280" is_ac="true">are in the markets are really what makes</p>
  <p time="2430760" is_ac="true">it special and this is where all the</p>
  <p time="2434079" is_ac="true">locals come to eat real Korean street</p>
  <p time="2436839" is_ac="true">food I hope you enjoyed this and I'm so</p>
  <p time="2439079" is_ac="true">full and I'm going to pass out and get a</p>
  <p time="2441400" is_ac="true">food</p>
  <p time="2442640" is_ac="true">coma good night bye love you</p>
  <p time="2455319" is_ac="true">toies</p>
  <p time="2456900" is_ac="true">[Music]</p>
</text>
