<?xml version='1.0' encoding='UTF-8'?>
<text date_d="15" date_m="3" date_y="2024" format="srv3" age_limit="0" comment_count="1200" description="LISTEN TO MY SONG ► http://www.li.sten.to/hatedd&#10;MY GAMING CHANNEL: @VideoGaming &#10;https://www.youtube.com/channel/UC0fGpCgFiTAwiGPMrjkPLmQ&#10;&#10;FREE Spotify Playlist ► https://open.spotify.com/playlist/2FE6ofE15fQyN995nCOq9d&#10;&#10;Keep up with me ►http://www.Brennen.Tv&#10;&#10;Last Vlog ► https://youtu.be/zJ07MZLFlj8&#10;&#10;MERCH ► http://www.BrennenTaylor.com/&#10;&#10;TikTok ► http://www.tiktok.com/@BrennenTaylor&#10;&#10;Facebook ► http://www.Facebook.com/BrennenTaylor&#10;&#10;Instagram ► http://www.instagram.com/Brennen&#10;&#10;Snapchat ►  http://www.snapchat.com/add/BrennenTaylor&#10;&#10;FOLLOW JAKE:&#10;► http://www.instagram.com/JakeTaylor&#10;► http://www.twitter.com/jakextaylor&#10;► http://www.tiktok.com/@jaketaylorx&#10;&#10;&#10;Hi I'm Brennen.  I've been eating food for 26 years. I'm basically a professional. Here is my Food Review:&#10;&#10;Business email ONLY: MGMT@BrennenTaylor.com&#10;&#10;Brennen Taylor best/worst reviewed videos of 1 star yelp restaurants and businesses series and his newly beloved viral tikok life hack tik tok lifehack series.Family friendly pg clean" fulltitle="Eating At A Restaurant With No Reviews... (SHOCKING New Dive Bar)" like_count="8132" location="na" playlist_title="na" release_date="na" upload_date="20240315" repost_count="na" tags="brennentaylor; brennen taylor; brennen; taylor; taylorfam; foodie; food review; food video; brennen taylor best reviewed; brennen taylor food review; taylor bros; taylor boys; taylor bro; jake taylor; create the rating; brennen taylor eating at a restaurant with no reviews; brennen taylor eating at a restaurant; " title="Eating At A Restaurant With No Reviews... (SHOCKING New Dive Bar)" uploader="Brennen Taylor" view_count="175054" webpage_url="https://www.youtube.com/watch?v=bQMVGbXRPJ4" autocaption="true">
  <p time="359" is_ac="true">what's up you guys check out this</p>
  <p time="1560" is_ac="true">restaurant behind me it looks absolutely</p>
  <p time="3399" is_ac="true">dead that's because it has no reviews so</p>
  <p time="5200" is_ac="true">welcome back to a brand new episode of</p>
  <p time="6960" is_ac="true">create that rating let's get on in there</p>
  <p time="10639" is_ac="true">and let's start this place let's start</p>
  <p time="12480" is_ac="true">it off okay says it's open doesn't look</p>
  <p time="15360" is_ac="true">like there a soul nearby remind you it</p>
  <p time="17600" is_ac="true">just opened like 20 minutes ago okay</p>
  <p time="19119" is_ac="true">maybe that's</p>
  <p time="24720" is_ac="true">[Music]</p>
  <p time="28960" is_ac="true">why the only ones here hey</p>
  <p time="32320" is_ac="true">there yes for two please we're going to</p>
  <p time="35920" is_ac="true">eat okay for two would you sit anywhere</p>
  <p time="38239" is_ac="true">okay thank you it's almost like a dive</p>
  <p time="39680" is_ac="true">bar way like there's Li in so you know</p>
  <p time="41480" is_ac="true">what time it is so we're checking out</p>
  <p time="42879" is_ac="true">their menu right now it's just written</p>
  <p time="44239" is_ac="true">up on a whiteboard on the top of the bar</p>
  <p time="46360" is_ac="true">and it doesn't look like there's a whole</p>
  <p time="47360" is_ac="true">bunch of items but we're going to get</p>
  <p time="48600" is_ac="true">started we're going to get the fried</p>
  <p time="49960" is_ac="true">tender sandwich chicken WRA grilled</p>
  <p time="52039" is_ac="true">cheeseburger we'll do that fish baset</p>
  <p time="54280" is_ac="true">and then I also want to try a fried</p>
  <p time="56719" is_ac="true">jalapeno want jalapenos please and then</p>
  <p time="60280" is_ac="true">I'll just do a Corona do you have any</p>
  <p time="62160" is_ac="true">seltzers um maybe I should watch my</p>
  <p time="64640" is_ac="true">weight too I've been losing a lot of</p>
  <p time="65840" is_ac="true">weight I'm 10 lbs down two different</p>
  <p time="68200" is_ac="true">flavors left you can surprise me yeah</p>
  <p time="70560" is_ac="true">I'll take the other one instead of the</p>
  <p time="71840" is_ac="true">beer so let me ask you a question okay</p>
  <p time="73720" is_ac="true">so we're actually we're doing an</p>
  <p time="75200" is_ac="true">undercover sting operation right now and</p>
  <p time="77720" is_ac="true">the sting operation is we are going to</p>
  <p time="79520" is_ac="true">be your first Yelp reviewers so you guys</p>
  <p time="82119" is_ac="true">have zero reviews on Yelp why set up on</p>
  <p time="84680" is_ac="true">you yet I don't even think she finished</p>
  <p time="86560" is_ac="true">it I think that was part of it we got</p>
  <p time="88119" is_ac="true">plenty of Google reviews got it got it</p>
  <p time="89720" is_ac="true">okay all right so we're going to be your</p>
  <p time="91159" is_ac="true">first y That's our goal today so we're</p>
  <p time="93240" is_ac="true">excited record those already feeling</p>
  <p time="95680" is_ac="true">like a cool bar but they also have like</p>
  <p time="97159" is_ac="true">little Cino section A little pool action</p>
  <p time="99920" is_ac="true">you run out of money don't worry they</p>
  <p time="101119" is_ac="true">got ATM inside here so let's check out</p>
  <p time="103399" is_ac="true">what can we actually win here because I</p>
  <p time="105439" is_ac="true">didn't know casinos were legal in bars</p>
  <p time="107920" is_ac="true">I've never seen one this is the first</p>
  <p time="109119" is_ac="true">time I'm here besides OB for</p>
  <p time="110479" is_ac="true">entertainment only oh so you can't</p>
  <p time="112000" is_ac="true">actually win any money but this is</p>
  <p time="113640" is_ac="true">calculating wins yeah but it's not going</p>
  <p time="115880" is_ac="true">to put out any money you don't think it</p>
  <p time="118360" is_ac="true">says for entertaining let's try let's</p>
  <p time="120479" is_ac="true">see what happens let's play Slots okay</p>
  <p time="122079" is_ac="true">so the dollar let's see what we can come</p>
  <p time="124320" is_ac="true">up with here guys where is the money</p>
  <p time="125880" is_ac="true">going to come out of I don't know it</p>
  <p time="127200" is_ac="true">says entertainment purposes so we're not</p>
  <p time="128759" is_ac="true">gambling on video we're going big ready</p>
  <p time="131879" is_ac="true">big double up play double up</p>
  <p time="137440" is_ac="true">start oh I almost spel my name almost</p>
  <p time="139599" is_ac="true">spel Jack Jake with the leprechaun at</p>
  <p time="141640" is_ac="true">the end let's see come on baby give me</p>
  <p time="145040" is_ac="true">something one more time you have me are</p>
  <p time="147879" is_ac="true">you entertained no I'm just losing my</p>
  <p time="150440" is_ac="true">I don't want a single</p>
  <p time="151920" is_ac="true">penny nothing one more last</p>
  <p time="156200" is_ac="true">credit yeah they just stole your dollar</p>
  <p time="158280" is_ac="true">yeah how entertained was I losing a</p>
  <p time="159879" is_ac="true">dollar not very much that fan be doing</p>
  <p time="162519" is_ac="true">some wild thing looks like a wheel</p>
  <p time="164400" is_ac="true">that's not tied down all the way I think</p>
  <p time="166560" is_ac="true">that might be a very Ingenuity</p>
  <p time="170400" is_ac="true">fan I don't know it's interesting</p>
  <p time="172640" is_ac="true">aesthetic to say at least let's check it</p>
  <p time="174680" is_ac="true">out when the food comes out and we'll be</p>
  <p time="176080" is_ac="true">the real judge this man thinks he's got</p>
  <p time="178840" is_ac="true">aim</p>
  <p time="180480" is_ac="true">and he</p>
  <p time="181720" is_ac="true">doesn't oh all right how about this I</p>
  <p time="184440" is_ac="true">got a fun game for it we get three</p>
  <p time="185920" is_ac="true">throws whoever gets the closest doesn't</p>
  <p time="187640" is_ac="true">have to buy the next round</p>
  <p time="189760" is_ac="true">okay this is Jake's turn horrible</p>
  <p time="194360" is_ac="true">damn here's mine so he basically got 18</p>
  <p time="198879" is_ac="true">twice I just get one close oh and that's</p>
  <p time="202519" is_ac="true">it right there close but not perfect but</p>
  <p time="205480" is_ac="true">still Better Than Jake good bye next</p>
  <p time="207760" is_ac="true">round so these right here that just</p>
  <p time="209840" is_ac="true">arrived are the fried jalapenos this is</p>
  <p time="212040" is_ac="true">not what I was expecting I was kind of</p>
  <p time="213640" is_ac="true">expecting a full jalapeno deep fried but</p>
  <p time="215760" is_ac="true">this is going to have to do and check</p>
  <p time="216799" is_ac="true">these little things out they're seasoned</p>
  <p time="218720" is_ac="true">crispy and I bet they got a bunch of</p>
  <p time="221080" is_ac="true">flavor pumping out of these things let's</p>
  <p time="223519" is_ac="true">get into these and let's try them for</p>
  <p time="225239" is_ac="true">what they are they're very cute they</p>
  <p time="226640" is_ac="true">almost look like they have little happy</p>
  <p time="228000" is_ac="true">faces in them I like them like little</p>
  <p time="229560" is_ac="true">happy face chicken nuggets let's try</p>
  <p time="231040" is_ac="true">[Music]</p>
  <p time="233959" is_ac="true">it oh that's a treat I like the thing</p>
  <p time="237040" is_ac="true">about deep frying pickles it really</p>
  <p time="238879" is_ac="true">takes away all the flavor it doesn't</p>
  <p time="240280" is_ac="true">make any juicy it's just like a dried up</p>
  <p time="241840" is_ac="true">shell this juicy with jalapeno juice and</p>
  <p time="245280" is_ac="true">little spicy little</p>
  <p time="246840" is_ac="true">kick that's something I could just munch</p>
  <p time="249360" is_ac="true">on this is definition a bar food this is</p>
  <p time="251720" is_ac="true">what they should be offering more often</p>
  <p time="252920" is_ac="true">a lot of time you just see the fried</p>
  <p time="254040" is_ac="true">pickles you don't see the jalapeno</p>
  <p time="255319" is_ac="true">option I like that I would come for</p>
  <p time="257840" is_ac="true">drinks and just have this with some</p>
  <p time="260000" is_ac="true">ranch that's gas I might put some of</p>
  <p time="262160" is_ac="true">these in my cheeseburger to couple of</p>
  <p time="264160" is_ac="true">them in the chicken sandwich what we got</p>
  <p time="265680" is_ac="true">pulling up next oh oh that looks good</p>
  <p time="270440" is_ac="true">thank you all right guys oh that's nuts</p>
  <p time="273600" is_ac="true">this is like the definition of a smashed</p>
  <p time="275880" is_ac="true">burger right here it almost looks like</p>
  <p time="277680" is_ac="true">she put a 15 lb weight on this piece of</p>
  <p time="280720" is_ac="true">meat as it was cooking and just</p>
  <p time="282800" is_ac="true">flattened that Patty right there looks</p>
  <p time="285160" is_ac="true">like it's going to hit pretty nicely I'm</p>
  <p time="287360" is_ac="true">already prejudging but this place is 45</p>
  <p time="289360" is_ac="true">minutes away from where we live I might</p>
  <p time="291120" is_ac="true">make the yeah I make the track this</p>
  <p time="292759" is_ac="true">might be my new Friday ice should we get</p>
  <p time="294479" is_ac="true">a knife we should get a knife we can cut</p>
  <p time="295600" is_ac="true">this we should get a knife guys want</p>
  <p time="297320" is_ac="true">anything on sandwich you have like some</p>
  <p time="299320" is_ac="true">kind of like chili aoli or spicy mayo or</p>
  <p time="301600" is_ac="true">anything like that Mayo that would be</p>
  <p time="304160" is_ac="true">awesome thank you oh that looks cheesy</p>
  <p time="308280" is_ac="true">crazy verse damn that Loki kind of</p>
  <p time="310400" is_ac="true">reminds me of we're sick of hearing it</p>
  <p time="312880" is_ac="true">we're all sick of hearing it and that's</p>
  <p time="314280" is_ac="true">not that</p>
  <p time="315759" is_ac="true">good why are you lying I'm sorry to</p>
  <p time="318680" is_ac="true">bother you again but could I also get</p>
  <p time="319840" is_ac="true">some ketchup yeah I'm not waiting for</p>
  <p time="322800" is_ac="true">him wait stop stop stop stop</p>
  <p time="327199" is_ac="true">wait you guys know I'm a ketchup fan</p>
  <p time="329840" is_ac="true">have to try it like how I</p>
  <p time="332440" is_ac="true">like the whole mic just fell out of it</p>
  <p time="334919" is_ac="true">oh no it broke phone down broke the mic</p>
  <p time="337680" is_ac="true">we broke the mic we're back though and</p>
  <p time="339199" is_ac="true">we're ready to try this burger I'm going</p>
  <p time="340520" is_ac="true">to put a little ketchup on mine cuz</p>
  <p time="341560" is_ac="true">that's the way I have to try a</p>
  <p time="345440" is_ac="true">burger oh full this is a good burger</p>
  <p time="348520" is_ac="true">reminds me of Shake Shack to be honest</p>
  <p time="350319" is_ac="true">Bun's So Soft super cheesy super smashed</p>
  <p time="353400" is_ac="true">Patty something about the burnt edges on</p>
  <p time="355120" is_ac="true">it so good it's charred to Perfection</p>
  <p time="358800" is_ac="true">here for this being just a bar food</p>
  <p time="361440" is_ac="true">that's better than some like restaurants</p>
  <p time="363000" is_ac="true">you'll get she can cook mhm I'm glad</p>
  <p time="365639" is_ac="true">they have her behind the bar I'm</p>
  <p time="367000" is_ac="true">finishing all these things today I</p>
  <p time="368360" is_ac="true">thought it was going to be good I'm</p>
  <p time="370479" is_ac="true">dieted for the last 4 days just for this</p>
  <p time="372520" is_ac="true">meal love the crispiness the next thing</p>
  <p time="374639" is_ac="true">we got here is a buffalo chicken wrap</p>
  <p time="377639" is_ac="true">and let me tell you man it's got Buffalo</p>
  <p time="379720" is_ac="true">Ranch SLO and cheese let's get trying</p>
  <p time="386919" is_ac="true">it I have to go for simple but delicious</p>
  <p time="390759" is_ac="true">I wish the joria was like little hot but</p>
  <p time="392880" is_ac="true">damn I'm put a little extra Ranch cuz</p>
  <p time="394599" is_ac="true">I'm a fatty maybe Murphy's Burrow is the</p>
  <p time="396919" is_ac="true">move we jumped out of Nashville for the</p>
  <p time="398880" is_ac="true">day 40 minutes out to Murphy's Boro</p>
  <p time="400680" is_ac="true">different little city here in Tennessee</p>
  <p time="401960" is_ac="true">and</p>
  <p time="405520" is_ac="true">damn I got to tap out here comes the</p>
  <p time="408120" is_ac="true">next one we ain't stopping these are</p>
  <p time="410599" is_ac="true">fantastic by the way thank you so</p>
  <p time="413039" is_ac="true">much okay she just said us this is the</p>
  <p time="415400" is_ac="true">most boring one we have here this is the</p>
  <p time="417319" is_ac="true">fried chicken tender sandwich right here</p>
  <p time="419080" is_ac="true">this place is so interesting cuz yes</p>
  <p time="420759" is_ac="true">it's a bar and yes they have a</p>
  <p time="422879" is_ac="true">refrigerator over there with frozen</p>
  <p time="424120" is_ac="true">foods but it's not coming out tasting</p>
  <p time="425599" is_ac="true">Frozen at all everything is tasting</p>
  <p time="427639" is_ac="true">really rich with flavor really tasty</p>
  <p time="429319" is_ac="true">almost like it's giving fast food Vibes</p>
  <p time="431720" is_ac="true">for example Buffalo thing reminded me of</p>
  <p time="433160" is_ac="true">the McDonald's chicken wrap the burger</p>
  <p time="435240" is_ac="true">tastes like you said in and out but</p>
  <p time="436879" is_ac="true">better and like you know what I mean</p>
  <p time="438400" is_ac="true">this might taste like Chick-fil-A for</p>
  <p time="439800" is_ac="true">all we know let's see what this is about</p>
  <p time="441479" is_ac="true">here here we go she said this is the</p>
  <p time="442560" is_ac="true">most boring</p>
  <p time="446199" is_ac="true">one hot</p>
  <p time="448240" is_ac="true">one is that sauce just sriracha and</p>
  <p time="450840" is_ac="true">mayil that's it wow it's really good I'm</p>
  <p time="452560" is_ac="true">going to steal that one really good just</p>
  <p time="455440" is_ac="true">good flavors coming out of a cool little</p>
  <p time="457479" is_ac="true">quain bar I wasn't expecting when I</p>
  <p time="459160" is_ac="true">walked in but DN I'm</p>
  <p time="463039" is_ac="true">surprised by the way just because I</p>
  <p time="465039" is_ac="true">mentioned it earlier these are giving</p>
  <p time="466319" is_ac="true">more of like a Carlos junr chicken</p>
  <p time="467840" is_ac="true">sandwich more than a Chick-fil-A Vibe</p>
  <p time="469599" is_ac="true">just because I mentioned it we got to</p>
  <p time="471479" is_ac="true">compare it right so while we're waiting</p>
  <p time="472960" is_ac="true">for our next dish this is the perfect</p>
  <p time="474599" is_ac="true">time to ask you guys okay so if you're</p>
  <p time="476520" is_ac="true">at this point in the video what would</p>
  <p time="478159" is_ac="true">you guys like to see from here do you</p>
  <p time="480199" is_ac="true">want the video to maintain as just a</p>
  <p time="482280" is_ac="true">food video and that's all it is or do</p>
  <p time="483720" is_ac="true">you want to see us go off and fog the</p>
  <p time="485400" is_ac="true">rest of the days and see what other</p>
  <p time="487159" is_ac="true">action we get into besides just food let</p>
  <p time="489720" is_ac="true">us know in the comments down below which</p>
  <p time="490960" is_ac="true">option you want and that's what we're</p>
  <p time="492080" is_ac="true">going to start do we really to do it all</p>
  <p time="493520" is_ac="true">we want to have some fun so you let us</p>
  <p time="494840" is_ac="true">know what you want to watch put it down</p>
  <p time="496199" is_ac="true">below remember Jake we're in here to</p>
  <p time="497879" is_ac="true">create the rating so keep everything you</p>
  <p time="500440" is_ac="true">see in mind from when we leave that</p>
  <p time="502680" is_ac="true">review when we get back oh I already I'm</p>
  <p time="504800" is_ac="true">typing it in my head right now slow it</p>
  <p time="506479" is_ac="true">down cowboy cuz you know you got to</p>
  <p time="507919" is_ac="true">screen record that first</p>
  <p time="509670" is_ac="true">[Music]</p>
  <p time="512440" is_ac="true">before the last one comes it's time you</p>
  <p time="514599" is_ac="true">know what I need to ask the audience</p>
  <p time="516159" is_ac="true">something before you do that because a</p>
  <p time="517560" is_ac="true">lot of people were saying that the</p>
  <p time="519000" is_ac="true">bathroom review the last video really</p>
  <p time="520880" is_ac="true">killed their Vibe mainly because a lot</p>
  <p time="522959" is_ac="true">of people sit down to eat with us and</p>
  <p time="524480" is_ac="true">then they see you sitting on the toilet</p>
  <p time="525959" is_ac="true">in the last place at restoration Harbor</p>
  <p time="527880" is_ac="true">you put that in there I'm just saying</p>
  <p time="529640" is_ac="true">the people are grossed out so we need to</p>
  <p time="531720" is_ac="true">rethink this do we want this to go you</p>
  <p time="533399" is_ac="true">guys do you guys want the bath review</p>
  <p time="534959" is_ac="true">continued or should we veto it all</p>
  <p time="536880" is_ac="true">together guess I'm not doing it today I</p>
  <p time="538560" is_ac="true">think we need to let the people decide</p>
  <p time="539760" is_ac="true">do they want it they have to let us know</p>
  <p time="541519" is_ac="true">you put that in the video I was filming</p>
  <p time="543160" is_ac="true">that just for you well why did you put</p>
  <p time="544640" is_ac="true">it in the files drive cuz you said put</p>
  <p time="547519" is_ac="true">it in the FES it's funny it's his fault</p>
  <p time="550399" is_ac="true">our last but not least dish just so</p>
  <p time="552720" is_ac="true">happens to be some fried fish we also</p>
  <p time="555800" is_ac="true">have some onion rings and some Huff</p>
  <p time="557880" is_ac="true">bunnies so we're going to go right at</p>
  <p time="559480" is_ac="true">this usually we put lemon on our fish</p>
  <p time="561440" is_ac="true">sticks but we're going to dip them right</p>
  <p time="562440" is_ac="true">into this Tarter they just came out of</p>
  <p time="563880" is_ac="true">frying oil so it's going to be hot let's</p>
  <p time="565800" is_ac="true">try an onion ring I'm going to dip it in</p>
  <p time="568360" is_ac="true">ketchup</p>
  <p time="571320" is_ac="true">pretty good quality onion rings like</p>
  <p time="573399" is_ac="true">tastes like pretty fresh took a long</p>
  <p time="574720" is_ac="true">time I B myself cuz they're snapping</p>
  <p time="576920" is_ac="true">when you bite the Frozen one might pull</p>
  <p time="578320" is_ac="true">apart and be limp</p>
  <p time="581480" is_ac="true">here she said her parents bought this</p>
  <p time="583720" is_ac="true">place out of just hindsight just random</p>
  <p time="586399" is_ac="true">just bored one day helping a friend and</p>
  <p time="588320" is_ac="true">now she might have found her calling</p>
  <p time="590600" is_ac="true">yeah let's try this though okay so I</p>
  <p time="591839" is_ac="true">don't know what kind of fish this is</p>
  <p time="593279" is_ac="true">might be trout bass white</p>
  <p time="597160" is_ac="true">fish wow that's tasty but it's really</p>
  <p time="600200" is_ac="true">weird the outside's very strong and hard</p>
  <p time="602079" is_ac="true">and the inside's just like mush but it</p>
  <p time="603959" is_ac="true">still has good flavor which is</p>
  <p time="605519" is_ac="true">interesting I'm just not sure I'm loving</p>
  <p time="607399" is_ac="true">that texture I saw her she battered it</p>
  <p time="609680" is_ac="true">herself right yeah wow I don't think the</p>
  <p time="611920" is_ac="true">fish is that good though this is the one</p>
  <p time="613800" is_ac="true">I'm not a huge stand of yeah I mean we</p>
  <p time="615600" is_ac="true">really carried this video this place has</p>
  <p time="616959" is_ac="true">carried it with a lot of great items and</p>
  <p time="618560" is_ac="true">even this item has its qualities that</p>
  <p time="620320" is_ac="true">are great like the batter of the fish</p>
  <p time="622279" is_ac="true">the onion rings let's try these Hush</p>
  <p time="626120" is_ac="true">Puppies those are good too sl Sweet nice</p>
  <p time="629920" is_ac="true">yeah I'm going to say it man this place</p>
  <p time="631399" is_ac="true">is pretty good so we're going to get</p>
  <p time="632680" is_ac="true">home and we're going to create the</p>
  <p time="633880" is_ac="true">rating for this place so% let's get the</p>
  <p time="636360" is_ac="true">check and let's see what this all cost</p>
  <p time="637680" is_ac="true">us all righty folks we are back home and</p>
  <p time="639920" is_ac="true">it is time for us to create that rating</p>
  <p time="642160" is_ac="true">but first how do you feel I feel good</p>
  <p time="644120" is_ac="true">40-minute drive home I feel great too so</p>
  <p time="646560" is_ac="true">that is something to consider now let's</p>
  <p time="648760" is_ac="true">get into it and let's start creating</p>
  <p time="650240" is_ac="true">that rating my man go for it I'll start</p>
  <p time="652880" is_ac="true">so I was the first to review and I left</p>
  <p time="654720" is_ac="true">a four star this is what I said great</p>
  <p time="657639" is_ac="true">bar with great food and people brand new</p>
  <p time="660320" is_ac="true">owners are awesome and are definitely</p>
  <p time="662120" is_ac="true">killing it on the grill just got home</p>
  <p time="664160" is_ac="true">and I can honestly say I'd be back the</p>
  <p time="666040" is_ac="true">food was on point for it being bar food</p>
  <p time="668200" is_ac="true">it most definitely had great flavor the</p>
  <p time="670079" is_ac="true">Smash Burger was my fav so delicious and</p>
  <p time="672360" is_ac="true">juicy my mouth is watering just thinking</p>
  <p time="674279" is_ac="true">about it also very reasonable pricing</p>
  <p time="676680" is_ac="true">for food and for</p>
  <p time="680839" is_ac="true">drinks all right I left a five star and</p>
  <p time="684079" is_ac="true">this is what I wrote was not expecting</p>
  <p time="686079" is_ac="true">such good food coming out of this little</p>
  <p time="688120" is_ac="true">bar super cozy little dive bar with fun</p>
  <p time="690440" is_ac="true">games like darts and pool I had the</p>
  <p time="692360" is_ac="true">buffalo chicken wrap cheeseburger fried</p>
  <p time="694160" is_ac="true">jalapenos and fish basket and I can say</p>
  <p time="696279" is_ac="true">that burger and wrap was insane we'll de</p>
  <p time="698720" is_ac="true">Drive the 40 minutes from Nashville any</p>
  <p time="700720" is_ac="true">day of the week posted all right so</p>
  <p time="703480" is_ac="true">there's our reviews leaving this</p>
  <p time="705480" is_ac="true">business with a four and a half star</p>
  <p time="707360" is_ac="true">rating just right off the bat the reason</p>
  <p time="709560" is_ac="true">I left a four- star instead of a five</p>
  <p time="711040" is_ac="true">star is because a five star is like</p>
  <p time="713040" is_ac="true">perfect everything has to be absolutely</p>
  <p time="715360" is_ac="true">perfect and it was good don't get me</p>
  <p time="717200" is_ac="true">wrong but five stars like that's a reach</p>
  <p time="719279" is_ac="true">she was a one woman show she cooked</p>
  <p time="721160" is_ac="true">everything she was handling her business</p>
  <p time="722920" is_ac="true">she knew how to cook this are new ways</p>
  <p time="724639" is_ac="true">of clapping I I just let's give it up</p>
  <p time="726560" is_ac="true">for her what what we that Jennifer movie</p>
  <p time="728639" is_ac="true">yep it's quieter and it's less uh</p>
  <p time="730639" is_ac="true">aggressive anyways guys there you have</p>
  <p time="732519" is_ac="true">it I hope you guys enjoyed this create</p>
  <p time="733920" is_ac="true">the rating if you want more hit the</p>
  <p time="735600" is_ac="true">thumbs up comment down below pick up the</p>
  <p time="737360" is_ac="true">merch Brant taylor.com and until next</p>
  <p time="739800" is_ac="true">time I'll see you guys later peace oh</p>
  <p time="742560" is_ac="true">wait by the way by the time you're</p>
  <p time="744000" is_ac="true">watching this there's a new song out</p>
  <p time="745720" is_ac="true">right now called hated go stream it</p>
  <p time="748320" is_ac="true">check it out all right peace remember</p>
  <p time="750240" is_ac="true">what I said a long time ago told you you</p>
  <p time="753320" is_ac="true">could stay but then I let you go haven't</p>
  <p time="755880" is_ac="true">talked in a while I've been far from</p>
  <p time="758040" is_ac="true">home you been lonely without me I know</p>
  <p time="761279" is_ac="true">everybody want to say something</p>
</text>
