<?xml version='1.0' encoding='UTF-8'?>
<text date_d="1" date_m="12" date_y="2021" format="srv3" age_limit="0" comment_count="2600" description="Yes, I spent $15,000 on food in one day. But before you judge, wait until you see what three star dining looks like. In just a day, I ate breakfast at a one Michelin star restaurant, lunch at a two star, and dinner at a three star. Even getting a reservation at a Michelin star restaurant is difficult, let alone actually dining and stomaching the often steep price of the meal. &#10;&#10;I want to give a massive thanks to the three restaurants and their amazing teams for allowing us to document the experience and even venture into their sacred kitchens. Those of you watching should consider yourselves lucky, too. Seeing behind-the-scenes in such high-end kitchens is something truly special. &#10;&#10;Rezdôra - ONE MICHELIN STAR &#10;Website: https://www.rezdora.nyc &#10;&#10;Gabriel Kreuther - TWO MICHELIN STAR &#10;Cookbook: https://amzn.to/3FX4obo &#10;&#10;Per Se - THREE MICHELIN STAR &#10;Website: https://www.thomaskeller.com/perseny &#10;&#10;SUBSCRIBE TO CATCH GORDON RAMSAY &#10;╔═╦╗╔╦╗╔═╦═╦╦╦╦╗╔═╗&#10;║╚╣║║║╚╣╚╣╔╣╔╣║╚╣═╣ &#10;╠╗║╚╝║║╠╗║╚╣║║║║║═╣&#10;╚═╩══╩═╩═╩═╩╝╚╩═╩═╝&#10;&#10;-------------------------------------------------------------------&#10;follow all of these for a bite&#10;&#10;• Snapchat - https://www.snapchat.com/add/nick.digiovanni&#10;• Instagram - https://www.instagram.com/nick.digiovanni/ &#10;• TikTok - https://www.tiktok.com/@nick.digiovanni&#10;• Facebook - https://www.facebook.com/nick.digiovanni &#10;• Text Me - https://laylo.com/nickdigiovanni &#10;-------------------------------------------------------------------" fulltitle="Eating A $3,000 Michelin Star Dinner" like_count="124297" location="na" playlist_title="na" release_date="na" upload_date="20211201" repost_count="na" tags="michelin; michelinstar; finedining; gourmet; Nick DiGiovanni; Cooking; Food; Chef; Recipe; Gordon Ramsay; Kitchen; ASMR; MasterChef; Osmo Salt; Salt Bae; Learn To Cook; Knife Drop; Cookbook; Kid-Friendly; Kid’s Recipes; Kid’s Cooking; " title="Eating A $3,000 Michelin Star Dinner" uploader="Nick DiGiovanni" view_count="4147732" webpage_url="https://www.youtube.com/watch?v=NiT7PBiEooo" autocaption="true">
  <p time="0" is_ac="true">most of you probably know what a</p>
  <p time="1360" is_ac="true">michelin star restaurant is or at least</p>
  <p time="3199" is_ac="true">what it means it's the best of the best</p>
  <p time="5279" is_ac="true">yet the vast majority of us will never</p>
  <p time="7120" is_ac="true">ever get to dine at one why it's</p>
  <p time="8880" is_ac="true">expensive super hard to get a</p>
  <p time="10400" is_ac="true">reservation and there just aren't many</p>
  <p time="11840" is_ac="true">of them but today i'm only gonna eat at</p>
  <p time="13679" is_ac="true">michelin star restaurant for the entire</p>
  <p time="15679" is_ac="true">day before i go don't forget to like the</p>
  <p time="17359" is_ac="true">video because this one's going to be</p>
  <p time="18400" is_ac="true">expensive let's take a field trip before</p>
  <p time="20400" is_ac="true">we start i do want to give you a little</p>
  <p time="22160" is_ac="true">rundown of what exactly we should be</p>
  <p time="23519" is_ac="true">expecting today what is a michelin star</p>
  <p time="25359" is_ac="true">restaurant most people will never even</p>
  <p time="26880" is_ac="true">get to try a one michelin star</p>
  <p time="28400" is_ac="true">restaurant let alone a three which we're</p>
  <p time="29840" is_ac="true">gonna be trying later today and for</p>
  <p time="31359" is_ac="true">those that don't know the michelin guide</p>
  <p time="32800" is_ac="true">is a series of guidebooks that</p>
  <p time="34079" is_ac="true">essentially tell you what the best of</p>
  <p time="35680" is_ac="true">the best restaurants are i do all sorts</p>
  <p time="37520" is_ac="true">of things with food and even i have only</p>
  <p time="39040" is_ac="true">eaten at two or three michelin star</p>
  <p time="40559" is_ac="true">restaurants</p>
  <p time="42399" is_ac="true">and even i have only met two or three</p>
  <p time="44239" is_ac="true">michelin star restaurants in my entire</p>
  <p time="46000" is_ac="true">life and today we're eating at them the</p>
  <p time="47440" is_ac="true">entire day for breakfast lunch and</p>
  <p time="49039" is_ac="true">dinner let's head into the first one the</p>
  <p time="50480" is_ac="true">first restaurant here is called risdora</p>
  <p time="52079" is_ac="true">it's a one michelin star so we're</p>
  <p time="53440" is_ac="true">starting off slower but we're going to</p>
  <p time="54480" is_ac="true">build up very quickly so let's head in</p>
  <p time="57710" is_ac="true">[Music]</p>
  <p time="75759" is_ac="true">it gave me a nice cocktail it does have</p>
  <p time="77840" is_ac="true">booze in it is that crack manny that's</p>
  <p time="79280" is_ac="true">correct that is correct never too early</p>
  <p time="80880" is_ac="true">things are gonna get wild today</p>
  <p time="83520" is_ac="true">it's really good actually</p>
  <p time="85600" is_ac="true">thank you so much guys thank you before</p>
  <p time="87600" is_ac="true">we explain what are both of your names</p>
  <p time="90159" is_ac="true">i'm a diary this is chef every star ciao</p>
  <p time="93040" is_ac="true">i'm dominique limardo i'm the executive</p>
  <p time="94960" is_ac="true">pastry chef at risdora</p>
  <p time="96680" is_ac="true">[Music]</p>
  <p time="101360" is_ac="true">so here we have our wobo nino burgesa</p>
  <p time="104640" is_ac="true">what's neat about it is in the center of</p>
  <p time="106479" is_ac="true">this raviola there is an egg yolk so as</p>
  <p time="108560" is_ac="true">you cut it you're going to see like a</p>
  <p time="110079" is_ac="true">nice egg yolk open up and pour out here</p>
  <p time="112640" is_ac="true">we go i know it's a lot of pressure</p>
  <p time="114240" is_ac="true">right</p>
  <p time="115680" is_ac="true">pull it open but it looks like yeah oh</p>
  <p time="118799" is_ac="true">it looks pretty perfect</p>
  <p time="120320" is_ac="true">look at that that's so beautiful you</p>
  <p time="121759" is_ac="true">nailed it we have focaccia so this is</p>
  <p time="123840" is_ac="true">supposed to remind you of sitting on the</p>
  <p time="125280" is_ac="true">beautiful streets of italy chowing down</p>
  <p time="127680" is_ac="true">on on on prosciutto and fashion</p>
  <p time="130800" is_ac="true">perfect okay and then steak and eggs so</p>
  <p time="132959" is_ac="true">steak and eggs so here we took an</p>
  <p time="134560" is_ac="true">american brunch dish uh so we have</p>
  <p time="136080" is_ac="true">parmigiano and the whole industrial eggs</p>
  <p time="138879" is_ac="true">on top of the arugula salad the hanger</p>
  <p time="140800" is_ac="true">steak we actually marinated in balsamic</p>
  <p time="142560" is_ac="true">vinegar the whole dish is tied together</p>
  <p time="144239" is_ac="true">by that parmesan yes and the last one</p>
  <p time="146000" is_ac="true">here so the staple of restaurant noco</p>
  <p time="148319" is_ac="true">frito it's a fried dough use sparkling</p>
  <p time="150879" is_ac="true">water in it it's topped with moridella</p>
  <p time="153280" is_ac="true">prosciutto and culpa and does the</p>
  <p time="155440" is_ac="true">sparkling water get a little lighter and</p>
  <p time="156959" is_ac="true">fluffier is that the idea so i think we</p>
  <p time="158640" is_ac="true">should try the egg yolk raviolo as the</p>
  <p time="160239" is_ac="true">first dish we've obviously already cut</p>
  <p time="161519" is_ac="true">it open it's got those white truffles</p>
  <p time="162879" is_ac="true">it's got the mushroom in there it's got</p>
  <p time="164160" is_ac="true">the nice egg sauce on the bottom</p>
  <p time="166390" is_ac="true">[Music]</p>
  <p time="168720" is_ac="true">the coolest part about that dish right</p>
  <p time="169920" is_ac="true">there is that you can actually taste the</p>
  <p time="171200" is_ac="true">truffle but it's not overwhelming it</p>
  <p time="172400" is_ac="true">doesn't punch you in the face it's</p>
  <p time="173840" is_ac="true">perfect the egg yolk sauce there on the</p>
  <p time="175440" is_ac="true">bottom pulls the whole thing together</p>
  <p time="176800" is_ac="true">with this really gooey sticky and almost</p>
  <p time="178560" is_ac="true">kind of creamy sauce for the pasta it's</p>
  <p time="180400" is_ac="true">also just mind-blowingly delicious this</p>
  <p time="182480" is_ac="true">is the focaccia the one that's supposed</p>
  <p time="183760" is_ac="true">to remind you of sitting on the</p>
  <p time="184800" is_ac="true">beautiful italian streets or countryside</p>
  <p time="189200" is_ac="true">um</p>
  <p time="190400" is_ac="true">given that this is our start to the day</p>
  <p time="191920" is_ac="true">this is our one michelin star but also</p>
  <p time="193280" is_ac="true">more of our kind of breakfast brunch</p>
  <p time="194720" is_ac="true">type place we have a steak and eggs dish</p>
  <p time="196800" is_ac="true">and i feel like this is the one that i'm</p>
  <p time="198319" is_ac="true">most excited to try it also kind of</p>
  <p time="199920" is_ac="true">represents most what we're doing for</p>
  <p time="201280" is_ac="true">this first stop of the day now when i</p>
  <p time="203040" is_ac="true">eat i'm a big fan of always taking a</p>
  <p time="204959" is_ac="true">well-rounded bite which means that you</p>
  <p time="206239" is_ac="true">have to have each part perfectly layered</p>
  <p time="208080" is_ac="true">on that single bite that you take but</p>
  <p time="209599" is_ac="true">let's try it out</p>
  <p time="211360" is_ac="true">what i love about this dish is that the</p>
  <p time="213040" is_ac="true">chef treated all three components very</p>
  <p time="214799" is_ac="true">differently but also the attention to</p>
  <p time="216239" is_ac="true">detail is super super evident that steak</p>
  <p time="218159" is_ac="true">obviously has all that balsamic in there</p>
  <p time="219760" is_ac="true">while the eggs are really fluffy creamy</p>
  <p time="221599" is_ac="true">with that parmesan cheese in there and</p>
  <p time="222879" is_ac="true">then the salad just kind of brings it</p>
  <p time="224080" is_ac="true">all together with that super light</p>
  <p time="225360" is_ac="true">crispiness at the end this final dish</p>
  <p time="227040" is_ac="true">the specialty of the restaurant it's the</p>
  <p time="228480" is_ac="true">most simple but often those are the best</p>
  <p time="230080" is_ac="true">bites you'll ever have in a place it's</p>
  <p time="231599" is_ac="true">very simple a fried dough ball with a</p>
  <p time="233040" is_ac="true">little bit of prosciutto or meat on top</p>
  <p time="237680" is_ac="true">nothing no</p>
  <p time="239439" is_ac="true">this is one of those bites that you have</p>
  <p time="240640" is_ac="true">to eat right out of the deep fryer it's</p>
  <p time="241920" is_ac="true">got to be piping hot and delicious that</p>
  <p time="243760" is_ac="true">dough is soft and chewy and it's really</p>
  <p time="245599" is_ac="true">cool that you can bite into this light</p>
  <p time="246959" is_ac="true">fluffy shell you're gonna have to give</p>
  <p time="248239" is_ac="true">me a few minutes to finish all this food</p>
  <p time="251040" is_ac="true">this concludes our one michelin star</p>
  <p time="252560" is_ac="true">stop and we're ready to head to the next</p>
  <p time="253760" is_ac="true">one to me it's already evident why a</p>
  <p time="255200" is_ac="true">place like this will get a one star over</p>
  <p time="256799" is_ac="true">a traditional restaurant but what will</p>
  <p time="258160" is_ac="true">actually separate a one from a two from</p>
  <p time="259680" is_ac="true">a three let's go find out</p>
  <p time="263199" is_ac="true">so the one michelin star restaurant was</p>
  <p time="264800" is_ac="true">fantastic but now we are headed to two</p>
  <p time="266880" is_ac="true">gabriel cuther i think i'm saying the</p>
  <p time="268720" is_ac="true">name right but we'll find out in a few</p>
  <p time="270080" is_ac="true">minutes and i have a little fun fact for</p>
  <p time="271680" is_ac="true">you as we head to the next restaurant</p>
  <p time="273040" is_ac="true">believe it or not the michelin guide was</p>
  <p time="274560" is_ac="true">actually founded by the actual michelin</p>
  <p time="276400" is_ac="true">tire company you know the big fluffy</p>
  <p time="278000" is_ac="true">looking michelin man back when this was</p>
  <p time="279520" is_ac="true">founded in the early 1900s there were</p>
  <p time="281280" is_ac="true">only a couple hundred cars in all of</p>
  <p time="283199" is_ac="true">france and this michelin guide was given</p>
  <p time="285040" is_ac="true">to people for free in hopes that more</p>
  <p time="286479" is_ac="true">people would buy cars so the goal wasn't</p>
  <p time="288320" is_ac="true">actually primarily to guide people to</p>
  <p time="289919" is_ac="true">good food instead it was to get them to</p>
  <p time="291360" is_ac="true">use as many tires as possible to make</p>
  <p time="293199" is_ac="true">these brothers as much money as they</p>
  <p time="294720" is_ac="true">could make just thought i'd toss a</p>
  <p time="296000" is_ac="true">little factoid on you for today he just</p>
  <p time="297680" is_ac="true">subscribed he just subscribed yeah give</p>
  <p time="299919" is_ac="true">me a facebook</p>
  <p time="303120" is_ac="true">this is our two michelin star restaurant</p>
  <p time="304800" is_ac="true">gabriel cruther i think we were missing</p>
  <p time="306639" is_ac="true">the r back in the car right here we've</p>
  <p time="308160" is_ac="true">got the two michelin stars let's go</p>
  <p time="309520" is_ac="true">inside and see the real plaque you can</p>
  <p time="311120" is_ac="true">already tell this is going to be an</p>
  <p time="312160" is_ac="true">incredible meal i'm i'm salivating</p>
  <p time="314220" is_ac="true">[Music]</p>
  <p time="318560" is_ac="true">so we've reached the two michelin star</p>
  <p time="320320" is_ac="true">restaurant i don't know if i mentioned</p>
  <p time="321520" is_ac="true">this earlier but one michelin star means</p>
  <p time="323440" is_ac="true">it's high quality cooking and worth a</p>
  <p time="325280" is_ac="true">stop when you step up to two michelin</p>
  <p time="327039" is_ac="true">stars it means it's excellent food</p>
  <p time="328639" is_ac="true">excellent cooking but worth a detour as</p>
  <p time="330800" is_ac="true">in if you're in new york city and have</p>
  <p time="332000" is_ac="true">to travel halfway across the city to get</p>
  <p time="333840" is_ac="true">there you should do it</p>
  <p time="336720" is_ac="true">we are now going to watch the most</p>
  <p time="338000" is_ac="true">commonly ordered drink here be made</p>
  <p time="343600" is_ac="true">the name of this cocktail is a plot of</p>
  <p time="345360" is_ac="true">the dragon blood of the dragon</p>
  <p time="347860" is_ac="true">[Applause]</p>
  <p time="349520" is_ac="true">we are letting the chef go ahead and</p>
  <p time="350880" is_ac="true">give us whatever he wants so i'm super</p>
  <p time="352560" is_ac="true">excited to see what he brings out the</p>
  <p time="353919" is_ac="true">whole menu or wine menu elise is on the</p>
  <p time="356560" is_ac="true">the ipad look at this i mean you could</p>
  <p time="358639" is_ac="true">drink for years in this place</p>
  <p time="360850" is_ac="true">[Music]</p>
  <p time="366479" is_ac="true">almost 100 full pages of different</p>
  <p time="368160" is_ac="true">alcoholic choices here</p>
  <p time="370490" is_ac="true">[Music]</p>
  <p time="373520" is_ac="true">cheers</p>
  <p time="374880" is_ac="true">boom wow</p>
  <p time="376560" is_ac="true">so the drink is a beer cocktail actually</p>
  <p time="378720" is_ac="true">i've never heard that term before</p>
  <p time="380560" is_ac="true">made with some sort of liqueur that's</p>
  <p time="382479" is_ac="true">that's illegal technically then you see</p>
  <p time="384800" is_ac="true">the bread here which you can already</p>
  <p time="386400" is_ac="true">tell it's just very fancy bread it comes</p>
  <p time="387919" is_ac="true">in a beautiful presentation what i'm</p>
  <p time="389840" is_ac="true">extremely excited for are these little</p>
  <p time="391360" is_ac="true">arancini bites that italian dish with</p>
  <p time="393360" is_ac="true">some saffron in there and then some</p>
  <p time="394639" is_ac="true">caviar on top they're beautiful</p>
  <p time="396160" is_ac="true">naturally i think it would be fair to</p>
  <p time="397680" is_ac="true">start off with the bread it's very very</p>
  <p time="399520" is_ac="true">hot and flaky on the outside almost like</p>
  <p time="401600" is_ac="true">a croissant i'm going to dip it into</p>
  <p time="403120" is_ac="true">this light and foamy mixture here</p>
  <p time="407440" is_ac="true">not a really good friend whenever i get</p>
  <p time="409199" is_ac="true">to a restaurant and they've taken the</p>
  <p time="410479" is_ac="true">time to make the bread really good i</p>
  <p time="411919" is_ac="true">know i'm in for a treat for the whole</p>
  <p time="413360" is_ac="true">meal i am always in for a good bite of</p>
  <p time="415360" is_ac="true">caviar</p>
  <p time="417440" is_ac="true">the best thing i can say about that bite</p>
  <p time="418800" is_ac="true">right there is that it's extremely well</p>
  <p time="420880" is_ac="true">balanced the caviar on top is fatty has</p>
  <p time="422639" is_ac="true">that salt you have that really citrusy</p>
  <p time="424400" is_ac="true">gel that's holding it up and the</p>
  <p time="425680" is_ac="true">orangini is warm and crispy even though</p>
  <p time="427599" is_ac="true">it's very small this dish almost hits on</p>
  <p time="429360" is_ac="true">every single little thing you want in a</p>
  <p time="430960" is_ac="true">good bite of food let's move on to the</p>
  <p time="432319" is_ac="true">next course</p>
  <p time="434730" is_ac="true">[Music]</p>
  <p time="438720" is_ac="true">so we have two different wines uh paired</p>
  <p time="440319" is_ac="true">for the entrees here uh the first one</p>
  <p time="442400" is_ac="true">2011 leon bayer compta eggleshan this is</p>
  <p time="445759" is_ac="true">a very special soil this riesling is</p>
  <p time="447520" is_ac="true">grown on muscle car it's a very hard</p>
  <p time="449599" is_ac="true">soil you get a very well built very</p>
  <p time="451520" is_ac="true">structured style of riesling here this</p>
  <p time="453840" is_ac="true">is a very classic producer kyugel this</p>
  <p time="456400" is_ac="true">is their pinot noir grocery lau or grand</p>
  <p time="458880" is_ac="true">cru 2012</p>
  <p time="460639" is_ac="true">is one of the most important producers</p>
  <p time="462240" is_ac="true">and they make a beautiful example of</p>
  <p time="464240" is_ac="true">pinot noir and all sauce here we have a</p>
  <p time="466319" is_ac="true">red grape that ripens very well and</p>
  <p time="468160" is_ac="true">produce a really complex style fog rock</p>
  <p time="470479" is_ac="true">can often be a controversial ingredient</p>
  <p time="472160" is_ac="true">though it's probably one of my favorite</p>
  <p time="473599" is_ac="true">flavors and foods out there and you'll</p>
  <p time="475120" is_ac="true">see it a lot in french cuisine i'll take</p>
  <p time="476800" is_ac="true">a nice small sliver and put a little bit</p>
  <p time="478639" is_ac="true">of the pistachio on there like i said</p>
  <p time="480720" is_ac="true">well-rounded bites</p>
  <p time="483360" is_ac="true">bhagra is extremely fatty super</p>
  <p time="485520" is_ac="true">flavorful but doesn't have too</p>
  <p time="486800" is_ac="true">aggressive of a liver flavor and this</p>
  <p time="488479" is_ac="true">dish does a really good job of giving us</p>
  <p time="490080" is_ac="true">some of those acidic notes to balance</p>
  <p time="491840" is_ac="true">out the fattiness of that foie gras this</p>
  <p time="493680" is_ac="true">is a very unique presentation of a</p>
  <p time="495440" is_ac="true">waffle</p>
  <p time="497280" is_ac="true">while i'm not exactly sure whether</p>
  <p time="498720" is_ac="true">that's supposed to pair with the farm</p>
  <p time="500000" is_ac="true">bra this here is actually one of my</p>
  <p time="501360" is_ac="true">favorite bites from the day it reminds</p>
  <p time="502800" is_ac="true">me a ton of pizzelle of those italian</p>
  <p time="505280" is_ac="true">anise flavored cookies and it has this</p>
  <p time="507199" is_ac="true">really cool smoked jam on the inside</p>
  <p time="508879" is_ac="true">that brings it all together i'm always</p>
  <p time="510639" is_ac="true">very big into kudos and this one looks</p>
  <p time="512240" is_ac="true">extremely creative with the fermented</p>
  <p time="514159" is_ac="true">farro which i've never had before those</p>
  <p time="516000" is_ac="true">light crispy looking cucumbers and the</p>
  <p time="517599" is_ac="true">fatty fatty toro fish there's also a</p>
  <p time="519519" is_ac="true">yuzu sauce over the top which is one of</p>
  <p time="521120" is_ac="true">my favorite all-time ingredients in</p>
  <p time="522719" is_ac="true">cooking</p>
  <p time="524880" is_ac="true">honestly because of the creativity</p>
  <p time="526320" is_ac="true">behind this dish right here i would say</p>
  <p time="527600" is_ac="true">this is probably my favorite bite of the</p>
  <p time="529200" is_ac="true">day so far so do you happen to know why</p>
  <p time="531360" is_ac="true">the silverware is tilted one way yeah</p>
  <p time="533920" is_ac="true">there are there um ergonomic for a</p>
  <p time="535680" is_ac="true">right-handed guest uh we also have a</p>
  <p time="537279" is_ac="true">separate set for left-handed guests as</p>
  <p time="538880" is_ac="true">well we'll pay attention to the guests</p>
  <p time="540399" is_ac="true">when they eat their first two no way</p>
  <p time="542560" is_ac="true">we'll pay attention and see what hand</p>
  <p time="543920" is_ac="true">they use and then we'll make a little</p>
  <p time="545120" is_ac="true">note and adjust accordingly like i said</p>
  <p time="547040" is_ac="true">the attention to detail in a michelin</p>
  <p time="549279" is_ac="true">star restaurant is sort of what sets</p>
  <p time="550880" is_ac="true">different places apart thank you</p>
  <p time="553680" is_ac="true">[Applause]</p>
  <p time="554090" is_ac="true">[Music]</p>
  <p time="556800" is_ac="true">first let's go ahead and try the steak</p>
  <p time="559200" is_ac="true">[Music]</p>
  <p time="560320" is_ac="true">and now for the fish</p>
  <p time="564000" is_ac="true">that is a special bite fish is something</p>
  <p time="565600" is_ac="true">that can so easily be dry or just sad</p>
  <p time="567839" is_ac="true">and bland but this is a true flavor</p>
  <p time="570160" is_ac="true">explosion when you eat it and once again</p>
  <p time="571760" is_ac="true">it has all those individual elements</p>
  <p time="573440" is_ac="true">that taste so incredibly good together</p>
  <p time="575200" is_ac="true">so this is the pig carpaccio with olive</p>
  <p time="576800" is_ac="true">oil ice cream and nutmeg tweel minnie</p>
  <p time="578560" is_ac="true">gets olive oil ice cream for the first</p>
  <p time="580080" is_ac="true">time wow you like it that's like not</p>
  <p time="581760" is_ac="true">what i expected but i like it it's</p>
  <p time="583680" is_ac="true">really smooth</p>
  <p time="585600" is_ac="true">it's super simple the figs are obviously</p>
  <p time="587839" is_ac="true">super super fresh you can lightly taste</p>
  <p time="589839" is_ac="true">the olive oil in there but it's just</p>
  <p time="590959" is_ac="true">soft creamy this is a cocktail that we</p>
  <p time="592800" is_ac="true">wanted to share with you uh it's</p>
  <p time="594080" is_ac="true">something that is truly connected to</p>
  <p time="595440" is_ac="true">chef and his cookbook so this is</p>
  <p time="596959" is_ac="true">inspired by a hemingway daiquiri which</p>
  <p time="598560" is_ac="true">is traditionally rum grapefruits</p>
  <p time="600320" is_ac="true">maraschino cherry liqueur and lime it's</p>
  <p time="602320" is_ac="true">really inspired by chef koi there's</p>
  <p time="603839" is_ac="true">memories of summer</p>
  <p time="604950" is_ac="true">[Music]</p>
  <p time="607680" is_ac="true">here's the world amazon plus for the</p>
  <p time="609120" is_ac="true">dessert</p>
  <p time="610000" is_ac="true">and everything is done to all of that</p>
  <p time="611760" is_ac="true">you know explain to people what nissan</p>
  <p time="613680" is_ac="true">plus is mison plus is any step that you</p>
  <p time="616399" is_ac="true">can do ahead to be prepared when the</p>
  <p time="618640" is_ac="true">order comes in so you can put things</p>
  <p time="620240" is_ac="true">together it means everything in its</p>
  <p time="622000" is_ac="true">place everything in its place calculated</p>
  <p time="624800" is_ac="true">that's so that when service is happening</p>
  <p time="627120" is_ac="true">every single move is calculated timely</p>
  <p time="630399" is_ac="true">and the food is up to par and perfect</p>
  <p time="632720" is_ac="true">you know with crispiness</p>
  <p time="634640" is_ac="true">beyond perfect that's what we're trying</p>
  <p time="636240" is_ac="true">to achieve you know perfect doesn't</p>
  <p time="637680" is_ac="true">exist</p>
  <p time="639120" is_ac="true">i know you have the cookbook can you</p>
  <p time="640800" is_ac="true">talk to me about it this is beautiful</p>
  <p time="642800" is_ac="true">this is a project that people are asking</p>
  <p time="644959" is_ac="true">me to write a cookbook and i always put</p>
  <p time="647200" is_ac="true">it off and put it off and then this time</p>
  <p time="649279" is_ac="true">i accepted to do it because i was</p>
  <p time="651440" is_ac="true">prompted to dig into my rules they</p>
  <p time="654480" is_ac="true">wanted me to do talk about isis the</p>
  <p time="656880" is_ac="true">region i grew up in i know some chefs</p>
  <p time="658880" is_ac="true">don't want to give away their secrets</p>
  <p time="660240" is_ac="true">and their techniques do you put</p>
  <p time="661680" is_ac="true">everything in here that you're doing in</p>
  <p time="662800" is_ac="true">the kitchen or is this sort of a</p>
  <p time="664000" is_ac="true">spin-off the waffle recipe is in here in</p>
  <p time="666000" is_ac="true">a recipe is only a recipe and then comes</p>
  <p time="667760" is_ac="true">technique and then comes mastering the</p>
  <p time="669360" is_ac="true">technique yeah so it's not because you</p>
  <p time="671360" is_ac="true">have the recipe that you're going to be</p>
  <p time="672640" is_ac="true">the best cook in the world there are</p>
  <p time="673760" is_ac="true">many recipes in out there and it's not</p>
  <p time="675519" is_ac="true">because somebody's trying to do it that</p>
  <p time="677279" is_ac="true">they're going to get that result you</p>
  <p time="678880" is_ac="true">know everything you see in this place</p>
  <p time="680880" is_ac="true">has a story so what i like about what</p>
  <p time="682640" is_ac="true">you're doing here is you're creating a</p>
  <p time="684000" is_ac="true">lot of dishes based on your childhood</p>
  <p time="685680" is_ac="true">experiences</p>
  <p time="686880" is_ac="true">and that's the kind of town i grew up in</p>
  <p time="688720" is_ac="true">you know in a very small town thousand</p>
  <p time="690560" is_ac="true">people living in the town i grew up on a</p>
  <p time="692079" is_ac="true">farm all the traditionalization recipes</p>
  <p time="694959" is_ac="true">that i used to work with that my mother</p>
  <p time="697360" is_ac="true">made and then in the back you have</p>
  <p time="698560" is_ac="true">restaurant recipes yeah i hope you won't</p>
  <p time="700240" is_ac="true">mind if i still</p>
  <p time="707600" is_ac="true">i want people to enjoy them i want</p>
  <p time="709040" is_ac="true">people to get interested in cooking for</p>
  <p time="710880" is_ac="true">themselves get interested in the</p>
  <p time="712560" is_ac="true">opponents what we went through with the</p>
  <p time="714720" is_ac="true">pandemic taught people that all those</p>
  <p time="717760" is_ac="true">little things that we took for granted</p>
  <p time="719760" is_ac="true">are actually very important and that</p>
  <p time="722000" is_ac="true">sitting out on the table with good food</p>
  <p time="723600" is_ac="true">is so important</p>
  <p time="725720" is_ac="true">[Music]</p>
  <p time="727680" is_ac="true">we are late to the three michelin star</p>
  <p time="729200" is_ac="true">meal which is not a meal you want to be</p>
  <p time="730800" is_ac="true">late to so let's go</p>
  <p time="732140" is_ac="true">[Music]</p>
  <p time="736000" is_ac="true">we have arrived at our three michelin</p>
  <p time="737519" is_ac="true">star restaurant i got to put on my</p>
  <p time="738800" is_ac="true">jacket for this one obviously and the</p>
  <p time="740560" is_ac="true">definition of a three michelin star</p>
  <p time="742079" is_ac="true">restaurant is exceptional cuisine that's</p>
  <p time="743839" is_ac="true">worth a special journey meaning they</p>
  <p time="745360" is_ac="true">highly suggest you travel even long</p>
  <p time="747040" is_ac="true">distances to eat there let's go</p>
  <p time="751279" is_ac="true">the last place i'd expect to find a</p>
  <p time="752959" is_ac="true">three michelin star restaurant is inside</p>
  <p time="754720" is_ac="true">a mall</p>
  <p time="759360" is_ac="true">so we just sat down we were greeted by a</p>
  <p time="761279" is_ac="true">nice glass of champagne the tasting menu</p>
  <p time="763440" is_ac="true">here is nine different courses i feel</p>
  <p time="765279" is_ac="true">like nine is gonna be that perfect sweet</p>
  <p time="766800" is_ac="true">spot where we get a few small bites some</p>
  <p time="768639" is_ac="true">larger courses in the middle and some</p>
  <p time="770000" is_ac="true">nice desserts to finish up</p>
  <p time="773600" is_ac="true">this little holder right here is one of</p>
  <p time="775279" is_ac="true">the heaviest weights that i've ever felt</p>
  <p time="777120" is_ac="true">this size it's also in a beautiful</p>
  <p time="778959" is_ac="true">wrapping here and honestly this reminds</p>
  <p time="780639" is_ac="true">me of an ice cream cone</p>
  <p time="783519" is_ac="true">i think this is going to be a common</p>
  <p time="784720" is_ac="true">theme throughout the night but despite</p>
  <p time="786079" is_ac="true">being very tiny that bite packs a punch</p>
  <p time="788320" is_ac="true">the outside wafer is super light and</p>
  <p time="790079" is_ac="true">buttery and crispy and the salmon on the</p>
  <p time="791839" is_ac="true">inside is so smooth and creamy and</p>
  <p time="793839" is_ac="true">delicious just the smell of this lobster</p>
  <p time="795839" is_ac="true">stock alone is incredible then when you</p>
  <p time="797600" is_ac="true">actually taste the broth it's so</p>
  <p time="799360" is_ac="true">incredibly thick and complex and they've</p>
  <p time="801279" is_ac="true">clearly really allowed the stock and</p>
  <p time="803040" is_ac="true">this broth to have the time to develop</p>
  <p time="804959" is_ac="true">all that flavor i actually have a theory</p>
  <p time="806959" is_ac="true">about restaurants this good the better</p>
  <p time="808720" is_ac="true">the restaurant the quieter the kitchen</p>
  <p time="810240" is_ac="true">often is and that's because the staff is</p>
  <p time="811839" is_ac="true">so well trained and so prepared for each</p>
  <p time="813760" is_ac="true">dinner service that they're really quiet</p>
  <p time="815200" is_ac="true">when it comes time to actually cook</p>
  <p time="816480" is_ac="true">everything and i feel like that same</p>
  <p time="817760" is_ac="true">thing is reflected in the dining room</p>
  <p time="819450" is_ac="true">[Music]</p>
  <p time="823760" is_ac="true">this is of course caviar served with a</p>
  <p time="825600" is_ac="true">mother of pearl spoon the classic thing</p>
  <p time="827440" is_ac="true">that you want to eat caviar with if</p>
  <p time="828720" is_ac="true">somebody ever gives you caviar with a</p>
  <p time="830240" is_ac="true">mother of pearl spoon that means they</p>
  <p time="831760" is_ac="true">know what they're doing</p>
  <p time="833199" is_ac="true">that is</p>
  <p time="834240" is_ac="true">crazy</p>
  <p time="837199" is_ac="true">this isn't some sort of bowl that looks</p>
  <p time="838720" is_ac="true">like an eggshell this is an actual egg</p>
  <p time="840560" is_ac="true">and when i go in there's a beautiful egg</p>
  <p time="842560" is_ac="true">custard</p>
  <p time="844560" is_ac="true">this is one of those bites that you</p>
  <p time="845920" is_ac="true">taste once and you never ever ever</p>
  <p time="848160" is_ac="true">forget</p>
  <p time="853150" is_ac="true">[Music]</p>
  <p time="866320" is_ac="true">nick lift up your plate lift it up</p>
  <p time="869360" is_ac="true">this is why people don't take me to</p>
  <p time="870800" is_ac="true">fancy things</p>
  <p time="876320" is_ac="true">wow that whole mousse right there is one</p>
  <p time="878240" is_ac="true">of my five favorite ingredients brown</p>
  <p time="880160" is_ac="true">butter</p>
  <p time="884240" is_ac="true">oh</p>
  <p time="885360" is_ac="true">it's a truffle shower</p>
  <p time="888480" is_ac="true">what's inside are the most decadent of</p>
  <p time="890399" is_ac="true">ingredients you can get anywhere and</p>
  <p time="891920" is_ac="true">we're also right in the middle of white</p>
  <p time="893600" is_ac="true">truffle season and of all the bites</p>
  <p time="895040" is_ac="true">we've had today this is the one i'm most</p>
  <p time="896560" is_ac="true">excited to dive into</p>
  <p time="898490" is_ac="true">[Music]</p>
  <p time="900320" is_ac="true">again it's small what you're looking at</p>
  <p time="902160" is_ac="true">right here is essentially the best</p>
  <p time="903680" is_ac="true">little thing of risotto you could ever</p>
  <p time="905600" is_ac="true">imagine the rice is cooked perfectly</p>
  <p time="907199" is_ac="true">it's suspended in a very creamy sauce</p>
  <p time="909279" is_ac="true">definitely with a little bit of parmesan</p>
  <p time="910800" is_ac="true">and then white truffle and brown butter</p>
  <p time="915010" is_ac="true">[Music]</p>
  <p time="917600" is_ac="true">what i can say about this right away is</p>
  <p time="918959" is_ac="true">that it is very tender</p>
  <p time="921680" is_ac="true">oh my god it's like chewing through a</p>
  <p time="923440" is_ac="true">sponge</p>
  <p time="924470" is_ac="true">[Music]</p>
  <p time="936079" is_ac="true">eight different chocolates every single</p>
  <p time="938079" is_ac="true">one of them is a handcraft of course</p>
  <p time="939680" is_ac="true">things to overpaste with the farmer that</p>
  <p time="941120" is_ac="true">we actually have a look at in the back</p>
  <p time="944800" is_ac="true">all right i'm just gonna try the</p>
  <p time="945839" is_ac="true">horchata one on camera i'm a big fan of</p>
  <p time="947920" is_ac="true">horchata i was hoping the chocolate</p>
  <p time="950240" is_ac="true">would actually taste precisely like the</p>
  <p time="952000" is_ac="true">actual drink and it does it's a fun way</p>
  <p time="954720" is_ac="true">to end the meal too thank you this is</p>
  <p time="956720" is_ac="true">going to put a dent in the bank account</p>
  <p time="959420" is_ac="true">[Music]</p>
  <p time="963120" is_ac="true">that's the french loan being called</p>
  <p time="966000" is_ac="true">no way</p>
  <p time="968399" is_ac="true">live camera and it's fun waving at each</p>
  <p time="970480" is_ac="true">other we don't communicate with each</p>
  <p time="972000" is_ac="true">other because there's likely no</p>
  <p time="973199" is_ac="true">microphone but you can wave at each</p>
  <p time="974720" is_ac="true">other exactly yeah all right</p>
  <p time="976720" is_ac="true">nice to meet you he's one of our chefs</p>
  <p time="978560" is_ac="true">he's expediting service tonight</p>
  <p time="989650" is_ac="true">[Music]</p>
  <p time="995279" is_ac="true">and if something obviously moves and</p>
  <p time="996720" is_ac="true">comes down there's a little bit of</p>
  <p time="997839" is_ac="true">problem oh my god because these are the</p>
  <p time="999839" is_ac="true">you know the bordeaux and like the</p>
  <p time="1001519" is_ac="true">burgundy white which supports from 2000</p>
  <p time="1004000" is_ac="true">up how much do you think this room is</p>
  <p time="1005360" is_ac="true">worth than wine a lot sir because</p>
  <p time="1006880" is_ac="true">there's already one bottle alone with 53</p>
  <p time="1008800" is_ac="true">000</p>
  <p time="1012560" is_ac="true">how many restaurants in the world have</p>
  <p time="1013759" is_ac="true">done anything like that you think that's</p>
  <p time="1015440" is_ac="true">not too many so that ladies and</p>
  <p time="1016959" is_ac="true">gentlemen is how you eat at michelin</p>
  <p time="1018959" is_ac="true">star restaurant for the entire day we</p>
  <p time="1021040" is_ac="true">started at a one star we went to lunch</p>
  <p time="1022720" is_ac="true">at a two star and we just finished up at</p>
  <p time="1024720" is_ac="true">a three star in fact the three star</p>
  <p time="1026400" is_ac="true">experience took four and a half hours</p>
  <p time="1028400" is_ac="true">alone we'll be heading back to the</p>
  <p time="1029600" is_ac="true">studio to give a little debrief on the</p>
  <p time="1031280" is_ac="true">entire experience but i will say that</p>
  <p time="1032959" is_ac="true">that was probably the best day of food</p>
  <p time="1034480" is_ac="true">of my entire life and you can probably</p>
  <p time="1036160" is_ac="true">understand why i'll see you back at home</p>
  <p time="1037919" is_ac="true">i got back home at 2 30 in the morning</p>
  <p time="1039600" is_ac="true">and that was easily one of the craziest</p>
  <p time="1041039" is_ac="true">videos we've done yet i'm a little tired</p>
  <p time="1042720" is_ac="true">but my stomach is happy and full to boil</p>
  <p time="1044880" is_ac="true">it down for you here's what i think the</p>
  <p time="1046319" is_ac="true">key difference between a michelin star</p>
  <p time="1047839" is_ac="true">restaurant and any regular place you</p>
  <p time="1049360" is_ac="true">might go dine at this evening is one</p>
  <p time="1050960" is_ac="true">simple thing attention to detail that</p>
  <p time="1052960" is_ac="true">was made clear across all of our dining</p>
  <p time="1054799" is_ac="true">experiences yesterday and the attention</p>
  <p time="1056400" is_ac="true">to detail whether it was in the food or</p>
  <p time="1058080" is_ac="true">in the service itself was incredible all</p>
  <p time="1060240" is_ac="true">across the board well that was a lot of</p>
  <p time="1061600" is_ac="true">fun i think i'm gonna take a break from</p>
  <p time="1062799" is_ac="true">michelin star restaurants for a while</p>
  <p time="1064240" is_ac="true">once again don't forget to toss a like</p>
  <p time="1065600" is_ac="true">on the video and subscribe because</p>
  <p time="1066799" is_ac="true">you're not going to want to miss that</p>
  <p time="1067840" is_ac="true">next field trip</p>
  <p time="1071820" is_ac="true">[Music]</p>
  <p time="1083200" is_ac="true">you</p>
</text>
