<?xml version='1.0' encoding='UTF-8'?>
<text date_d="10" date_m="2" date_y="2024" format="srv3" age_limit="0" comment_count="990" description="👕 BEFRS MERCH » https://befrs.shop/ &#10;🎥  WATCH OUR MAIN CHANNEL » http://bit.ly/BestEverFoodReviewShow&#10;🇮🇳BEST EVER FOOD INDIA » https://www.youtube.com/@besteverfoodindia &#10;☕️ BEFRS COFFEE » https://bestevercoffee.lacaph.com/&#10;&#10;Follow us on Instagram: &#10;📷 Sonny Side: @besteverfoodreviewshow&#10;- - - - - - - - - - - - - - - - -&#10;🎬CREDITS:&#10;VIDEO EDITOR » Hà Nhật Linh&#10;CAMERA OPERATOR » Wife&#10;COLOR &amp; MASTER » Nguyễn Quang Dũng" fulltitle="Eating at Every Restaurant on a $40,000 Cruise Ship!! (Antarctica)" like_count="30919" location="na" playlist_title="na" release_date="na" upload_date="20240210" repost_count="na" tags="" title="Eating at Every Restaurant on a $40,000 Cruise Ship!! (Antarctica)" uploader="More Best Ever Food Review Show" view_count="1619905" webpage_url="https://www.youtube.com/watch?v=aAgwG5PKzdM" autocaption="true">
  <p time="40" is_ac="true">in our last video we shown you what</p>
  <p time="1879" is_ac="true">$40,000 could get you for a day of</p>
  <p time="4040" is_ac="true">dining on a ship going to Antarctica</p>
  <p time="6359" is_ac="true">right here it says elegant refined and</p>
  <p time="8519" is_ac="true">enticing sounds like my Tinder profile</p>
  <p time="10320" is_ac="true">years ago this time we're showing you</p>
  <p time="11799" is_ac="true">how the cruise actually works how do the</p>
  <p time="13679" is_ac="true">Expeditions work so we've just started</p>
  <p time="15160" is_ac="true">our walk and right away we see about a</p>
  <p time="17279" is_ac="true">600 lb seal this looks like me after</p>
  <p time="19480" is_ac="true">going to an all you can eat buffet and</p>
  <p time="21000" is_ac="true">we'll be trying every single restaurant</p>
  <p time="22760" is_ac="true">on this ship including a restaurant with</p>
  <p time="24439" is_ac="true">unlimited Stakes where they actually let</p>
  <p time="26160" is_ac="true">you cook your own meat right now we're</p>
  <p time="27760" is_ac="true">headed to our first restaurant of the</p>
  <p time="29279" is_ac="true">day but before we go there let me</p>
  <p time="30800" is_ac="true">explain how the itinerary for a cruise</p>
  <p time="32840" is_ac="true">like this works first we started in</p>
  <p time="34600" is_ac="true">Minnesota then flew to Miami then flew</p>
  <p time="37399" is_ac="true">to Santiago Chile and spent the night</p>
  <p time="39960" is_ac="true">the next day we flew 4 hours to a small</p>
  <p time="41879" is_ac="true">Southern Chilean city called Puerto</p>
  <p time="43600" is_ac="true">Williams from here we finally boarded</p>
  <p time="45399" is_ac="true">the ship and the real journey could</p>
  <p time="46800" is_ac="true">begin all right guys welcome to the</p>
  <p time="48360" is_ac="true">first restaurant of this video it's</p>
  <p time="50120" is_ac="true">called the restaurant let's go ah lovely</p>
  <p time="53039" is_ac="true">a table here right by the ocean so</p>
  <p time="55039" is_ac="true">what's unique about this restaurant is</p>
  <p time="56559" is_ac="true">this is the only restaurant on the</p>
  <p time="58039" is_ac="true">entire ship out of four of them that</p>
  <p time="59600" is_ac="true">doesn't require a reservation before</p>
  <p time="61519" is_ac="true">coming and so actually I put off coming</p>
  <p time="63320" is_ac="true">to this restaurant for a long time cuz I</p>
  <p time="65080" is_ac="true">thought man if anybody can go here is it</p>
  <p time="66799" is_ac="true">worth going to you know what I mean</p>
  <p time="68320" is_ac="true">turns out it's amazing so I'm going to</p>
  <p time="69840" is_ac="true">look at the menu right now and pick out</p>
  <p time="71280" is_ac="true">a couple of things to show you what you</p>
  <p time="72799" is_ac="true">get at the restaurant that doesn't</p>
  <p time="74200" is_ac="true">require a reservation on this Antarctic</p>
  <p time="77240" is_ac="true">Cruise all right folks our first course</p>
  <p time="79400" is_ac="true">has arrived and I've got two appetizers</p>
  <p time="81360" is_ac="true">and you can do that here cuz you can do</p>
  <p time="83479" is_ac="true">whatever you want you can eat until you</p>
  <p time="85159" is_ac="true">have a heart attack then they just kick</p>
  <p time="86479" is_ac="true">you overboard and you become Chum for</p>
  <p time="88040" is_ac="true">the Sharks right here here we have</p>
  <p time="90520" is_ac="true">escalope of Fu Gua I think it's a fruity</p>
  <p time="93439" is_ac="true">base there's some bread on the side it</p>
  <p time="94840" is_ac="true">looks delicious give it a little bit of</p>
  <p time="96000" is_ac="true">a cut rip off some of this</p>
  <p time="101399" is_ac="true">bread let's try it again and there we go</p>
  <p time="103600" is_ac="true">the perfect bite</p>
  <p time="107600" is_ac="true">cheers the best part is you could get</p>
  <p time="109600" is_ac="true">this every day and you don't have to pay</p>
  <p time="110759" is_ac="true">more money now with the menu there is a</p>
  <p time="112320" is_ac="true">small section that changes every day and</p>
  <p time="113920" is_ac="true">they have tastes from different parts of</p>
  <p time="115240" is_ac="true">the world yesterday it was A Taste of</p>
  <p time="116600" is_ac="true">Thailand today it's a taste of Canada M</p>
  <p time="119439" is_ac="true">Canadian Cuisine right here we've got</p>
  <p time="121079" is_ac="true">seared scallops and maple candy bacon I</p>
  <p time="123439" is_ac="true">mean does it get any more Canadian than</p>
  <p time="124799" is_ac="true">that that is the maple bacon some</p>
  <p time="126399" is_ac="true">Tomatoes let's try it</p>
  <p time="127600" is_ac="true">[Music]</p>
  <p time="130280" is_ac="true">out Oh Canada we all know bacon is the</p>
  <p time="133040" is_ac="true">best friend of scallops but with the</p>
  <p time="134519" is_ac="true">Maple in there it's even more sweet even</p>
  <p time="136239" is_ac="true">more delicious this is a great start I'm</p>
  <p time="138040" is_ac="true">secretly going to order this three more</p>
  <p time="139400" is_ac="true">times in a row then get my main</p>
  <p time="142879" is_ac="true">course all right folks our main course</p>
  <p time="144840" is_ac="true">is right here another taste of Canada</p>
  <p time="147000" is_ac="true">maple glazed fillet of salmon lemon and</p>
  <p time="149800" is_ac="true">nut butter sauce mushy peas potato</p>
  <p time="152480" is_ac="true">Wafers where's the potato Wafers they</p>
  <p time="154640" is_ac="true">ran out of potato Wafers lettuce</p>
  <p time="157120" is_ac="true">removal oh yeah celery ooh is that</p>
  <p time="160080" is_ac="true">salmon or tuna what's happening right</p>
  <p time="161920" is_ac="true">now fet of</p>
  <p time="165200" is_ac="true">salmon I think my salmon became a tuna</p>
  <p time="167599" is_ac="true">but we're going to try it out</p>
  <p time="169159" is_ac="true">regardless</p>
  <p time="170760" is_ac="true">they juicy fresh delicious it doesn't</p>
  <p time="173319" is_ac="true">really have a tuna taste at all it</p>
  <p time="174519" is_ac="true">tastes very</p>
  <p time="175440" is_ac="true">meaty overall it's very tasty so this is</p>
  <p time="178319" is_ac="true">the restaurant but there's a lot more</p>
  <p time="179720" is_ac="true">more to see on this ship next what we're</p>
  <p time="181080" is_ac="true">going to do is a full tour of the ship</p>
  <p time="183040" is_ac="true">from bottom to top every floor let's go</p>
  <p time="185319" is_ac="true">right now we're on level three but level</p>
  <p time="186640" is_ac="true">three is closed at the moment this level</p>
  <p time="188560" is_ac="true">is used for getting off of the ship and</p>
  <p time="190480" is_ac="true">onto the zodiac boats for when we do a</p>
  <p time="192440" is_ac="true">landing on land now we have entered</p>
  <p time="194400" is_ac="true">floor four here they just have two</p>
  <p time="196680" is_ac="true">restaurants they have a restaurant</p>
  <p time="198120" is_ac="true">called theam we ate there in the last</p>
  <p time="199799" is_ac="true">episode this is the only restaurant</p>
  <p time="201440" is_ac="true">where you actually have to pay money in</p>
  <p time="202959" is_ac="true">order to eat there but then you also</p>
  <p time="204519" is_ac="true">have the</p>
  <p time="205959" is_ac="true">restaurant we've now come to the fifth</p>
  <p time="208000" is_ac="true">floor where they have a few different</p>
  <p time="209400" is_ac="true">shops starting with the boutique this is</p>
  <p time="211720" is_ac="true">a fancy way to say store I guess look</p>
  <p time="213840" is_ac="true">you could buy diamonds how's the diamond</p>
  <p time="215519" is_ac="true">shopping going today it's perfectly</p>
  <p time="217120" is_ac="true">fineing for you next on floor five we</p>
  <p time="220000" is_ac="true">also have the photo studio this is a</p>
  <p time="222080" is_ac="true">great place for people who are</p>
  <p time="223280" is_ac="true">interested in photography or getting</p>
  <p time="224640" is_ac="true">better at</p>
  <p time="226159" is_ac="true">photography to do photography I had too</p>
  <p time="228439" is_ac="true">much espresso next my favorite place to</p>
  <p time="230239" is_ac="true">go on floor five Dolce Vita this is a</p>
  <p time="233120" is_ac="true">cocktail lounge it's very classy they</p>
  <p time="235239" is_ac="true">have live music they have tons of</p>
  <p time="236760" is_ac="true">different cocktails and snacks excellent</p>
  <p time="238720" is_ac="true">place highly recommend now we're coming</p>
  <p time="240280" is_ac="true">up to floor number six this is the floor</p>
  <p time="242480" is_ac="true">that our suite is on but it also has</p>
  <p time="244239" is_ac="true">some other cool things too for example</p>
  <p time="246159" is_ac="true">they have reception they have the</p>
  <p time="247239" is_ac="true">Expedition desk where you can sign up</p>
  <p time="248519" is_ac="true">for things like kaying they have the</p>
  <p time="249920" is_ac="true">future cruises desk where you can sign</p>
  <p time="251439" is_ac="true">up for even more cruises and then they</p>
  <p time="253079" is_ac="true">have this back here this is the show</p>
  <p time="254760" is_ac="true">Lounge this is the place for lectures on</p>
  <p time="256919" is_ac="true">things like rocks and Penguins and the</p>
  <p time="258919" is_ac="true">best part is at the end of every day we</p>
  <p time="260440" is_ac="true">do a deep brief where we talk about what</p>
  <p time="262040" is_ac="true">happened that day and we talk about</p>
  <p time="263360" is_ac="true">what's going to happen the next</p>
  <p time="267919" is_ac="true">day and welcome to floor number seven</p>
  <p time="270720" is_ac="true">this place is home to the only Italian</p>
  <p time="272560" is_ac="true">restaurant on the ship La Tazo let's go</p>
  <p time="274919" is_ac="true">take a look Taza is Taza I don't want to</p>
  <p time="278080" is_ac="true">redo the thing where I come out of the</p>
  <p time="279240" is_ac="true">elevators can we we cool guys we cool</p>
  <p time="281479" is_ac="true">same</p>
  <p time="284919" is_ac="true">page not currently</p>
  <p time="287960" is_ac="true">open I see cooking happening hi how you</p>
  <p time="291000" is_ac="true">doing so this is the final restaurant</p>
  <p time="292720" is_ac="true">we'll be trying out in this video check</p>
  <p time="294280" is_ac="true">out this view from the</p>
  <p time="298039" is_ac="true">back holding gu guacamole am I right and</p>
  <p time="300759" is_ac="true">then right here you can see the zodiacs</p>
  <p time="302440" is_ac="true">getting some rest before the next</p>
  <p time="303800" is_ac="true">mission right out there you can see a</p>
  <p time="305360" is_ac="true">giant Iceberg and all day you just see</p>
  <p time="307800" is_ac="true">these things going by you it's really</p>
  <p time="309759" is_ac="true">unbelievable and quite breathtaking we</p>
  <p time="311759" is_ac="true">have only two floors remaining we're</p>
  <p time="313160" is_ac="true">coming up to floor 8 and there is a lot</p>
  <p time="314840" is_ac="true">of action here starting with this this</p>
  <p time="317440" is_ac="true">is the Panorama Lounge it's a good place</p>
  <p time="319560" is_ac="true">to get coffee tea there's a humidor</p>
  <p time="321759" is_ac="true">where you can smoke</p>
  <p time="324160" is_ac="true">cigars humidor and it has some of the</p>
  <p time="326680" is_ac="true">best views of any place on the boat just</p>
  <p time="328919" is_ac="true">across the Panorama Lounge we have this</p>
  <p time="331479" is_ac="true">this is the pool it is heated and there</p>
  <p time="334039" is_ac="true">are two jacuzzi one on either side</p>
  <p time="336240" is_ac="true">really amazing then just beyond the pool</p>
  <p time="338280" is_ac="true">we have another restaurant this place is</p>
  <p time="340360" is_ac="true">called the grill and they specialize in</p>
  <p time="342440" is_ac="true">meat that you grill at your table but</p>
  <p time="344199" is_ac="true">it's not Korean barbecue this is</p>
  <p time="345919" is_ac="true">something like Stone barbecue you're</p>
  <p time="347720" is_ac="true">going to see how it works next after</p>
  <p time="350319" is_ac="true">this tour I'm redoing</p>
  <p time="352800" is_ac="true">that un last we are going to the final</p>
  <p time="355240" is_ac="true">floor the ninth floor and this floor has</p>
  <p time="357240" is_ac="true">one of my favorite and most essential</p>
  <p time="358840" is_ac="true">things that I always need when I travel</p>
  <p time="360880" is_ac="true">and know it's on alcohol okay welcome to</p>
  <p time="363240" is_ac="true">the gym this place is highly important</p>
  <p time="365520" is_ac="true">if you want to double the amount that</p>
  <p time="366720" is_ac="true">you can eat and drink without gaining</p>
  <p time="368240" is_ac="true">way too much weight there's a walking</p>
  <p time="369639" is_ac="true">Track outside on this floor but you can</p>
  <p time="371680" is_ac="true">come here you can walk on this treadmill</p>
  <p time="373919" is_ac="true">and then this is your view more than</p>
  <p time="375479" is_ac="true">once I've been on this treadmill looking</p>
  <p time="377000" is_ac="true">out this window and I see whales coming</p>
  <p time="378840" is_ac="true">up in the other room they also have some</p>
  <p time="380160" is_ac="true">little weights and that's nice too so</p>
  <p time="381599" is_ac="true">they also have a spa and a salon as well</p>
  <p time="383960" is_ac="true">have you ever been on a ship and needed</p>
  <p time="385199" is_ac="true">a haircut this is the place in addition</p>
  <p time="388000" is_ac="true">to a haircut you can also get the most</p>
  <p time="389759" is_ac="true">expensive massage of your life costing</p>
  <p time="391440" is_ac="true">upwards of $300 so uh I've been self</p>
  <p time="394520" is_ac="true">massaging not like that this is my</p>
  <p time="397199" is_ac="true">second favorite part that is not food or</p>
  <p time="398840" is_ac="true">alcohol related the sa come take a</p>
  <p time="403800" is_ac="true">look okay it's a bit dark they also have</p>
  <p time="406160" is_ac="true">a steam room in here too so that is</p>
  <p time="407800" is_ac="true">almost everything there is one room that</p>
  <p time="409479" is_ac="true">remains the observation Lounge SL</p>
  <p time="411919" is_ac="true">Library this is a great place to quiet</p>
  <p time="414039" is_ac="true">down to reflect on your life to ask</p>
  <p time="415919" is_ac="true">yourself hey why did I pay that much for</p>
  <p time="417720" is_ac="true">this Cruise was it worth it do I to look</p>
  <p time="419680" is_ac="true">at my finances more closely to see if I</p>
  <p time="421440" is_ac="true">can actually afford this thoughts like</p>
  <p time="422960" is_ac="true">that let's be</p>
  <p time="428010" is_ac="true">[Music]</p>
  <p time="430000" is_ac="true">quiet this is probably the most chilled</p>
  <p time="432160" is_ac="true">out place of the entire boat they've got</p>
  <p time="433840" is_ac="true">a coffee maker you can get some tea</p>
  <p time="435680" is_ac="true">relax read and take in the amazing views</p>
  <p time="437879" is_ac="true">on the bow of the ship Al last this is</p>
  <p time="440000" is_ac="true">the highest point on the front of the</p>
  <p time="441960" is_ac="true">ship and that is the end of this tour</p>
  <p time="444199" is_ac="true">again it's not like a Carnival Cruise</p>
  <p time="446080" is_ac="true">Airlines uh boat</p>
  <p time="448319" is_ac="true">line again it's not a giant ship it's</p>
  <p time="450720" is_ac="true">not like Carnival where they pack 50,000</p>
  <p time="452599" is_ac="true">people onto a boat and it's not like</p>
  <p time="454160" is_ac="true">Carnival where if everybody flushed a</p>
  <p time="455639" is_ac="true">toilet at the same time it create a</p>
  <p time="456960" is_ac="true">tsunami it's about 600 people on One</p>
  <p time="458919" is_ac="true">boat and that's because this is an</p>
  <p time="460240" is_ac="true">expedition boat meant to go on specific</p>
  <p time="462160" is_ac="true">missions to difficult to get to places</p>
  <p time="464159" is_ac="true">The Voyage aboard the ship will last</p>
  <p time="465800" is_ac="true">about 2 weeks in total the first two</p>
  <p time="467680" is_ac="true">days are crossing the often rough and</p>
  <p time="469400" is_ac="true">shaky Drake Passage then finally we</p>
  <p time="471560" is_ac="true">arrive in Antarctica where we spend 4</p>
  <p time="474240" is_ac="true">days on day one we boarded a zodiac and</p>
  <p time="477080" is_ac="true">cruised around the icebergs in the</p>
  <p time="478599" is_ac="true">morning</p>
  <p time="482879" is_ac="true">then in the afternoon we climbed a hill</p>
  <p time="484720" is_ac="true">and walked among the chinstrap Penguins</p>
  <p time="486840" is_ac="true">I'm just touch down on my seven</p>
  <p time="488919" is_ac="true">continent cool wow this is a awesome</p>
  <p time="491680" is_ac="true">shop you go against the</p>
  <p time="493530" is_ac="true">[Music]</p>
  <p time="497240" is_ac="true">sun these little guys hop over 300 ft up</p>
  <p time="500639" is_ac="true">and down the mountain side whenever they</p>
  <p time="502400" is_ac="true">want to go hunting for fish in the ocean</p>
  <p time="504520" is_ac="true">these animals are incredible and they</p>
  <p time="505639" is_ac="true">don't care that we're here they give us</p>
  <p time="507039" is_ac="true">I don't either a warning call or a</p>
  <p time="508280" is_ac="true">welcoming but they don't have weapons</p>
  <p time="509560" is_ac="true">are teeth so not much they can do now</p>
  <p time="511479" is_ac="true">these penguins are short and a little</p>
  <p time="512919" is_ac="true">bit fat and I really wanted to pick one</p>
  <p time="514880" is_ac="true">up like a football but sadly they won't</p>
  <p time="516719" is_ac="true">let you do that even if you try to pay</p>
  <p time="518360" is_ac="true">them off from we just taking the sights</p>
  <p time="520680" is_ac="true">take a look at the Penguin and no eating</p>
  <p time="522360" is_ac="true">the penguin someday one</p>
  <p time="525160" is_ac="true">day on day two we went out in the</p>
  <p time="527480" is_ac="true">zodiacs again and this time as you can</p>
  <p time="529360" is_ac="true">see the weather is not so</p>
  <p time="531800" is_ac="true">[Music]</p>
  <p time="534279" is_ac="true">nice you know who doesn't care about</p>
  <p time="536360" is_ac="true">what's happening above water the whales</p>
  <p time="538720" is_ac="true">of which we spotted a</p>
  <p time="541320" is_ac="true">few on day three we were back in the</p>
  <p time="547760" is_ac="true">zodiacs to be honest we went on land a</p>
  <p time="550399" is_ac="true">lot less often than I was</p>
  <p time="552200" is_ac="true">hoping but on this day Fortune shined</p>
  <p time="554720" is_ac="true">bright as we entered a Cove absolutely</p>
  <p time="556720" is_ac="true">brimming with what the guides call whale</p>
  <p time="558800" is_ac="true">sup everybody hang on at least eight or</p>
  <p time="561519" is_ac="true">nine humpback whales roaming around and</p>
  <p time="563519" is_ac="true">putting on quite a</p>
  <p time="565279" is_ac="true">show being way out here in this</p>
  <p time="567560" is_ac="true">completely inhospitable place but seeing</p>
  <p time="569640" is_ac="true">these massive creatures thriving it was</p>
  <p time="571680" is_ac="true">a moment that made me Marvel at this</p>
  <p time="573399" is_ac="true">beautiful blue dot that we call</p>
  <p time="576040" is_ac="true">Earth on day four our final day we set</p>
  <p time="579040" is_ac="true">out to see loads of Gen 2 Penguins but</p>
  <p time="581680" is_ac="true">first let me back up and explain how</p>
  <p time="583480" is_ac="true">these excursions work first each night</p>
  <p time="586000" is_ac="true">in the show Lounge there's a brief where</p>
  <p time="587720" is_ac="true">they explain the plans for the upcoming</p>
  <p time="589440" is_ac="true">day including your call time right now</p>
  <p time="591079" is_ac="true">we're waiting for our zodiac number to</p>
  <p time="592640" is_ac="true">be called then we're going to head down</p>
  <p time="594000" is_ac="true">to level three to the mud room where we</p>
  <p time="596040" is_ac="true">finish getting</p>
  <p time="597240" is_ac="true">dressed zodiac ship B is ready to Embark</p>
  <p time="600640" is_ac="true">there it is let's go zodiac group one</p>
  <p time="603279" is_ac="true">you can make your way to deck three for</p>
  <p time="605160" is_ac="true">preparation for Dis embarcation Let's go</p>
  <p time="607360" is_ac="true">every time we go down into battle to not</p>
  <p time="609160" is_ac="true">overheat cuz we have three layers on</p>
  <p time="611160" is_ac="true">these huge pants that are waterproof</p>
  <p time="613040" is_ac="true">waterproof jacket waterproof gloves I</p>
  <p time="615000" is_ac="true">really look like I'm ready to go</p>
  <p time="616279" is_ac="true">discover a new continent hello good</p>
  <p time="618079" is_ac="true">morning right now we're entering the</p>
  <p time="620040" is_ac="true">mudroom and this is where they keep all</p>
  <p time="621440" is_ac="true">our boots so we don't have to keep them</p>
  <p time="622720" is_ac="true">in our room so now we're in line to get</p>
  <p time="624360" is_ac="true">to the Zodiac right here is my life vest</p>
  <p time="626640" is_ac="true">this is mandatory all right so we are on</p>
  <p time="629240" is_ac="true">the third floor this is where we exit</p>
  <p time="630760" is_ac="true">the ship onto our smaller boat but first</p>
  <p time="633680" is_ac="true">we got to scan out right down here you</p>
  <p time="635800" is_ac="true">can see the Zodiac and the views are</p>
  <p time="638120" is_ac="true">insane</p>
  <p time="639600" is_ac="true">already from here we set off for</p>
  <p time="647040" is_ac="true">Land once on land there are a lot of</p>
  <p time="649440" is_ac="true">strict protocols that must be adhered to</p>
  <p time="651399" is_ac="true">like staying on certain paths and not</p>
  <p time="653240" is_ac="true">getting closer than 15 ft to any of the</p>
  <p time="655200" is_ac="true">wildlife all right we are officially on</p>
  <p time="656680" is_ac="true">Shore this is very exciting cuz you</p>
  <p time="658120" is_ac="true">don't actually get to go on land every</p>
  <p time="659720" is_ac="true">day and when you do it only lasts about</p>
  <p time="661320" is_ac="true">maybe an hour hour and a half at most</p>
  <p time="663200" is_ac="true">and even then it's pretty regimented so</p>
  <p time="664720" is_ac="true">if you thought you going to come here</p>
  <p time="665600" is_ac="true">and be an Explorer well you're not but</p>
  <p time="667920" is_ac="true">there's still several cool things to see</p>
  <p time="669560" is_ac="true">right here whalebones there's a load of</p>
  <p time="672360" is_ac="true">whale bones here on the beach and what's</p>
  <p time="674240" is_ac="true">sad is they don't let you take them and</p>
  <p time="675760" is_ac="true">turn them into a coffee table at all you</p>
  <p time="677680" is_ac="true">actually can't even touch them legally</p>
  <p time="679320" is_ac="true">but they look magnificent on the hill</p>
  <p time="680800" is_ac="true">over here I see there are a load of Gen</p>
  <p time="682800" is_ac="true">2 penguins and we're going to be saying</p>
  <p time="684240" is_ac="true">hello to them soon but first we have to</p>
  <p time="685800" is_ac="true">get with our group so we've just started</p>
  <p time="688600" is_ac="true">our walk and right away we see about a</p>
  <p time="690720" is_ac="true">600 lb seal this thing is massive this</p>
  <p time="693440" is_ac="true">looks like me after going to an all you</p>
  <p time="694760" is_ac="true">can eat</p>
  <p time="697959" is_ac="true">buffet we've come up the hill right</p>
  <p time="699839" is_ac="true">behind me you can see hundreds of these</p>
  <p time="701279" is_ac="true">penguins they're so short compressed and</p>
  <p time="703680" is_ac="true">fat I love it sadly we cannot get that</p>
  <p time="705800" is_ac="true">close to them we're not in a zoo this is</p>
  <p time="707320" is_ac="true">where they actually live it's a real</p>
  <p time="708680" is_ac="true">natural habitat so to get to come here</p>
  <p time="710480" is_ac="true">and take a peek inside their living room</p>
  <p time="712040" is_ac="true">it's pretty dang</p>
  <p time="714000" is_ac="true">cool also they really smell like rotten</p>
  <p time="717440" is_ac="true">fish and bird poop H see all that stuff</p>
  <p time="720399" is_ac="true">around them poop it's poop everywhere</p>
  <p time="722440" is_ac="true">right before departing we were lucky</p>
  <p time="723880" is_ac="true">enough to have one little fella saunter</p>
  <p time="725600" is_ac="true">past us pretending he was cool and</p>
  <p time="727440" is_ac="true">collected hey look at this old guy then</p>
  <p time="729480" is_ac="true">at the last moment running as fast as</p>
  <p time="731279" is_ac="true">his little legs could take</p>
  <p time="733399" is_ac="true">him so that is a typical Excursion it</p>
  <p time="736120" is_ac="true">lasts about an hour and it's pretty</p>
  <p time="738440" is_ac="true">rigid strict I thought we' just kind of</p>
  <p time="740519" is_ac="true">land and you could walk where you want</p>
  <p time="742000" is_ac="true">but they basically tell you exactly</p>
  <p time="743399" is_ac="true">where you have to walk exactly where you</p>
  <p time="744560" is_ac="true">have to stop and so on for the most part</p>
  <p time="745959" is_ac="true">I get it we want to preserve this space</p>
  <p time="747480" is_ac="true">and make it nice for the future people</p>
  <p time="749000" is_ac="true">come here and we don't want to disrupt</p>
  <p time="750160" is_ac="true">the animals although sometimes they're a</p>
  <p time="751839" is_ac="true">little little too intense with the rules</p>
  <p time="753720" is_ac="true">from here we're headed back to the boat</p>
  <p time="755199" is_ac="true">let's move once back on the ship people</p>
  <p time="756959" is_ac="true">could participate in a Polar Plunge in</p>
  <p time="759079" is_ac="true">waters colder than</p>
  <p time="762240" is_ac="true">freezing then we headed away from</p>
  <p time="764240" is_ac="true">Antarctica and towards South Georgia</p>
  <p time="765920" is_ac="true">Island a place brimming with</p>
  <p time="768279" is_ac="true">Wildlife but before you see South</p>
  <p time="770240" is_ac="true">Georgia how about another meal after all</p>
  <p time="772519" is_ac="true">there's nothing like eating outside on</p>
  <p time="774360" is_ac="true">the deck as you make your way through</p>
  <p time="775839" is_ac="true">Antarctica it is time to try another</p>
  <p time="777680" is_ac="true">meal behind me a restaurant simply known</p>
  <p time="779680" is_ac="true">as the grill the main thing about this</p>
  <p time="781320" is_ac="true">place is that it's meat and you cook it</p>
  <p time="782959" is_ac="true">on a rock let's go check it out right</p>
  <p time="784560" is_ac="true">here you can see their meat selection</p>
  <p time="786240" is_ac="true">we've got Seafood salmon shrimp pork</p>
  <p time="788760" is_ac="true">multiple different cuts of beef it looks</p>
  <p time="790519" is_ac="true">perfect it looks beautiful but first we</p>
  <p time="791839" is_ac="true">got to heat up a stone so we can cook</p>
  <p time="793680" is_ac="true">that on top could you could you walk</p>
  <p time="795320" is_ac="true">away and come back okay is that okay oh</p>
  <p time="798360" is_ac="true">look the server all right he's bringing</p>
  <p time="799720" is_ac="true">me his meat let me see your meat sir</p>
  <p time="801639" is_ac="true">this is the wheel chop and the primary B</p>
  <p time="803880" is_ac="true">yeah I think I should try the F chop</p>
  <p time="805040" is_ac="true">that looks amazing no problem thank you</p>
  <p time="806800" is_ac="true">wow that's a big meat that man has</p>
  <p time="809519" is_ac="true">on the on the plate boom here it is this</p>
  <p time="811440" is_ac="true">is our hot stone that is soon going to</p>
  <p time="813320" is_ac="true">cook that be chop and then now the meat</p>
  <p time="815199" is_ac="true">is coming yeah please take it</p>
  <p time="817040" is_ac="true">[Music]</p>
  <p time="819720" is_ac="true">away wow flattered in oil and sauce it</p>
  <p time="823279" is_ac="true">looks and it smells incredible and now</p>
  <p time="825120" is_ac="true">we wait but in the meantime onion</p>
  <p time="828000" is_ac="true">rings M that's a good one all right here</p>
  <p time="830279" is_ac="true">we go oh my God I could have timed it</p>
  <p time="832600" is_ac="true">more perfectly oh listen to that</p>
  <p time="834240" is_ac="true">beautiful Sizzle as you turn it around</p>
  <p time="836320" is_ac="true">that is nice at this point there's a</p>
  <p time="837720" is_ac="true">nice sear on each side but there's still</p>
  <p time="839399" is_ac="true">parts that are plenty raw like right</p>
  <p time="841440" is_ac="true">here so I'm going to cut it off the bone</p>
  <p time="843360" is_ac="true">and continue to cook we're going to get</p>
  <p time="844839" is_ac="true">this side going cut it all into smaller</p>
  <p time="846720" is_ac="true">chunks this is where all my skills in</p>
  <p time="848320" is_ac="true">Asian barbecue roasting are coming into</p>
  <p time="850639" is_ac="true">play now some of these I think are close</p>
  <p time="852360" is_ac="true">enough to done TR to throw back some of</p>
  <p time="854079" is_ac="true">this ve</p>
  <p time="855110" is_ac="true">[Music]</p>
  <p time="856560" is_ac="true">cheers mhm soft tender innocent juvenile</p>
  <p time="860360" is_ac="true">they put an amazing marinade on the</p>
  <p time="861800" is_ac="true">outside before I got here it was full of</p>
  <p time="863720" is_ac="true">oil and spices and herbs very nice right</p>
  <p time="866199" is_ac="true">here we have a ve jeo basically looks</p>
  <p time="868880" is_ac="true">like a combination of ve tears and</p>
  <p time="870880" is_ac="true">barbecue let's try it</p>
  <p time="873060" is_ac="true">[Music]</p>
  <p time="874279" is_ac="true">out Savory Smoky juicy meaty deadly</p>
  <p time="878120" is_ac="true">delure this experience should not be</p>
  <p time="879839" is_ac="true">possible but somehow it is and it's</p>
  <p time="881440" is_ac="true">amazing on the way to South Georgia</p>
  <p time="883000" is_ac="true">Island our ship took a brief stop at the</p>
  <p time="885000" is_ac="true">world's largest iceberg it's called</p>
  <p time="887279" is_ac="true">uninspiring</p>
  <p time="889959" is_ac="true">a23a this thing is about three times the</p>
  <p time="892440" is_ac="true">size of New York City and our ballsy</p>
  <p time="894519" is_ac="true">Captain pointed the nose of the ship</p>
  <p time="896160" is_ac="true">straight at it and he got about one ship</p>
  <p time="898040" is_ac="true">length away from from it too pretty</p>
  <p time="900560" is_ac="true">incredible from here we continued on our</p>
  <p time="902800" is_ac="true">way to South</p>
  <p time="907079" is_ac="true">Georgia welcome to South Georgia a place</p>
  <p time="909720" is_ac="true">much warmer and completely different</p>
  <p time="911199" is_ac="true">from Antarctica in fact any of the</p>
  <p time="913639" is_ac="true">icebergs you might see here floated all</p>
  <p time="915680" is_ac="true">the way from Antarctica and parked in</p>
  <p time="917639" is_ac="true">these shallow</p>
  <p time="919199" is_ac="true">waters on day one we were relegated to</p>
  <p time="921839" is_ac="true">staying in the zodiacs once again this</p>
  <p time="923920" is_ac="true">time due to an outbreak of Aven flu that</p>
  <p time="926160" is_ac="true">local authorities were trying to reduce</p>
  <p time="927839" is_ac="true">the spread of needless to say this was</p>
  <p time="930279" is_ac="true">sad news but the views from the Zodiac</p>
  <p time="932560" is_ac="true">were still</p>
  <p time="934680" is_ac="true">[Applause]</p>
  <p time="936079" is_ac="true">spectacular here we were able to see</p>
  <p time="938079" is_ac="true">macaroni penguins the little guys with</p>
  <p time="940040" is_ac="true">the bright yellow eyebrows on the beach</p>
  <p time="941800" is_ac="true">we saw thousands and thousands of King</p>
  <p time="943800" is_ac="true">Penguins some of them still molten the</p>
  <p time="946560" is_ac="true">Zodiac was able to get fairly close and</p>
  <p time="948440" is_ac="true">plenty of the Penguins were popping in</p>
  <p time="950000" is_ac="true">and out of water too I highly recommend</p>
  <p time="952319" is_ac="true">if you go to Antarctica to try to add</p>
  <p time="954319" is_ac="true">this to your journey as</p>
  <p time="956360" is_ac="true">well on day two in south Georgia we were</p>
  <p time="959199" is_ac="true">finally able to go on land we're at a</p>
  <p time="961040" is_ac="true">place right now where they have an</p>
  <p time="962279" is_ac="true">outpost a bunch of buildings they used</p>
  <p time="963720" is_ac="true">to have a church here people were here</p>
  <p time="965519" is_ac="true">over 100 years ago Gathering whales and</p>
  <p time="967600" is_ac="true">turning them into oil for consumption</p>
  <p time="969519" is_ac="true">and for lanterns luckily eventually Big</p>
  <p time="971800" is_ac="true">Oil dwindled the demand for whale</p>
  <p time="973360" is_ac="true">blubber but even though you could see</p>
  <p time="974720" is_ac="true">stuff like this behind me these old</p>
  <p time="976160" is_ac="true">ships there's a ton of wildlife</p>
  <p time="977720" is_ac="true">different types of penguins seals so</p>
  <p time="979319" is_ac="true">we're trying to soak it in for the hour</p>
  <p time="980839" is_ac="true">that we're here cuz this may be the last</p>
  <p time="982279" is_ac="true">time we get to be on land with these</p>
  <p time="983759" is_ac="true">amazing</p>
  <p time="985199" is_ac="true">creatures day three in south Georgia was</p>
  <p time="987680" is_ac="true">our last on this day we went on a 2.5m</p>
  <p time="990440" is_ac="true">hike to a</p>
  <p time="991680" is_ac="true">[Music]</p>
  <p time="993839" is_ac="true">waterfall this was by far the best day</p>
  <p time="996160" is_ac="true">of the trip and a perfect sendoff this</p>
  <p time="998120" is_ac="true">place was loaded with Wildlife we saw</p>
  <p time="1000199" is_ac="true">fur seals King Penguins some big fat</p>
  <p time="1002560" is_ac="true">elephant seals that looked like me after</p>
  <p time="1004360" is_ac="true">eating a whole Pizza Hut pizza while we</p>
  <p time="1007120" is_ac="true">were here it started to snow it is our</p>
  <p time="1009240" is_ac="true">final day on land here in South Georgia</p>
  <p time="1011920" is_ac="true">and man an amazing day it's snowing it's</p>
  <p time="1014079" is_ac="true">very magical next we make a 3-day Voyage</p>
  <p time="1016880" is_ac="true">all the way back to Puerto Williams fun</p>
  <p time="1019319" is_ac="true">the journey from South Georgia to Puerto</p>
  <p time="1021079" is_ac="true">Williams requires a long 3 days at Sea</p>
  <p time="1023639" is_ac="true">so since we had no place to go we made</p>
  <p time="1025600" is_ac="true">reservations for the ship's only Italian</p>
  <p time="1027760" is_ac="true">restaurant ladies and gentlemen the</p>
  <p time="1029240" is_ac="true">final restaurant on this boat that we</p>
  <p time="1030720" is_ac="true">have not gone to yet until now in the</p>
  <p time="1033000" is_ac="true">morning it's a breakfast buffet at noon</p>
  <p time="1034880" is_ac="true">it's a lunch buffet and right now</p>
  <p time="1036400" is_ac="true">larazza is an Italian restaurant let's</p>
  <p time="1038839" is_ac="true">go check it out oh hello Chef hello sir</p>
  <p time="1041199" is_ac="true">the chefs on the ship have the tallest</p>
  <p time="1042959" is_ac="true">hats ever that's how you know it's</p>
  <p time="1046360" is_ac="true">legit perfect thank you very much</p>
  <p time="1049120" is_ac="true">hello sir welcome to the terasa oh very</p>
  <p time="1051679" is_ac="true">nice we've been here 2 seconds they're</p>
  <p time="1053120" is_ac="true">bring food already theti s bread I don't</p>
  <p time="1056080" is_ac="true">know a ton about Italian food and I</p>
  <p time="1057640" is_ac="true">can't wait to go to Italy to learn more</p>
  <p time="1059200" is_ac="true">but what I do know is that this looks</p>
  <p time="1060640" is_ac="true">freaking awesome we've got assorted</p>
  <p time="1062160" is_ac="true">cured meats cheeses brushetta he called</p>
  <p time="1064760" is_ac="true">this an octopus salad and of course this</p>
  <p time="1066840" is_ac="true">tuna tomato I'm going to try that out</p>
  <p time="1071280" is_ac="true">first it tastes like tuna from a can</p>
  <p time="1073720" is_ac="true">mixed with olive oil and something a</p>
  <p time="1075039" is_ac="true">little bit sour like pickle juice it's</p>
  <p time="1076679" is_ac="true">delightful it's interesting it's</p>
  <p time="1078039" is_ac="true">different the second thing is this an</p>
  <p time="1079600" is_ac="true">octopus</p>
  <p time="1081520" is_ac="true">salad very Mediterranean and very bouncy</p>
  <p time="1084440" is_ac="true">it's like a bunch of little cubed minced</p>
  <p time="1086120" is_ac="true">up octopus Parts very delicious so I'm</p>
  <p time="1088200" is_ac="true">going to nsh on this and then I have two</p>
  <p time="1089480" is_ac="true">courses coming a pasta and a mean</p>
  <p time="1091200" is_ac="true">protein let's wait for that to come</p>
  <p time="1093600" is_ac="true">next oh good zoom in at the end all</p>
  <p time="1095799" is_ac="true">right folks we have our first course</p>
  <p time="1096960" is_ac="true">right here this is called spaghetti oio</p>
  <p time="1098840" is_ac="true">homemade spaghetti pasta extra virgin</p>
  <p time="1100799" is_ac="true">olive oil garlic and crushed Chili</p>
  <p time="1102840" is_ac="true">Peppers so actually it's kind of a dry</p>
  <p time="1105320" is_ac="true">pasta let's try it</p>
  <p time="1107320" is_ac="true">out</p>
  <p time="1109919" is_ac="true">first of all I've been in Asia too long</p>
  <p time="1111480" is_ac="true">I'm used to soring my noodles and when I</p>
  <p time="1112960" is_ac="true">don't sorp them it feels strangely quiet</p>
  <p time="1115320" is_ac="true">they taste almost buttery they're just</p>
  <p time="1116679" is_ac="true">like super delicious El Dente noodles</p>
  <p time="1118520" is_ac="true">steaming hot tons of garlic flavor</p>
  <p time="1120360" is_ac="true">coming off there like my wife is going</p>
  <p time="1122039" is_ac="true">to be trying to stay away from me the</p>
  <p time="1123480" is_ac="true">rest of the night and then just a hint</p>
  <p time="1124960" is_ac="true">of cake with those</p>
  <p time="1128159" is_ac="true">chilies a delicious first</p>
  <p time="1131200" is_ac="true">course all right folks I have my final</p>
  <p time="1133480" is_ac="true">course right here this is the swordfish</p>
  <p time="1135720" is_ac="true">got a lime on there potatoes underneath</p>
  <p time="1137559" is_ac="true">it's top with some olives a little kind</p>
  <p time="1139440" is_ac="true">of Italian salsa Capers Tomatoes it</p>
  <p time="1142120" is_ac="true">looks delicious swordfish is not a fish</p>
  <p time="1144200" is_ac="true">I'm super familiar with let's try it out</p>
  <p time="1146919" is_ac="true">cheers M I'm very impressed it tastes</p>
  <p time="1149679" is_ac="true">meaty at first on the outside and then</p>
  <p time="1151600" is_ac="true">it it's very juicy on the inside M</p>
  <p time="1154760" is_ac="true">tastes like it's just been slathered in</p>
  <p time="1156120" is_ac="true">olive oil there's this fresh salsa on</p>
  <p time="1158000" is_ac="true">top it's very nice and for once this</p>
  <p time="1159760" is_ac="true">fish steak is not a mistake</p>
  <p time="1163520" is_ac="true">cheers that is our final meal and it's</p>
  <p time="1165880" is_ac="true">time to wrap things up also everything</p>
  <p time="1167679" is_ac="true">my wife ordered looks way better than</p>
  <p time="1169039" is_ac="true">mine boom and that is the end of our</p>
  <p time="1171240" is_ac="true">Antarctic Cruise Journey right now you</p>
  <p time="1173320" is_ac="true">can see we are coming back to land it's</p>
  <p time="1175360" is_ac="true">right there that is South America and in</p>
  <p time="1177159" is_ac="true">just a few hours we'll be pulling into</p>
  <p time="1178640" is_ac="true">PTO Williams and then reversing the trip</p>
  <p time="1180520" is_ac="true">going back to Santiago and eventually</p>
  <p time="1182600" is_ac="true">somewhere else tonight we'll sleep in</p>
  <p time="1183880" is_ac="true">the port and then tomorrow we get out</p>
  <p time="1185280" is_ac="true">the boat very early and actually a whole</p>
  <p time="1187320" is_ac="true">new set of guests comes onto the boat</p>
  <p time="1189480" is_ac="true">and they do another Voyage it is amazing</p>
  <p time="1191840" is_ac="true">how hardworking the people are on the</p>
  <p time="1193520" is_ac="true">ship some of them are working on the</p>
  <p time="1195120" is_ac="true">same ship day after day for 5 to 9</p>
  <p time="1197760" is_ac="true">months at a at a time depending on their</p>
  <p time="1199360" is_ac="true">contract it is wild and man after</p>
  <p time="1201559" is_ac="true">tossing and turning and being thrown</p>
  <p time="1203120" is_ac="true">around by bed a few of these nights</p>
  <p time="1204919" is_ac="true">traversing the rough ocean waves on this</p>
  <p time="1207000" is_ac="true">boat I have a lot of respect for the</p>
  <p time="1208320" is_ac="true">people who work in this industry and on</p>
  <p time="1209799" is_ac="true">this ship in particular this was an</p>
  <p time="1211520" is_ac="true">amazing experience there are a lot of</p>
  <p time="1213159" is_ac="true">different ways to experience Antarctica</p>
  <p time="1215080" is_ac="true">this is what I chose this is what suited</p>
  <p time="1216919" is_ac="true">my taste I wanted to have an experience</p>
  <p time="1218840" is_ac="true">that would be equally amazing on the</p>
  <p time="1220440" is_ac="true">boat as well as off the boat but if you</p>
  <p time="1222200" is_ac="true">want to see Antarctica I think it's a</p>
  <p time="1223840" is_ac="true">bucket list item find some way to</p>
  <p time="1225440" is_ac="true">squeeze it into your life plan or you</p>
  <p time="1227760" is_ac="true">can just work on a ship also an option</p>
  <p time="1229880" is_ac="true">get paid to explore the world otherwise</p>
  <p time="1232039" is_ac="true">that is it for this one thank you so</p>
  <p time="1233240" is_ac="true">much for watching I will see you next</p>
  <p time="1234640" is_ac="true">time</p>
  <p time="1236360" is_ac="true">peace it's crazy like if I jump look</p>
  <p time="1239559" is_ac="true">down there if I jump off dead 100% dead</p>
  <p time="1244640" is_ac="true">if you love Indian food then you're</p>
  <p time="1246240" is_ac="true">going to love our new channel best ever</p>
  <p time="1248520" is_ac="true">food</p>
  <p time="1249799" is_ac="true">India subsscribe now for weekly videos</p>
  <p time="1252919" is_ac="true">showcasing the most unique street food</p>
  <p time="1255000" is_ac="true">from around the</p>
  <p time="1257120" is_ac="true">country</p>
</text>
