<?xml version='1.0' encoding='UTF-8'?>
<text date_d="21" date_m="9" date_y="2023" format="srv3" age_limit="0" comment_count="1200" description="Today we take on a challenge of going around London and eating at the worst rated restaurants... not only worst rated but also worst reviewed restaurant. &#10;&#10;We started of by going to the worst rated cafe in London, Palace restaurant cafe. Imagine I got charged £15.50 for a poxy jacket potato and another £15.50 for fish and chips, it's an absolute rip off!!! Then we went to Ristorante Roma which is an &quot;Italian restaurant&quot; more like a frozen food restaurant. We ended our night at Taj Mahal which is an Indian restaurant, this place was literally from a movie. It didn't feel real. &#10;&#10;I hope you enjoyed this video. Please smash the like button and if you're not already subscribed, subscribe now! ♥️" fulltitle="Eating at the Worst-Rated Restaurant's in London" like_count="27518" location="na" playlist_title="na" release_date="na" upload_date="20230921" repost_count="na" tags="Worst rated London; Worst rated restaurant; Worst restaurant; Worst restaurant in London; Underrated Hijabi; Worst reviewed restaurant; Worst rated; Worst reviewed; Worst cafe; Worst lunch; Worst dinner; Biggest scam at a restaurant; " title="Eating at the Worst-Rated Restaurant's in London" uploader="Underrated Hijabi" view_count="1057537" webpage_url="https://www.youtube.com/watch?v=mPGnHWxrdB0" autocaption="true">
  <p time="0" is_ac="true">hi guys and welcome back to another</p>
  <p time="1680" is_ac="true">video today we will be taking on a</p>
  <p time="4080" is_ac="true">challenge we will be visiting the worst</p>
  <p time="7200" is_ac="true">rated restaurants in London I have</p>
  <p time="9179" is_ac="true">decided to pick up three restaurants and</p>
  <p time="11219" is_ac="true">I'm going to visit all three of those</p>
  <p time="12719" is_ac="true">today I hope my stomach can handle it I</p>
  <p time="15480" is_ac="true">really hope that the reviews are not as</p>
  <p time="17699" is_ac="true">bad as the food waiting for Amal because</p>
  <p time="19619" is_ac="true">she said she's gonna come with me but</p>
  <p time="20820" is_ac="true">she's refused to eat the first</p>
  <p time="22560" is_ac="true">restaurant will be going to is Palace</p>
  <p time="24119" is_ac="true">restaurant rated the worst restaurant in</p>
  <p time="26580" is_ac="true">London One reviewer said prison food</p>
  <p time="29519" is_ac="true">please don't go here avoid avoid avoid</p>
  <p time="33840" is_ac="true">another said we were eating outside and</p>
  <p time="36059" is_ac="true">they kicked us out without a reason</p>
  <p time="37500" is_ac="true">discussing from the outside it looks as</p>
  <p time="39840" is_ac="true">if it hasn't been decorated since the</p>
  <p time="41820" is_ac="true">90s now we look at the five star reviews</p>
  <p time="44460" is_ac="true">lovely place the lady at the counter ate</p>
  <p time="46620" is_ac="true">my pencil case and threw a block of</p>
  <p time="48180" is_ac="true">cheese at me the rest was so kind and</p>
  <p time="50280" is_ac="true">kept me company while I went into</p>
  <p time="51600" is_ac="true">cardiac arrest from the food very good</p>
  <p time="53820" is_ac="true">place if you do not wish to keep your</p>
  <p time="55379" is_ac="true">pencil case stop it get some help my</p>
  <p time="58739" is_ac="true">wife had only three years to live but</p>
  <p time="60660" is_ac="true">when I took her yesterday to this</p>
  <p time="61980" is_ac="true">restaurant her lifespan went from three</p>
  <p time="63719" is_ac="true">years to dead within seconds</p>
  <p time="67439" is_ac="true">delicious food deserves a Michelin star</p>
  <p time="69780" is_ac="true">10 out of 10. would recommend to those</p>
  <p time="71939" is_ac="true">feeling suicidal</p>
  <p time="75740" is_ac="true">amazing I am paraplegic in a wheelchair</p>
  <p time="78420" is_ac="true">and I could honestly say the smell from</p>
  <p time="80460" is_ac="true">the horrible rancid food that they were</p>
  <p time="82680" is_ac="true">cooking here had the power to heal my</p>
  <p time="84659" is_ac="true">disability as I'm compelled to get up</p>
  <p time="86700" is_ac="true">and walk out the restaurant</p>
  <p time="90320" is_ac="true">why are you running</p>
  <p time="92280" is_ac="true">why are you running this place serves</p>
  <p time="94140" is_ac="true">great salmonella viruses and diseases if</p>
  <p time="96299" is_ac="true">you like rats this is the place to come</p>
  <p time="98340" is_ac="true">so guys this is the restaurant as you</p>
  <p time="100740" is_ac="true">guys can see the p and the A and the L</p>
  <p time="102960" is_ac="true">is missing it's supposed to be Palace</p>
  <p time="105540" is_ac="true">Cafe restaurant that lady that's smoking</p>
  <p time="107640" is_ac="true">at the front is the owner</p>
  <p time="110820" is_ac="true">and</p>
  <p time="111960" is_ac="true">yeah</p>
  <p time="115520" is_ac="true">[Music]</p>
  <p time="121259" is_ac="true">okay</p>
  <p time="122640" is_ac="true">the guy she points me at the menu and</p>
  <p time="124560" is_ac="true">then she just walks off like I never</p>
  <p time="126180" is_ac="true">asked for a table of two</p>
  <p time="128220" is_ac="true">why is this boarded up no the fish and</p>
  <p time="130800" is_ac="true">chips is down there in the cafe there's</p>
  <p time="132780" is_ac="true">so many different types of things that</p>
  <p time="134160" is_ac="true">don't have covers as you guys can see</p>
  <p time="135780" is_ac="true">there's these like baklavas and then on</p>
  <p time="139140" is_ac="true">this side there's just random snacks</p>
  <p time="140879" is_ac="true">that just lay about yeah</p>
  <p time="147800" is_ac="true">the owner walked in and she gave me the</p>
  <p time="150180" is_ac="true">menu and I ordered myself a Coke and</p>
  <p time="151739" is_ac="true">melted an actual order a drink and she</p>
  <p time="153660" is_ac="true">wasn't forced to order a drink whereas</p>
  <p time="155700" is_ac="true">the other waitress was too busy doing</p>
  <p time="157560" is_ac="true">her makeup maybe she needs to get ready</p>
  <p time="159239" is_ac="true">to push her chest horse we just ordered</p>
  <p time="161099" is_ac="true">ourselves fish and chips and chocolate</p>
  <p time="162540" is_ac="true">potato I'm not gonna lie to you my God's</p>
  <p time="165540" is_ac="true">making it behind me</p>
  <p time="167099" is_ac="true">if you guys can see that is the fight</p>
  <p time="168720" is_ac="true">they use that tiny little fryer where</p>
  <p time="170519" is_ac="true">she fries the fish and the chips and to</p>
  <p time="173340" is_ac="true">make things worse she put my jacket</p>
  <p time="175560" is_ac="true">potato on a grill so cut in half and put</p>
  <p time="177599" is_ac="true">on the grill</p>
  <p time="178980" is_ac="true">and this one's not doing her hair</p>
  <p time="181319" is_ac="true">fish</p>
  <p time="183300" is_ac="true">chips and some tartar sauce</p>
  <p time="186420" is_ac="true">this is the jacket potato with some</p>
  <p time="189060" is_ac="true">cheese and some salad</p>
  <p time="191940" is_ac="true">as soon as I walked in the lady was</p>
  <p time="193739" is_ac="true">watching me but it got even worse when I</p>
  <p time="195959" is_ac="true">started eating like she sat right next</p>
  <p time="197879" is_ac="true">to me guys imagine she sat on my left</p>
  <p time="200580" is_ac="true">hand side just staring me down and this</p>
  <p time="203640" is_ac="true">is the fish it's not that bad it's just</p>
  <p time="205379" is_ac="true">very very oily</p>
  <p time="207239" is_ac="true">the fries are very very dry and hot</p>
  <p time="211379" is_ac="true">she keeps getting up looking at me</p>
  <p time="213959" is_ac="true">walking sitting back down and then I</p>
  <p time="216840" is_ac="true">should just starts talking to me about</p>
  <p time="218280" is_ac="true">my videos</p>
  <p time="220319" is_ac="true">recorded</p>
  <p time="221879" is_ac="true">everything needs to be recorded whatever</p>
  <p time="223920" is_ac="true">you do</p>
  <p time="230280" is_ac="true">wow</p>
  <p time="234200" is_ac="true">I just wanted to keep it short and</p>
  <p time="236220" is_ac="true">simple and just try and eat the cheese</p>
  <p time="237480" is_ac="true">and the beans because that jacket potato</p>
  <p time="239159" is_ac="true">was harder than my forehead</p>
  <p time="241799" is_ac="true">so the woman's left now she was outside</p>
  <p time="243420" is_ac="true">smoking a cigarette</p>
  <p time="246080" is_ac="true">down there</p>
  <p time="249799" is_ac="true">when we were eating and whatnot this</p>
  <p time="252239" is_ac="true">tastes absolutely vile I'm not gonna lie</p>
  <p time="254099" is_ac="true">to you the chips looked like they came</p>
  <p time="256320" is_ac="true">last week but the fish wasn't too bad it</p>
  <p time="258660" is_ac="true">was just very oily</p>
  <p time="260940" is_ac="true">um this was on a grill she just added</p>
  <p time="263220" is_ac="true">two tablespoons of big big beans and the</p>
  <p time="265860" is_ac="true">cheese the potato itself is super hot</p>
  <p time="268440" is_ac="true">it is hot enough she's smoking right</p>
  <p time="270120" is_ac="true">there it's coming into it you could</p>
  <p time="271919" is_ac="true">smell the cigarette smoke there was</p>
  <p time="273720" is_ac="true">another lady I don't know where she went</p>
  <p time="278280" is_ac="true">then</p>
  <p time="282360" is_ac="true">where's the light</p>
  <p time="285060" is_ac="true">oh this there was a light this is the</p>
  <p time="287220" is_ac="true">toilet</p>
  <p time="291120" is_ac="true">it's not bad</p>
  <p time="292979" is_ac="true">foreign</p>
  <p time="297979" is_ac="true">but it's not that bad so the price came</p>
  <p time="301080" is_ac="true">up to</p>
  <p time="302460" is_ac="true">38 pounds</p>
  <p time="304740" is_ac="true">what did you think about the food amount</p>
  <p time="307020" is_ac="true">scary concerning so you don't like the</p>
  <p time="310080" is_ac="true">fish</p>
  <p time="310979" is_ac="true">the fish was</p>
  <p time="313740" is_ac="true">land to the officials blunt the chips</p>
  <p time="318180" is_ac="true">were made days ago yeah they cooked and</p>
  <p time="322080" is_ac="true">we cooked and we cooked the jacket</p>
  <p time="324720" is_ac="true">potato</p>
  <p time="326060" is_ac="true">no but the salt was on the table what</p>
  <p time="328199" is_ac="true">about the jacket potato</p>
  <p time="329820" is_ac="true">a jacket potato I've never had Jack</p>
  <p time="331800" is_ac="true">potato like that</p>
  <p time="333840" is_ac="true">that was one potato cut in half yeah</p>
  <p time="335820" is_ac="true">like</p>
  <p time="338060" is_ac="true">that and there was a little bit of</p>
  <p time="340440" is_ac="true">cheese in it like a little bit of cheese</p>
  <p time="342300" is_ac="true">a little bit of beans that little dead</p>
  <p time="344820" is_ac="true">salad on the side which was brownish</p>
  <p time="347880" is_ac="true">there was hair on the table the chairs</p>
  <p time="351060" is_ac="true">were scary and old old today they were</p>
  <p time="354419" is_ac="true">okay and then and then the fact that she</p>
  <p time="357120" is_ac="true">went up for a bag and she'll come back</p>
  <p time="358380" is_ac="true">in no she went out for a but the</p>
  <p time="360120" is_ac="true">fact smell is just coming into the</p>
  <p time="362220" is_ac="true">restaurant</p>
  <p time="364100" is_ac="true">but I never once saw her wearing glove</p>
  <p time="373639" is_ac="true">Chris just to scattered around then they</p>
  <p time="376380" is_ac="true">had all of these dry cakes and stuff</p>
  <p time="378900" is_ac="true">cookies cookies that are exposed they're</p>
  <p time="380820" is_ac="true">open they're not packing like it's just</p>
  <p time="382259" is_ac="true">it was such a random it was like a</p>
  <p time="384060" is_ac="true">corner shop as well yeah it is we were</p>
  <p time="387060" is_ac="true">the only customers yeah everyone else</p>
  <p time="388800" is_ac="true">that came inside and just brought like</p>
  <p time="390300" is_ac="true">drinks water and orange juice for seven</p>
  <p time="393900" is_ac="true">pounds 15. that was really expensive you</p>
  <p time="395699" is_ac="true">know my drink was three pound fifty okay</p>
  <p time="403580" is_ac="true">yeah she did though this was realistic</p>
  <p time="405960" is_ac="true">I'm not even who even pays 15 pounds on</p>
  <p time="408180" is_ac="true">paper fish and chips</p>
  <p time="410460" is_ac="true">oh my God no service charges 3.50 what</p>
  <p time="413340" is_ac="true">service yeah it was a service charge you</p>
  <p time="415020" is_ac="true">just sat there with a she was</p>
  <p time="416400" is_ac="true">staring at us the whole time yeah oh my</p>
  <p time="418020" is_ac="true">good guys yeah so like obviously a slime</p>
  <p time="420180" is_ac="true">recording and she literally sat like</p>
  <p time="422400" is_ac="true">opposite me so that's why I kept saying</p>
  <p time="424560" is_ac="true">like all the food's amazing and I kind</p>
  <p time="427020" is_ac="true">of like I just I don't know what else</p>
  <p time="428280" is_ac="true">decisions staring at me as soon as you</p>
  <p time="430860" is_ac="true">sat on the opposite I couldn't record</p>
  <p time="432060" is_ac="true">her and then she was like oh do you have</p>
  <p time="433919" is_ac="true">to be recording like all the food I</p>
  <p time="436080" is_ac="true">think she knows that people only come to</p>
  <p time="437639" is_ac="true">her because they know it's the worst</p>
  <p time="438840" is_ac="true">rated restaurant</p>
  <p time="440580" is_ac="true">um she did it she didn't know but she</p>
  <p time="443099" is_ac="true">was nice though she wasn't rude at any</p>
  <p time="445860" is_ac="true">point</p>
  <p time="452000" is_ac="true">because we have to now catch a bus to</p>
  <p time="455220" is_ac="true">the next location</p>
  <p time="457430" is_ac="true">[Music]</p>
  <p time="460560" is_ac="true">as we are in Piccadilly Circus</p>
  <p time="463500" is_ac="true">as you guys can see there is a protest</p>
  <p time="470740" is_ac="true">[Music]</p>
  <p time="472080" is_ac="true">the next restaurant we went to is</p>
  <p time="473699" is_ac="true">restaurant Aroma it's in Leicester</p>
  <p time="475440" is_ac="true">Square and it has a rating of 1.5 it's</p>
  <p time="478199" is_ac="true">an embarrassment to Italian cuisine</p>
  <p time="480419" is_ac="true">don't go run away immediate illness</p>
  <p time="484699" is_ac="true">terrible service awful fruit tasteless</p>
  <p time="489199" is_ac="true">terrible experience shocking food not a</p>
  <p time="493080" is_ac="true">place for pizza lovers the worst Italian</p>
  <p time="495060" is_ac="true">pizza I've ever had this is the menu</p>
  <p time="516919" is_ac="true">[Music]</p>
  <p time="520919" is_ac="true">I don't know what you guys can see but</p>
  <p time="522419" is_ac="true">look how old it is marks</p>
  <p time="526180" is_ac="true">[Music]</p>
  <p time="527880" is_ac="true">look at that bro</p>
  <p time="530519" is_ac="true">that's a lipstick thing</p>
  <p time="536480" is_ac="true">tastes good though</p>
  <p time="538820" is_ac="true">yeah so this is the pizza this is</p>
  <p time="543200" is_ac="true">fries</p>
  <p time="546320" is_ac="true">this is cut like hello wonky but like it</p>
  <p time="549480" is_ac="true">doesn't look that bad</p>
  <p time="551339" is_ac="true">let's go</p>
  <p time="560040" is_ac="true">okay</p>
  <p time="562760" is_ac="true">it has absolutely no taste</p>
  <p time="572760" is_ac="true">I've never seen such translucent ketchup</p>
  <p time="581120" is_ac="true">always good to start the faster I</p>
  <p time="583680" is_ac="true">probably feel the biggest</p>
  <p time="584440" is_ac="true">[Music]</p>
  <p time="588240" is_ac="true">there's so much these are the chips guys</p>
  <p time="591000" is_ac="true">they look like they've been defrosted</p>
  <p time="593720" is_ac="true">I'm not fried</p>
  <p time="614519" is_ac="true">taste</p>
  <p time="620760" is_ac="true">oh</p>
  <p time="623820" is_ac="true">that fish that we had was olive oil</p>
  <p time="626040" is_ac="true">this sounds like it tastes meaty pasta</p>
  <p time="633480" is_ac="true">it's good though</p>
  <p time="639380" is_ac="true">there's that tomato</p>
  <p time="645860" is_ac="true">peppers are cooked</p>
  <p time="648660" is_ac="true">and then there's like coriander on top</p>
  <p time="651959" is_ac="true">Korean on top it looks really nice</p>
  <p time="654180" is_ac="true">though like look it looks nice yeah it</p>
  <p time="657060" is_ac="true">looks really pretty like nice and</p>
  <p time="658680" is_ac="true">whatnot</p>
  <p time="659820" is_ac="true">flavor</p>
  <p time="667550" is_ac="true">[Music]</p>
  <p time="671220" is_ac="true">service charges bought pound 99</p>
  <p time="674040" is_ac="true">thank you</p>
  <p time="676019" is_ac="true">guys</p>
  <p time="677000" is_ac="true">so let's just shout and fly inside the</p>
  <p time="679500" is_ac="true">place to shout out one another</p>
  <p time="692000" is_ac="true">I'm sorry there's someone just behind</p>
  <p time="694260" is_ac="true">the door but there's a massive two for</p>
  <p time="696540" is_ac="true">the toilet there's like five people</p>
  <p time="699120" is_ac="true">the food was absolutely shocking</p>
  <p time="703260" is_ac="true">um the pizza I think like they probably</p>
  <p time="706079" is_ac="true">have a regular surprise frozen frozen</p>
  <p time="708120" is_ac="true">pizzas and they just stick it into the</p>
  <p time="710579" is_ac="true">oven</p>
  <p time="712019" is_ac="true">um the pasta I the pasta was like half</p>
  <p time="716220" is_ac="true">cooked and then they just added like a</p>
  <p time="718500" is_ac="true">teaspoon of like yeah tomato puree they</p>
  <p time="722399" is_ac="true">cut up like bell peppers to hide like to</p>
  <p time="724200" is_ac="true">give it flavor it did absolutely nothing</p>
  <p time="727980" is_ac="true">um the chips</p>
  <p time="729839" is_ac="true">the chips I don't know whether they were</p>
  <p time="731820" is_ac="true">chips</p>
  <p time="732800" is_ac="true">I don't know whether they were chips or</p>
  <p time="735720" is_ac="true">whether they were like</p>
  <p time="738240" is_ac="true">like animal-made fries or something they</p>
  <p time="741240" is_ac="true">had a strong barbecue beefy taste I</p>
  <p time="744060" is_ac="true">don't know where that came from it's the</p>
  <p time="745920" is_ac="true">last spot yeah we're gonna go to is a um</p>
  <p time="749760" is_ac="true">it's an Indian restaurant it is supposed</p>
  <p time="752940" is_ac="true">to be the worst Indian restaurant in</p>
  <p time="755459" is_ac="true">London so I can't wait to go there I</p>
  <p time="758100" is_ac="true">don't think it's getting worse</p>
  <p time="760160" is_ac="true">foreign</p>
  <p time="762560" is_ac="true">thing that you will see in London is</p>
  <p time="765240" is_ac="true">entertainment and there's entertainment</p>
  <p time="767100" is_ac="true">everywhere literally</p>
  <p time="772100" is_ac="true">[Music]</p>
  <p time="779480" is_ac="true">I've lost stop Taj Mahal one person said</p>
  <p time="783060" is_ac="true">that he's a scam and adds more to the</p>
  <p time="784620" is_ac="true">price another got charged 44 pounds for</p>
  <p time="787260" is_ac="true">two people a bad service and he tries to</p>
  <p time="789540" is_ac="true">attract to his flattery he was horrible</p>
  <p time="791339" is_ac="true">talking too much and he added 30 pounds</p>
  <p time="793560" is_ac="true">on their bill these two also had bad</p>
  <p time="795540" is_ac="true">experiences High charges low portions</p>
  <p time="805940" is_ac="true">Taj Mahal</p>
  <p time="809160" is_ac="true">would you like some beans oh yes</p>
  <p time="818399" is_ac="true">um you like mango or fruit</p>
  <p time="822800" is_ac="true">no of course you need something good</p>
  <p time="824940" is_ac="true">good first come on good for Billy no I</p>
  <p time="827880" is_ac="true">think let's stick to water please okay</p>
  <p time="830100" is_ac="true">thank you yeah I'm ready yeah pay me</p>
  <p time="832980" is_ac="true">water as well</p>
  <p time="834800" is_ac="true">temperatures oh can I get cold please</p>
  <p time="839220" is_ac="true">foreign</p>
  <p time="890240" is_ac="true">two different one</p>
  <p time="892940" is_ac="true">okay</p>
  <p time="894920" is_ac="true">have you got papadums</p>
  <p time="898720" is_ac="true">[Music]</p>
  <p time="904880" is_ac="true">the guy's a sweet talker he likes to you</p>
  <p time="907740" is_ac="true">know compliment you but he just doesn't</p>
  <p time="909540" is_ac="true">stop talking guys</p>
  <p time="913800" is_ac="true">distance</p>
  <p time="916800" is_ac="true">that doesn't tastes so good</p>
  <p time="919320" is_ac="true">only good not fantastic oh it's amazing</p>
  <p time="924360" is_ac="true">young lady I'm fantastic boy where are</p>
  <p time="927360" is_ac="true">you from I'm from</p>
  <p time="929339" is_ac="true">I'm from the sky</p>
  <p time="932839" is_ac="true">Bangladesh I knew it</p>
  <p time="937260" is_ac="true">is 21 years old</p>
  <p time="941160" is_ac="true">John laughing please you look you look</p>
  <p time="943620" is_ac="true">no older than 21. yeah thank you very</p>
  <p time="946380" is_ac="true">much you are my daughter don't worry</p>
  <p time="947899" is_ac="true">I've never seen a glass of Ross</p>
  <p time="951260" is_ac="true">some onions some chili sauce garlic Mayo</p>
  <p time="955920" is_ac="true">and some what is it is</p>
  <p time="960660" is_ac="true">popcorn</p>
  <p time="968120" is_ac="true">this is spicy</p>
  <p time="973500" is_ac="true">it tastes like spicy pan</p>
  <p time="976519" is_ac="true">the spicy though oh that's really spicy</p>
  <p time="980399" is_ac="true">this is</p>
  <p time="982320" is_ac="true">no that's not</p>
  <p time="985500" is_ac="true">foreign</p>
  <p time="1020420" is_ac="true">smells absolutely Sensational why are</p>
  <p time="1022880" is_ac="true">the onions so big though</p>
  <p time="1024500" is_ac="true">onions</p>
  <p time="1033880" is_ac="true">egg fried rice</p>
  <p time="1046220" is_ac="true">it was an absolutely tasteless and dry</p>
  <p time="1050840" is_ac="true">yeah</p>
  <p time="1053860" is_ac="true">is like three weeks left over</p>
  <p time="1060740" is_ac="true">here</p>
  <p time="1063919" is_ac="true">and hard</p>
  <p time="1066520" is_ac="true">try some Dawn</p>
  <p time="1069380" is_ac="true">we love some melon bread this is some</p>
  <p time="1071840" is_ac="true">different type of lawn right there</p>
  <p time="1074360" is_ac="true">in it yeah</p>
  <p time="1086860" is_ac="true">the curry was very spicy but not really</p>
  <p time="1089900" is_ac="true">flavorful</p>
  <p time="1105100" is_ac="true">chicken is very sweet biryani</p>
  <p time="1109039" is_ac="true">I can't wait to try everything</p>
  <p time="1113600" is_ac="true">everything</p>
  <p time="1128600" is_ac="true">foreign</p>
  <p time="1158040" is_ac="true">[Music]</p>
  <p time="1172400" is_ac="true">you know you've got something in the</p>
  <p time="1174020" is_ac="true">microwave is it me or does that like um</p>
  <p time="1177919" is_ac="true">this looks microwavable microwavable</p>
  <p time="1181100" is_ac="true">they're not I'm not too sure of the rice</p>
  <p time="1183020" is_ac="true">you don't know the whole day today</p>
  <p time="1185760" is_ac="true">[Music]</p>
  <p time="1188679" is_ac="true">Palace</p>
  <p time="1190280" is_ac="true">the Italian</p>
  <p time="1191799" is_ac="true">they're all really scary but I think for</p>
  <p time="1196640" is_ac="true">me personally maybe this Curry was the</p>
  <p time="1198980" is_ac="true">scariest it's very sweet though yeah but</p>
  <p time="1201679" is_ac="true">I mean it's better than</p>
  <p time="1203179" is_ac="true">efficient in that place it's better than</p>
  <p time="1205280" is_ac="true">the pizza in the pasta the pizza yeah</p>
  <p time="1207919" is_ac="true">the piece was horrible</p>
  <p time="1209299" is_ac="true">every customer that walks in he sees the</p>
  <p time="1212179" is_ac="true">same things to the mango Lassie rice</p>
  <p time="1215179" is_ac="true">like I Am the Doctor of cooking like</p>
  <p time="1218360" is_ac="true">um</p>
  <p time="1229660" is_ac="true">as soon as I told him about the NHS</p>
  <p time="1232160" is_ac="true">discount his whole face changed and he</p>
  <p time="1234860" is_ac="true">gave me like a really weird grin</p>
  <p time="1238100" is_ac="true">thank you</p>
  <p time="1239660" is_ac="true">don't tell anybody</p>
  <p time="1252640" is_ac="true">oh don't tell people</p>
  <p time="1256840" is_ac="true">this is done</p>
  <p time="1263260" is_ac="true">58 55 then the discount</p>
  <p time="1268100" is_ac="true">and then what's this then this is</p>
  <p time="1280940" is_ac="true">biryani</p>
  <p time="1286000" is_ac="true">this is</p>
  <p time="1301640" is_ac="true">if we look at the menu it does say that</p>
  <p time="1304460" is_ac="true">papadums are zero point something</p>
  <p time="1306280" is_ac="true">whereas he charged us six pounds 90 for</p>
  <p time="1309500" is_ac="true">Pompa domes so the chicken tikka yes he</p>
  <p time="1312679" is_ac="true">did charge us correctly he then charged</p>
  <p time="1314960" is_ac="true">me 11 pounds 95 for the shatori chicken</p>
  <p time="1318260" is_ac="true">which is eight pounds 95. for the butter</p>
  <p time="1320659" is_ac="true">chicken it is 8.95 so that he did charge</p>
  <p time="1323659" is_ac="true">that correctly for the special fried</p>
  <p time="1325400" is_ac="true">rice which was egg fried rice it was</p>
  <p time="1327320" is_ac="true">three pounds something which is correct</p>
  <p time="1329240" is_ac="true">however for the naan he charged us 11</p>
  <p time="1332000" is_ac="true">pounds 55 for three when one is about</p>
  <p time="1335000" is_ac="true">two pounds something I can't really see</p>
  <p time="1337280" is_ac="true">because of the menu not only were the</p>
  <p time="1339200" is_ac="true">price is incorrect but the calculation</p>
  <p time="1340880" is_ac="true">was</p>
  <p time="1341780" is_ac="true">six pounds ninety plus 11 pounds 95 plus</p>
  <p time="1344480" is_ac="true">11 pounds 95 again plus eight pounds 95</p>
  <p time="1348320" is_ac="true">plus three pounds 95 plus 11 pounds 85.</p>
  <p time="1353120" is_ac="true">comes up to 55.55</p>
  <p time="1356539" is_ac="true">let's work out the percentage of 15</p>
  <p time="1358780" is_ac="true">which is 0.5 as 1 times 15 is 8.33</p>
  <p time="1365059" is_ac="true">if we minus this from 55.55 it leaves us</p>
  <p time="1369320" is_ac="true">with 47 pounds 21p</p>
  <p time="1371539" is_ac="true">now we will minus this from the 14.85</p>
  <p time="1374780" is_ac="true">drink and that comes to 62 pounds and</p>
  <p time="1377419" is_ac="true">six pence he charged me 64 pounds and 85</p>
  <p time="1381440" is_ac="true">Pence</p>
  <p time="1382460" is_ac="true">why was the drinks not in the 15 percent</p>
  <p time="1386120" is_ac="true">and why was the calculations incorrect</p>
  <p time="1388520" is_ac="true">if you look closely at the receipt you</p>
  <p time="1390620" is_ac="true">can see he put</p>
  <p time="1392320" is_ac="true">96.40 as the total but scribbled it out</p>
  <p time="1395299" is_ac="true">because I think you realize the</p>
  <p time="1396860" is_ac="true">stupidity it doesn't say goodbye</p>
  <p time="1406159" is_ac="true">and he was like oh don't tell anybody</p>
  <p time="1407900" is_ac="true">that you guys want the 15 discount</p>
  <p time="1411260" is_ac="true">um the food there like the guy is so</p>
  <p time="1413240" is_ac="true">nicely at the beginning like he was so</p>
  <p time="1414799" is_ac="true">welcome he gives you offered what not</p>
  <p time="1416600" is_ac="true">here would do telling you to get</p>
  <p time="1417799" is_ac="true">everything under the sun and as soon as</p>
  <p time="1419659" is_ac="true">the bill comes my guy had an attitude</p>
  <p time="1422360" is_ac="true">the worst attitude ever I just want to</p>
  <p time="1424940" is_ac="true">review what was your review</p>
  <p time="1427159" is_ac="true">what did your review say</p>
  <p time="1429679" is_ac="true">oh</p>
  <p time="1431059" is_ac="true">can I see this I want to read your</p>
  <p time="1432860" is_ac="true">review</p>
  <p time="1433720" is_ac="true">one star because I have no choice</p>
  <p time="1435799" is_ac="true">suddenly spent 60 to 70 pounds it's so</p>
  <p time="1438380" is_ac="true">bad he's a scam he adds more to the</p>
  <p time="1440299" is_ac="true">price and brings you food on the house</p>
  <p time="1442400" is_ac="true">but charges you for it do not go here</p>
  <p time="1445340" is_ac="true">also the food is microwaved and then</p>
  <p time="1448460" is_ac="true">it's so rude and invested towards the</p>
  <p time="1450020" is_ac="true">Annie bro</p>
  <p time="1451700" is_ac="true">um I would never recommend this place</p>
  <p time="1453020" is_ac="true">this is probably the worst place I've</p>
  <p time="1454340" is_ac="true">ever been to out of all the places I've</p>
  <p time="1456140" is_ac="true">been to today was an interesting day I</p>
  <p time="1458419" is_ac="true">hope you guys enjoyed this video please</p>
  <p time="1459740" is_ac="true">smash the like button</p>
</text>
