<?xml version='1.0' encoding='UTF-8'?>
<text date_d="12" date_m="4" date_y="2022" format="srv3" age_limit="0" comment_count="129" description="Eating at the Highest Rated Persian Restaurant in Las Vegas (Full Review!)&#10;&#10;Looking for the best Middle Eastern restaurant in Las Vegas? Consider Dream Kabob, which is a multiple award-winning restaurant in Las Vegas that serves what some people call the best Persian food in Las Vegas. Dream Kebab is a family-owned Persian restaurant that specializes in kabobs, especially their koobideh and lamb chops. They also have great appetizers like kashk o bademjan and their famous saffron ice cream with baklava. It is one of the best places to eat in Las Vegas especially for large groups. &#10;&#10;So if you are in Las Vegas, and are looking for places to eat, some best restaurants 2022, and are asking, “What are some good restaurants near me, or some good food near me?” then look no further than Dream Kabob. It’s one of the best restaurants in Las Vegas, especially if you want delicious Iranian food in Vegas! Watch Steve take on this Iranian food mukbang with style! &#10;&#10;&#10;🔸 Dream Kabob&#10;230 S Rainbow Blvd&#10;Las Vegas, NV 89145&#10;https://www.dreamkabob.com/&#10;&#10;&#10;&#10;🔸 SOCIAL Instagram: https://www.instagram.com/rockstareater &#10;&#10;&#10;🔸 Love these videos? Consider leaving a TIP for Rockstar Eater!!!&#10;CreatorGuild: https://www.creatorguild.co/rockstar-eater/&#10;&#10;🔸 SOCIAL&#10;Instagram: https://www.instagram.com/rockstareater&#10;&#10;&#10;SHORT BIO&#10;Rockstar Eater specializes in Los Angeles food. Steve covers the best restaurants in Los Angeles 2022. So if you are looking for the best restaurants in LA or the best places to eat in Los Angeles 2022, then follow Rockstar Eater on Youtube. This Los Angeles food vlog covers the best food in Los Angeles by showing you where to eat in Los Angeles." fulltitle="Eating at the HIGHEST RATED PERSIAN RESTAURANT in Las Vegas (Full Review!)" like_count="1042" location="na" playlist_title="na" release_date="na" upload_date="20220412" repost_count="na" tags="las vegas 2022; highest rated persian restaurant; best food in las vegas 2022; best restaurants in las vegas 2022; las vegas vlog 2022; lifestyle; what to eat in las vegas 2022; eating; las vegas news; las vegas restaurants 2022; best middle eastern restaurant; best persian food in las vegas; best iranian food in las vegas; best las vegas restaurants 2022; persian food reaction; las vegas food; best restaurants 2022; places to eat; iranian cuisine; iranian food mukbang; " title="Eating at the HIGHEST RATED PERSIAN RESTAURANT in Las Vegas (Full Review!)" uploader="Rockstar Eater" view_count="25737" webpage_url="https://www.youtube.com/watch?v=3tYyMBo0mZA" autocaption="true">
  <p time="80" is_ac="true">this is an epic</p>
  <p time="1760" is_ac="true">iranian feast that you can have in las</p>
  <p time="4160" is_ac="true">vegas at the highest rated persian</p>
  <p time="6080" is_ac="true">restaurant in the city and they have</p>
  <p time="7919" is_ac="true">such awesome meats such as this lamb</p>
  <p time="9840" is_ac="true">chop right here</p>
  <p time="14490" is_ac="true">[Music]</p>
  <p time="23199" is_ac="true">hey guys welcome back to my channel this</p>
  <p time="24960" is_ac="true">is steve from rockstar eater coming to</p>
  <p time="26640" is_ac="true">you with another rockin episode and i'm</p>
  <p time="28800" is_ac="true">here in vegas in the western part that's</p>
  <p time="31760" is_ac="true">kind of near the 95 freeway so i'm very</p>
  <p time="35120" is_ac="true">north it's a good day to be eating some</p>
  <p time="38320" is_ac="true">interesting food in las vegas and that's</p>
  <p time="41120" is_ac="true">what i'm going to be doing today i'm</p>
  <p time="42239" is_ac="true">going to be trying persian food</p>
  <p time="44480" is_ac="true">persian iranian food for the first time</p>
  <p time="47280" is_ac="true">in las vegas yes they do have a few of</p>
  <p time="49760" is_ac="true">these around and</p>
  <p time="51680" is_ac="true">i'm at the one that's like the highest</p>
  <p time="53680" is_ac="true">rated persian restaurant that you can</p>
  <p time="55199" is_ac="true">find in las vegas dream kabob they are</p>
  <p time="58879" is_ac="true">known for having some authentic</p>
  <p time="60480" is_ac="true">delicious iranian food everybody is</p>
  <p time="63440" is_ac="true">raving about it and i knew i had to</p>
  <p time="65199" is_ac="true">check it out award-winning restaurant so</p>
  <p time="67520" is_ac="true">if you guys want to see what persian</p>
  <p time="69520" is_ac="true">iranian food looks like especially in</p>
  <p time="71920" is_ac="true">las vegas continue to watch on because i</p>
  <p time="74080" is_ac="true">would love to hear your feedback</p>
  <p time="75520" is_ac="true">especially if you are from iran so i can</p>
  <p time="78320" is_ac="true">hear what you guys think about it and</p>
  <p time="80240" is_ac="true">also if you're new this channel take a</p>
  <p time="81759" is_ac="true">moment right now to hit that subscribe</p>
  <p time="83280" is_ac="true">button as well as the notification belt</p>
  <p time="85360" is_ac="true">because i post these food and travel</p>
  <p time="86720" is_ac="true">videos weekly you don't want to miss out</p>
  <p time="88560" is_ac="true">on so go ahead do that right now and i'm</p>
  <p time="91040" is_ac="true">about to go in and get some of this</p>
  <p time="92799" is_ac="true">awesome iranian food feast</p>
  <p time="96490" is_ac="true">[Music]</p>
  <p time="105439" is_ac="true">so to give you a little history about</p>
  <p time="106799" is_ac="true">this restaurant it's been open for about</p>
  <p time="108399" is_ac="true">four years now in las vegas and it's one</p>
  <p time="110720" is_ac="true">of few restaurants that has persian</p>
  <p time="113439" is_ac="true">iranian food and like i said it is</p>
  <p time="116000" is_ac="true">highly rated people love it here at this</p>
  <p time="118240" is_ac="true">restaurant it is family owned</p>
  <p time="121040" is_ac="true">authentic traditional recipes going on</p>
  <p time="124079" is_ac="true">here all right guys so this is ben right</p>
  <p time="126399" is_ac="true">here he's the chef owner here at dream</p>
  <p time="129039" is_ac="true">kebab award-winning restaurant once</p>
  <p time="130800" is_ac="true">again so yeah chef we got some food</p>
  <p time="133200" is_ac="true">cooking right here right yes yes</p>
  <p time="135520" is_ac="true">this is marinated already marinated lamb</p>
  <p time="138480" is_ac="true">yes my daily lime chops yeah okay</p>
  <p time="141520" is_ac="true">these are the chicken wings uh</p>
  <p time="143840" is_ac="true">drama drum sticks and beans already</p>
  <p time="146800" is_ac="true">marinated a little bit spicy</p>
  <p time="150239" is_ac="true">this is the</p>
  <p time="151760" is_ac="true">shish kebab yes the beef</p>
  <p time="154720" is_ac="true">this one the same thing lamb shish kebab</p>
  <p time="157360" is_ac="true">this is the beef wow</p>
  <p time="159040" is_ac="true">these are the ground beef the holidays</p>
  <p time="162000" is_ac="true">uh-huh this is the grilled onion some</p>
  <p time="164080" is_ac="true">people like it with their food</p>
  <p time="166560" is_ac="true">and uh polish again and this is the</p>
  <p time="170400" is_ac="true">uh</p>
  <p time="171599" is_ac="true">tenderloin we call it beef bag</p>
  <p time="174080" is_ac="true">yeah yeah we slice it very skinny very</p>
  <p time="176640" is_ac="true">skinny bad means leaf yes it has to be</p>
  <p time="178959" is_ac="true">skinny as a leaf</p>
  <p time="180720" is_ac="true">okay yeah the flames are amazingly hot</p>
  <p time="183840" is_ac="true">yeah the flames are just attacking this</p>
  <p time="185599" is_ac="true">meat from the bottom so you really have</p>
  <p time="187200" is_ac="true">to watch it or else it's gonna burn so</p>
  <p time="189280" is_ac="true">the chef is monitoring it making sure</p>
  <p time="191120" is_ac="true">that all the chicken and beef and the</p>
  <p time="193360" is_ac="true">veggies are all cooked properly for this</p>
  <p time="195840" is_ac="true">extraordinary iranian food experience</p>
  <p time="198400" is_ac="true">oh yeah look at that that's the bread</p>
  <p time="201200" is_ac="true">chef ben is gonna put it right in there</p>
  <p time="203840" is_ac="true">you spraying some water on it yeah okay</p>
  <p time="206560" is_ac="true">there you go we're ready to go inside</p>
  <p time="210840" is_ac="true">oh there it is it's cooking in there</p>
  <p time="214799" is_ac="true">when i said that this is an epic persian</p>
  <p time="218000" is_ac="true">food feast i really mean it in front of</p>
  <p time="220640" is_ac="true">me i got like 9 10 different items all</p>
  <p time="223440" is_ac="true">the way from the dips to the salads to</p>
  <p time="225519" is_ac="true">the meats and the breads this is truly a</p>
  <p time="228159" is_ac="true">fantastic middle eastern dining</p>
  <p time="230560" is_ac="true">experience that you can have here in las</p>
  <p time="232720" is_ac="true">vegas i'm so excited let me see some of</p>
  <p time="235280" is_ac="true">the things that i got here for today</p>
  <p time="237519" is_ac="true">so beginning with the salad and the</p>
  <p time="239120" is_ac="true">various dips this one is what's called</p>
  <p time="241120" is_ac="true">the masto</p>
  <p time="242400" is_ac="true">pierre i hope i'm pronouncing that</p>
  <p time="244799" is_ac="true">correctly masto kier which is fresh</p>
  <p time="246879" is_ac="true">yogurt mixed with cucumbers mint and</p>
  <p time="249360" is_ac="true">house seasoning and notice it comes with</p>
  <p time="250959" is_ac="true">some fresh veggies okay this is what's</p>
  <p time="253360" is_ac="true">called grape leaves very traditional</p>
  <p time="255200" is_ac="true">well-known</p>
  <p time="256320" is_ac="true">persian food and i like the way that</p>
  <p time="258000" is_ac="true">they plate it up with the cucumber as</p>
  <p time="260079" is_ac="true">well that looks so interesting and some</p>
  <p time="261840" is_ac="true">walnuts and this is the hummus i think a</p>
  <p time="264240" is_ac="true">lot of people know about hummus</p>
  <p time="265840" is_ac="true">especially if they eat middle eastern</p>
  <p time="267520" is_ac="true">food that's pureed garbanzo beans sesame</p>
  <p time="271120" is_ac="true">tahini fresh lemon juice garlic and</p>
  <p time="273520" is_ac="true">olive oil yes</p>
  <p time="275840" is_ac="true">beautiful little shirazi salad it comes</p>
  <p time="278560" is_ac="true">from a city</p>
  <p time="279840" is_ac="true">called shiraz in iran so yes it is a</p>
  <p time="284080" is_ac="true">specialty</p>
  <p time="285280" is_ac="true">salad that's mixed with a lot of</p>
  <p time="288080" is_ac="true">different ingredients just chopped</p>
  <p time="289680" is_ac="true">cucumbers onions</p>
  <p time="291759" is_ac="true">tomatoes tossed in dried mints and</p>
  <p time="293759" is_ac="true">dressed with lemon-based dressing oh man</p>
  <p time="296560" is_ac="true">look at this one so this is called the</p>
  <p time="297919" is_ac="true">casho parmenchan i hope i pronounced</p>
  <p time="300880" is_ac="true">that right it's basically their mashed</p>
  <p time="302720" is_ac="true">sauteed eggplant blended with the kash</p>
  <p time="305759" is_ac="true">as well as topped with caramelized</p>
  <p time="307120" is_ac="true">onions fried garlic and mint this is</p>
  <p time="310240" is_ac="true">really the fanciest grape leaves i've</p>
  <p time="311840" is_ac="true">ever had</p>
  <p time="313120" is_ac="true">the way they designed it</p>
  <p time="317680" is_ac="true">what is this like some sort of there's</p>
  <p time="319120" is_ac="true">like rice inside i think</p>
  <p time="321039" is_ac="true">and then a whole bunch of grape leaves</p>
  <p time="322320" is_ac="true">that are wrapped around it's a little</p>
  <p time="324400" is_ac="true">bit sour that's the way it's supposed to</p>
  <p time="326080" is_ac="true">taste</p>
  <p time="326960" is_ac="true">but it's really one of the most awesome</p>
  <p time="329039" is_ac="true">persian appetizers you can have in a</p>
  <p time="330639" is_ac="true">restaurant</p>
  <p time="331680" is_ac="true">off to a good start so far</p>
  <p time="333440" is_ac="true">oh man</p>
  <p time="335120" is_ac="true">that is one creamy almost that looks so</p>
  <p time="337520" is_ac="true">delicious</p>
  <p time="342780" is_ac="true">[Music]</p>
  <p time="344080" is_ac="true">that hummus is fire</p>
  <p time="346800" is_ac="true">it's so creamy so rich so delicious so</p>
  <p time="349680" is_ac="true">with the yogurt you take the pita bread</p>
  <p time="351759" is_ac="true">you dip it in and you've got to get a</p>
  <p time="353600" is_ac="true">lot of it that's how you make it taste</p>
  <p time="355680" is_ac="true">so so good</p>
  <p time="360000" is_ac="true">that yogurt is so creamy</p>
  <p time="362960" is_ac="true">very creamy</p>
  <p time="365120" is_ac="true">has that strong uh kind of like a milk</p>
  <p time="367120" is_ac="true">taste to it it's good though i've had</p>
  <p time="369199" is_ac="true">this many times</p>
  <p time="370880" is_ac="true">this suraj salad is so cute look at this</p>
  <p time="373039" is_ac="true">little</p>
  <p time="373919" is_ac="true">earthen bowl that it comes in</p>
  <p time="376400" is_ac="true">just a little salt pepper olive oil</p>
  <p time="379280" is_ac="true">some lemon juice i think</p>
  <p time="381759" is_ac="true">it's very healthy too</p>
  <p time="383440" is_ac="true">this one looks so delicious i heard it's</p>
  <p time="386000" is_ac="true">a special recipe that tastes unlike any</p>
  <p time="389360" is_ac="true">others</p>
  <p time="390370" is_ac="true">[Music]</p>
  <p time="394160" is_ac="true">that is so good</p>
  <p time="395840" is_ac="true">no kidding</p>
  <p time="397840" is_ac="true">okay so the eggplant</p>
  <p time="399520" is_ac="true">is fried it's mashed that's what it</p>
  <p time="401520" is_ac="true">tastes like in your mouth so rich but</p>
  <p time="403840" is_ac="true">what's really good is this fried</p>
  <p time="407120" is_ac="true">mint that's on top of it</p>
  <p time="409520" is_ac="true">this piece of bread right here you see</p>
  <p time="411360" is_ac="true">that</p>
  <p time="412319" is_ac="true">it's kind of like a pizza kind of thing</p>
  <p time="415440" is_ac="true">and i'm going to tear me off</p>
  <p time="417199" is_ac="true">a piece of that</p>
  <p time="419280" is_ac="true">and use it as a dip</p>
  <p time="422319" is_ac="true">that bread is so fluffy</p>
  <p time="425680" is_ac="true">it's almost kind of like eating uh</p>
  <p time="428240" is_ac="true">like a pizza dough in some ways</p>
  <p time="430240" is_ac="true">like a neapolitan pizza dough but a</p>
  <p time="431840" is_ac="true">little bit more of that</p>
  <p time="433680" is_ac="true">that pita texture to it</p>
  <p time="436400" is_ac="true">it's a really good bread</p>
  <p time="438240" is_ac="true">man you can just eat it by itself when</p>
  <p time="440000" is_ac="true">it tastes so good i'm telling you eat it</p>
  <p time="442400" is_ac="true">by itself or eat it with the dips this</p>
  <p time="444240" is_ac="true">one or the hummus</p>
  <p time="446800" is_ac="true">wow this this rice looks amazing so chef</p>
  <p time="448960" is_ac="true">what do we got here okay we got here the</p>
  <p time="451039" is_ac="true">basmati rice uh with the saffron already</p>
  <p time="453680" is_ac="true">that you see the yellow part and the</p>
  <p time="455360" is_ac="true">burberry that's one of the favorite</p>
  <p time="458080" is_ac="true">mix and toppings on a</p>
  <p time="460319" is_ac="true">rice that we are using on a dishes so</p>
  <p time="462800" is_ac="true">colorful so tasty</p>
  <p time="464960" is_ac="true">a little bit sour and you're gonna love</p>
  <p time="467280" is_ac="true">it</p>
  <p time="468000" is_ac="true">we got here lamb chops okay that we call</p>
  <p time="470879" is_ac="true">it shishlik in</p>
  <p time="472720" is_ac="true">iranian dishes uh we have the</p>
  <p time="475919" is_ac="true">chicken kebabs or chicken tender that we</p>
  <p time="479680" is_ac="true">use for this purpose we have lamb fish</p>
  <p time="482240" is_ac="true">inside the chunk pieces of the lamb and</p>
  <p time="484400" is_ac="true">i have a beef</p>
  <p time="485680" is_ac="true">beef fish</p>
  <p time="486879" is_ac="true">uh is inside also</p>
  <p time="489360" is_ac="true">on the left side if you come in here yes</p>
  <p time="491360" is_ac="true">we have the ground beef uh they call it</p>
  <p time="493919" is_ac="true">kobe de one of the most popular kebabs</p>
  <p time="496800" is_ac="true">beef kebabs and persian dishes</p>
  <p time="499360" is_ac="true">on the top we have the chicken wings</p>
  <p time="501759" is_ac="true">that we not fry at we just barbecued</p>
  <p time="504479" is_ac="true">drumsticks and wings</p>
  <p time="507039" is_ac="true">so delicious already marinated</p>
  <p time="509120" is_ac="true">everything like one or two days before</p>
  <p time="512080" is_ac="true">so the rice is really one of the</p>
  <p time="513760" is_ac="true">highlights of persian cuisine you have</p>
  <p time="516399" is_ac="true">rice in a lot of different</p>
  <p time="519200" is_ac="true">middle eastern and of course asian</p>
  <p time="520880" is_ac="true">countries but let me tell you nobody</p>
  <p time="522880" is_ac="true">makes rice quite like</p>
  <p time="525760" is_ac="true">iran persian rice is just so good</p>
  <p time="528480" is_ac="true">because it's delicious it's colorful and</p>
  <p time="531360" is_ac="true">then if you get like for example</p>
  <p time="532800" is_ac="true">barberry rice it's sweet it's like</p>
  <p time="534959" is_ac="true">fruity that's why i'm going to get a</p>
  <p time="538080" is_ac="true">generous amount of this rice and really</p>
  <p time="540240" is_ac="true">enjoy this rice as part of the meal not</p>
  <p time="542399" is_ac="true">just as a filler but really enjoy it</p>
  <p time="544720" is_ac="true">like it's a crucial part of the meal</p>
  <p time="548080" is_ac="true">should i start off with the kubernetes</p>
  <p time="550320" is_ac="true">the ground beef</p>
  <p time="555839" is_ac="true">it's cooked perfectly all around</p>
  <p time="558480" is_ac="true">if you guys have never had a kubernete</p>
  <p time="559920" is_ac="true">before</p>
  <p time="561360" is_ac="true">you're missing out that's the first</p>
  <p time="562800" is_ac="true">thing you should order when you go to a</p>
  <p time="564720" is_ac="true">persian iranian restaurant is the</p>
  <p time="566560" is_ac="true">kubernete</p>
  <p time="567680" is_ac="true">it's the best ground beef that you can</p>
  <p time="569519" is_ac="true">have seriously</p>
  <p time="571760" is_ac="true">oh</p>
  <p time="574160" is_ac="true">i wish i could get up on this table and</p>
  <p time="576080" is_ac="true">just dance around that's how happy i am</p>
  <p time="578000" is_ac="true">right now now guys are so amazing</p>
  <p time="580560" is_ac="true">basmati rice is so delicious</p>
  <p time="582880" is_ac="true">and here they put the barberry fruits on</p>
  <p time="585519" is_ac="true">top of it so it tastes almost kind of</p>
  <p time="587600" is_ac="true">like</p>
  <p time="588480" is_ac="true">cranberries or raspberries or something</p>
  <p time="590399" is_ac="true">like that on top of it it's very fruity</p>
  <p time="593279" is_ac="true">the best fruity rice that you can taste</p>
  <p time="595680" is_ac="true">i didn't really think that that would</p>
  <p time="596880" is_ac="true">have been a good combination but it is a</p>
  <p time="598560" is_ac="true">fabulous combination okay so the next</p>
  <p time="600880" is_ac="true">one i'm going to eat are the lamb chops</p>
  <p time="602800" is_ac="true">this one i'm very excited to try they</p>
  <p time="604079" is_ac="true">said it's the best seller here you must</p>
  <p time="605920" is_ac="true">get it</p>
  <p time="609600" is_ac="true">yeah yeah</p>
  <p time="611760" is_ac="true">oh yeah that is like lamb chops to the</p>
  <p time="613920" is_ac="true">best</p>
  <p time="615040" is_ac="true">see i like this lamb chop because it is</p>
  <p time="616880" is_ac="true">so it tastes really like something that</p>
  <p time="619200" is_ac="true">came out of your backyard barbecue and</p>
  <p time="620800" is_ac="true">the meat is so tender not tough not</p>
  <p time="623279" is_ac="true">gamey</p>
  <p time="624320" is_ac="true">really some of the best lamb that you</p>
  <p time="625839" is_ac="true">can eat</p>
  <p time="627040" is_ac="true">oh yeah it's really good</p>
  <p time="629760" is_ac="true">it's so tender and it's kind of crispy</p>
  <p time="631839" is_ac="true">on the top too</p>
  <p time="633839" is_ac="true">with that smoky taste</p>
  <p time="636720" is_ac="true">you gotta get the lime jobs here it's so</p>
  <p time="638399" is_ac="true">good oh man</p>
  <p time="639920" is_ac="true">and then i'm also gonna try what's</p>
  <p time="641279" is_ac="true">called the barg they call this the leaf</p>
  <p time="643760" is_ac="true">the leaf beef i think because it's so</p>
  <p time="645760" is_ac="true">thin</p>
  <p time="653040" is_ac="true">that one it's so good taste</p>
  <p time="655920" is_ac="true">it's just like steak like a skirt steak</p>
  <p time="657920" is_ac="true">basically</p>
  <p time="659279" is_ac="true">squirt steak yeah</p>
  <p time="660880" is_ac="true">like a</p>
  <p time="662000" is_ac="true">carne asada</p>
  <p time="664000" is_ac="true">by the way did i mention that this</p>
  <p time="665279" is_ac="true">platter comes with a lot of veggies like</p>
  <p time="667120" is_ac="true">tomatoes</p>
  <p time="668880" is_ac="true">and mushrooms</p>
  <p time="670560" is_ac="true">bell pepper and all that really healthy</p>
  <p time="672320" is_ac="true">stuff actually</p>
  <p time="673760" is_ac="true">let me go with like a chicken wing that</p>
  <p time="675519" is_ac="true">looks pretty good right</p>
  <p time="681279" is_ac="true">now that is very tender</p>
  <p time="683760" is_ac="true">and very juicy very flavorful</p>
  <p time="686720" is_ac="true">everything that i've had here was just</p>
  <p time="688240" is_ac="true">fantastic</p>
  <p time="689760" is_ac="true">definitely you need to come with a big</p>
  <p time="691279" is_ac="true">group if you're going to eat all this</p>
  <p time="692399" is_ac="true">food no kidding man</p>
  <p time="694079" is_ac="true">all right ending it off with some ice</p>
  <p time="696079" is_ac="true">cream this is their</p>
  <p time="697760" is_ac="true">baklava ice cream that's bottom is the</p>
  <p time="699920" is_ac="true">baklava the top is a saffron ice cream</p>
  <p time="702640" is_ac="true">very characteristic of persian ice cream</p>
  <p time="706000" is_ac="true">yes gonna give me a nice</p>
  <p time="708480" is_ac="true">scoop</p>
  <p time="709440" is_ac="true">of this ice cream this is the first time</p>
  <p time="710880" is_ac="true">i've had ice cream and baklava it's so</p>
  <p time="712639" is_ac="true">interesting now that i think about it</p>
  <p time="720959" is_ac="true">oh dude i'm so glad i got this</p>
  <p time="723200" is_ac="true">this is so amazing</p>
  <p time="726720" is_ac="true">so the birds the ice cream itself</p>
  <p time="728560" is_ac="true">saffron ice cream</p>
  <p time="730480" is_ac="true">it's so delicious already</p>
  <p time="732240" is_ac="true">saffron flavor it got some pistachio</p>
  <p time="734240" is_ac="true">nuts crushed all over it but then if you</p>
  <p time="737040" is_ac="true">mix it with the sweetness the crispiness</p>
  <p time="739519" is_ac="true">the honey taste of the baklava in the</p>
  <p time="742000" is_ac="true">bottom</p>
  <p time="742959" is_ac="true">it is like a winning combination</p>
  <p time="745360" is_ac="true">this is also a thing you cannot miss out</p>
  <p time="747360" is_ac="true">on this restaurant i mean the rice is</p>
  <p time="750000" is_ac="true">really good the barberry rice saffron</p>
  <p time="752480" is_ac="true">always such a favorite of mine and the</p>
  <p time="754560" is_ac="true">eggplant dip is mind-blowing truly a</p>
  <p time="757120" is_ac="true">unique recipe</p>
  <p time="758480" is_ac="true">that's just so so good as well as the</p>
  <p time="760399" is_ac="true">bread</p>
  <p time="761279" is_ac="true">and then the meats but you know what i</p>
  <p time="762639" is_ac="true">did not expect</p>
  <p time="764240" is_ac="true">is the saffron ice cream with the</p>
  <p time="765600" is_ac="true">baklava i didn't even think the two</p>
  <p time="767760" is_ac="true">could work together and this is the only</p>
  <p time="769440" is_ac="true">restaurant i've been to by far that</p>
  <p time="771519" is_ac="true">makes this combination saffron ice cream</p>
  <p time="774000" is_ac="true">with the baklava and it is mind-blowing</p>
  <p time="776240" is_ac="true">i would say come here</p>
  <p time="778320" is_ac="true">just for this yes get get everything</p>
  <p time="780480" is_ac="true">else as well of course and finish it off</p>
  <p time="782639" is_ac="true">with this ice cream anyways yeah so if</p>
  <p time="785200" is_ac="true">you are in las vegas and you're looking</p>
  <p time="786800" is_ac="true">for a really good middle eastern uh</p>
  <p time="789600" is_ac="true">persian iranian restaurant then they've</p>
  <p time="791680" is_ac="true">got you covered here at dream kebab</p>
  <p time="794320" is_ac="true">really nice ambiance very friendly staff</p>
  <p time="797120" is_ac="true">delicious food what more can you ask for</p>
  <p time="799839" is_ac="true">all right guys so before i close out</p>
  <p time="801360" is_ac="true">this episode i want to give a shout out</p>
  <p time="802880" is_ac="true">once again to the owner and chef here</p>
  <p time="805040" is_ac="true">ben so yes when you come to this</p>
  <p time="806880" is_ac="true">restaurant which you will by the way</p>
  <p time="809040" is_ac="true">tell me you saw this episode and he's</p>
  <p time="810639" is_ac="true">willing to give you something really</p>
  <p time="811839" is_ac="true">special what is it chef well uh</p>
  <p time="814399" is_ac="true">first of all thank you to to you boss uh</p>
  <p time="817920" is_ac="true">dear friends we we will offer you if you</p>
  <p time="820399" is_ac="true">mention the name of just youtube okay</p>
  <p time="823120" is_ac="true">just youtube uh episode and then we're</p>
  <p time="825920" is_ac="true">gonna have you some free dessert of your</p>
  <p time="828320" is_ac="true">choice ice cream bag lava or the holiday</p>
  <p time="830720" is_ac="true">if you have one of the best that all are</p>
  <p time="832560" is_ac="true">homemade</p>
  <p time="833519" is_ac="true">so just mention the youtube video or</p>
  <p time="835519" is_ac="true">youtube uh</p>
  <p time="837040" is_ac="true">episode uh then ask for me</p>
  <p time="839600" is_ac="true">you're gonna have your free dessert all</p>
  <p time="841519" is_ac="true">right awesome and i'm telling you that</p>
  <p time="843600" is_ac="true">baklava ice cream is really mind-blowing</p>
  <p time="845920" is_ac="true">so yes you need to come and you need to</p>
  <p time="847680" is_ac="true">take advantage of that anyways thank you</p>
  <p time="849519" is_ac="true">so much for watching this episode guys</p>
  <p time="851040" is_ac="true">give me a thumbs up if you like what i'm</p>
  <p time="852399" is_ac="true">doing here also comment on the section</p>
  <p time="854240" is_ac="true">because if you've been to this</p>
  <p time="855040" is_ac="true">restaurant before i want to hear your</p>
  <p time="856480" is_ac="true">story and also subscribe so they can get</p>
  <p time="858880" is_ac="true">more of these food videos coming up i</p>
  <p time="860720" is_ac="true">hope you have a rocking day today folks</p>
  <p time="862480" is_ac="true">and i'll see you guys in the next video</p>
</text>
