<?xml version='1.0' encoding='UTF-8'?>
<text date_d="3" date_m="3" date_y="2023" format="srv3" age_limit="0" comment_count="4300" description="I decided to eat ONLY at food trucks for the entire day, and my mind was blown from how delicious they all were!&#10;🔴 SUBSCRIBE FOR LIT VIDEOS ► http://bit.ly/SubToRug&#10;🔵 Try my G FUEL Flavor!! ► https://gfuel.ly/use-code-rug &#10;&#10;GO SPAM MY OTHER PAGES!!&#10;Instagram ► https://www.instagram.com/fazerug/&#10;TikTok ► https://www.tiktok.com/@rug&#10;Twitter ► https://twitter.com/FaZeRug&#10;Snapchat ► &quot;thefazerug&quot;" fulltitle="Eating At ONLY Cheap VS Expensive Food Trucks!" like_count="172192" location="na" playlist_title="na" release_date="na" upload_date="20230303" repost_count="na" tags="faze rug; rug; rugfaze; fazerug; " title="Eating At ONLY Cheap VS Expensive Food Trucks!" uploader="FaZe Rug" view_count="8543842" webpage_url="https://www.youtube.com/watch?v=qxkhoyXOPhc" autocaption="true">
  <p time="0" is_ac="true">today I'm going to be eating at cheap</p>
  <p time="1920" is_ac="true">versus expensive food trucks for the</p>
  <p time="3959" is_ac="true">entire day there are over 36 000 food</p>
  <p time="6600" is_ac="true">trucks in the entire U.S where you can</p>
  <p time="8700" is_ac="true">get different types of food from around</p>
  <p time="10260" is_ac="true">the world out of a truck we're gonna</p>
  <p time="12059" is_ac="true">start off our day with some coffee and</p>
  <p time="13799" is_ac="true">breakfast out of a truck before the</p>
  <p time="15900" is_ac="true">coffee I forgot to mention we hit 23</p>
  <p time="18420" is_ac="true">million subscribers guys thank you all</p>
  <p time="20520" is_ac="true">so much for your support it means the</p>
  <p time="22260" is_ac="true">absolute world to me without further Ado</p>
  <p time="23939" is_ac="true">let's get into the video</p>
  <p time="26340" is_ac="true">this food trailer is a five star on Yelp</p>
  <p time="28980" is_ac="true">you don't see many five stars out there</p>
  <p time="30599" is_ac="true">so this is gonna hit Hi how are you oh</p>
  <p time="32940" is_ac="true">man this looks awesome yeah is that cool</p>
  <p time="35579" is_ac="true">we make YouTube videos sorry yeah it's</p>
  <p time="37559" is_ac="true">okay you know you're the third person</p>
  <p time="39239" is_ac="true">today</p>
  <p time="40440" is_ac="true">no way a few other guys this morning</p>
  <p time="42540" is_ac="true">came to like filming for like YouTube</p>
  <p time="44579" is_ac="true">series were we here earlier bro so</p>
  <p time="46800" is_ac="true">what's like a popular coffee here all of</p>
  <p time="48719" is_ac="true">our homemade latte syrups are the most</p>
  <p time="50760" is_ac="true">popular lavender honey Rose Honey brown</p>
  <p time="54180" is_ac="true">sugar cinnamon archives also homemade</p>
  <p time="57719" is_ac="true">and our mochas are honestly really</p>
  <p time="59879" is_ac="true">popular because I make the mochas with</p>
  <p time="61680" is_ac="true">real chocolate can I get like a brown</p>
  <p time="63480" is_ac="true">sugar one iced yeah you got it and then</p>
  <p time="65820" is_ac="true">Noah what do you want I know you're a</p>
  <p time="67080" is_ac="true">big coffee guys I'll do the uh mocha</p>
  <p time="68939" is_ac="true">when you're talking about anything else</p>
  <p time="70200" is_ac="true">you guys you guys have waffles right</p>
  <p time="72180" is_ac="true">yeah most popular is probably the peanut</p>
  <p time="74520" is_ac="true">butter lover very special fresh berries</p>
  <p time="77040" is_ac="true">avocado is really popular too I'll do</p>
  <p time="79140" is_ac="true">the berry special please how long has</p>
  <p time="80880" is_ac="true">this been a food truck by the way</p>
  <p time="82140" is_ac="true">October of 2021. is it just you here</p>
  <p time="84659" is_ac="true">yeah it's just me here but I only</p>
  <p time="86340" is_ac="true">started coming here maybe two months ago</p>
  <p time="88020" is_ac="true">yeah I saw a lot of good reviews on Yelp</p>
  <p time="90240" is_ac="true">and all that stuff so I definitely</p>
  <p time="91860" is_ac="true">wanted to try it out dude I love The</p>
  <p time="93420" is_ac="true">Vibes here the aesthetic of the place is</p>
  <p time="95460" is_ac="true">nice I mean just based off the reviews</p>
  <p time="96780" is_ac="true">they said it's some of the best coffee</p>
  <p time="98220" is_ac="true">that they've ever had so me and Noah</p>
  <p time="100320" is_ac="true">will be the judge of that we get coffee</p>
  <p time="101579" is_ac="true">all the time all the time bro bro look</p>
  <p time="103860" is_ac="true">at the waffles no way so fresh thank you</p>
  <p time="107100" is_ac="true">so much it looks delicious appreciate it</p>
  <p time="109159" is_ac="true">yo look at the brown sugar this is yours</p>
  <p time="112380" is_ac="true">Noah oh man let's go to a quieter spot</p>
  <p time="114479" is_ac="true">to review it let's go we got all the</p>
  <p time="116280" is_ac="true">food and I think we just gotta start</p>
  <p time="117659" is_ac="true">with the coffee taste test brown sugar</p>
  <p time="119340" is_ac="true">love baby</p>
  <p time="123600" is_ac="true">this tastes like a homemade coffee</p>
  <p time="125579" is_ac="true">literally what she was saying to us that</p>
  <p time="127619" is_ac="true">everything feels more homemade this is</p>
  <p time="129479" is_ac="true">that taste right here you could tell</p>
  <p time="131039" is_ac="true">there's no added syrup or anything</p>
  <p time="132900" is_ac="true">unhealthy in this thing and I like The</p>
  <p time="134700" is_ac="true">Branding rise and grind that's what it's</p>
  <p time="136200" is_ac="true">all about guys I think I'm gonna compare</p>
  <p time="137819" is_ac="true">it to Starbucks because that's like the</p>
  <p time="139800" is_ac="true">biggest coffee chain how would Loki hit</p>
  <p time="141599" is_ac="true">this more than Starbucks I feel like</p>
  <p time="143280" is_ac="true">Starbucks has a lot of like different</p>
  <p time="144900" is_ac="true">added stuff in there that you don't know</p>
  <p time="146400" is_ac="true">and it's a little bit more unhealthy</p>
  <p time="147900" is_ac="true">this is a that home style coffee field</p>
  <p time="149819" is_ac="true">now the waffle</p>
  <p time="152360" is_ac="true">man</p>
  <p time="154099" is_ac="true">got some fruit oh my God that's</p>
  <p time="157500" is_ac="true">delicious bro with the fruit too</p>
  <p time="159180" is_ac="true">blueberries and strawberries oh my gosh</p>
  <p time="161280" is_ac="true">this is the perfect breakfast right now</p>
  <p time="162780" is_ac="true">no I gotta get your reaction to the</p>
  <p time="164400" is_ac="true">coffee yo I got the mocha made with real</p>
  <p time="166800" is_ac="true">chocolate though stop playing a little</p>
  <p time="168360" is_ac="true">swirl</p>
  <p time="172260" is_ac="true">well it tastes like hot chocolate well a</p>
  <p time="174120" is_ac="true">little hint of coffee in there I like</p>
  <p time="175379" is_ac="true">what you were saying about like how it</p>
  <p time="176819" is_ac="true">tastes very like natural it literally</p>
  <p time="178440" is_ac="true">tastes like she handcrafted everything</p>
  <p time="180420" is_ac="true">inside of that truck yeah that whole</p>
  <p time="181860" is_ac="true">trailer I would rate the whole entire</p>
  <p time="183720" is_ac="true">thing along with customer service a five</p>
  <p time="185819" is_ac="true">star out of five star to start out the</p>
  <p time="187560" is_ac="true">video I'm gonna have to hit your waffle</p>
  <p time="188879" is_ac="true">though Pro inspired pot makes sense why</p>
  <p time="191459" is_ac="true">they're rated that high I forgot to</p>
  <p time="192599" is_ac="true">mention too I'm gonna be tipping every</p>
  <p time="194340" is_ac="true">food truck 500 after our experience so</p>
  <p time="197400" is_ac="true">what a great guy man I don't even know</p>
  <p time="199019" is_ac="true">that I'm excited to see her reaction</p>
  <p time="200340" is_ac="true">she's super genuine it seems like she's</p>
  <p time="202140" is_ac="true">actually grinding as it's in the name</p>
  <p time="203700" is_ac="true">rise and grind so I think she really</p>
  <p time="205560" is_ac="true">deserves that 500. what are you doing</p>
  <p time="207060" is_ac="true">Noah is that how you're feeling right</p>
  <p time="208200" is_ac="true">now that's how I'm feeling that's how</p>
  <p time="209519" is_ac="true">I'm feeling okay I just want to know</p>
  <p time="210900" is_ac="true">what you did with this coffee you</p>
  <p time="212819" is_ac="true">know no I don't I love it it's amazing I</p>
  <p time="216420" is_ac="true">feel like I'm at home when I'm drinking</p>
  <p time="217739" is_ac="true">it oh thank you yeah of course I want to</p>
  <p time="219720" is_ac="true">give you a 500 tip no yeah the coffee</p>
  <p time="222659" is_ac="true">deserves it yeah are you serious yup</p>
  <p time="225180" is_ac="true">that's all yeah what is going on are you</p>
  <p time="227400" is_ac="true">for real 100 that's all you good thank</p>
  <p time="230040" is_ac="true">you of course what was your name again</p>
  <p time="231299" is_ac="true">my name's Autumn this is a small</p>
  <p time="233340" is_ac="true">woman-owned business me and my sister</p>
  <p time="234959" is_ac="true">own this oh honestly this is like crazy</p>
  <p time="237599" is_ac="true">of course guys if you're in San Diego</p>
  <p time="240180" is_ac="true">come check out rise and grind coffee</p>
  <p time="241980" is_ac="true">show them some love wait I'll take a</p>
  <p time="243599" is_ac="true">photo after my boyfriend yeah no wait</p>
  <p time="245220" is_ac="true">you get in the photo too</p>
  <p time="246860" is_ac="true">thank you guys because they're</p>
  <p time="248940" is_ac="true">supporting him so he'll support me of</p>
  <p time="250920" is_ac="true">course oh that's so cool oh my God love</p>
  <p time="255180" is_ac="true">to see it thank you so wild thank you</p>
  <p time="257220" is_ac="true">yeah bye telling you this coffee is</p>
  <p time="259199" is_ac="true">worth 500 bro</p>
  <p time="261479" is_ac="true">all right guys it is time for lunch and</p>
  <p time="263699" is_ac="true">we found this taco truck that was</p>
  <p time="265620" is_ac="true">actually featured on a Netflix show from</p>
  <p time="267540" is_ac="true">how good it is and this would not be a</p>
  <p time="270000" is_ac="true">proper food truck video without a taco</p>
  <p time="271800" is_ac="true">truck I mean it's just a classic let's</p>
  <p time="273479" is_ac="true">go see what the hype is all about I mean</p>
  <p time="275220" is_ac="true">off the bat bro I love LED lights they</p>
  <p time="277380" is_ac="true">got that down so this is called Pico's</p>
  <p time="279360" is_ac="true">place the sea</p>
  <p time="280680" is_ac="true">the truck itself is actually nice so</p>
  <p time="282419" is_ac="true">there's an ATM I have never seen</p>
  <p time="284520" is_ac="true">anything like that an ATM in a food</p>
  <p time="286919" is_ac="true">truck okay they have too many options</p>
  <p time="288900" is_ac="true">here bro what do I go with and of course</p>
  <p time="291300" is_ac="true">the classic Carlitos bro come on this is</p>
  <p time="294300" is_ac="true">just fire I actually love the orange one</p>
  <p time="296280" is_ac="true">too so I'ma cop that what's up brother</p>
  <p time="297900" is_ac="true">hey how you doing man how are you really</p>
  <p time="299759" is_ac="true">good nice to meet you what are your</p>
  <p time="301440" is_ac="true">favorite items off the menu my favorite</p>
  <p time="303419" is_ac="true">Auto on the</p>
  <p time="310740" is_ac="true">no beer batter fried fish taco which</p>
  <p time="313259" is_ac="true">made it to Netflix also the smoked fish</p>
  <p time="315479" is_ac="true">taco okay tuna can I get the second one</p>
  <p time="317759" is_ac="true">I'll grab one of these</p>
  <p time="319759" is_ac="true">and then Noah do you want something they</p>
  <p time="322199" is_ac="true">mix Ceviche one mix Ceviche yes it</p>
  <p time="324240" is_ac="true">sounds good brother and then also what's</p>
  <p time="325680" is_ac="true">one other popular item on the menu the</p>
  <p time="327900" is_ac="true">shrimp cocktails you gotta try it yeah</p>
  <p time="329940" is_ac="true">get a shrimp I'll get a shrimp cocktail</p>
  <p time="331440" is_ac="true">sounds good brother yeah hey brother</p>
  <p time="332820" is_ac="true">come try to sample soup while you're</p>
  <p time="334320" is_ac="true">waiting it's a fish and shrimp broth</p>
  <p time="335820" is_ac="true">really good okay okay dude I guess while</p>
  <p time="337919" is_ac="true">we wait they hand out broth here we go</p>
  <p time="339900" is_ac="true">buddy wow thank you so much it's a seven</p>
  <p time="342180" is_ac="true">season broth a little bit of fish and</p>
  <p time="343740" is_ac="true">shrimp in there wow</p>
  <p time="345419" is_ac="true">take a whistles</p>
  <p time="348380" is_ac="true">whoa what's crazy is I'm not a huge</p>
  <p time="350699" is_ac="true">Seafood guy that tastes fire please just</p>
  <p time="353160" is_ac="true">try it</p>
  <p time="356039" is_ac="true">normal now for the main course oh my</p>
  <p time="358860" is_ac="true">gosh sheer butter shrimp taco wow the</p>
  <p time="361560" is_ac="true">shrimp cocktail okay this looks amazing</p>
  <p time="363960" is_ac="true">and a famous mix Ceviche thank you so</p>
  <p time="366300" is_ac="true">much they even got this area where you</p>
  <p time="368160" is_ac="true">can actually put toppings on the side</p>
  <p time="369960" is_ac="true">too you already know we gotta grab some</p>
  <p time="371880" is_ac="true">lime for the tacos onions everything's</p>
  <p time="374280" is_ac="true">good they have sauce right here bro I'm</p>
  <p time="376259" is_ac="true">gonna grab some green sauce throw some</p>
  <p time="378479" is_ac="true">green sauce on there I think we're ready</p>
  <p time="380280" is_ac="true">for the official taste test when I tell</p>
  <p time="382080" is_ac="true">you the presentation on this is a 10 out</p>
  <p time="384180" is_ac="true">of 10. I'm not lying bro look at this</p>
  <p time="386100" is_ac="true">from a food truck you gotta keep that in</p>
  <p time="388139" is_ac="true">mind can you say something for me they</p>
  <p time="389460" is_ac="true">say Mariscos Mariscos that's all I</p>
  <p time="391800" is_ac="true">needed to hear from you this is so</p>
  <p time="393300" is_ac="true">Mariscos look at the shrimp bro like you</p>
  <p time="395819" is_ac="true">know what's gonna hit when the shrimp is</p>
  <p time="396960" is_ac="true">like fat bro trust he's saying something</p>
  <p time="398520" is_ac="true">right now what do you think is that</p>
  <p time="399979" is_ac="true">what's up what's up what subscribe okay</p>
  <p time="403740" is_ac="true">thank you bro thank you can we cheers</p>
  <p time="405720" is_ac="true">our shrimps together bro we are just two</p>
  <p time="407759" is_ac="true">shrimps yeah at the end of the day let's</p>
  <p time="409319" is_ac="true">go</p>
  <p time="421100" is_ac="true">we got the shrimp taco bro beer batter</p>
  <p time="424259" is_ac="true">shrimp gotta get the lime of course this</p>
  <p time="426720" is_ac="true">is gonna be a nice bite I feel it I love</p>
  <p time="428520" is_ac="true">the presentation too</p>
  <p time="431400" is_ac="true">oh that was a great bite bro how's it</p>
  <p time="434160" is_ac="true">tasting fire that's incredible look at</p>
  <p time="435960" is_ac="true">the shrimp the beer battered shrimp wow</p>
  <p time="437940" is_ac="true">look at that and the thing is I never</p>
  <p time="439740" is_ac="true">really get shrimp tacos I never really</p>
  <p time="441720" is_ac="true">get Seafood from Mexican food yeah yeah</p>
  <p time="443639" is_ac="true">but this one hits different oh</p>
  <p time="446180" is_ac="true">I love this I'm about to go for a five</p>
  <p time="448740" is_ac="true">out of five but hold on this is how you</p>
  <p time="450780" is_ac="true">know you go to food trucks if you can do</p>
  <p time="452160" is_ac="true">this</p>
  <p time="453300" is_ac="true">all right go for it oh hey my boy tastes</p>
  <p time="456960" is_ac="true">like a harritos commercial bro</p>
  <p time="460199" is_ac="true">I love my heartitos all right Noah what</p>
  <p time="462300" is_ac="true">did you get mixed Ceviche so this</p>
  <p time="464099" is_ac="true">actually has like parts of squid in it</p>
  <p time="465960" is_ac="true">no way has parts of like shrimp some</p>
  <p time="468240" is_ac="true">fish in there big shrimp on top</p>
  <p time="470340" is_ac="true">oh wow it doesn't get one bite right</p>
  <p time="473960" is_ac="true">that's amazing Super Fresh good quality</p>
  <p time="476759" is_ac="true">five out of five I can't rate this any</p>
  <p time="478199" is_ac="true">lower and it deserves a 500 tip I should</p>
  <p time="480419" is_ac="true">tell him that something was in our food</p>
  <p time="481740" is_ac="true">and then I'll put the 500 under the</p>
  <p time="483660" is_ac="true">plate and I'll be like bro it's under</p>
  <p time="484680" is_ac="true">the plate let's do it I like that that</p>
  <p time="487139" is_ac="true">the 500 right here we are gonna throw it</p>
  <p time="489840" is_ac="true">right there bro this is unacceptable I</p>
  <p time="491639" is_ac="true">don't like what I saw in there bro we</p>
  <p time="493080" is_ac="true">gotta let him know</p>
  <p time="494639" is_ac="true">um we found something in the food can</p>
  <p time="495960" is_ac="true">you just come check it out yeah okay</p>
  <p time="497580" is_ac="true">thank you thank you oh man it's not</p>
  <p time="499379" is_ac="true">looking too good what is it bro so like</p>
  <p time="501419" is_ac="true">if you look under the plate I don't know</p>
  <p time="503220" is_ac="true">if it was supposed to be in there</p>
  <p time="504800" is_ac="true">yeah oh my God the 500 tip this food is</p>
  <p time="510840" is_ac="true">amazing thank you thank you sorry for</p>
  <p time="512940" is_ac="true">the scare</p>
  <p time="514159" is_ac="true">creative appreciate it oh my God hope</p>
  <p time="517440" is_ac="true">you have a good day okay all right thank</p>
  <p time="519000" is_ac="true">you yeah of course no problem hey this</p>
  <p time="520440" is_ac="true">is what we love doing it for man all</p>
  <p time="521880" is_ac="true">right that's it stop the camera</p>
  <p time="525420" is_ac="true">this next food truck is called Shawarma</p>
  <p time="527880" is_ac="true">guys it is voted number one restaurant</p>
  <p time="529920" is_ac="true">in the country not number one food truck</p>
  <p time="532080" is_ac="true">but number one restaurant in all of the</p>
  <p time="534660" is_ac="true">United States and it's confirmed by Yelp</p>
  <p time="536880" is_ac="true">according to yelp's new top 100 list</p>
  <p time="538980" is_ac="true">it's now the number one restaurant in</p>
  <p time="541380" is_ac="true">the country I would never expect a food</p>
  <p time="543360" is_ac="true">truck to be the best place you can eat</p>
  <p time="545279" is_ac="true">in all of America but here we are check</p>
  <p time="547620" is_ac="true">this fact out guys it says Shawarma guys</p>
  <p time="549959" is_ac="true">garnered a perfect five stars in nearly</p>
  <p time="552899" is_ac="true">all its first 500 online reviews</p>
  <p time="555440" is_ac="true">resulting in the San Diego food truck</p>
  <p time="557700" is_ac="true">being named by Yelp as the number one</p>
  <p time="559800" is_ac="true">place to eat in the country what the</p>
  <p time="561540" is_ac="true">hell now this is a good test because I'm</p>
  <p time="563700" is_ac="true">Middle Eastern and I've eaten Middle</p>
  <p time="565200" is_ac="true">Eastern food pretty much my whole life</p>
  <p time="566760" is_ac="true">so I'm gonna be the real judge of this</p>
  <p time="568920" is_ac="true">food truck let's go best middle eastern</p>
  <p time="570959" is_ac="true">restaurant best caterer and best food</p>
  <p time="573720" is_ac="true">truck here in San Diego bro that's</p>
  <p time="575519" is_ac="true">awesome man I know you guys are the</p>
  <p time="577320" is_ac="true">number one restaurant in the country</p>
  <p time="578580" is_ac="true">which is awesome what's like one of your</p>
  <p time="580500" is_ac="true">most popular dishes so we are very known</p>
  <p time="582899" is_ac="true">for the like you beef shawarma</p>
  <p time="587880" is_ac="true">first time I always recommend to have</p>
  <p time="590220" is_ac="true">that halfway you have rice to bully</p>
  <p time="592500" is_ac="true">hummus pita bread you know I like that</p>
  <p time="594540" is_ac="true">and beef together on the plate can I get</p>
  <p time="596820" is_ac="true">one of those can we get like a side of</p>
  <p time="598380" is_ac="true">like palafin</p>
  <p time="600959" is_ac="true">first look man I'm so excited off the</p>
  <p time="604080" is_ac="true">bat though it smells fire I think</p>
  <p time="606000" is_ac="true">there's the falafel</p>
  <p time="609300" is_ac="true">what oh my gosh we got the half and half</p>
  <p time="612300" is_ac="true">plate we got the chicken we got the</p>
  <p time="613980" is_ac="true">wagyu beef garlic sauce on both we got</p>
  <p time="616140" is_ac="true">the rice the hummus assuming this is the</p>
  <p time="618180" is_ac="true">bread and know what you got all right my</p>
  <p time="620940" is_ac="true">boy wagyu beef Shawarma man with chicken</p>
  <p time="623399" is_ac="true">The Best of Both Worlds you know what I</p>
  <p time="625140" is_ac="true">mean</p>
  <p time="628560" is_ac="true">bro</p>
  <p time="632279" is_ac="true">so many different Kebab shops Shawarma</p>
  <p time="634440" is_ac="true">places this tops it all</p>
  <p time="641519" is_ac="true">look for laughing</p>
  <p time="644640" is_ac="true">the only bad thing bro is that it's</p>
  <p time="646860" is_ac="true">actually far from my house so I don't</p>
  <p time="648360" is_ac="true">think I'm gonna come back here for a</p>
  <p time="649380" is_ac="true">minute the pita bread this is like I'm</p>
  <p time="651959" is_ac="true">home right now my mom would make this</p>
  <p time="653459" is_ac="true">with bajamas bro</p>
  <p time="656700" is_ac="true">yeah no one's wants to talk to you oh</p>
  <p time="658320" is_ac="true">yeah hello</p>
  <p time="659779" is_ac="true">messages</p>
  <p time="661579" is_ac="true">wait are you serious I'm literally</p>
  <p time="663959" is_ac="true">reviewing the Shawarma guys right now</p>
  <p time="665820" is_ac="true">but I didn't get your message on</p>
  <p time="667380" is_ac="true">Instagram guys supposedly the owner hit</p>
  <p time="669300" is_ac="true">me up on Instagram yesterday but I did</p>
  <p time="671519" is_ac="true">not see it what a coincidence bro all in</p>
  <p time="673860" is_ac="true">all the Shawarma guys lives up to the</p>
  <p time="675720" is_ac="true">name man number one restaurant in the US</p>
  <p time="677640" is_ac="true">I'm gonna give it a five star out of</p>
  <p time="679200" is_ac="true">five star like this is incredible okay</p>
  <p time="681180" is_ac="true">so the owner sent me these they're egg</p>
  <p time="683160" is_ac="true">rolls beef and chicken complimentary on</p>
  <p time="685260" is_ac="true">the house bro feed first okay oh wow bro</p>
  <p time="688200" is_ac="true">their garlic here hits different</p>
  <p time="691320" is_ac="true">that's fresh looks so good I have to</p>
  <p time="693480" is_ac="true">give him a 500 tip 500 for you guys</p>
  <p time="696000" is_ac="true">thank you what do you mean because it's</p>
  <p time="697740" is_ac="true">great it was delicious what do you mean</p>
  <p time="699660" is_ac="true">I mean you guys deserve the 500 tip the</p>
  <p time="702600" is_ac="true">service the food everything was amazing</p>
  <p time="705240" is_ac="true">of course thank you and tell Brian I say</p>
  <p time="707519" is_ac="true">thank you thank you all right appreciate</p>
  <p time="709740" is_ac="true">you thanks on to the next my boy right</p>
  <p time="712140" is_ac="true">here wanted a signature he didn't have</p>
  <p time="713820" is_ac="true">anything else but a fruit snacks wrapper</p>
  <p time="715920" is_ac="true">so there's a first for me but hey it's</p>
  <p time="717660" is_ac="true">valuable now bro there you go appreciate</p>
  <p time="719519" is_ac="true">you bro have a good one hero take care</p>
  <p time="722240" is_ac="true">we are at the next Food Truck and check</p>
  <p time="725339" is_ac="true">out the entire setting for this place</p>
  <p time="727440" is_ac="true">what's up yo imagine just seeing a wild</p>
  <p time="729360" is_ac="true">FaZe rug filming a video while you're on</p>
  <p time="731040" is_ac="true">the street that's crazy this is so dope</p>
  <p time="732839" is_ac="true">they got floating tables they got a</p>
  <p time="734940" is_ac="true">bench and of course the main thing the</p>
  <p time="736980" is_ac="true">Japanese food truck bro we are at a</p>
  <p time="739260" is_ac="true">Hibachi food truck man it smells</p>
  <p time="741060" is_ac="true">delicious here the environment from this</p>
  <p time="742920" is_ac="true">food truck is a lot different than the</p>
  <p time="744360" is_ac="true">others because they actually have a</p>
  <p time="745500" is_ac="true">seating area so it gives off that like</p>
  <p time="747480" is_ac="true">restaurant feel but you're still</p>
  <p time="748920" is_ac="true">outdoors and getting food from a truck</p>
  <p time="750839" is_ac="true">so go check it out it smells fire before</p>
  <p time="753360" is_ac="true">this video I didn't know the culture of</p>
  <p time="755160" is_ac="true">food truck and how delicious it actually</p>
  <p time="756720" is_ac="true">is but I'm really excited this is what I</p>
  <p time="758760" is_ac="true">love about making videos you'll learn</p>
  <p time="760019" is_ac="true">something new every single day can I</p>
  <p time="761339" is_ac="true">just do a plate like filet and like</p>
  <p time="763260" is_ac="true">chicken fried rice and whatever else it</p>
  <p time="765240" is_ac="true">comes with like the veggies on the side</p>
  <p time="766680" is_ac="true">and stuff okay and how you like your</p>
  <p time="768720" is_ac="true">filet mignon cook can I do medium how</p>
  <p time="771180" is_ac="true">long have you guys been here by the way</p>
  <p time="772500" is_ac="true">one year that's awesome I love the</p>
  <p time="774360" is_ac="true">scenery I love like the seating too it's</p>
  <p time="776339" is_ac="true">awesome I'm excited to try it should we</p>
  <p time="778139" is_ac="true">eat on a floating table I feel like it's</p>
  <p time="779579" is_ac="true">only right for like a couple years looks</p>
  <p time="781260" is_ac="true">like a ride at like a carnival right but</p>
  <p time="783420" is_ac="true">you sit on this and it starts like</p>
  <p time="784680" is_ac="true">spinning filet mignon is ready oh I like</p>
  <p time="787800" is_ac="true">the attire too you look good yeah of</p>
  <p time="790079" is_ac="true">course do we get that Hibachi show too</p>
  <p time="791760" is_ac="true">yes sir</p>
  <p time="794040" is_ac="true">okay thank you so much I appreciate it</p>
  <p time="797160" is_ac="true">can't wait to try the food I actually</p>
  <p time="798839" is_ac="true">love Hibachi we go to Benihana's at</p>
  <p time="801360" is_ac="true">least once a month I got a good taste</p>
  <p time="803100" is_ac="true">for Hibachi first look oh</p>
  <p time="806480" is_ac="true">food trucks are underrated first off the</p>
  <p time="809399" is_ac="true">rice important</p>
  <p time="813240" is_ac="true">what we need garlic butter</p>
  <p time="816000" is_ac="true">so much</p>
  <p time="817200" is_ac="true">like lemon butter bro this is the</p>
  <p time="819480" is_ac="true">official taste test now so we're gonna</p>
  <p time="820920" is_ac="true">grab some of this put on some steak grab</p>
  <p time="823800" is_ac="true">some rice</p>
  <p time="826920" is_ac="true">foreign</p>
  <p time="829220" is_ac="true">bro words can't even describe how good</p>
  <p time="832320" is_ac="true">this is this literally compares to the</p>
  <p time="833940" is_ac="true">many Hondas</p>
  <p time="836300" is_ac="true">it's good hi I just want to say that's</p>
  <p time="839880" is_ac="true">the best hibachi I've ever had in my</p>
  <p time="841200" is_ac="true">life thank you so much you guys did an</p>
  <p time="843060" is_ac="true">amazing job I wanted to give a tip to</p>
  <p time="844920" is_ac="true">both of you guys here's five hundred</p>
  <p time="846600" is_ac="true">dollars oh my gosh really 100 that's all</p>
  <p time="849720" is_ac="true">you got of course yeah</p>
  <p time="852540" is_ac="true">got you with a 500 tip thank you</p>
  <p time="856139" is_ac="true">I said it's better than Benihana's come</p>
  <p time="859500" is_ac="true">on guys you gotta check them out if</p>
  <p time="860760" is_ac="true">you're in the area thank you so much</p>
  <p time="862700" is_ac="true">appreciate it guys I'm gonna enjoy the</p>
  <p time="864959" is_ac="true">rest of this and see you guys at the</p>
  <p time="866339" is_ac="true">next Food Truck</p>
  <p time="869220" is_ac="true">oh my gosh guys I'm so full hey guys</p>
  <p time="872279" is_ac="true">we've been non-stop eating food truck</p>
  <p time="874440" is_ac="true">food I don't think I could take any more</p>
  <p time="876060" is_ac="true">I think we end the video there wait hold</p>
  <p time="877860" is_ac="true">on you guys hear that you hear that</p>
  <p time="879300" is_ac="true">right now Rosetta ice cream truck bro no</p>
  <p time="881459" is_ac="true">I think it is it's a never-ending I</p>
  <p time="884459" is_ac="true">can't get food truck loop I want ice</p>
  <p time="886920" is_ac="true">cream I got for ice cream I guess</p>
  <p time="889820" is_ac="true">what was groovy</p>
  <p time="892579" is_ac="true">wait this is a sick truck thank you top</p>
  <p time="895620" is_ac="true">off the day with some dessert all right</p>
  <p time="897060" is_ac="true">can I do the Sunday crunch strawberry</p>
  <p time="899279" is_ac="true">dude it's in the chest right there</p>
  <p time="900600" is_ac="true">that's sick there you go thank you can I</p>
  <p time="903120" is_ac="true">get the big stick</p>
  <p time="906000" is_ac="true">that's the only one I've got oh thank</p>
  <p time="908100" is_ac="true">you Mama rug can you guess she wants the</p>
  <p time="910680" is_ac="true">Snickers</p>
  <p time="911839" is_ac="true">yes I've got both can I get both okay</p>
  <p time="916160" is_ac="true">hogging dogs</p>
  <p time="917959" is_ac="true">dogs</p>
  <p time="923060" is_ac="true">which is good I used to get this from</p>
  <p time="925199" is_ac="true">Chuck E cheese here we are thank you</p>
  <p time="927000" is_ac="true">you're welcome can I get the Bomb Pop</p>
  <p time="928980" is_ac="true">please</p>
  <p time="930500" is_ac="true">yay thank you you're welcome thank you</p>
  <p time="933300" is_ac="true">hey wouldn't you guys agree that this</p>
  <p time="934980" is_ac="true">ice cream is the best ice cream you guys</p>
  <p time="936360" is_ac="true">have ever had yes I think it deserves a</p>
  <p time="938820" is_ac="true">500 tip that's for you man yeah thank</p>
  <p time="941160" is_ac="true">you very much absolutely what's your</p>
  <p time="942600" is_ac="true">name rich nice to meet you nice thanks</p>
  <p time="944760" is_ac="true">for coming out here thanks for having me</p>
  <p time="946500" is_ac="true">yes of course yeah it's delicious</p>
  <p time="949860" is_ac="true">foreign</p>
  <p time="952500" is_ac="true">[Music]</p>
</text>
