<?xml version='1.0' encoding='UTF-8'?>
<text date_d="9" date_m="2" date_y="2024" format="srv3" age_limit="0" comment_count="1500" description="Today Barry from Sorted Food takes us for one of the most traditional British Meals: Pie &amp; Mash with a side of Jellied Eels!&#10;&#10;Thanks to M.Manze for looking after us! https://www.manze.co.uk/&#10;&#10;Go check out their channel: https://www.youtube.com/c/SORTEDFood &#10;&#10;Check out our latest JOLLY merch at http://getjolly.store&#10;&#10;Click here to buy Josh's bestselling autobiography! https://amzn.eu/d/73xtwcy&#10;&#10;Hit join and become a Jollybean member to join us in our members-only livestreams:&#10;https://www.youtube.com/jolly/join&#10;&#10;Special thanks to our Jollybean VIPs for supporting us in making this video!&#10;&#10;Kyle Ann&#10;TIFFANY JACOBS&#10;Johnathon Randle&#10;Li Winslow&#10;Bettie Meier&#10;Claim2Game (a.k.a isaiah gollan 20)&#10;James Wilson&#10;63angel&#10;Florian Adamek&#10;Raileigh GJ&#10;tralalaladee&#10;Vicky Bham&#10;Jamedalamus&#10;David Whitener&#10;Reilly Willoughby&#10;12rose3&#10;Julian Leung&#10;Yun Lim&#10;Laykan Dowdy&#10;heather owen&#10;CitrusQuill&#10;Gloria Kwon&#10;lira12tan&#10;Andi526" fulltitle="EEL JELLY: How do British people eat this!?" like_count="28008" location="na" playlist_title="na" release_date="na" upload_date="20240209" repost_count="na" tags="JOLLY; josh; ollie; British; UK; English; englishman; comedy; duo; food; react; try; tries; best; weirdest; craziest; series; online; guest; memes; Gentleman; Brits; international; spicy; spiciest; hottest; noodles; snacks; fast food; best friends; infinite possibilities; gabie; kook; carrott; kendal; review; taste; test; steven lim; watcher; travel; sorted food; highschoolers; meme; tiktok; weird; rappers; actually good; paris; london; L.A.; mcdonalds; michelin; crazy; asmr; mukbang; nyc; new york; city; american; biscuits; gravy; southern; " title="EEL JELLY: How do British people eat this!?" uploader="JOLLY" view_count="653925" webpage_url="https://www.youtube.com/watch?v=T_FrtmJ1f1E" autocaption="false">
  <p time="0" is_ac="false">Hi, I'm Josh.</p>
  <p time="1280" is_ac="false">I'm Ollie.</p>
  <p time="1780" is_ac="false">I'm Barry from Sorted Food.</p>
  <p time="3360" is_ac="false">And today we are trying Britain's first original pie and mash.</p>
  <p time="8080" is_ac="false">Manze's.</p>
  <p time="9080" is_ac="false">The first.</p>
  <p time="10000" is_ac="false">It's the oldest pie and mash shop in the UK. </p>
  <p time="13200" is_ac="false">Started in the 1800s.</p>
  <p time="15120" is_ac="false">You guys have been doing this quite a while now,</p>
  <p time="17240" is_ac="false">and I'm amazed you've not checked this place out.</p>
  <p time="19280" is_ac="false">I know.</p>
  <p time="19780" is_ac="false">We needed you to bring us here.</p>
  <p time="21480" is_ac="false">Well, that's what I'm here for.</p>
  <p time="24120" is_ac="false">I am craving some pie and mash.</p>
  <p time="25880" is_ac="false">OK.</p>
  <p time="26380" is_ac="false">So this place better be good.</p>
  <p time="27640" is_ac="false">As we walked in, a policeman, on the way out</p>
  <p time="29720" is_ac="false">told us this is the best food in the world.</p>
  <p time="32600" is_ac="false">Which is a big claim.</p>
  <p time="33920" is_ac="false">I've been watching you.</p>
  <p time="36560" is_ac="false">Barry, what are we ordering?</p>
  <p time="38000" is_ac="false">I presume it's quite simple.</p>
  <p time="39440" is_ac="false">There's plenty of options.</p>
  <p time="40640" is_ac="false">You can either have one pie, one mash, one pie, two mash,</p>
  <p time="44760" is_ac="false">two pies, two mash, or two pies, one mash.</p>
  <p time="47680" is_ac="false">Or you can have three pies.</p>
  <p time="49160" is_ac="false">Four pies.</p>
  <p time="49660" is_ac="false">No.</p>
  <p time="50160" is_ac="false">But that's not on the menu.</p>
  <p time="51388" is_ac="false">You can just keep going. </p>
  <p time="53240" is_ac="false">Well, what kind of order do you think I am, just looking at me?</p>
  <p time="56200" is_ac="false">One pie.</p>
  <p time="56700" is_ac="false">Well, it all depends how hungry you are.</p>
  <p time="59160" is_ac="false">One pie, one mash.</p>
  <p time="60040" is_ac="false">Yeah.</p>
  <p time="60560" is_ac="false">I think that checks out.</p>
  <p time="63200" is_ac="false">She saw straight through me.</p>
  <p time="65320" is_ac="false">Child appetite.</p>
  <p time="67780" is_ac="false">When we were waiting outside</p>
  <p time="68818" is_ac="false">I heard someone order a double double.</p>
  <p time="70080" is_ac="false">Yeah, double, double.</p>
  <p time="71200" is_ac="false">That sounds really good.</p>
  <p time="72280" is_ac="false">Just don't have gravy, have liquor.</p>
  <p time="73680" is_ac="false">Don't have gravy. </p>
  <p time="74520" is_ac="false">Don't have gravy.</p>
  <p time="75280" is_ac="false">OK.</p>
  <p time="75960" is_ac="false">I'm starving.</p>
  <p time="76520" is_ac="false">Let's do it.</p>
  <p time="78000" is_ac="false">What about jellied eel?</p>
  <p time="79280" is_ac="false">Yeah.</p>
  <p time="80720" is_ac="false">You don't like it?</p>
  <p time="81440" is_ac="false">Well, I don't.</p>
  <p time="82080" is_ac="false">But we've got, we do stewed eels as well.</p>
  <p time="84000" is_ac="false">Pot eels.</p>
  <p time="84760" is_ac="false">Can we have some jellied and some stewed, yeah?</p>
  <p time="86720" is_ac="false">Yes, please.</p>
  <p time="87360" is_ac="false">What's in the pot?</p>
  <p time="88600" is_ac="false">Mincemeat.</p>
  <p time="89100" is_ac="false">Just minced beef.</p>
  <p time="89720" is_ac="false">The recipe, has it changed?</p>
  <p time="91461" is_ac="false">No. It's been the same.</p>
  <p time="93560" is_ac="false">Since when?</p>
  <p time="94320" is_ac="false">1892?</p>
  <p time="96040" is_ac="false">Wow.</p>
  <p time="96720" is_ac="false">Oh, that's a lot of jelly.</p>
  <p time="98640" is_ac="false">That's a solid amount of jelly.</p>
  <p time="100280" is_ac="false">Your favorite.</p>
  <p time="101160" is_ac="false">OK.</p>
  <p time="102920" is_ac="false">Is the jelly just the stock you're cooking?</p>
  <p time="105600" is_ac="false">The brine or</p>
  <p time="106520" is_ac="false">Just some sort of jelly.</p>
  <p time="107520" is_ac="false">What do you mean, some sort of jelly.</p>
  <p time="108920" is_ac="false">You've got to sell it to me.</p>
  <p time="111680" is_ac="false">Come on.</p>
  <p time="112180" is_ac="false">I don't think she wants that.</p>
  <p time="113880" is_ac="false">Excellent.</p>
  <p time="114400" is_ac="false">Thank you.</p>
  <p time="115160" is_ac="false">All righty.</p>
  <p time="116000" is_ac="false">Come on in, Barry.</p>
  <p time="117080" is_ac="false">Wow.</p>
  <p time="118080" is_ac="false">I feel like I'm back at church.</p>
  <p time="119400" is_ac="false">It is like an altar.</p>
  <p time="120800" is_ac="false">It really is.</p>
  <p time="122280" is_ac="false">Should we take a moment?</p>
  <p time="123600" is_ac="false">Yeah.</p>
  <p time="124080" is_ac="false">Wow.</p>
  <p time="124800" is_ac="false">Let's reflect.</p>
  <p time="127920" is_ac="false">From what we're about to receive, please protect us.</p>
  <p time="131400" is_ac="false">Don't gag on camera.</p>
  <p time="134160" is_ac="false">I must say, it all looks delicious except for one thing.</p>
  <p time="137280" is_ac="false">Is that the jelly?</p>
  <p time="138160" is_ac="false">It's the jelly.</p>
  <p time="139240" is_ac="false">Did you watch the videos of how they prepare this as well?</p>
  <p time="141640" is_ac="false">Yes.</p>
  <p time="142120" is_ac="false">Yeah.</p>
  <p time="142600" is_ac="false">Yes.</p>
  <p time="143600" is_ac="false">Hard core.</p>
  <p time="145000" is_ac="false">They used to catch the eels in the thames, right?</p>
  <p time="147160" is_ac="false">I know.</p>
  <p time="147680" is_ac="false">The place used to be full of them.</p>
  <p time="149840" is_ac="false">I think even back then, in the 1800's, </p>
  <p time="151800" is_ac="false">it was still really badly polluted.</p>
  <p time="153680" is_ac="false">And it's one of the only things that could survive.</p>
  <p time="156000" is_ac="false">Now it's so bad, there's no chance of them getting this.</p>
  <p time="158200" is_ac="false">I'm not sure where these are from.</p>
  <p time="159280" is_ac="false">Look at the size of those.</p>
  <p time="160280" is_ac="false">There is a lot going on.</p>
  <p time="162320" is_ac="false">Ollie's got a little mini plate.</p>
  <p time="166600" is_ac="false">A Goldilocks situation.</p>
  <p time="168720" is_ac="false">I love the way they scrape the potato on the side.</p>
  <p time="171520" is_ac="false">Should we flip?</p>
  <p time="172800" is_ac="false">I've had a many of pie and mash,</p>
  <p time="175000" is_ac="false">Oh, wow.</p>
  <p time="175500" is_ac="false">- in my day,
- It's a different...</p>
  <p time="176523" is_ac="false">- I never knew,
- It's a different...</p>
  <p time="177821" is_ac="false">This is how they're originally supposed to be eaten.</p>
  <p time="180940" is_ac="false">We've got a puff on the top and a suet on the bottom.</p>
  <p time="184660" is_ac="false">Look at that.</p>
  <p time="186860" is_ac="false">So that's like beef and gravy.</p>
  <p time="188460" is_ac="false">Oh, wow.</p>
  <p time="189020" is_ac="false">Look at that.</p>
  <p time="189700" is_ac="false">It's a really basic</p>
  <p time="190820" is_ac="false">Gosh.</p>
  <p time="191320" is_ac="false">You've got eel, right, the cheapest cut back in the day.</p>
  <p time="194420" is_ac="false">Yeah.</p>
  <p time="194920" is_ac="false">And then you've got the cheapest minced beef as well.</p>
  <p time="196700" is_ac="false">It's good quality, but at the same time, it's affordable.</p>
  <p time="199660" is_ac="false">You're getting the liquor sauce as well.</p>
  <p time="201460" is_ac="false">Because that, as a name, concerned me, first of all.</p>
  <p time="204620" is_ac="false">Yeah.</p>
  <p time="205120" is_ac="false">But it is just parsley sauce.</p>
  <p time="208500" is_ac="false">OK.</p>
  <p time="209000" is_ac="false">There's no liquor.</p>
  <p time="209740" is_ac="false">There's no alcohol.</p>
  <p time="210580" is_ac="false">It's got nothing to do with alcohol.</p>
  <p time="212000" is_ac="false">Isn't liquor eels?</p>
  <p time="213000" is_ac="false">No, it's just parsley.</p>
  <p time="214000" is_ac="false">Parsley sauce.</p>
  <p time="214900" is_ac="false">OK, so</p>
  <p time="215400" is_ac="false">I feel like Beckham told us liquor was eel.</p>
  <p time="218180" is_ac="false">What does Beckham know about pie and mash?</p>
  <p time="220040" is_ac="false">It's his favourite food, apparently.</p>
  <p time="221980" is_ac="false">Yeah, right.</p>
  <p time="222900" is_ac="false">Apparently.</p>
  <p time="223840" is_ac="false">What I grew up on was traditional pie and mash</p>
  <p time="225940" is_ac="false">from the East End of London.</p>
  <p time="227140" is_ac="false">So it's a mince pie, mashed potato,</p>
  <p time="229700" is_ac="false">and then it's called liquor.</p>
  <p time="231020" is_ac="false">So liquor is parsley and stewed eels.</p>
  <p time="233980" is_ac="false">All right.</p>
  <p time="234700" is_ac="false">Look at that.</p>
  <p time="235360" is_ac="false">That is the biggest name drop I've ever heard in my life.</p>
  <p time="237120" is_ac="false">Yeah, yeah, sorry.</p>
  <p time="238013" is_ac="false">It's Beckham.</p>
  <p time="239080" is_ac="false">He told us this on the second occasion that we had dinner with him.</p>
  <p time="241880" is_ac="false">Alright, rub it in.</p>
  <p time="251840" is_ac="false">What's that taste?</p>
  <p time="253320" is_ac="false">It doesn't taste of much.</p>
  <p time="254680" is_ac="false">That's warming.</p>
  <p time="256080" is_ac="false">That tastes brown.</p>
  <p time="256940" is_ac="false">Soul food.</p>
  <p time="257600" is_ac="false">It tastes beige.</p>
  <p time="258520" is_ac="false">It does taste beige.</p>
  <p time="259440" is_ac="false">It does, yeah.</p>
  <p time="260020" is_ac="false">And this tastes slightly green.</p>
  <p time="261800" is_ac="false">Yeah.</p>
  <p time="262800" is_ac="false">That's true.</p>
  <p time="263600" is_ac="false">Not too green.</p>
  <p time="264900" is_ac="false">No, no, no.</p>
  <p time="265400" is_ac="false">All right.</p>
  <p time="265900" is_ac="false">You don't want that.</p>
  <p time="267153" is_ac="false">OK.</p>
  <p time="268220" is_ac="false">Bit of salt.</p>
  <p time="269040" is_ac="false">And they have vinegar.</p>
  <p time="270320" is_ac="false">Look at the size of that bottle of vinegar.</p>
  <p time="272160" is_ac="false">I've never seen anything like that.</p>
  <p time="273320" is_ac="false">It says chili vinegar.</p>
  <p time="273920" is_ac="false">Yeah, chili vinegar as well.</p>
  <p time="275160" is_ac="false">And chili vinegar.</p>
  <p time="277000" is_ac="false">So it's just</p>
  <p time="277600" is_ac="false">Now, that is something I never knew was a thing.</p>
  <p time="280560" is_ac="false">It's a British version of, like, chili oil in Italy.</p>
  <p time="284880" is_ac="false">Oh, is it?</p>
  <p time="287320" is_ac="false">Oh, gosh.</p>
  <p time="288520" is_ac="false">Some on the plate would've been useful!</p>
  <p time="290360" is_ac="false">Wow.</p>
  <p time="290880" is_ac="false">Let's give it a go.</p>
  <p time="291680" is_ac="false">Not having a knife is bothering me slightly.</p>
  <p time="293680" is_ac="false">- But.
- I know.</p>
  <p time="294580" is_ac="false">She was very clear that knives were not allowed.</p>
  <p time="299380" is_ac="false">Oh, wow.</p>
  <p time="301740" is_ac="false">Wow.</p>
  <p time="304160" is_ac="false">Yeah, that's completely different.</p>
  <p time="306160" is_ac="false">It lifts it.</p>
  <p time="307580" is_ac="false">Yeah, I'm not surprised you like that.</p>
  <p time="308503" is_ac="false">Well, there's actually something to it.</p>
  <p time="310040" is_ac="false">It tastes like a pack of salt and vinegar crisps almost.</p>
  <p time="312040" is_ac="false">It does.</p>
  <p time="312540" is_ac="false">Which s like Ollie's favourite thing in the world.</p>
  <p time="314700" is_ac="false">It's like salt and vinegar soup.</p>
  <p time="317760" is_ac="false">Yeah.</p>
  <p time="318260" is_ac="false">The crispy puff pastry top is kind of needed,</p>
  <p time="320300" is_ac="false">because everything else is just the same texture.</p>
  <p time="322540" is_ac="false">Yeah.</p>
  <p time="323040" is_ac="false">Now it's got the vinegar in it in particular.</p>
  <p time="325460" is_ac="false">It almost unlocks the whole flavour.</p>
  <p time="328360" is_ac="false">For me, it's very similar to what fish and chips does.</p>
  <p time="331220" is_ac="false">In terms of you bring someone over.</p>
  <p time="333600" is_ac="false">Welcome to my country.</p>
  <p time="334600" is_ac="false">I'm always a little bit embarrassed</p>
  <p time="336020" is_ac="false">by going "try fish and chips",</p>
  <p time="337209" is_ac="false">because it's not the finest of dining.</p>
  <p time="338940" is_ac="false">Yeah.</p>
  <p time="339440" is_ac="false">I've got plenty of friends,</p>
  <p time="340585" is_ac="false">who have this on a semiregular basis.</p>
  <p time="343060" is_ac="false">Yeah.</p>
  <p time="343560" is_ac="false">They're almost like, I don't want to get my friends over,</p>
  <p time="345220" is_ac="false">because they might judge me for it, but I really love it.</p>
  <p time="347260" is_ac="false">It's like British soul food, really.</p>
  <p time="349280" is_ac="false">Well, yeah.</p>
  <p time="350440" is_ac="false">It is a window into our soul, maybe.</p>
  <p time="352800" is_ac="false">Maybe.</p>
  <p time="353800" is_ac="false">I get really nervous when I see what you think.</p>
  <p time="356440" is_ac="false">I see you searching for...</p>
  <p time="357440" is_ac="false">Yeah, yeah, yeah, yeah.</p>
  <p time="358440" is_ac="false">You never know what's going to come out.</p>
  <p time="359940" is_ac="false">You never know.</p>
  <p time="360600" is_ac="false">I know.</p>
  <p time="361100" is_ac="false">You also never know what he's going to surprise you with.</p>
  <p time="363600" is_ac="false">Turns out he's going to have written an autobiography</p>
  <p time="366060" is_ac="false">about you without you knowing.</p>
  <p time="367600" is_ac="false">OK, so now Ducky has never tried pie and mash before.</p>
  <p time="370680" is_ac="false">And I should just say, like most pies you get in the UK now,</p>
  <p time="374640" is_ac="false">they come with gravy instead of liquor.</p>
  <p time="377320" is_ac="false">They're not quite this simple.</p>
  <p time="379080" is_ac="false">I'm going to let you taste this without putting</p>
  <p time="381040" is_ac="false">any vinegar or anything on it first.</p>
  <p time="382840" is_ac="false">I get the feeling Ducky's had some of the finest food in the world.</p>
  <p time="385400" is_ac="false">Yeah, well, Ducky's been with us,</p>
  <p time="388606" is_ac="false">eating our way around the world.</p>
  <p time="390139" is_ac="false">Yet has somehow still never had a British pie and mash.</p>
  <p time="395960" is_ac="false">Big mouth.</p>
  <p time="396640" is_ac="false">Yeah, that was a very big mouthful.</p>
  <p time="402550" is_ac="false">You comitted.</p>
  <p time="403440" is_ac="false">You went all in.</p>
  <p time="404667" is_ac="false">It's so bland.</p>
  <p time="405800" is_ac="false">It's so bland.</p>
  <p time="407160" is_ac="false">OK, look.</p>
  <p time="407660" is_ac="false">OK, look here.</p>
  <p time="408240" is_ac="false">Try some chili vinegar.</p>
  <p time="409120" is_ac="false">Give it some life.</p>
  <p time="409800" is_ac="false">Give it some life.</p>
  <p time="410560" is_ac="false">It really is.</p>
  <p time="411280" is_ac="false">So do you like some vinegar crisps?</p>
  <p time="413080" is_ac="false">Yeah.</p>
  <p time="413580" is_ac="false">OK, good.</p>
  <p time="414080" is_ac="false">A little bit more.</p>
  <p time="414560" is_ac="false">Yeah.</p>
  <p time="415000" is_ac="false">All right, well, imagine salt and vinegar,</p>
  <p time="416580" is_ac="false">but with a really mushy, warm texture.</p>
  <p time="422080" is_ac="false">Much better.</p>
  <p time="423080" is_ac="false">That is better.</p>
  <p time="423680" is_ac="false">OK.</p>
  <p time="424180" is_ac="false">Way better.</p>
  <p time="424920" is_ac="false">OK.</p>
  <p time="425640" is_ac="false">You prefer that.</p>
  <p time="426600" is_ac="false">I mean this.</p>
  <p time="427520" is_ac="false">It tastes like something that was invented two years ago</p>
  <p time="431320" is_ac="false">and hasn't been changed since.</p>
  <p time="432720" is_ac="false">True.</p>
  <p time="433220" is_ac="false">Sorry I just realized, Luke, you haven't had any pie yet.</p>
  <p time="435560" is_ac="false">You want some pie?</p>
  <p time="437200" is_ac="false">Wow.</p>
  <p time="438440" is_ac="false">Hand feeding a whole pie now.</p>
  <p time="440720" is_ac="false">It's fine.</p>
  <p time="441220" is_ac="false">It's a little bit juicy.</p>
  <p time="442220" is_ac="false">Yeah, it is a little bit juicy.</p>
  <p time="444080" is_ac="false">Very juicy.</p>
  <p time="445640" is_ac="false">Come on.</p>
  <p time="446140" is_ac="false">Luke's going to be on my side.</p>
  <p time="447400" is_ac="false">Come on.</p>
  <p time="448006" is_ac="false">Yeah, I like that.</p>
  <p time="448720" is_ac="false">It's good.</p>
  <p time="449220" is_ac="false">Yeah.</p>
  <p time="449720" is_ac="false">OK.</p>
  <p time="450720" is_ac="false">I want to know why.</p>
  <p time="451720" is_ac="false">I wouldn't have it every day because</p>
  <p time="453440" is_ac="false">We've been trying loads of foods from around the world</p>
  <p time="455920" is_ac="false">so my palate's expanded.</p>
  <p time="457400" is_ac="false">I could always go back to that.</p>
  <p time="458880" is_ac="false">But I know when Adam's ever back in the UK,</p>
  <p time="460880" is_ac="false">He'd just have to go for it.</p>
  <p time="462360" is_ac="false">You don't get food, weirdly, like this anywhere.</p>
  <p time="464760" is_ac="false">- I know you were going to say this is horrible.
- It's very, very distinctly British.</p>
  <p time="469440" is_ac="false">No, it's not horrible.</p>
  <p time="472000" is_ac="false">I guess you're right.</p>
  <p time="473360" is_ac="false">There's a nostalgia to it.</p>
  <p time="474680" is_ac="false">You feel part of something.</p>
  <p time="475840" is_ac="false">But also, that's a fiver.</p>
  <p time="477840" is_ac="false">Yeah, important.</p>
  <p time="478640" is_ac="false">Wow.</p>
  <p time="479140" is_ac="false">Important clarification there.</p>
  <p time="482240" is_ac="false">Like, that's a full meal for a fiver.</p>
  <p time="484280" is_ac="false">You can pay like 20 quid for a pie and mash in a gastropub.</p>
  <p time="488080" is_ac="false">Yeah, yeah.</p>
  <p time="488600" is_ac="false">Easy.</p>
  <p time="489100" is_ac="false">If this was next to our office, I'd have this once a week.</p>
  <p time="491480" is_ac="false">Yeah.</p>
  <p time="492320" is_ac="false">Once a week.</p>
  <p time="493720" is_ac="false">This is around the corner from our office.</p>
  <p time="496360" is_ac="false">One of the girls on our team comes here every week.</p>
  <p time="499600" is_ac="false">For a double pie double mash.</p>
  <p time="500720" is_ac="false">I think I would go for the single mash next time.</p>
  <p time="503560" is_ac="false">I don't think I really,</p>
  <p time="504560" is_ac="false">- look at this scraped around the edge.
- You have a wall.</p>
  <p time="506630" is_ac="false">I don't think I really realized how much,</p>
  <p time="508129" is_ac="false">- mash that is.
- It's like a tsunami of potato.</p>
  <p time="511200" is_ac="false">I think it's just potato.</p>
  <p time="512680" is_ac="false">There's very little butter or dairy in that.</p>
  <p time="515720" is_ac="false">And I don't think any salt either.</p>
  <p time="517520" is_ac="false">Yeah, it's unseasoned.</p>
  <p time="518960" is_ac="false">I think that's an interesting thing about English food.</p>
  <p time="522760" is_ac="false">It's often,</p>
  <p time="524160" is_ac="false">and we had this growing up,</p>
  <p time="525520" is_ac="false">you guys probably had it with your parents too.</p>
  <p time="527600" is_ac="false">Often a meal is reasonably, almost completely unseasoned.</p>
  <p time="532360" is_ac="false">And then you have salt and pepper on the table</p>
  <p time="534280" is_ac="false">and you season to your own taste.</p>
  <p time="536480" is_ac="false">Which my wife Gabie was quick to point out.</p>
  <p time="538600" is_ac="false">That's not really how cooking works.</p>
  <p time="540840" is_ac="false">You usually have to season the food while cooking it</p>
  <p time="543720" is_ac="false">in order to unlock all the flavours.</p>
  <p time="545360" is_ac="false">Yeah.</p>
  <p time="545840" is_ac="false">But.</p>
  <p time="546360" is_ac="false">Not in England.</p>
  <p time="547760" is_ac="false">We prefer our flavours locked away.</p>
  <p time="550680" is_ac="false">I grew up in north of London.</p>
  <p time="552480" is_ac="false">And I have many friends who are in the building trades or so on,</p>
  <p time="557920" is_ac="false">who swear by these pies, </p>
  <p time="561040" is_ac="false">they still be like, you've got to try the eels.</p>
  <p time="563000" is_ac="false">Yeah.</p>
  <p time="564480" is_ac="false">On that note.</p>
  <p time="565520" is_ac="false">Let's do it.</p>
  <p time="566120" is_ac="false">We need to try some eels.</p>
  <p time="567560" is_ac="false">- You go first.
- You look worried.</p>
  <p time="569600" is_ac="false">OK, so this is stewed eels, which I've never had.</p>
  <p time="573400" is_ac="false">We let it sit for a little bit.</p>
  <p time="574680" is_ac="false">You very rarely get served food with a gag and a warning</p>
  <p time="576960" is_ac="false">of don't choke on the bone.</p>
  <p time="578200" is_ac="false">Yeah.</p>
  <p time="578720" is_ac="false">Yeah, yeah, yeah, yeah, yeah.</p>
  <p time="580000" is_ac="false">OK, so the first time I ever had jellied eels,</p>
  <p time="582440" is_ac="false">absolutely disgusted.</p>
  <p time="583880" is_ac="false">Oh, oh, it's juice.</p>
  <p time="585360" is_ac="false">There's juice.</p>
  <p time="587400" is_ac="false">I then watched a few videos of Beckham really enjoying them</p>
  <p time="590400" is_ac="false">and other people actually liking the eels.</p>
  <p time="593360" is_ac="false">Have you met Beckham before?</p>
  <p time="594800" is_ac="false">Yeah.</p>
  <p time="595300" is_ac="false">You should have mentioned that.</p>
  <p time="596560" is_ac="false">Yeah, yeah, yeah.</p>
  <p time="598200" is_ac="false">I don't like to say.</p>
  <p time="600960" is_ac="false">I kind of got won over.</p>
  <p time="603080" is_ac="false">All right, OK.</p>
  <p time="614960" is_ac="false">Very sharp bones.</p>
  <p time="616480" is_ac="false">Very sharp.</p>
  <p time="617800" is_ac="false">Wow.</p>
  <p time="618560" is_ac="false">- I forgot how sharp the bones are.
- It's like eating,</p>
  <p time="620280" is_ac="false">a bunch of pins.</p>
  <p time="623160" is_ac="false">Well, I tell you what, this flavour.</p>
  <p time="625760" is_ac="false">It's not great flavour.</p>
  <p time="626960" is_ac="false">Oh, it's lovely.</p>
  <p time="628200" is_ac="false">That was lovely.</p>
  <p time="629400" is_ac="false">But you can't accuse of that being bland.</p>
  <p time="631720" is_ac="false">There's a bone.</p>
  <p time="632720" is_ac="false">Yeah.</p>
  <p time="633220" is_ac="false">A little bone.</p>
  <p time="635680" is_ac="false">OK.</p>
  <p time="636360" is_ac="false">So, right, let's start before we react, let's dissect that.</p>
  <p time="640320" is_ac="false">That's what we do, OK?</p>
  <p time="641600" is_ac="false">Super meaty.</p>
  <p time="642840" is_ac="false">OK.</p>
  <p time="643340" is_ac="false">In terms of like, back in the day, bang for your buck.</p>
  <p time="645680" is_ac="false">Cheap cut and meat.</p>
  <p time="646840" is_ac="false">Really meaty.</p>
  <p time="647600" is_ac="false">As far as seafood goes, maybe the meatiest.</p>
  <p time="650360" is_ac="false">Yeah, probably so.</p>
  <p time="651200" is_ac="false">Very, very meaty.</p>
  <p time="652080" is_ac="false">Still got a bone in my throat, which is really annoying.</p>
  <p time="653800" is_ac="false">Yeah, you've got to be careful about that.</p>
  <p time="654800" is_ac="false">My biggest problem with that actually</p>
  <p time="656300" is_ac="false">was the texture of what it's in.</p>
  <p time="659960" is_ac="false">It's like this slimy, liquor sauce.</p>
  <p time="663920" is_ac="false">But then you bite you're expecting to hit something hard,</p>
  <p time="666480" is_ac="false">but there's nothing hard, until you hit bone.</p>
  <p time="668760" is_ac="false">All right, jelly.</p>
  <p time="669720" is_ac="false">Jelly.</p>
  <p time="670200" is_ac="false">Maybe it'll be better.</p>
  <p time="671160" is_ac="false">We do this thing on our show where we do poker face.</p>
  <p time="674360" is_ac="false">Eat this and no expression whatsoever.</p>
  <p time="676440" is_ac="false">No reaction.</p>
  <p time="678120" is_ac="false">No reaction.</p>
  <p time="678760" is_ac="false">OK.</p>
  <p time="679720" is_ac="false">See who can hold it the longest.</p>
  <p time="681720" is_ac="false">Oh, gosh.</p>
  <p time="682220" is_ac="false">Oh, my goodness.</p>
  <p time="683040" is_ac="false">Sorry.</p>
  <p time="683855" is_ac="false">It's triggering my gag reflex.</p>
  <p time="686080" is_ac="false">Cheers.</p>
  <p time="686580" is_ac="false">Cheers.</p>
  <p time="687760" is_ac="false">Wow.</p>
  <p time="692760" is_ac="false">Why is my eye twitching?</p>
  <p time="698685" is_ac="false">Oh.</p>
  <p time="700760" is_ac="false">Yeah.</p>
  <p time="706717" is_ac="false">Wow.</p>
  <p time="708260" is_ac="false">Wow.</p>
  <p time="718962" is_ac="false">Oh.</p>
  <p time="722260" is_ac="false">Yeah.</p>
  <p time="722760" is_ac="false">Did you swallow it?</p>
  <p time="723760" is_ac="false">The jelly is the hardest bit.</p>
  <p time="726240" is_ac="false">It's so gelatinous.</p>
  <p time="727760" is_ac="false">So I initially, first bite, I way preferred that to that.</p>
  <p time="731760" is_ac="false">I think I did.</p>
  <p time="732760" is_ac="false">Actually, I agree.</p>
  <p time="733760" is_ac="false">I agree.</p>
  <p time="734440" is_ac="false">Because you can taste,</p>
  <p time="736086" is_ac="false">- The meat.
- A bit more of a bitey</p>
  <p time="737840" is_ac="false">the meat's got a bite to it.</p>
  <p time="739520" is_ac="false">We have a lot of eels in Korea and grilled.</p>
  <p time="741760" is_ac="false">It's beautiful.</p>
  <p time="742760" is_ac="false">It's one of my favorite things to eat.</p>
  <p time="744600" is_ac="false">And you've got a little hint of that.</p>
  <p time="746160" is_ac="false">That's really enjoyable until then</p>
  <p time="747880" is_ac="false">the texture of the jelly.</p>
  <p time="749840" is_ac="false">It's the jelly.</p>
  <p time="750460" is_ac="false">You bite through the meat,</p>
  <p time="751278" is_ac="false">and then all the texture of the jelly is left.</p>
  <p time="753160" is_ac="false">The jelly holds a lot of fishy flavour.</p>
  <p time="754920" is_ac="false">Yeah, it does.</p>
  <p time="755800" is_ac="false">It does.</p>
  <p time="756680" is_ac="false">And that flavour and that texture don't belong together.</p>
  <p time="760872" is_ac="false">They don't.</p>
  <p time="761480" is_ac="false">I'd say the jellied eels,</p>
  <p time="762998" is_ac="false">- I think I prefer it to that.
- better than the stewed eel.</p>
  <p time="765160" is_ac="false">Like significantly.</p>
  <p time="766080" is_ac="false">Oh, yeah.</p>
  <p time="766840" is_ac="false">100%.</p>
  <p time="767340" is_ac="false">Yeah.</p>
  <p time="767840" is_ac="false">They're like yeah.</p>
  <p time="770160" is_ac="false">That is borderline inedible.</p>
  <p time="771880" is_ac="false">Yeah.</p>
  <p time="772380" is_ac="false">I would say.</p>
  <p time="773040" is_ac="false">Maybe just cook it a different way.</p>
  <p time="775960" is_ac="false">Maybe just grill it.</p>
  <p time="777640" is_ac="false">Wow.</p>
  <p time="778520" is_ac="false">Barry, that has been a real experience.</p>
  <p time="780880" is_ac="false">Yeah.</p>
  <p time="781380" is_ac="false">I'm glad I've introduced this to you.</p>
  <p time="783800" is_ac="false">Yeah.</p>
  <p time="784280" is_ac="false">I'd like to have a go at making this ourselves.</p>
  <p time="787960" is_ac="false">- Like, 
- Ooh!</p>
  <p time="789252" is_ac="false">make your own suet.</p>
  <p time="790280" is_ac="false">Yeah.</p>
  <p time="790800" is_ac="false">Puff pastry, filling, liquor, season the mash.</p>
  <p time="794080" is_ac="false">Yeah.</p>
  <p time="794800" is_ac="false">We can make that amazing.</p>
  <p time="795920" is_ac="false">Did we finish on a positive?</p>
  <p time="797280" is_ac="false">I think so.</p>
  <p time="797960" is_ac="false">Yeah.</p>
  <p time="798460" is_ac="false">We got there.</p>
  <p time="799120" is_ac="false">Well, if we didn't go over to Sorted Food.</p>
  <p time="802560" is_ac="false">We could turn anything to a positive.</p>
  <p time="805160" is_ac="false">Yeah.</p>
  <p time="807960" is_ac="false">I mean, you've been doing that for a while, right?</p>
  <p time="810040" is_ac="false">Yeah, nearly 15 nearly, yeah, 14 years.</p>
  <p time="812280" is_ac="false">Wow.</p>
  <p time="813120" is_ac="false">Have you sorted it all?</p>
  <p time="814800" is_ac="false">OK.</p>
  <p time="815580" is_ac="false">Right.</p>
  <p time="816080" is_ac="false">Is it</p>
  <p time="816580" is_ac="false">Right.</p>
  <p time="817080" is_ac="false">Come on, look.</p>
  <p time="817740" is_ac="false">Sorted, as a word, is the one sense</p>
  <p time="819680" is_ac="false">it can be to get things organized.</p>
  <p time="821520" is_ac="false">That's not the meaning we apply to it.</p>
  <p time="823280" is_ac="false">That was the joke I was making.</p>
  <p time="824560" is_ac="false">I know.</p>
  <p time="825060" is_ac="false">It's frustrating me.</p>
  <p time="825980" is_ac="false">Coz you make it every single time I see you.</p>
  <p time="828520" is_ac="false">Yeah, OK.</p>
  <p time="830760" is_ac="false">You guys always JOLLY?</p>
  <p time="831960" is_ac="false">Pretty much, yeah.</p>
  <p time="834220" is_ac="false">That's kind of our thing.</p>
</text>
