<?xml version='1.0' encoding='UTF-8'?>
<text date_d="6" date_m="7" date_y="2023" format="srv3" age_limit="0" comment_count="17" description="Restaurants, cafes, and some touristy destinations as well. This is what you'll find in this vlog - all taking place in VIENNA. Vienna is like a bigger, more edgy Munich, and I LOVED it. The vibes were *immaculate* as some would say. It was vibrant, it was fresh, it was progressive, and the architecture was STUNNING. Oh and of course the food was DELICIOUS. Check out the video, and you'll see!&#10;&#10;peace N blessings,&#10;Jazzy&#10;&#10;***&#10;&#10;[contact]&#10;jasminelichtman@gmail.com&#10;&#10;[about me] &#10;name: jasmine (jazzy)&#10;instagram: @jazzylich&#10;location: munich, germany&#10;&#10;***&#10;&#10;#vienna #viennaeats #wiead" fulltitle="everything i ate in vienna (vegan + plant based friendly)" like_count="38" location="na" playlist_title="na" release_date="na" upload_date="20230706" repost_count="na" tags="wiead; vienna wiead; vegan vienna; travel vienna; " title="everything i ate in vienna (vegan + plant based friendly)" uploader="Jazzy Lich" view_count="1051" webpage_url="https://www.youtube.com/watch?v=Dh2YCicxe5E" autocaption="true">
  <p time="60" is_ac="true">hello in today's video I'm going to show</p>
  <p time="3959" is_ac="true">you everything that we eat in Vienna I'm</p>
  <p time="7500" is_ac="true">here with my husband and my mom and my</p>
  <p time="9780" is_ac="true">dad and in between I'll show you some</p>
  <p time="11400" is_ac="true">fun things that we're doing but today's</p>
  <p time="13440" is_ac="true">video is really about what we're eating</p>
  <p time="15599" is_ac="true">in Vienna there's lots of different</p>
  <p time="17400" is_ac="true">types of Cuisines so I'm excited to</p>
  <p time="19740" is_ac="true">taste it all and to show you what we eat</p>
  <p time="23660" is_ac="true">so that's for now</p>
  <p time="26100" is_ac="true">enjoy</p>
  <p time="27840" is_ac="true">[Music]</p>
  <p time="45600" is_ac="true">before heading to our first official</p>
  <p time="47879" is_ac="true">meal of Vienna my mom got a hot</p>
  <p time="51239" is_ac="true">chocolate and a croissant at our hotel</p>
  <p time="53879" is_ac="true">not much to add because I didn't have</p>
  <p time="55860" is_ac="true">any so let's move on to the next place</p>
  <p time="61440" is_ac="true">first destination was a restaurant</p>
  <p time="63480" is_ac="true">called Flora</p>
  <p time="65640" is_ac="true">Flor Faye located in the neighborhood of</p>
  <p time="67740" is_ac="true">noibel this place was excellent I got</p>
  <p time="71340" is_ac="true">the eggs benedict and a chai latte as</p>
  <p time="74460" is_ac="true">well as some kind of lemonade</p>
  <p time="77640" is_ac="true">foreign</p>
  <p time="79460" is_ac="true">ly enjoyed it as you can see here</p>
  <p time="82880" is_ac="true">10 out of 10.</p>
  <p time="85580" is_ac="true">so shared the corn ribs my mom also</p>
  <p time="88500" is_ac="true">enjoyed them she got an egg sandwich my</p>
  <p time="90659" is_ac="true">dad also got the eggs benedict Jacob as</p>
  <p time="92880" is_ac="true">well but he met us later because he had</p>
  <p time="95159" is_ac="true">a work meeting and here's my mom</p>
  <p time="98759" is_ac="true">just being herself and just some</p>
  <p time="100799" is_ac="true">mid-meal cuddles you'll see that's a</p>
  <p time="102600" is_ac="true">theme here because like why not</p>
  <p time="104770" is_ac="true">[Music]</p>
  <p time="108200" is_ac="true">so we just finished brunch and now we're</p>
  <p time="112020" is_ac="true">on our way to the schmetalink house I</p>
  <p time="115380" is_ac="true">don't think we're gonna have lunch today</p>
  <p time="116579" is_ac="true">because we had a pretty big brunch</p>
  <p time="118500" is_ac="true">everyone just have dinner and yeah I'll</p>
  <p time="121320" is_ac="true">see you when we have dinner</p>
  <p time="123870" is_ac="true">[Music]</p>
  <p time="143640" is_ac="true">I see a standing culture here that's</p>
  <p time="147000" is_ac="true">survived as the Empire that it was and</p>
  <p time="150360" is_ac="true">now fast forward to today where Austria</p>
  <p time="153239" is_ac="true">is Austria it provides optimism so in</p>
  <p time="156599" is_ac="true">the midst of a loss</p>
  <p time="159780" is_ac="true">how to survive and survive Prosper so</p>
  <p time="163140" is_ac="true">it's okay to lose power but still</p>
  <p time="166200" is_ac="true">maintain a new way people</p>
  <p time="175879" is_ac="true">America does not have to be great again</p>
  <p time="178680" is_ac="true">America has to be America who move</p>
  <p time="180900" is_ac="true">forward amen</p>
  <p time="182710" is_ac="true">[Music]</p>
  <p time="201780" is_ac="true">dinner was at a restaurant called Shea</p>
  <p time="203940" is_ac="true">Bernard part of Hotel motto the food was</p>
  <p time="206819" is_ac="true">delicious I had the mussels Jacob had</p>
  <p time="209879" is_ac="true">the Cod my dad had schnitzel my mom had</p>
  <p time="212340" is_ac="true">a tagine we had some french fries some</p>
  <p time="215280" is_ac="true">good drinks then we took the ubon to</p>
  <p time="218580" is_ac="true">Saint Stephen's Cathedral where we saw a</p>
  <p time="221040" is_ac="true">classical concert</p>
  <p time="222160" is_ac="true">[Music]</p>
  <p time="231680" is_ac="true">and we just had to end the night with a</p>
  <p time="234420" is_ac="true">bathroom selfie I don't know why you</p>
  <p time="236340" is_ac="true">hate me I might hate me anyway</p>
  <p time="243260" is_ac="true">[Music]</p>
  <p time="257600" is_ac="true">so I'll show you what we need</p>
  <p time="263220" is_ac="true">sure is called and Flora</p>
  <p time="268759" is_ac="true">Thomas</p>
  <p time="270380" is_ac="true">cucumber lentil salad</p>
  <p time="273440" is_ac="true">potatoes</p>
  <p time="275000" is_ac="true">eggplant couscous and then there's a</p>
  <p time="277740" is_ac="true">fried egg underneath and orange juice me</p>
  <p time="281460" is_ac="true">and my mom don't drink coffee and we</p>
  <p time="283560" is_ac="true">each had a sip of my dad's espresso and</p>
  <p time="285720" is_ac="true">like</p>
  <p time="286030" is_ac="true">[Music]</p>
  <p time="287520" is_ac="true">into us but we just got all this energy</p>
  <p time="290040" is_ac="true">and then we're like let's go to the gym</p>
  <p time="292199" is_ac="true">and we just started working out in our</p>
  <p time="294240" is_ac="true">regular clothes it was pretty weird but</p>
  <p time="296520" is_ac="true">also kind of hilarious</p>
  <p time="299300" is_ac="true">everything means something here yeah</p>
  <p time="302360" is_ac="true">probably handmade I'm not putting my</p>
  <p time="304979" is_ac="true">mouth on it</p>
  <p time="308470" is_ac="true">[Music]</p>
  <p time="319639" is_ac="true">okay sorry this looks really</p>
  <p time="321720" is_ac="true">unappetizing but I forgot to take a</p>
  <p time="323820" is_ac="true">video before we eat but it was delicious</p>
  <p time="325680" is_ac="true">it was a quick healthy easy lunch and I</p>
  <p time="327960" is_ac="true">can definitely recommend it</p>
  <p time="330750" is_ac="true">[Music]</p>
  <p time="336560" is_ac="true">okay our final dinner was at a Korean</p>
  <p time="338940" is_ac="true">restaurant called sang sang</p>
  <p time="341100" is_ac="true">here's me and my mom my dad I love them</p>
  <p time="344100" is_ac="true">so much I thought this this mural excuse</p>
  <p time="348060" is_ac="true">me was really cool so take a look I got</p>
  <p time="352020" is_ac="true">some kind of bowl with rice and veggies</p>
  <p time="354960" is_ac="true">and an egg and tofu everyone loved their</p>
  <p time="357240" is_ac="true">food can recommend</p>
  <p time="361680" is_ac="true">I mean of course we had to end the night</p>
  <p time="364680" is_ac="true">with some ice cream we went to this</p>
  <p time="367800" is_ac="true">place called iska Russell I think you</p>
  <p time="370020" is_ac="true">pronounce it I got some mango it was</p>
  <p time="372720" is_ac="true">delicious I also got a cookie</p>
  <p time="375419" is_ac="true">can recommend</p>
  <p time="377280" is_ac="true">oh yeah and here we are in our final</p>
  <p time="380340" is_ac="true">breakfast finally we made it to the end</p>
  <p time="383580" is_ac="true">folks thank you for making it this far</p>
  <p time="387259" is_ac="true">really appreciate it and just enjoy</p>
  <p time="391500" is_ac="true">these final little takes of me roaming</p>
  <p time="394620" is_ac="true">around Vienna</p>
  <p time="397380" is_ac="true">bye</p>
  <p time="400060" is_ac="true">[Music]</p>
  <p time="403400" is_ac="true">thank you</p>
</text>
