<?xml version='1.0' encoding='UTF-8'?>
<text date_d="27" date_m="11" date_y="2022" format="srv3" age_limit="0" comment_count="131" description="My cookbook “All Day Vegan” https://amzn.to/3OeTzGj is now out worldwide! &#10; &#10;Vegan in Paris Video: https://www.youtube.com/watch?v=mETmvFhP89s&amp;t=4s&#10; &#10;I spent a few weeks in New York recently. I absolutely adored my time there, a huge shoutout goes out to all the lovely humans I met there! The nyc vegan food scene is simply AMAZING, you can find new york classics such as - cream cheese bagels and pizza slices, as well as super creative fancy meals, and overall just food inspired by all types of different cuisines. I want to go back. &#10; &#10;Hi check out my Cookbook ALL DAY VEGAN&#10;US: https://amzn.to/3OeTzGj&#10;Germany: https://amzn.to/3QJO8k8&#10;UK: https://amzn.to/3OyMKPt&#10;Canada: https://amzn.to/3Pw397J&#10;France: https://amzn.to/3R1yuR3&#10;International: https://bit.ly/minascookbook &#10;About the Book:: https://geni.us/fmqtAfS  &#10;Or search for All Day Vegan - Mina Rome, anywhere you can get books online or irl!&#10;(Thalia, Hugendubel, Fnac, Barnes &amp; Noble …)&#10; &#10;LOVE YOU!&#10; &#10;Instagram:  https://www.instagram.com/mina_rome/  →  @mina_rome &#10;Email: minarome.yt@gmail.com&#10;Website: www.mina-rome.com&#10;58 Bonus Recipes in my Ebook Why Not Vegan: https://payhip.com/b/9MsP&#10;&#10;&#10;Music used:&#10;1989 by Delights https://open.spotify.com/track/5cy8skGmqg349rLz27XMmr?si=8039fb86c1764987&#10;Welcome to NY Guitar Cover: https://soundcloud.com/ivo-cabrera/taylor-swift-welcome-to-new-york-guitar-cover-instrumental&#10;fluhalp: https://soundcloud.com/fluhalp/caramel-86&#10;https://soundcloud.com/fluhalp/calm&#10;Mr. Jello - A Love Note - https://thmatc.co/?l=C7BAF3A0&#10;https://thmatc.co/?l=99FCCFB6&#10;Somar: https://soundcloud.com/leinahtansomar/that-old-school-love&#10;Ever Since New York Cover: https://soundcloud.com/itsmeyeahh/harry-styles-ever-since-new&#10;Teen Blush - what is this 80s https://soundcloud.com/teenblush&#10;New York Trettmann Instrumental Cover - https://soundcloud.com/davodd-music/new-york-trettmann-instrumental&#10;Culpeo: https://open.spotify.com/track/7K0qmsDxkUwwhpzioEOSte?si=c01fca6621d945c9&#10;outro by Pluto &amp; Charon - Heart Is a Debt - https://thmatc.co/?l=955CB0C2&#10;&#10;&#10;This video is not sponsored" fulltitle="Everything I ate in New York City (as a Vegan) *rip my money*" like_count="5048" location="na" playlist_title="na" release_date="na" upload_date="20221127" repost_count="na" tags="vegan in new york city; everything i ate as a vegan in new york city; what i eat in a week; best vegan places new york city; vegan food new york; vegan food nyc; what i eat in a day nyc; urmomashley; urmomashley vegan food; day in the life nyc; week in my life nyc; vegan in nyc; vegan in new york; everything i eat mina rome; vegan food recommendations nyc; best restaurants nyc; best cafes nyc; best pizza nyc; best coffee nyc; best bagel nyc; " title="Everything I ate in New York City (as a Vegan) *rip my money*" uploader="Mina Rome" view_count="81756" webpage_url="https://www.youtube.com/watch?v=cFDkbrBDtas" autocaption="true">
  <p time="2940" is_ac="true">foreign</p>
  <p time="7919" is_ac="true">so I recently spent two weeks in New</p>
  <p time="10139" is_ac="true">York City capital of bagels fancy dogs</p>
  <p time="13200" is_ac="true">and confusing Subway Lines this was my</p>
  <p time="16379" is_ac="true">first time visiting and I'm so surprised</p>
  <p time="18900" is_ac="true">just by how quickly I fell in love with</p>
  <p time="22140" is_ac="true">this place</p>
  <p time="23220" is_ac="true">hard to explain why exactly there's just</p>
  <p time="25680" is_ac="true">something about the craziness and the</p>
  <p time="27599" is_ac="true">sensory overload to experience but also</p>
  <p time="30480" is_ac="true">when it comes to vegan food options</p>
  <p time="31920" is_ac="true">there's just so much to choose from</p>
  <p time="34200" is_ac="true">definitely did not have to go hungry</p>
  <p time="36180" is_ac="true">which was nice it was pretty pricey</p>
  <p time="38340" is_ac="true">though in this video you'll get to see</p>
  <p time="40500" is_ac="true">everything that I deemed interesting</p>
  <p time="42360" is_ac="true">enough to show you guys</p>
  <p time="44520" is_ac="true">um so this is not going to be a strict</p>
  <p time="46260" is_ac="true">what I eat in a week but rather a New</p>
  <p time="49200" is_ac="true">York City vegan food guide and even</p>
  <p time="51780" is_ac="true">though this video is jam-packed with</p>
  <p time="54120" is_ac="true">amazing Cafe and Restaurant</p>
  <p time="56280" is_ac="true">recommendations there's so much more to</p>
  <p time="58920" is_ac="true">discover and I just need to go back</p>
  <p time="63059" is_ac="true">let's start with familiar's vegan coffee</p>
  <p time="66060" is_ac="true">shop it is this cozy Bagel Cafe located</p>
  <p time="69060" is_ac="true">in Brooklyn I went there for the bagels</p>
  <p time="71400" is_ac="true">they offer all these special Bagel</p>
  <p time="74340" is_ac="true">sandwiches I got the one with vegan</p>
  <p time="76439" is_ac="true">cream cheese kimchi and cucumber it was</p>
  <p time="79380" is_ac="true">delicious it was wonderful also really</p>
  <p time="81720" is_ac="true">wonderful was the fact that since this</p>
  <p time="83640" is_ac="true">is a vegan place you don't have to pay</p>
  <p time="85619" is_ac="true">extra for choosing oat milk</p>
  <p time="87900" is_ac="true">I also took this slice of pumpkin bread</p>
  <p time="90360" is_ac="true">here with me and I'm very thankful to my</p>
  <p time="93180" is_ac="true">past self that I did that because this</p>
  <p time="94979" is_ac="true">was no joke one of the best things I'd</p>
  <p time="97200" is_ac="true">ever tasted</p>
  <p time="100079" is_ac="true">okay cool</p>
  <p time="101700" is_ac="true">um more Bagel recommendations a few</p>
  <p time="104040" is_ac="true">people on Instagram sent me to Brooklyn</p>
  <p time="106680" is_ac="true">Bagel and Coffee Company a bagel chain</p>
  <p time="109439" is_ac="true">that ironically can only be found in</p>
  <p time="111360" is_ac="true">Manhattan and queens if we can trust</p>
  <p time="113579" is_ac="true">Google Maps which I do trust Google Maps</p>
  <p time="116100" is_ac="true">this time I kept it classic and got an</p>
  <p time="119460" is_ac="true">everything bagel with vegan cream cheese</p>
  <p time="121500" is_ac="true">the dough was nice and dense and chewy</p>
  <p time="124439" is_ac="true">it actually tasted a lot like my own</p>
  <p time="127320" is_ac="true">Bagels in case you ever need a good</p>
  <p time="129899" is_ac="true">bagel recipe check out my cookbook all</p>
  <p time="132420" is_ac="true">day vegan there's a good bagel recipe in</p>
  <p time="134760" is_ac="true">there anyway here I'm hanging out by</p>
  <p time="137280" is_ac="true">myself sort of on the west water side of</p>
  <p time="139920" is_ac="true">Manhattan it's really cute you can see</p>
  <p time="142020" is_ac="true">Miss Liberty from afar okay so the last</p>
  <p time="144420" is_ac="true">bagel I need to talk about is from</p>
  <p time="147360" is_ac="true">Brooklyn Bagel just Brooklyn Bagel</p>
  <p time="151379" is_ac="true">um that is a different company yeah just</p>
  <p time="154080" is_ac="true">randomly stumbled Upon This Place one</p>
  <p time="155940" is_ac="true">day</p>
  <p time="157819" is_ac="true">and yeah this was a this was a 10 out of</p>
  <p time="160980" is_ac="true">10 Bagel sandwich really enjoyed it</p>
  <p time="163570" is_ac="true">[Music]</p>
  <p time="165120" is_ac="true">now plant a queen is a restaurant that</p>
  <p time="168120" is_ac="true">had some of the best vegan food I got to</p>
  <p time="170700" is_ac="true">try on this trip it looks a bit fancy it</p>
  <p time="173340" is_ac="true">is a bit fancy</p>
  <p time="175080" is_ac="true">um we had these baked crab rolls these</p>
  <p time="178080" is_ac="true">giant crispy dumplings</p>
  <p time="180060" is_ac="true">we got these crispy cauliflower deep</p>
  <p time="182760" is_ac="true">fried something some things this avocado</p>
  <p time="185640" is_ac="true">red beet tartar tartar Tata and then we</p>
  <p time="190560" is_ac="true">also got this rice which guys this rice</p>
  <p time="194099" is_ac="true">was one of the best Rices I've ever had</p>
  <p time="196739" is_ac="true">it was so good we also got these Dandan</p>
  <p time="199500" is_ac="true">noodles that my two friends here</p>
  <p time="201360" is_ac="true">especially enjoyed the three of us</p>
  <p time="203220" is_ac="true">shared everything the bill in case</p>
  <p time="205379" is_ac="true">you're curious it was around</p>
  <p time="207560" is_ac="true">120 dollars we didn't get any drinks</p>
  <p time="210300" is_ac="true">mind you I think we only ordered tap</p>
  <p time="212040" is_ac="true">water but yeah if you're ever in the</p>
  <p time="213480" is_ac="true">mood for a good and fancy and really</p>
  <p time="215640" is_ac="true">nice dinner maybe something to take your</p>
  <p time="218220" is_ac="true">parents to check this place out oh and</p>
  <p time="220680" is_ac="true">afterwards we went for dessert</p>
  <p time="223319" is_ac="true">it was from this place called Playa</p>
  <p time="225480" is_ac="true">bowls they've got lots of vegan options</p>
  <p time="227459" is_ac="true">including a special vegan granola and</p>
  <p time="231180" is_ac="true">vegan protein powder so if you are vegan</p>
  <p time="233760" is_ac="true">make sure to ask for those ingredients</p>
  <p time="235440" is_ac="true">but yeah the acai was really good top</p>
  <p time="238140" is_ac="true">tier chef's kiss also I just love the</p>
  <p time="240720" is_ac="true">fact that it's open late to like 11 in</p>
  <p time="243540" is_ac="true">the evening</p>
  <p time="245530" is_ac="true">[Music]</p>
  <p time="247200" is_ac="true">for a few days I stayed in the Dumbo</p>
  <p time="250140" is_ac="true">area Dumbo stands for Down Under</p>
  <p time="253200" is_ac="true">Manhattan Bridge overpass the term</p>
  <p time="255959" is_ac="true">overpass being a bit redundant when you</p>
  <p time="258780" is_ac="true">have the word Bridge right before it</p>
  <p time="261359" is_ac="true">there's timeout market and there I got</p>
  <p time="264060" is_ac="true">food from</p>
  <p time="265639" is_ac="true">bklyn Wild I chose the mac and cheese</p>
  <p time="269000" is_ac="true">these tasted so realistic that I had to</p>
  <p time="273240" is_ac="true">go back and be reassured that I was</p>
  <p time="275160" is_ac="true">actually vegan I'm I'm not sure my body</p>
  <p time="277979" is_ac="true">would be able to handle this much</p>
  <p time="279840" is_ac="true">lactose anymore so yeah this was</p>
  <p time="282419" is_ac="true">actually plant-based thankfully these</p>
  <p time="284520" is_ac="true">mac and cheese they were sort of Mexican</p>
  <p time="286500" is_ac="true">food inspired so it kind of makes sense</p>
  <p time="289139" is_ac="true">for us to move on to some more Mexican</p>
  <p time="291120" is_ac="true">style food first off we have hahaha or</p>
  <p time="294540" is_ac="true">or is it but yeah this one is pretty</p>
  <p time="296820" is_ac="true">famous I would say and I say that</p>
  <p time="298860" is_ac="true">because three different people raved</p>
  <p time="301199" is_ac="true">about it to me Ashley here being one of</p>
  <p time="303660" is_ac="true">those people she's the cutest she got</p>
  <p time="306180" is_ac="true">the quesadilla then we got this fried</p>
  <p time="308880" is_ac="true">crispy Empanada thingy on the side and</p>
  <p time="311759" is_ac="true">then I also got the burrito Pollo fresco</p>
  <p time="316380" is_ac="true">it's good</p>
  <p time="319340" is_ac="true">I got vegan Mexican food a second time</p>
  <p time="322500" is_ac="true">from this place called Sia Manana it's</p>
  <p time="326100" is_ac="true">this bar slash restaurant serving fun</p>
  <p time="328380" is_ac="true">cocktails and small plates of food this</p>
  <p time="330720" is_ac="true">was filmed on my phone and it was super</p>
  <p time="333120" is_ac="true">dark so enjoy this four pixel video</p>
  <p time="335759" is_ac="true">quality not everything is vegan here but</p>
  <p time="338580" is_ac="true">you get quite a few good options I had</p>
  <p time="341100" is_ac="true">the vegan fish tacos which were super</p>
  <p time="343860" is_ac="true">yummy</p>
  <p time="344390" is_ac="true">[Music]</p>
  <p time="345660" is_ac="true">for the second half of my trip I mainly</p>
  <p time="348419" is_ac="true">stayed in Green Point Brooklyn overall I</p>
  <p time="351300" is_ac="true">was just a huge fan of it reminded me of</p>
  <p time="354300" is_ac="true">Europe a lot and I think that's why I</p>
  <p time="356340" is_ac="true">liked it so much</p>
  <p time="360120" is_ac="true">foreign</p>
  <p time="366120" is_ac="true">[Music]</p>
  <p time="373580" is_ac="true">point it's probably the most American</p>
  <p time="376199" is_ac="true">establishment I'd ever walked into I was</p>
  <p time="379320" is_ac="true">honestly delighted by the surprising</p>
  <p time="381840" is_ac="true">amount of vegan food options they had</p>
  <p time="384360" is_ac="true">the pizza was really yummy it tastes so</p>
  <p time="387360" is_ac="true">much like the pizza that you get from</p>
  <p time="389220" is_ac="true">Toys in Berlin if you want a similar</p>
  <p time="391979" is_ac="true">experience I would check that place out</p>
  <p time="395039" is_ac="true">so Aussie's coffee was this little</p>
  <p time="397860" is_ac="true">coffee place in Green point that I went</p>
  <p time="400080" is_ac="true">to here and there the coffee itself is</p>
  <p time="401940" is_ac="true">great but the reason you should check</p>
  <p time="403979" is_ac="true">out this place specifically is these</p>
  <p time="408000" is_ac="true">salty sweet tahini chocolate chip</p>
  <p time="411360" is_ac="true">cookies they may look like scones but</p>
  <p time="414240" is_ac="true">they are cookies and they taste unreal I</p>
  <p time="417600" is_ac="true">need to figure out the recipe for these</p>
  <p time="419400" is_ac="true">okay my third and final Green Point</p>
  <p time="421860" is_ac="true">recommendation would be to go visit</p>
  <p time="424620" is_ac="true">green pot which is this adorable little</p>
  <p time="427560" is_ac="true">vegan coffee shop and grocery store like</p>
  <p time="430440" is_ac="true">it's tiny but filled with so many</p>
  <p time="433080" is_ac="true">beautiful Goods there's super</p>
  <p time="435000" is_ac="true">interesting tasting granola bars to try</p>
  <p time="437759" is_ac="true">plus really lovely vegan pastries</p>
  <p time="445979" is_ac="true">I got some amazing coffee from kodawari</p>
  <p time="449280" is_ac="true">coffee which is close to Chinatown and</p>
  <p time="451800" is_ac="true">if I were in New York right now I would</p>
  <p time="453419" is_ac="true">go back to try their matcha</p>
  <p time="459240" is_ac="true">that same day I visited the good smart</p>
  <p time="462319" is_ac="true">which looks like a little gas station</p>
  <p time="465060" is_ac="true">and it sells adorably designed snacks</p>
  <p time="468180" is_ac="true">many if not most of which are vegan so</p>
  <p time="471419" is_ac="true">that's a cool idea to swing by there and</p>
  <p time="474180" is_ac="true">pick up some souvenirs or gifts for</p>
  <p time="476280" is_ac="true">friends</p>
  <p time="479880" is_ac="true">next up on the list is this little</p>
  <p time="482099" is_ac="true">pastry shop called Le Petit monster who</p>
  <p time="485520" is_ac="true">knows maybe Lady Gaga is the owner of</p>
  <p time="488819" is_ac="true">this Bakery in Brooklyn I don't know</p>
  <p time="490979" is_ac="true">what she's up to these days but anyway</p>
  <p time="492840" is_ac="true">the pastries were super nice we picked</p>
  <p time="495300" is_ac="true">this aesthetic little jam cookie here</p>
  <p time="497699" is_ac="true">this sweet vanilla roll which I think</p>
  <p time="501240" is_ac="true">was filled with raisins and then this</p>
  <p time="504360" is_ac="true">was quite interesting it was a Savory</p>
  <p time="506819" is_ac="true">pastry</p>
  <p time="508680" is_ac="true">I'm not sure I've ever had Lobster</p>
  <p time="510360" is_ac="true">before in my lifetime so can't confirm</p>
  <p time="513479" is_ac="true">nor deny the accuracy aspect here all I</p>
  <p time="516599" is_ac="true">can say is this was actually really</p>
  <p time="518339" is_ac="true">delicious and I would definitely go here</p>
  <p time="520320" is_ac="true">again make sure to go early though</p>
  <p time="522240" is_ac="true">because they might sell out</p>
  <p time="525000" is_ac="true">Terms of Endearment is another place</p>
  <p time="527580" is_ac="true">that I would have loved to see more of</p>
  <p time="529440" is_ac="true">Terms of Endearment is this vegan cafe</p>
  <p time="532560" is_ac="true">in Williamsburg their menu doesn't sound</p>
  <p time="535680" is_ac="true">very vegan at all actually it only says</p>
  <p time="538380" is_ac="true">plant-based up top I wasn't too hungry</p>
  <p time="540899" is_ac="true">and so I only got one of the sides which</p>
  <p time="543360" is_ac="true">was really big still and tasted once</p>
  <p time="546060" is_ac="true">again so so realistic</p>
  <p time="549360" is_ac="true">sweet green sweet green is so so good</p>
  <p time="552060" is_ac="true">one evening I got lettuce spinach brown</p>
  <p time="555959" is_ac="true">rice black lentils apples roasted sweet</p>
  <p time="558899" is_ac="true">potato fried Brussels sprouts and medium</p>
  <p time="561660" is_ac="true">level pesto dressing but yeah I'd</p>
  <p time="564060" is_ac="true">mentioned sweet Green in my previous</p>
  <p time="566220" is_ac="true">video there I also talked about beatnik</p>
  <p time="568800" is_ac="true">already which is pretty good</p>
  <p time="576320" is_ac="true">champ Steiner it's beautiful first of</p>
  <p time="580080" is_ac="true">all love The Vibes The Vibes are great</p>
  <p time="582120" is_ac="true">but it's also fully vegan it's food</p>
  <p time="585300" is_ac="true">heaven really here Hans and I got the</p>
  <p time="587519" is_ac="true">cookie dough milkshake and then he got</p>
  <p time="589620" is_ac="true">the fried chicken sandwich with mac and</p>
  <p time="592140" is_ac="true">cheese and I got the Philly cheese steak</p>
  <p time="595200" is_ac="true">which I think the steak was saitan based</p>
  <p time="598860" is_ac="true">it was one of my last meals in New York</p>
  <p time="600480" is_ac="true">who's already feeling very sentimental</p>
  <p time="603180" is_ac="true">now my last and final final food place</p>
  <p time="606000" is_ac="true">in New York this was literally a couple</p>
  <p time="608160" is_ac="true">hours before my flight went to dinner</p>
  <p time="610080" is_ac="true">with my friend Jordan here who's in</p>
  <p time="612240" is_ac="true">charge of the lighting I'm doing</p>
  <p time="613920" is_ac="true">something</p>
  <p time="615540" is_ac="true">wow I did go to the film school yeah for</p>
  <p time="618540" is_ac="true">this for this exact Halloween we went to</p>
  <p time="621720" is_ac="true">Ross plant-based once again in Brooklyn</p>
  <p time="624800" is_ac="true">there we got injera which are these</p>
  <p time="628080" is_ac="true">Savory Ethiopian sourdough pancakes</p>
  <p time="631740" is_ac="true">topped with all sorts of toppings from</p>
  <p time="634800" is_ac="true">collard greens to beets to spicy lentils</p>
  <p time="638519" is_ac="true">now the reason for this trip was a</p>
  <p time="642480" is_ac="true">little cooking event that I hosted in</p>
  <p time="645180" is_ac="true">celebration of my cookbook release check</p>
  <p time="647880" is_ac="true">out all day vegan available anywhere</p>
  <p time="650399" is_ac="true">there's books I've gotten some amazing</p>
  <p time="653399" is_ac="true">amazing feedback and it's just really</p>
  <p time="655260" is_ac="true">really cool seeing people have own and</p>
  <p time="657779" is_ac="true">use the book but anyway for the cooking</p>
  <p time="659880" is_ac="true">event I first had to do some stress</p>
  <p time="662880" is_ac="true">shopping at Trader Joe's and at Whole</p>
  <p time="664920" is_ac="true">Foods which that was fun like I'd done</p>
  <p time="667680" is_ac="true">picnic meetups before stuff like that</p>
  <p time="669959" is_ac="true">but but never this sort of structured</p>
  <p time="672600" is_ac="true">indoor event</p>
  <p time="676260" is_ac="true">and even though it started out a bit</p>
  <p time="678540" is_ac="true">chaotic it all worked out super nicely</p>
  <p time="680940" is_ac="true">in the end and I'm so happy that I did</p>
  <p time="683160" is_ac="true">this I think everybody got along really</p>
  <p time="685800" is_ac="true">well there there might have even been</p>
  <p time="687959" is_ac="true">some friendships that started forming I</p>
  <p time="690480" is_ac="true">don't know huge virtual hug to everybody</p>
  <p time="693240" is_ac="true">who came yeah I had a really good time</p>
  <p time="695220" is_ac="true">and I hope you did as well</p>
  <p time="697079" is_ac="true">and that concludes my New York food</p>
  <p time="699779" is_ac="true">journey I was actually a bit sad leaving</p>
  <p time="702660" is_ac="true">but then I remembered that I needed a</p>
  <p time="705360" is_ac="true">healthy routine again and also my skin</p>
  <p time="707880" is_ac="true">needed a break from all of the takeout</p>
  <p time="710760" is_ac="true">food thank you so much for being here</p>
  <p time="712680" is_ac="true">and for watching if you enjoyed this</p>
  <p time="714720" is_ac="true">video you may also like my Paris video</p>
  <p time="717540" is_ac="true">it's a fun watch check it out</p>
  <p time="720300" is_ac="true">um yeah and I'll talk to you soon</p>
  <p time="723600" is_ac="true">last month I spent a week with my heart</p>
  <p time="734930" is_ac="true">[Music]</p>
  <p time="740470" is_ac="true">[Music]</p>
</text>
