<?xml version='1.0' encoding='UTF-8'?>
<text date_d="28" date_m="3" date_y="2024" format="srv3" age_limit="0" comment_count="887" description="&quot;Food Wars&quot; hosts Harry Kersh and Joe Avella travel across London to find the best curry house in the city. They'll be visiting four different locations in just one day to see what the city has to offer. This is &quot;Food Tours.&quot;&#10;&#10;MORE FOOD TOURS VIDEOS&#10;Finding The Best Pie And Mash In London | Food Tours | Food Insider&#10;https://youtu.be/xR6k6c_WmNs&#10;Finding The Best Food In New York | Food Tours Season 2 Marathon | Harry And Joe's Full Trip&#10;https://youtu.be/vlkFWzptwFg&#10;Finding The Best Bodega Sandwich In New York | Food Tours | Food Insider&#10;https://youtu.be/1jpzz9s3adA&#10;&#10;------------------------------------------------------&#10;#Curry #London #foodtours #insiderfood &#10;&#10;Insider's mission is to inform and inspire.&#10;&#10;Visit our homepage for the top stories of the day: https://www.insider.com/food&#10;Insider Food on Facebook: https://www.facebook.com/foodinsider&#10;Insider Food on Instagram: https://www.instagram.com/insiderfood&#10;Insider Food on Twitter: https://twitter.com/FoodInsider&#10;Insider Food on TikTok: https://www.tiktok.com/@foodinsider&#10;Food Wars on Snapchat: https://www.snapchat.com/discover/Food_Wars/9045577297&#10;&#10;Finding The Best Curry House In London | Food Tours | Food Insider" fulltitle="Finding The Best Curry House In London | Food Tours | Food Insider" like_count="9336" location="na" playlist_title="na" release_date="na" upload_date="20240328" repost_count="na" tags="INSIDER; FOOD INSIDER; " title="Finding The Best Curry House In London | Food Tours | Food Insider" uploader="Insider Food" view_count="364681" webpage_url="https://www.youtube.com/watch?v=uQv_2pTxddA" autocaption="false">
  <p time="90" is_ac="false">So, Joe, today we're going to visit</p>
  <p time="1140" is_ac="false">some British Indian curry houses.</p>
  <p time="2790" is_ac="false">There is a distinction there</p>
  <p time="3630" is_ac="false">because these probably aren't going to be</p>
  <p time="5287" is_ac="false">the most traditional Indian meals</p>
  <p time="6960" is_ac="false">that you've ever had in your life,</p>
  <p time="8040" is_ac="false">but they are specifically
British Indian cuisine.</p>
  <p time="10440" is_ac="false">The way that we've identified these</p>
  <p time="11700" is_ac="false">is places that have chicken
tikka masala on the menu.</p>
  <p time="14250" is_ac="false">Have you had that before?</p>
  <p time="15222" is_ac="false">Joe: I think so, yeah.</p>
  <p time="16245" is_ac="false">Harry: Although I think
there is some debate</p>
  <p time="17490" is_ac="false">as to whether or not it's
a British Indian dish</p>
  <p time="20520" is_ac="false">or whether or not some
places do serve it in India</p>
  <p time="22881" is_ac="false">and it's just become really popular here.</p>
  <p time="24264" is_ac="false">Man, you British.</p>
  <p time="25247" is_ac="false">Can you guys just stop colonizing
for, like, five minutes?</p>
  <p time="28330" is_ac="false">Let them have a thing!</p>
  <p time="30570" is_ac="false">OK, well, regardless, I'm
really stoked to get it.</p>
  <p time="33780" is_ac="false">I am so jet-lagged.</p>
  <p time="35100" is_ac="false">I'm, like, this close to crying.</p>
  <p time="37590" is_ac="false">So I feel like some Indian
food would really hit the spot.</p>
  <p time="42150" is_ac="false">Yeah, this could be an
emotional day for you.</p>
  <p time="44541" is_ac="false">So, we're here at Tayyabs.</p>
  <p time="46230" is_ac="false">This is an East London institution.</p>
  <p time="48000" is_ac="false">It's been here for years. People love it.</p>
  <p time="49648" is_ac="false">Celebrities come here.</p>
  <p time="50790" is_ac="false">Jon Favreau absolutely loves this place,</p>
  <p time="52770" is_ac="false">came here with Pedro Pascal. Love him.</p>
  <p time="54569" is_ac="false">The standard things that
we're going to order today,</p>
  <p time="56040" is_ac="false">like I said, probably
the chicken tikka masala,</p>
  <p time="58051" is_ac="false">and then probably a naan as well.</p>
  <p time="59618" is_ac="false">We might slightly mix up
the filling of the naan</p>
  <p time="61830" is_ac="false">or the topping of the naan,</p>
  <p time="62790" is_ac="false">but I think those two are a good baseline.</p>
  <p time="64200" is_ac="false">Does that sound good?
Joe: Yeah, great.</p>
  <p time="65230" is_ac="false">They're kind of famous
for their lamb chops here.</p>
  <p time="66641" is_ac="false">They do a really good
grilled, spiced lamb chop,</p>
  <p time="68940" is_ac="false">so I think we should get some of those.</p>
  <p time="69990" is_ac="false">You know they're good when
the picture made the menu.</p>
  <p time="72150" is_ac="false">Harry: Yes.
Joe: Right?</p>
  <p time="73241" is_ac="false">That sounds good. It's not too much food,</p>
  <p time="74640" is_ac="false">but I think we should pace ourselves.</p>
  <p time="76015" is_ac="false">I've learned the hard way
that we should pace ourselves.</p>
  <p time="78120" is_ac="false">Oh, I know. That's your problem, pal.</p>
  <p time="85320" is_ac="false">Harry: These are the papadams.
Have you had these before?</p>
  <p time="86859" is_ac="false">Joe: Probably. Yeah, probably. Yeah, yeah.</p>
  <p time="89208" is_ac="false">You get these, and they always
come with a range of dips.</p>
  <p time="91479" is_ac="false">And we're just, I'm just taking one?</p>
  <p time="92970" is_ac="false">Yeah, you can kind of go for whatever.</p>
  <p time="94440" is_ac="false">Some people just karate
chop the whole thing.</p>
  <p time="97410" is_ac="false">Joe: Did you want to do that for ... ?</p>
  <p time="98717" is_ac="false">I mean, did you want to do
that, as our guest of honor?</p>
  <p time="100440" is_ac="false">Joe: Sure. Ready?</p>
  <p time="101273" is_ac="false">Harry: Just go for it.</p>
  <p time="102373" is_ac="false">Joe: Yah!</p>
  <p time="103650" is_ac="false">Wait. But now it's all ...</p>
  <p time="105270" is_ac="false">And then you just have nice
little bits that you can</p>
  <p time="106800" is_ac="false">kind of pick and dip.</p>
  <p time="108060" is_ac="false">And these will probably
come out immediately</p>
  <p time="109560" is_ac="false">because they've just
always got a stack of them</p>
  <p time="111570" is_ac="false">ready to go in the kitchen.</p>
  <p time="112830" is_ac="false">They'll bring these out,
you have a few of these,</p>
  <p time="114450" is_ac="false">then the rest of the food
kind of starts to come out.</p>
  <p time="116460" is_ac="false">So we've got a few dips here.</p>
  <p time="117840" is_ac="false">This one, mango chutney.</p>
  <p time="119823" is_ac="false">Getting any mango flavors from that?</p>
  <p time="121710" is_ac="false">I am getting mango flavors,
and that is so good.</p>
  <p time="124830" is_ac="false">Yeah, this is probably my favorite one.</p>
  <p time="126570" is_ac="false">Joe: Wow.
Harry: Yeah.</p>
  <p time="127497" is_ac="false">It will vary slightly
depending on the curry house,</p>
  <p time="129510" is_ac="false">but normally, you're
getting a mango chutney;</p>
  <p time="132420" is_ac="false">a yogurt, cream-based sauce,
like a raita of some kind;</p>
  <p time="135841" is_ac="false">and then usually a spicy option as well.</p>
  <p time="137670" is_ac="false">Haven't actually tried that one yet.</p>
  <p time="138503" is_ac="false">How spicy are we looking?</p>
  <p time="139350" is_ac="false">Not very spicy, but enough spice
to let you know it's there.</p>
  <p time="142500" is_ac="false">Harry: Uh-huh.
Joe: Right?</p>
  <p time="143365" is_ac="false">I love this. This is
always the one where, like,</p>
  <p time="145473" is_ac="false">if you came for a family
meal and you had a curry,</p>
  <p time="148035" is_ac="false">your parents would be
shouting at you at this point</p>
  <p time="149340" is_ac="false">to not fill up on papadams.</p>
  <p time="150510" is_ac="false">I was about to say, slow down.</p>
  <p time="152835" is_ac="false">This is like in America
when you get Mexican food,</p>
  <p time="154260" is_ac="false">after you order, chips
and salsa at the table.</p>
  <p time="156507" is_ac="false">Nice. We don't really get that here, but</p>
  <p time="158215" is_ac="false">I see how that would be
equally as dangerous as this.</p>
  <p time="160655" is_ac="false">Because you're waiting
and you're socializing,</p>
  <p time="162180" is_ac="false">and you're just hitting
it. Next thing you know,</p>
  <p time="163512" is_ac="false">your food shows up and you're
like, I'm not hungry anymore.</p>
  <p time="166920" is_ac="false">So, like, obviously, you guys have</p>
  <p time="168120" is_ac="false">Indian food in the US.
Joe: Oh, yeah. Yeah. Yeah.</p>
  <p time="169988" is_ac="false">But am I right in
thinking it's just, like,</p>
  <p time="171104" is_ac="false">culturally not as significant
and not as much of a big deal?</p>
  <p time="173940" is_ac="false">I think it's, no, I think
it's pretty popular.</p>
  <p time="175607" is_ac="false">I mean, I understand the India culture</p>
  <p time="178050" is_ac="false">here in Great Britain,
probably more evidence</p>
  <p time="180540" is_ac="false">over the century or so versus in America.</p>
  <p time="182910" is_ac="false">But, hey, America's a melting pot, baby.</p>
  <p time="184770" is_ac="false">We got everyone. We got
everyone and we got everything.</p>
  <p time="187278" is_ac="false">Ooh, here we go.</p>
  <p time="189944" is_ac="false">Joe: Yes, sir.
Harry: Thank you.</p>
  <p time="192355" is_ac="false">Oh, yes, all right.</p>
  <p time="193620" is_ac="false">Joe: I'm losing my mind.</p>
  <p time="195303" is_ac="false">I'm instinctually grabbing my head</p>
  <p time="197400" is_ac="false">because I feel like
it's going to spin off.</p>
  <p time="199044" is_ac="false">This looks, oh, my God.</p>
  <p time="201411" is_ac="false">It's pretty good, right?</p>
  <p time="202301" is_ac="false">Joe: Oh, my God. This looks so good.</p>
  <p time="204727" is_ac="false">Harry: I think the rest is on its way.</p>
  <p time="205560" is_ac="false">Joe: Yeah, they're bringing it in. Yeah.</p>
  <p time="207914" is_ac="false">Thank you.</p>
  <p time="209056" is_ac="false">Harry: Thank you.
Joe: Awesome, fantastic.</p>
  <p time="211031" is_ac="false">Harry: Thanks very much.</p>
  <p time="212340" is_ac="false">I have to say, everything here
looks absolutely incredible.</p>
  <p time="215280" is_ac="false">I am so excited.</p>
  <p time="216810" is_ac="false">Harry: Me too, honestly.
Joe: Oh, wow.</p>
  <p time="218310" is_ac="false">I'm just excited to eat.
Should we just dive in?</p>
  <p time="219976" is_ac="false">Joe: Yeah.
Harry: OK, cool.</p>
  <p time="221126" is_ac="false">I feel like, grab yourself a lamb chop.</p>
  <p time="222402" is_ac="false">Yes, sir.</p>
  <p time="224408" is_ac="false">Harry: Hear that sizzle.</p>
  <p time="225450" is_ac="false">Oh, my goodness. And is that
a bed of grilled onions?</p>
  <p time="227442" is_ac="false">Juicy. Yeah. Looks amazing.</p>
  <p time="229657" is_ac="false">A lot of people will refer
to it as "naan bread."</p>
  <p time="231690" is_ac="false">Joe: Uh-huh.</p>
  <p time="232523" is_ac="false">Harry: That's actually just
like saying "bread" twice,</p>
  <p time="234653" is_ac="false">because naan is just kind
of an Indian word for bread.</p>
  <p time="237603" is_ac="false">Joe: Do you want me to do the
chicken tikka masala first?</p>
  <p time="240000" is_ac="false">Harry: I feel like it's up to you, man.</p>
  <p time="241080" is_ac="false">Go crazy. I think that's
a nice place to start</p>
  <p time="242704" is_ac="false">our curry journey today.
Joe: I mean, this is,</p>
  <p time="244160" is_ac="false">it's what we're here for. We're
doing this at every place,</p>
  <p time="245834" is_ac="false">so let me try it. Here we go.</p>
  <p time="249390" is_ac="false">Mm.</p>
  <p time="250530" is_ac="false">What are you getting there, Joe?</p>
  <p time="251970" is_ac="false">Well, it's delicious.</p>
  <p time="253410" is_ac="false">Harry: Mm-hmm.
Joe: I love the flavors.</p>
  <p time="254652" is_ac="false">Good start.</p>
  <p time="255485" is_ac="false">Joe: You really taste
how the meat is grilled.</p>
  <p time="256890" is_ac="false">Sauce is incredible.</p>
  <p time="258330" is_ac="false">What are some of the distinct
flavors here that I'm getting?</p>
  <p time="260640" is_ac="false">Harry: It will vary slightly</p>
  <p time="261600" is_ac="false">depending on the restaurant you're in.</p>
  <p time="262860" is_ac="false">Generally speaking, they'll
start with a masala,</p>
  <p time="265680" is_ac="false">which is kind of the way
that you actually refer</p>
  <p time="267510" is_ac="false">to a blend of spices. Some common ones,</p>
  <p time="270268" is_ac="false">ginger, cardamom,
coriander in there as well.</p>
  <p time="273030" is_ac="false">Joe: Flavor-wise, profile
is absolutely incredible.</p>
  <p time="275940" is_ac="false">No notes on that.</p>
  <p time="277020" is_ac="false">Harry: No.
Joe: Very good.</p>
  <p time="278986" is_ac="false">I'm going to try some of this
lamb. It just looks beautiful.</p>
  <p time="281853" is_ac="false">These are some juicy lamb chops.</p>
  <p time="284360" is_ac="false">Joe: Wow.</p>
  <p time="286110" is_ac="false">Wow, wow, wow.</p>
  <p time="287310" is_ac="false">Oh-ho. It's so juicy.</p>
  <p time="289440" is_ac="false">Joe: OK, so the spice on this</p>
  <p time="290910" is_ac="false">pairs with the lamb perfectly, right?</p>
  <p time="292620" is_ac="false">Harry: Mm-hmm.</p>
  <p time="293453" is_ac="false">The flavor's just jumping
out at me right away.</p>
  <p time="295500" is_ac="false">It's enough spice to know that it's there,</p>
  <p time="296820" is_ac="false">but it really accents the
flavor of the meat perfectly.</p>
  <p time="300240" is_ac="false">It pairs with it incredibly,</p>
  <p time="302550" is_ac="false">so I don't feel like I'm
eating a piece of meat</p>
  <p time="304920" is_ac="false">that was just covered in a spice.</p>
  <p time="307080" is_ac="false">No. You can tell this has been marinated.</p>
  <p time="310350" is_ac="false">Yeah.</p>
  <p time="311183" is_ac="false">It's been cooked in the
sauce, just like you said.</p>
  <p time="312506" is_ac="false">They're not just, like,
cooking them separately</p>
  <p time="314010" is_ac="false">and then kind of combining
them at the last second.</p>
  <p time="315720" is_ac="false">Yeah, yeah, yeah, yeah.</p>
  <p time="316553" is_ac="false">That flavor is in there.</p>
  <p time="318100" is_ac="false">You might also see some variation with</p>
  <p time="320125" is_ac="false">the type of chicken
that's in there as well.</p>
  <p time="321813" is_ac="false">We're generally talking
chicken breast pieces.</p>
  <p time="323250" is_ac="false">But I think this is good</p>
  <p time="324090" is_ac="false">because you get quite
big pieces of chicken.</p>
  <p time="325903" is_ac="false">So they've stayed really tender</p>
  <p time="326936" is_ac="false">in the cooking process
as well, really juicy.</p>
  <p time="329190" is_ac="false">It's not really about the heat
with a chicken tikka masala.</p>
  <p time="331760" is_ac="false">This is something that was kind of adapted</p>
  <p time="333243" is_ac="false">for the British palate,
so not super spicy.</p>
  <p time="335857" is_ac="false">But in terms of the
richness of the flavor,</p>
  <p time="337650" is_ac="false">it's really, really tasty.</p>
  <p time="338610" is_ac="false">That's what I'm talking about, richness.</p>
  <p time="339990" is_ac="false">Quite tomatoey.</p>
  <p time="340823" is_ac="false">Do you get the tomato
coming through from that?</p>
  <p time="342180" is_ac="false">Joe: I absolutely do.</p>
  <p time="343140" is_ac="false">This, to me, I just want
to, like, take the chicken</p>
  <p time="344940" is_ac="false">and the rice and the naan,
put it all together, boom.</p>
  <p time="347130" is_ac="false">That's kind of the joy of
eating at an Indian restaurant.</p>
  <p time="349290" is_ac="false">Yeah.</p>
  <p time="350123" is_ac="false">You can kind of just
mix whatever you want.</p>
  <p time="351750" is_ac="false">Often, if you come with a big group,</p>
  <p time="353665" is_ac="false">you'd all get a few dishes,</p>
  <p time="355230" is_ac="false">and you just kind of share them around,</p>
  <p time="357390" is_ac="false">try lots of different things.</p>
  <p time="358710" is_ac="false">If the camera wasn't here, I
would lick this bone clean.</p>
  <p time="360993" is_ac="false">The sauce is just, mm.</p>
  <p time="362700" is_ac="false">The camera's here, and I
am licking the bone clean,</p>
  <p time="364440" is_ac="false">so go crazy.</p>
  <p time="366000" is_ac="false">I'm not going to.</p>
  <p time="367600" is_ac="false">I don't want that footage on the internet.</p>
  <p time="369570" is_ac="false">So, they don't eat a ton
of lamb in the US, right?</p>
  <p time="371730" is_ac="false">It's not super common.</p>
  <p time="372840" is_ac="false">Lamb doesn't seem to be as
popular of a meat in the US</p>
  <p time="376140" is_ac="false">as it is here, certainly, but
I think that's something to do</p>
  <p time="378368" is_ac="false">with the fact that the US, like, clearly,</p>
  <p time="379764" is_ac="false">we're just like, cattle,
beef, pork, beef, beef, pork.</p>
  <p time="383595" is_ac="false">Like, the two animals we're really just</p>
  <p time="385357" is_ac="false">pushing on the population
for at least 200 years.</p>
  <p time="389040" is_ac="false">There certainly is lamb.</p>
  <p time="390390" is_ac="false">It's just not as popular, yeah.</p>
  <p time="391560" is_ac="false">Interesting. I will say,</p>
  <p time="392652" is_ac="false">these are some of the best
lamb chops I've ever had.</p>
  <p time="395460" is_ac="false">These are fantastic.</p>
  <p time="396660" is_ac="false">Joe: Yeah.</p>
  <p time="397493" is_ac="false">Harry: So, we took you to
Tayyabs because it's kind of like</p>
  <p time="399073" is_ac="false">a elevated British Indian
experience, I would say.</p>
  <p time="402120" is_ac="false">It's a pretty standard
British Indian curry house</p>
  <p time="404940" is_ac="false">in the terms of, like, the decor.</p>
  <p time="406680" is_ac="false">It's a little bit kitschy.</p>
  <p time="407970" is_ac="false">They have some familiar
things on the menu,</p>
  <p time="409380" is_ac="false">like the tikka masala. But
I think, yeah, like I say,</p>
  <p time="411547" is_ac="false">this is kind of an elevated
version of a tikka masala.</p>
  <p time="414410" is_ac="false">The place we're going to go
to next I think will give you</p>
  <p time="416040" is_ac="false">a much more authentic
British Indian experience,</p>
  <p time="419490" is_ac="false">particularly when it comes to the masala.</p>
  <p time="421170" is_ac="false">I think the color might surprise you.</p>
  <p time="423282" is_ac="false">The flavors might surprise you a bit.</p>
  <p time="424950" is_ac="false">It's going to be interesting.</p>
  <p time="425910" is_ac="false">All right. This was fantastic,</p>
  <p time="428251" is_ac="false">but how authentic is it?</p>
  <p time="429600" is_ac="false">I don't know if you've
noticed this about me, Joe,</p>
  <p time="431070" is_ac="false">but I'm actually not from
India, so I can't really talk</p>
  <p time="433860" is_ac="false">to the authenticity of
the food and the cuisine.</p>
  <p time="436410" is_ac="false">I can maybe talk to the experience
of a British curry house,</p>
  <p time="438900" is_ac="false">but not that part.</p>
  <p time="440220" is_ac="false">I have invited a friend along</p>
  <p time="441330" is_ac="false">who's going to meet us at the next place</p>
  <p time="442980" is_ac="false">who I think will be able to
explain a little bit more</p>
  <p time="444780" is_ac="false">about what British Indian
cuisine actually is,</p>
  <p time="447120" is_ac="false">how it compares to actual Indian cuisine,</p>
  <p time="449280" is_ac="false">and we'll kind of go from there.</p>
  <p time="450252" is_ac="false">Joe: Sounds great.</p>
  <p time="452790" is_ac="false">Harry: I've known Qayyah for many years.</p>
  <p time="454290" is_ac="false">We've been at Insider together for, what,</p>
  <p time="455618" is_ac="false">like, five years now?</p>
  <p time="457050" is_ac="false">It's been over five years for me.</p>
  <p time="458687" is_ac="false">We're kind of old.</p>
  <p time="459713" is_ac="false">Yeah, we started out, started
on the same desk together,</p>
  <p time="462521" is_ac="false">have kind of gone separate ways,</p>
  <p time="463800" is_ac="false">and now rejoined again on the
video team, which is great.</p>
  <p time="466710" is_ac="false">You might have had her voice
on "So Expensive" videos.</p>
  <p time="469080" is_ac="false">That's how I know you.</p>
  <p time="472074" is_ac="false">And there's also, I don't
think, anyone more qualified,</p>
  <p time="474180" is_ac="false">at least that I know,</p>
  <p time="475013" is_ac="false">to talk about the
authenticity of Indian food,</p>
  <p time="477150" is_ac="false">definitely more so than I am.</p>
  <p time="478503" is_ac="false">Qayyah: Well, I grew up in Liverpool,</p>
  <p time="480237" is_ac="false">but my mom immigrated from
Karachi when she was quite small.</p>
  <p time="484140" is_ac="false">I think she might have been about 1.</p>
  <p time="485400" is_ac="false">And her mom was from Uttar Pradesh,</p>
  <p time="487320" is_ac="false">which means that she's UPite.</p>
  <p time="489586" is_ac="false">And Dad was from Sindh.</p>
  <p time="491703" is_ac="false">So Sindhi and UPite.</p>
  <p time="494311" is_ac="false">And because I've got
that background there,</p>
  <p time="495600" is_ac="false">obviously, we grew up at home
kind of cooking a lot of food,</p>
  <p time="498000" is_ac="false">making a lot of rotis on
the tava all the time.</p>
  <p time="499860" is_ac="false">We cooked food at home
ourselves quite a lot.</p>
  <p time="502520" is_ac="false">And we did also go out
for lots of "Indians,"</p>
  <p time="505500" is_ac="false">which is quite a British phenomenon.</p>
  <p time="507180" is_ac="false">Like, it's a very, it's very important.</p>
  <p time="509788" is_ac="false">But in my mind, that's quite separate</p>
  <p time="511590" is_ac="false">to sort of the food that we had at home.</p>
  <p time="513210" is_ac="false">So I'll see how the
food stands up, I guess.</p>
  <p time="516150" is_ac="false">I think two metrics are important here.</p>
  <p time="517920" is_ac="false">So I'm going to be measuring this against</p>
  <p time="519807" is_ac="false">different chicken tikka masalas
that I've had elsewhere,</p>
  <p time="522692" is_ac="false">but I'm also going to be measuring this</p>
  <p time="524075" is_ac="false">against my mom's butter
chicken, or chicken makhana,</p>
  <p time="527040" is_ac="false">which, I'm going to say that</p>
  <p time="528648" is_ac="false">it's kind of "more authentic."</p>
  <p time="530556" is_ac="false">Joe: OK.</p>
  <p time="531810" is_ac="false">So we'll see.</p>
  <p time="533220" is_ac="false">Great.</p>
  <p time="534120" is_ac="false">I mean, if this beats your mom's curry,</p>
  <p time="535830" is_ac="false">I feel like that could be a problem.</p>
  <p time="537329" is_ac="false">She's going to see this video.</p>
  <p time="539373" is_ac="false">I know she's in the comments.</p>
  <p time="540953" is_ac="false">She's definitely a "Food Tours" head, so.</p>
  <p time="543691" is_ac="false">Harry: Of course.
Qayyah: I'm scared!</p>
  <p time="544774" is_ac="false">Joe: Be careful what you say!</p>
  <p time="547225" is_ac="false">So, you may be wondering</p>
  <p time="548316" is_ac="false">why we're at this restaurant specifically.</p>
  <p time="550020" is_ac="false">Very much so.</p>
  <p time="550890" is_ac="false">There's a few reasons for it.</p>
  <p time="552000" is_ac="false">Obviously, Brick Lane and
curry, iconic in London.</p>
  <p time="555270" is_ac="false">Like, this is the place
where you will probably go.</p>
  <p time="557130" is_ac="false">If you just Google, like,
"London curry houses,"</p>
  <p time="559420" is_ac="false">this is kind of where
it's going to send you.</p>
  <p time="560920" is_ac="false">It's very iconic. There's so many of them.</p>
  <p time="562687" is_ac="false">There's, like, 23 or 24 restaurants</p>
  <p time="564570" is_ac="false">just on this one stretch
of road, which is a lot.</p>
  <p time="566820" is_ac="false">But this one consistently just
dominates in the rankings.</p>
  <p time="569730" is_ac="false">People have rated this really highly.</p>
  <p time="571560" is_ac="false">It's very up there on Tripadvisor.</p>
  <p time="573330" is_ac="false">I think it's the
15th-best-rated restaurant</p>
  <p time="575580" is_ac="false">in the whole of London on Tripadvisor.</p>
  <p time="577920" is_ac="false">Not just curry houses, just
restaurants in general.</p>
  <p time="580320" is_ac="false">Fantastic.</p>
  <p time="581160" is_ac="false">Harry: All those people
can't be wrong, right?</p>
  <p time="582450" is_ac="false">That's correct. I totally agree.</p>
  <p time="583834" is_ac="false">They should've that in the
window, though. Do they?</p>
  <p time="585820" is_ac="false">Maybe they do.</p>
  <p time="586653" is_ac="false">I think they generally
tend to put pictures</p>
  <p time="587991" is_ac="false">of the celebrities who've visited.</p>
  <p time="589950" is_ac="false">Joe: I have noticed that, so thank you.</p>
  <p time="591780" is_ac="false">One thing, so I live in Los Angeles,</p>
  <p time="593340" is_ac="false">and what's really popular
there, they do this as well.</p>
  <p time="595740" is_ac="false">But another thing they'll do is,</p>
  <p time="596573" is_ac="false">because everyone in Los
Angeles is a performer,</p>
  <p time="598350" is_ac="false">is that they'll give
them a signed headshot.</p>
  <p time="600690" is_ac="false">Nice.</p>
  <p time="601523" is_ac="false">Which makes sense. But then
when you go into restaurants,</p>
  <p time="603972" is_ac="false">it'll be plastered with framed headshots,</p>
  <p time="605550" is_ac="false">and you're like, "I don't know
who any of these people are."</p>
  <p time="607601" is_ac="false">Yeah, so.</p>
  <p time="609480" is_ac="false">It could be a good way to, like,</p>
  <p time="611010" is_ac="false">try and get a discount on your bill</p>
  <p time="612150" is_ac="false">and be like, "I'm actually kind of famous.</p>
  <p time="613680" is_ac="false">Here's my headshot."
Joe: Here's the headshot.</p>
  <p time="614513" is_ac="false">Yeah, yeah, yeah.</p>
  <p time="615346" is_ac="false">You just, you fold that
into the little tab book,</p>
  <p time="618180" is_ac="false">like, there you go.</p>
  <p time="619166" is_ac="false">Do the handshake where
you, like, slide it in.</p>
  <p time="621472" is_ac="false">It's this big picture, like —</p>
  <p time="622916" is_ac="false">It's in the —</p>
  <p time="623749" is_ac="false">"Hey, can I get a table near the window?"</p>
  <p time="624612" is_ac="false">Guy's like, "What are you doing?"</p>
  <p time="626478" is_ac="false">A4-size picture.</p>
  <p time="627948" is_ac="false">It's 8 ½-by-11-inch.</p>
  <p time="634050" is_ac="false">All right.</p>
  <p time="635400" is_ac="false">I'm actually really
curious to try this because</p>
  <p time="637242" is_ac="false">I don't know that I've
ever tried vindaloo before.</p>
  <p time="639570" is_ac="false">Harry: No?
Joe: Oh, really?</p>
  <p time="640519" is_ac="false">Harry: Look at the color
on that. That's beautiful.</p>
  <p time="642554" is_ac="false">That is bright!</p>
  <p time="643895" is_ac="false">Joe: Wow.
Qayyah: Wow!</p>
  <p time="646046" is_ac="false">Joe: Thank you.
Qayyah: Wow, wow, wow!</p>
  <p time="647055" is_ac="false">Harry: Mm-hmm.</p>
  <p time="650070" is_ac="false">Ketchup. Did we order ketchup?</p>
  <p time="653070" is_ac="false">Yeah, but this is —</p>
  <p time="654755" is_ac="false">That's so much ketchup.</p>
  <p time="656780" is_ac="false">Joe: Very generous with the ketchup.</p>
  <p time="658406" is_ac="false">This is exactly like my mom
makes it, by the way. Exactly.</p>
  <p time="662357" is_ac="false">Joe: With the ketchup?</p>
  <p time="663390" is_ac="false">Yeah! Exactly like this!</p>
  <p time="667701" is_ac="false">Harry: Thank you. We have a small feast.</p>
  <p time="669668" is_ac="false">Qayyah: I'm really curious about this.</p>
  <p time="670860" is_ac="false">That's almost like it
might be radioactive.</p>
  <p time="672757" is_ac="false">Like, it's very bright.</p>
  <p time="674374" is_ac="false">I don't think I've seen
a chicken tikka masala</p>
  <p time="676140" is_ac="false">this bright before.</p>
  <p time="677190" is_ac="false">Harry: Have you not? I feel like I have.</p>
  <p time="678856" is_ac="false">Qayyah: No.
Harry: See, we went to Tayyabs</p>
  <p time="680157" is_ac="false">and we had the chicken tikka masala,</p>
  <p time="681630" is_ac="false">and it was much more like this color.</p>
  <p time="682969" is_ac="false">Qayyah: Yeah. Yeah, yeah, yeah.
That's, like, a normal ...</p>
  <p time="685043" is_ac="false">I'm going to try it.</p>
  <p time="686268" is_ac="false">Yeah. We all are. I'm very excited.</p>
  <p time="687891" is_ac="false">See, now, this is actually
quite a traditional thing,</p>
  <p time="689824" is_ac="false">to have little bits of
colored rice as well.</p>
  <p time="692040" is_ac="false">We often do, like, rainbow rice at home,</p>
  <p time="694016" is_ac="false">which was always a novelty thing.</p>
  <p time="696360" is_ac="false">That was my favorite
track on "Mario Kart."</p>
  <p time="703815" is_ac="false">Should we start dishing
up? Joe, do you want to?</p>
  <p time="705814" is_ac="false">Grab yourself some rice.</p>
  <p time="706939" is_ac="false">In my mind, tikka masala is this color.</p>
  <p time="709188" is_ac="false">To be fair, this is, I
mean, if you think about</p>
  <p time="710880" is_ac="false">an authentic British Indian curry,</p>
  <p time="712553" is_ac="false">if is supposedly like a British take</p>
  <p time="716820" is_ac="false">on an Indian, traditionally
South Asian foodstuff,</p>
  <p time="720873" is_ac="false">it makes sense that
it's that color, right?</p>
  <p time="722580" is_ac="false">I think "traditional" is —</p>
  <p time="723480" is_ac="false">"authentic" is doing a lot
of heavy lifting there.</p>
  <p time="725113" is_ac="false">Joe: Would you like some rice?</p>
  <p time="725971" is_ac="false">Yes, I would. Thank you very much.</p>
  <p time="727629" is_ac="false">But it's very, it's always tasty.</p>
  <p time="729479" is_ac="false">Are you going to do it with the naan?</p>
  <p time="730687" is_ac="false">I'm going to go for a
little bit of a naan scoop.</p>
  <p time="731987" is_ac="false">It smells nice.</p>
  <p time="733113" is_ac="false">Cheers, gang.</p>
  <p time="734174" is_ac="false">Yeah, cheers.</p>
  <p time="736843" is_ac="false">Mm-hmm.</p>
  <p time="738134" is_ac="false">Joe: This one is sweeter
than the last one.</p>
  <p time="739695" is_ac="false">Mm-hmm.</p>
  <p time="740640" is_ac="false">And much more creamy, right?</p>
  <p time="741960" is_ac="false">Yeah, a lot creamier.</p>
  <p time="743378" is_ac="false">The chicken is cooked well.</p>
  <p time="744630" is_ac="false">It is cooked well. Very tender.</p>
  <p time="745829" is_ac="false">It's not chewy, which, I get really angry</p>
  <p time="748620" is_ac="false">when people give me curry and
it's, like, chewy chicken,</p>
  <p time="750960" is_ac="false">and that's not OK.</p>
  <p time="752185" is_ac="false">It's almost impressive to
make chewy chicken in a sauce</p>
  <p time="754543" is_ac="false">where you've been simmering it, right?</p>
  <p time="755723" is_ac="false">Qayyah: It's happened.
It's happened to me.</p>
  <p time="757424" is_ac="false">The one we had at Tayyabs
definitely had some heat to it.</p>
  <p time="760037" is_ac="false">It wasn't spicy. But I think
I was taken aback by that,</p>
  <p time="762228" is_ac="false">because this is, again,
more what I'm used to</p>
  <p time="764160" is_ac="false">from a classic British curry house.</p>
  <p time="765840" is_ac="false">This kind of hits on the
classic you were expecting?</p>
  <p time="767753" is_ac="false">Pretty much. There's almost no heat to it.</p>
  <p time="769362" is_ac="false">It's very sweet. It's very creamy.</p>
  <p time="771017" is_ac="false">Joe: It's fantastic, though.</p>
  <p time="772411" is_ac="false">I am very impressed with the flavor.</p>
  <p time="775530" is_ac="false">Over here, we have?</p>
  <p time="776488" is_ac="false">Harry: So, this is the lamb vindaloo.</p>
  <p time="778443" is_ac="false">It's got an interesting story, vindaloo.</p>
  <p time="780000" is_ac="false">It's, like, come from
several different cultures.</p>
  <p time="782893" is_ac="false">There's, like, Portuguese in there.</p>
  <p time="784826" is_ac="false">Then it's kind of gone
from Portugal over to India</p>
  <p time="787613" is_ac="false">and then back to the UK.</p>
  <p time="789138" is_ac="false">And every time, it's kind of
changed what it actually is.</p>
  <p time="792000" is_ac="false">Interesting.</p>
  <p time="792833" is_ac="false">In the UK, if you order a
vindaloo, it's basically, like,</p>
  <p time="794374" is_ac="false">one of the spiciest curries
that a curry house will offer.</p>
  <p time="797082" is_ac="false">Joe: OK.</p>
  <p time="798300" is_ac="false">I've ordered this one with lamb.</p>
  <p time="799890" is_ac="false">This is the spicy guy.</p>
  <p time="800910" is_ac="false">This is the spicy guy.</p>
  <p time="802110" is_ac="false">This might be the thing that wakes me up.</p>
  <p time="803430" is_ac="false">Harry: It may be.</p>
  <p time="804263" is_ac="false">Qayyah: I've never tried
this before because I —</p>
  <p time="806712" is_ac="false">Why not?</p>
  <p time="807545" is_ac="false">I just wouldn't. Like,
it's not really something</p>
  <p time="809370" is_ac="false">that I would — is there potato in it?</p>
  <p time="810688" is_ac="false">I mean, it is aloo in the
name, right, I suppose.</p>
  <p time="812400" is_ac="false">OK, OK, I'm getting the spice.</p>
  <p time="814412" is_ac="false">I'm getting that tingle.</p>
  <p time="815610" is_ac="false">Is it only a tingle?</p>
  <p time="816570" is_ac="false">Yeah, it's not overwhelming spice.</p>
  <p time="818430" is_ac="false">Oh, another swallow,</p>
  <p time="819360" is_ac="false">and I'm kind of feeling
it build up on my lips.</p>
  <p time="821700" is_ac="false">You got to watch out
for those chilies, man.</p>
  <p time="823290" is_ac="false">They creep up on you.</p>
  <p time="824250" is_ac="false">Joe: This has a decent spice to it,</p>
  <p time="825267" is_ac="false">but, ooh, the flavor's just mwah.</p>
  <p time="827010" is_ac="false">The lamb, cooked perfectly.</p>
  <p time="828870" is_ac="false">I feel like for me, I'm
not feeling anything.</p>
  <p time="831480" is_ac="false">But there is flavor there,
which is really nice.</p>
  <p time="832835" is_ac="false">I'd probably have a
little bit more seasoning,</p>
  <p time="834930" is_ac="false">but ah, I'm not, you know.</p>
  <p time="837623" is_ac="false">If we had to nitpick.</p>
  <p time="838637" is_ac="false">Eh.</p>
  <p time="839470" is_ac="false">As mentioned before,</p>
  <p time="840303" is_ac="false">Qayyah's made me cry with chilies before,</p>
  <p time="841770" is_ac="false">and I'm not crying from
that. It's very tasty though.</p>
  <p time="843946" is_ac="false">Like you say, I do think
it's a nice balance of, like,</p>
  <p time="846090" is_ac="false">yeah, that warmth, the richness.</p>
  <p time="848490" is_ac="false">That lamb. The lamb's so good, man.</p>
  <p time="849724" is_ac="false">It, like, falls apart in your mouth.</p>
  <p time="850974" is_ac="false">So, I noticed that none of us</p>
  <p time="852157" is_ac="false">have been tempted by the chips yet.</p>
  <p time="854078" is_ac="false">I will just say, this is very
much not authentic cuisine.</p>
  <p time="856848" is_ac="false">Yeah, I did want to say chips,</p>
  <p time="857864" is_ac="false">fries, as we call them in the States,</p>
  <p time="859748" is_ac="false">do not normally come with Indian cuisine.</p>
  <p time="861240" is_ac="false">No. And I'm not sure
when they started coming</p>
  <p time="863618" is_ac="false">with British Indian cuisine. I do think</p>
  <p time="865020" is_ac="false">it's very more the British
side of British Indian.</p>
  <p time="867840" is_ac="false">But I think it's one
of those things, again,</p>
  <p time="868950" is_ac="false">where sort of, like, immigrant populations</p>
  <p time="871140" is_ac="false">would open a restaurant,
and if there's demand there,</p>
  <p time="874173" is_ac="false">which, in Britain, there
often is demand for chips,</p>
  <p time="876735" is_ac="false">you're just going to serve
it. Like, you're missing out</p>
  <p time="877960" is_ac="false">on free money and free
customers if you're not.</p>
  <p time="880343" is_ac="false">And therefore, chips are put on the menu.</p>
  <p time="882300" is_ac="false">I do think, like, they go well with stuff.</p>
  <p time="884400" is_ac="false">I mean, what I will do
is get a couple of chips,</p>
  <p time="887400" is_ac="false">dunk it straight in that masala sauce.</p>
  <p time="889142" is_ac="false">Can I also just weigh in
and say these are more like,</p>
  <p time="891420" is_ac="false">these look to me more like french fries</p>
  <p time="893130" is_ac="false">than they do traditional British chips.</p>
  <p time="894971" is_ac="false">Hm.</p>
  <p time="895804" is_ac="false">Like, a chunky chip is what
I associate with British.</p>
  <p time="897695" is_ac="false">Is this what I'm doing here,
then? You got the sauce on?</p>
  <p time="899281" is_ac="false">Harry: Go for it.</p>
  <p time="900114" is_ac="false">And also, like, we do this at home.</p>
  <p time="901647" is_ac="false">I'm British Pakistani Indian.</p>
  <p time="903390" is_ac="false">Like, there's a whole mix going on there.</p>
  <p time="905087" is_ac="false">Chicken and chips, man, it's a thing.</p>
  <p time="907138" is_ac="false">It's really good. It's really good.</p>
  <p time="908830" is_ac="false">I do think that's a good idea
to have the chips, fries,</p>
  <p time="911928" is_ac="false">to finish off the sauce,
because one thing I've noticed</p>
  <p time="914118" is_ac="false">in my many years of eating Indian food</p>
  <p time="915990" is_ac="false">is that you eat the protein or the veggie</p>
  <p time="917820" is_ac="false">that's whatever's in the sauce,</p>
  <p time="918780" is_ac="false">and you usually have,
like, a lot of sauce left.</p>
  <p time="920785" is_ac="false">And that's just kind of
what you grow to expect</p>
  <p time="922227" is_ac="false">having Indian food.</p>
  <p time="923993" is_ac="false">So to have something for
cleanup is a pretty smart idea.</p>
  <p time="926400" is_ac="false">Yeah. One of the founding
brothers of Tayyabs</p>
  <p time="928175" is_ac="false">says that when he goes out,</p>
  <p time="929400" is_ac="false">he will order chips with
his Indian food, so.</p>
  <p time="931290" is_ac="false">Joe: All right.
Harry: Yeah.</p>
  <p time="932373" is_ac="false">It's not just a British thing.</p>
  <p time="933506" is_ac="false">Sounds legit.</p>
  <p time="934564" is_ac="false">And what do we have here?</p>
  <p time="935397" is_ac="false">So, this is a bhaji,</p>
  <p time="936330" is_ac="false">and it's kind of like a
battered-onion thing going on.</p>
  <p time="940453" is_ac="false">I don't really like breaking them up</p>
  <p time="941553" is_ac="false">because I just tend to
eat them all to myself,</p>
  <p time="943080" is_ac="false">but I'm going to split it up.</p>
  <p time="944430" is_ac="false">Harry: Annoyingly, they've
given us two between three,</p>
  <p time="946350" is_ac="false">so just get stuck in. That's fine.</p>
  <p time="949965" is_ac="false">You have a whole one
because you're our guest.</p>
  <p time="953120" is_ac="false">They smell good too.</p>
  <p time="954314" is_ac="false">Mm, crispy.</p>
  <p time="955225" is_ac="false">Mm! That's really good. That's fantastic.</p>
  <p time="959280" is_ac="false">Harry: Mm-hmm.
Qayyah: Mm-hmm.</p>
  <p time="960722" is_ac="false">Harry: I love ordering
these when I go out.</p>
  <p time="962190" is_ac="false">These are an excellent starter.</p>
  <p time="963270" is_ac="false">These are a mainstay in my curry order.</p>
  <p time="966390" is_ac="false">Joe: Sure.</p>
  <p time="967223" is_ac="false">That's a good one. It was
very crispy, not overly oily.</p>
  <p time="969637" is_ac="false">Mm-mm.</p>
  <p time="970470" is_ac="false">This was fantastic. I loved everything.</p>
  <p time="972930" is_ac="false">I think the chips thing is growing on me.</p>
  <p time="974700" is_ac="false">Again, I'm probably be more
of a clean up with the naan</p>
  <p time="976950" is_ac="false">than the chips, but I
think it's a pretty good,</p>
  <p time="979680" is_ac="false">an inventive idea that I do stand behind.</p>
  <p time="981840" is_ac="false">And then, Qayyah, final note from you.</p>
  <p time="983700" is_ac="false">How does this kind of compare
to a home-cooked Indian meal?</p>
  <p time="987000" is_ac="false">Is it better? Is it worse?
Is it just different?</p>
  <p time="990092" is_ac="false">I do still put them in two
completely different ballparks</p>
  <p time="993300" is_ac="false">because they're just not
the same thing for me.</p>
  <p time="995460" is_ac="false">And it's still a really nice
thing to go out for an Indian,</p>
  <p time="998400" is_ac="false">but for me, like, it
just tastes so different</p>
  <p time="1003200" is_ac="false">to my mom's cooking.</p>
  <p time="1004640" is_ac="false">Qayyah, thank you for joining us.</p>
  <p time="1005834" is_ac="false">I hope you had a nice time.</p>
  <p time="1007100" is_ac="false">Please take some leftovers</p>
  <p time="1008180" is_ac="false">because I'm not going to want
any more curry after today.</p>
  <p time="1009980" is_ac="false">Qayyah: Perfect. Thank you very much.</p>
  <p time="1011655" is_ac="false">So, what do you want to do next?</p>
  <p time="1012980" is_ac="false">I've probably got room for,
like, two more curries.</p>
  <p time="1015200" is_ac="false">Yeah, I can go for two more curries.</p>
  <p time="1016386" is_ac="false">Harry: All right, cool,
that sounds good. Let's go.</p>
  <p time="1020240" is_ac="false">So, this is Punjab Indian Restaurant.</p>
  <p time="1022100" is_ac="false">They've been here since the '40s.</p>
  <p time="1023750" is_ac="false">They used to be, actually,
before they were in East London,</p>
  <p time="1025850" is_ac="false">and then they moved here</p>
  <p time="1026720" is_ac="false">actually to be closer
to the Indian embassy,</p>
  <p time="1028340" is_ac="false">which is really cool, because</p>
  <p time="1029506" is_ac="false">the staff at the Indian embassy</p>
  <p time="1030648" is_ac="false">missed some traditional dishes from India.</p>
  <p time="1033466" is_ac="false">And they moved here to be closer to that,</p>
  <p time="1034790" is_ac="false">to supply that demand.</p>
  <p time="1035630" is_ac="false">So you know it's going
to be authentic here.</p>
  <p time="1037310" is_ac="false">Yes.</p>
  <p time="1038143" is_ac="false">And from what I've heard, very tasty,</p>
  <p time="1039140" is_ac="false">although I've not been here before.</p>
  <p time="1040190" is_ac="false">Oh, well, I'm very excited.</p>
  <p time="1041300" is_ac="false">Everything on the menu looks amazing.</p>
  <p time="1043070" is_ac="false">I love the vibe in here too.</p>
  <p time="1044360" is_ac="false">Harry: Mm-hmm.</p>
  <p time="1045193" is_ac="false">Joe: Really digging it, so.</p>
  <p time="1046070" is_ac="false">Harry: Yeah, I love the
historical feel to it.</p>
  <p time="1048655" is_ac="false">Pictures on the wall.</p>
  <p time="1049488" is_ac="false">They're pretty proud of the heritage here.</p>
  <p time="1050988" is_ac="false">So, we're two in, about to do three.</p>
  <p time="1052820" is_ac="false">What are you expecting from this one</p>
  <p time="1054140" is_ac="false">that's different from the
other two we've been to?</p>
  <p time="1055580" is_ac="false">I think with this one,</p>
  <p time="1056413" is_ac="false">we should pay especially close
attention to the flavors,</p>
  <p time="1058550" is_ac="false">because one thing that I don't think</p>
  <p time="1059810" is_ac="false">we've actually talked about much yet</p>
  <p time="1060860" is_ac="false">is that oftentimes with
curry houses in the UK,</p>
  <p time="1063860" is_ac="false">they will all start their
curries from the same base.</p>
  <p time="1066710" is_ac="false">So you'll get, basically, their masala,</p>
  <p time="1068120" is_ac="false">which is like their blend of spices.</p>
  <p time="1069410" is_ac="false">They'll kind of create
that, and then every curry</p>
  <p time="1071810" is_ac="false">is built upwards from
that same foundation.</p>
  <p time="1074000" is_ac="false">Joe: Oh, OK.</p>
  <p time="1074833" is_ac="false">Harry: So I want to see if
those flavor differences</p>
  <p time="1076160" is_ac="false">really shine through with, like,</p>
  <p time="1077180" is_ac="false">a couple of the different
options that we've got today.</p>
  <p time="1078800" is_ac="false">Joe: Yeah. Ooh, I can't wait.</p>
  <p time="1081174" is_ac="false">Something's sizzling.</p>
  <p time="1082007" is_ac="false">Something's sizzling
on its way over to us.</p>
  <p time="1087084" is_ac="false">Harry and Joe: OK.</p>
  <p time="1090234" is_ac="false">Whoo!</p>
  <p time="1092270" is_ac="false">Yo.</p>
  <p time="1093110" is_ac="false">Harry: Jesus, man.</p>
  <p time="1095540" is_ac="false">I mean, that's just great fun.</p>
  <p time="1097333" is_ac="false">That was fun, yeah.</p>
  <p time="1100648" is_ac="false">Harry: Thank you so much.</p>
  <p time="1102583" is_ac="false">Talk about a dish to get
everyone's attention.</p>
  <p time="1104180" is_ac="false">Harry: There we go.</p>
  <p time="1105013" is_ac="false">Yeah, we thought the
previous sizzle was good.</p>
  <p time="1107120" is_ac="false">Joe: Yeah. Wow, wow, wow.</p>
  <p time="1108860" is_ac="false">Man, look at that!</p>
  <p time="1109880" is_ac="false">So, this isn't the masala.</p>
  <p time="1110990" is_ac="false">This is just the chicken tikka.</p>
  <p time="1112340" is_ac="false">So you got these pieces of
meat, usually put on a skewer,</p>
  <p time="1114470" is_ac="false">and then grilled over an open flame.</p>
  <p time="1116180" is_ac="false">So it lends itself</p>
  <p time="1117013" is_ac="false">to this really lovely charred
flavor on the outside.</p>
  <p time="1119390" is_ac="false">And you've got a mint sauce
and a yogurt, I think.</p>
  <p time="1122000" is_ac="false">Joe: Mm, really succulent.</p>
  <p time="1124340" is_ac="false">Fantastic cook to that.</p>
  <p time="1125573" is_ac="false">Harry: Mm.</p>
  <p time="1126406" is_ac="false">Nice little show with them
setting it on fire too.</p>
  <p time="1127940" is_ac="false">I mean, you know.</p>
  <p time="1129020" is_ac="false">People in America love dinner and a show.</p>
  <p time="1130805" is_ac="false">Kind of our version of dinner and a show.</p>
  <p time="1132371" is_ac="false">Yeah, that heat knocked
me out of my jet lag</p>
  <p time="1134150" is_ac="false">for about 30 seconds.</p>
  <p time="1136242" is_ac="false">And it's just settled back in.</p>
  <p time="1137750" is_ac="false">So, what we have here, samosas.</p>
  <p time="1139280" is_ac="false">You have had these before, right?</p>
  <p time="1140360" is_ac="false">Joe: Yes, I have had a samosa before.</p>
  <p time="1141705" is_ac="false">Harry: Yeah, these are fantastic.</p>
  <p time="1142538" is_ac="false">Joe: Yeah.</p>
  <p time="1143371" is_ac="false">Harry: A real staple.</p>
  <p time="1144204" is_ac="false">These are very spherical, as
far as the ones I'm used to.</p>
  <p time="1146787" is_ac="false">Sometimes you see them
as quite a flat triangle.</p>
  <p time="1149030" is_ac="false">No, these are usually the
ones that I get in America.</p>
  <p time="1150890" is_ac="false">Yeah, the place I go to
in LA has them like this.</p>
  <p time="1153453" is_ac="false">Harry: I was going to cut them,</p>
  <p time="1154286" is_ac="false">but, like, what am I thinking?</p>
  <p time="1155630" is_ac="false">Oh, wow.</p>
  <p time="1157073" is_ac="false">Harry: With the sauce.</p>
  <p time="1159410" is_ac="false">Joe: I love these so much.</p>
  <p time="1160243" is_ac="false">Harry: Mm!</p>
  <p time="1161534" is_ac="false">These are definitely a go-to.</p>
  <p time="1163130" is_ac="false">Harry: Oh, man.</p>
  <p time="1165020" is_ac="false">Whoa.</p>
  <p time="1165950" is_ac="false">Harry: Mm-hmm.</p>
  <p time="1167000" is_ac="false">Joe: The pastry, the crust, so savory.</p>
  <p time="1169670" is_ac="false">Fantastic, wow.</p>
  <p time="1170840" is_ac="false">This is another thing that's,
like, it's easy to mess up.</p>
  <p time="1173060" is_ac="false">It's kind of like,</p>
  <p time="1173893" is_ac="false">similarly to the bhaji, when
you fry something like this,</p>
  <p time="1176060" is_ac="false">it's kind of a risk</p>
  <p time="1177830" is_ac="false">that you'll just make it
really oily and gross.</p>
  <p time="1179420" is_ac="false">But you're getting none of that here.</p>
  <p time="1181310" is_ac="false">Just extremely, like,
flaky, crispy pastry.</p>
  <p time="1184433" is_ac="false">That filling's really good.</p>
  <p time="1185390" is_ac="false">I don't know what that sauce is,</p>
  <p time="1186223" is_ac="false">but that was lovely as
well. It's sweet and smoky.</p>
  <p time="1188330" is_ac="false">Server: Chicken tikka masala.</p>
  <p time="1189380" is_ac="false">Joe: Thank you, sir.
Harry: Lovely, thank you.</p>
  <p time="1190788" is_ac="false">Joe: Ooh, yeah, all right.</p>
  <p time="1191963" is_ac="false">Harry: OK, start with the
classic, the tikka masala.</p>
  <p time="1194360" is_ac="false">Initial impressions, not as, ah —</p>
  <p time="1196760" is_ac="false">Joe: It's not as vibrant as the last one.</p>
  <p time="1198800" is_ac="false">Not as luminous.</p>
  <p time="1200433" is_ac="false">But I want to say also,</p>
  <p time="1201516" is_ac="false">the first one, again, was more like this.</p>
  <p time="1203757" is_ac="false">Harry: It was darker, yeah.</p>
  <p time="1205256" is_ac="false">It's really interesting to see,</p>
  <p time="1206480" is_ac="false">yeah, I guess what small
changes they're making</p>
  <p time="1208940" is_ac="false">that are kind of causing</p>
  <p time="1210260" is_ac="false">quite a big difference in the end product.</p>
  <p time="1212330" is_ac="false">Joe: Oh, man.</p>
  <p time="1214100" is_ac="false">That is fantastic.</p>
  <p time="1215600" is_ac="false">Harry: That might be
the strongest reaction</p>
  <p time="1216650" is_ac="false">we've had today.</p>
  <p time="1217483" is_ac="false">Yeah, this sauce.</p>
  <p time="1218930" is_ac="false">Ooh, wow.</p>
  <p time="1220126" is_ac="false">Right? Right?
Harry: Mm.</p>
  <p time="1222950" is_ac="false">Joe: What is it about this one</p>
  <p time="1223783" is_ac="false">that stands out from the last two?</p>
  <p time="1225158" is_ac="false">I feel like it's, the sauce
is, like, bonded more to it.</p>
  <p time="1227180" is_ac="false">Like, it's thicker and creamier.</p>
  <p time="1230922" is_ac="false">Although the last one
was pretty creamy too.</p>
  <p time="1233210" is_ac="false">This one, I mean, the sauce,</p>
  <p time="1234710" is_ac="false">the flavor of the sauce is remarkable.</p>
  <p time="1236330" is_ac="false">Harry: There's a richness to it</p>
  <p time="1237863" is_ac="false">that I don't think we've had before.</p>
  <p time="1239180" is_ac="false">It's that concentrated flavor.</p>
  <p time="1240650" is_ac="false">Joe: Yeah. Ooh, wow.</p>
  <p time="1242982" is_ac="false">I love it so much.
Harry: I get, like,</p>
  <p time="1243898" is_ac="false">intense tomato flavor
as well from that one.</p>
  <p time="1245780" is_ac="false">Yeah, there is a richness to this one</p>
  <p time="1247940" is_ac="false">that we have not had in the previous two.</p>
  <p time="1250695" is_ac="false">Not saying the previous
two weren't also very good,</p>
  <p time="1252410" is_ac="false">but this one, as far as, like,
first bites are concerned,</p>
  <p time="1255380" is_ac="false">that's the first one I've been like, yo.</p>
  <p time="1257990" is_ac="false">Yeah, that was the strongest reaction</p>
  <p time="1259460" is_ac="false">I've seen from you all day.</p>
  <p time="1260448" is_ac="false">What are you doing?</p>
  <p time="1261281" is_ac="false">Harry: I'm just giving you some rice.</p>
  <p time="1262114" is_ac="false">OK, thanks.</p>
  <p time="1262947" is_ac="false">Harry: I'm trying to —</p>
  <p time="1263863" is_ac="false">Joe: What about today made you think</p>
  <p time="1265370" is_ac="false">I can't rice my own plate?</p>
  <p time="1266690" is_ac="false">Harry: I'm trying to be a gracious host.</p>
  <p time="1268400" is_ac="false">Joe: All right.</p>
  <p time="1269930" is_ac="false">Harry: I did just want to point out</p>
  <p time="1270950" is_ac="false">the description on the
menu of the garlic naan,</p>
  <p time="1273784" is_ac="false">which says that, "If you
have any erotic activities</p>
  <p time="1276570" is_ac="false">planned for after you leave us,</p>
  <p time="1278180" is_ac="false">perhaps you should resist
the sensational garlic naan."</p>
  <p time="1281150" is_ac="false">I don't know if it's erotic,</p>
  <p time="1282020" is_ac="false">but after this, I'm meeting
up with Dracula, so.</p>
  <p time="1284154" is_ac="false">Yeah, I mean, maybe steer clear.</p>
  <p time="1286150" is_ac="false">You don't want to give
him some kind of reaction.</p>
  <p time="1288650" is_ac="false">Blah.</p>
  <p time="1289772" is_ac="false">That's my whole Dracula impression.</p>
  <p time="1292679" is_ac="false">Blah.</p>
  <p time="1293512" is_ac="false">Harry: Has Dracula ever
said "blah" in the books?</p>
  <p time="1296351" is_ac="false">Like I've read a Dracula book.</p>
  <p time="1297825" is_ac="false">I'm more going about the
Dracula from "Looney Tunes."</p>
  <p time="1300586" is_ac="false">Harry: Oh, OK, not Bram Stoker.</p>
  <p time="1302104" is_ac="false">Blah!</p>
  <p time="1302937" is_ac="false">You know what? Maybe you
don't pick up on this here,</p>
  <p time="1306378" is_ac="false">but in, [laughs] in America —</p>
  <p time="1309313" is_ac="false">Go on.</p>
  <p time="1310146" is_ac="false">I have noticed a lot of
Americans would probably think</p>
  <p time="1314390" is_ac="false">Dracula is from Great Britain.</p>
  <p time="1316250" is_ac="false">OK.</p>
  <p time="1317391" is_ac="false">Oi, mate, let me suck your blood.</p>
  <p time="1321920" is_ac="false">I think it works.</p>
  <p time="1322760" is_ac="false">What's all this then?</p>
  <p time="1324117" is_ac="false">When Van Helsing shows up,
"What's all this then?"</p>
  <p time="1329450" is_ac="false">We've gone wildly off task.</p>
  <p time="1332553" is_ac="false">Oh.</p>
  <p time="1333890" is_ac="false">So, Indian food.</p>
  <p time="1334723" is_ac="false">Joe: Yeah.</p>
  <p time="1335840" is_ac="false">This is fantastic.</p>
  <p time="1336680" is_ac="false">Oh, I haven't even tried the naan yet.</p>
  <p time="1337980" is_ac="false">Harry: That is garlicky.
They're not lying.</p>
  <p time="1340160" is_ac="false">I mean, if you actually look at it,</p>
  <p time="1341152" is_ac="false">I wasn't sure what these were,</p>
  <p time="1341985" is_ac="false">but I think this is, like,
strips of grated garlic</p>
  <p time="1344390" is_ac="false">just straight on there.
Joe: Wow.</p>
  <p time="1345560" is_ac="false">They're not playing with the garlic here.</p>
  <p time="1346675" is_ac="false">Harry: Mm-hmm. Mm-hmm.</p>
  <p time="1348068" is_ac="false">Vampire-free zone.</p>
  <p time="1349593" is_ac="false">Yeah, forget about churches.</p>
  <p time="1350750" is_ac="false">If vampires are chasing, then go in here.</p>
  <p time="1353270" is_ac="false">I do like the amount of garlic on here.</p>
  <p time="1354590" is_ac="false">It's very garlicky.</p>
  <p time="1355800" is_ac="false">I think maybe the texture,
it's on the thinner side.</p>
  <p time="1358426" is_ac="false">A bit more thin and crispy</p>
  <p time="1359401" is_ac="false">than we've had at some
of the other places.</p>
  <p time="1360980" is_ac="false">A lot of the time, when I think of naan,</p>
  <p time="1362090" is_ac="false">it's a bit more pillowy and thick.</p>
  <p time="1364370" is_ac="false">Yeah. Well, I feel like
I'm hitting my limit.</p>
  <p time="1366886" is_ac="false">I have room for maybe one more curry.</p>
  <p time="1369380" is_ac="false">That's great because we
have one more curry to eat.</p>
  <p time="1371870" is_ac="false">Joe: Fantastic.
Harry: Ready for that?</p>
  <p time="1372986" is_ac="false">Let's do it.</p>
  <p time="1373986" is_ac="false">Just think of the sleep
you're going to have</p>
  <p time="1375202" is_ac="false">at the end of this.</p>
  <p time="1376035" is_ac="false">It will be restorative.</p>
  <p time="1376868" is_ac="false">Harry: It'll make it all worthwhile.</p>
  <p time="1377701" is_ac="false">All right. Let's do it. Let's go.</p>
  <p time="1384290" is_ac="false">All right, hey.</p>
  <p time="1385739" is_ac="false">To another great day.</p>
  <p time="1386780" is_ac="false">Cheers, my man.</p>
  <p time="1388238" is_ac="false">I don't believe I've had this before.</p>
  <p time="1389104" is_ac="false">This is mango lassi.</p>
  <p time="1390378" is_ac="false">This is another sort of
classic South Asian drink.</p>
  <p time="1392436" is_ac="false">Give it a try and see what you think.</p>
  <p time="1397460" is_ac="false">Oh, yeah.</p>
  <p time="1398650" is_ac="false">Oh, yeah.</p>
  <p time="1399483" is_ac="false">I was about to ask what's
the difference between this</p>
  <p time="1400516" is_ac="false">and a smoothie, but, it's great.</p>
  <p time="1402290" is_ac="false">This is actually fantastic.</p>
  <p time="1403324" is_ac="false">It's really good. It's very thick.</p>
  <p time="1404493" is_ac="false">It's a yogurt-based drink.</p>
  <p time="1406267" is_ac="false">This one has mango kind
of blended into it.</p>
  <p time="1408205" is_ac="false">It's funny, I was thinking
on the way over here, like,</p>
  <p time="1409422" is_ac="false">I'm really thirsty.</p>
  <p time="1410764" is_ac="false">And nothing quenches my thirst</p>
  <p time="1411888" is_ac="false">quite like anything the
consistency of gravy.</p>
  <p time="1415100" is_ac="false">The thickest liquid imaginable.</p>
  <p time="1417110" is_ac="false">I'm just imagining, like,
finishing a marathon</p>
  <p time="1418951" is_ac="false">and them handing me this, like, no!</p>
  <p time="1422362" is_ac="false">Slightly better.</p>
  <p time="1423195" is_ac="false">Look, we did a "Food Wars" and
we talked about thick water,</p>
  <p time="1426890" is_ac="false">and you loved thick water.</p>
  <p time="1429080" is_ac="false">This is just kind of
like that but with fruit.</p>
  <p time="1430610" is_ac="false">I will say, if anyone has
a problem swallowing pills,</p>
  <p time="1433933" is_ac="false">this is it.</p>
  <p time="1435011" is_ac="false">Harry: Take one of these.</p>
  <p time="1436220" is_ac="false">So, Joe, here we are at
our last spot of the day.</p>
  <p time="1438410" is_ac="false">We are at Spice Village. We're in Tooting.</p>
  <p time="1440677" is_ac="false">Have you been to Tooting before?</p>
  <p time="1442222" is_ac="false">No!</p>
  <p time="1444590" is_ac="false">What kind of question is that?</p>
  <p time="1446446" is_ac="false">Have you been to Tooting before?</p>
  <p time="1447637" is_ac="false">I have been to Tooting.</p>
  <p time="1448470" is_ac="false">My brother actually lives
kind of around here.</p>
  <p time="1450110" is_ac="false">I haven't been to this
restaurant before, though.</p>
  <p time="1451610" is_ac="false">OK.</p>
  <p time="1452443" is_ac="false">Harry: So, now we're in South London.</p>
  <p time="1453758" is_ac="false">We started off in East London.</p>
  <p time="1456015" is_ac="false">I think between maybe East,
South, and maybe Southall</p>
  <p time="1459956" is_ac="false">and some areas kind of
like northwest London,</p>
  <p time="1461900" is_ac="false">those are the areas where
you're probably going to find</p>
  <p time="1464000" is_ac="false">some of the best South
Asian food in London.</p>
  <p time="1466400" is_ac="false">So this is kind of completing
the tour in that regard.</p>
  <p time="1468748" is_ac="false">Joe: Fantastic.</p>
  <p time="1469723" is_ac="false">Compared to some of the other
places we've been today,</p>
  <p time="1471230" is_ac="false">this place is slightly more modern.</p>
  <p time="1472670" is_ac="false">They only opened, I think,
after the year 2000.</p>
  <p time="1474713" is_ac="false">Been here about 20 years,</p>
  <p time="1476030" is_ac="false">but in that time have
established a real foothold</p>
  <p time="1478580" is_ac="false">in the kind of South London curry game.</p>
  <p time="1480410" is_ac="false">They are known for
doing a very good curry,</p>
  <p time="1481820" is_ac="false">which is, of course, why
we've brought you here.</p>
  <p time="1483367" is_ac="false">They were shortlisted at
the British Curry Awards</p>
  <p time="1485480" is_ac="false">this year.
Joe: The BCAs?</p>
  <p time="1486313" is_ac="false">Harry: The BCAs.
Joe: Wow.</p>
  <p time="1487567" is_ac="false">Highlight of the calendar year
for many people in the UK.</p>
  <p time="1490325" is_ac="false">They're taken seriously.</p>
  <p time="1491900" is_ac="false">Like, politicians go.</p>
  <p time="1493162" is_ac="false">When you purchase your yearly calendar,</p>
  <p time="1494962" is_ac="false">you flip right to it, like,</p>
  <p time="1496128" is_ac="false">got to make sure I don't accidentally ...</p>
  <p time="1498076" is_ac="false">get right to the, yeah.</p>
  <p time="1499118" is_ac="false">And the curry-themed calendar as well.</p>
  <p time="1500930" is_ac="false">So you flip it over and
you're, like, figuring out</p>
  <p time="1502310" is_ac="false">which curry you have for that month.</p>
  <p time="1503480" is_ac="false">Yeah, yeah, yeah.</p>
  <p time="1504500" is_ac="false">You flip to March and you're like,</p>
  <p time="1505333" is_ac="false">"Oh, I can't wait to eat that one.</p>
  <p time="1507374" is_ac="false">Ooh, it looks good."</p>
  <p time="1509757" is_ac="false">Hey, we're kind of joking around,</p>
  <p time="1511557" is_ac="false">but, like, if I still had a
paper calendar hanging up,</p>
  <p time="1514628" is_ac="false">still had a use for it,</p>
  <p time="1515744" is_ac="false">a curry-themed one would be really great.</p>
  <p time="1517569" is_ac="false">Harry: Yeah, curries of London.</p>
  <p time="1518890" is_ac="false">Curries of London calendar?
I will purchase that one.</p>
  <p time="1521810" is_ac="false">We should make that.</p>
  <p time="1522740" is_ac="false">I think, we've been pitching
merch for a while now.</p>
  <p time="1524510" is_ac="false">I think "Food Tours" merch,</p>
  <p time="1525710" is_ac="false">that could be the first place to start.</p>
  <p time="1527510" is_ac="false">Joe: I'm rallying for this curry.</p>
  <p time="1528980" is_ac="false">Harry: Can you make one more?
Joe: Yes, I can.</p>
  <p time="1530646" is_ac="false">Harry: OK, cool, we'll do that.</p>
  <p time="1531500" is_ac="false">Joe: OK. I have to say,
this looks incredible.</p>
  <p time="1534110" is_ac="false">Harry: The food looks very tasty.</p>
  <p time="1535745" is_ac="false">You get to serve yourself.</p>
  <p time="1537050" is_ac="false">Last time, you didn't like it
when I served you food, so.</p>
  <p time="1539262" is_ac="false">Joe: It's not that I don't
want you to serve me food.</p>
  <p time="1541130" is_ac="false">It's just, it came out of
nowhere. It was weird, all right?</p>
  <p time="1543762" is_ac="false">Is this going to become
a thing between us?</p>
  <p time="1545360" is_ac="false">I mean, the way you said
that was very pointed.</p>
  <p time="1547253" is_ac="false">Look, I was trying to do a nice thing,</p>
  <p time="1548696" is_ac="false">and it just felt like it
got thrown back at me,</p>
  <p time="1550280" is_ac="false">but that's fine.</p>
  <p time="1551120" is_ac="false">We're going to be bickering
like an old married couple</p>
  <p time="1553040" is_ac="false">by the end of this.</p>
  <p time="1553873" is_ac="false">Can I get the check, please?</p>
  <p time="1556100" is_ac="false">All right, I'm loving how this looks.</p>
  <p time="1557330" is_ac="false">Harry: OK, man.</p>
  <p time="1558320" is_ac="false">Joe: And go.</p>
  <p time="1559153" is_ac="false">Cheers, man.</p>
  <p time="1565587" is_ac="false">Dude.</p>
  <p time="1567442" is_ac="false">Dude.</p>
  <p time="1569990" is_ac="false">Whoa.</p>
  <p time="1571610" is_ac="false">That's really good.</p>
  <p time="1575870" is_ac="false">OK, we're hitting some areas there.</p>
  <p time="1578750" is_ac="false">I'm just going to free-associate.</p>
  <p time="1580670" is_ac="false">Harry: Spitball, go on.
Joe: Heat, spice.</p>
  <p time="1582780" is_ac="false">Perfect level.</p>
  <p time="1583914" is_ac="false">I'm feeling the heat.</p>
  <p time="1584866" is_ac="false">Nothing I can't handle.
Let me know it's there,</p>
  <p time="1587450" is_ac="false">enough to really keep the tingle going</p>
  <p time="1589400" is_ac="false">as you savor the rest of
the flavor in your mouth.</p>
  <p time="1591260" is_ac="false">Speaking of flavor,
fantastic on this. Savory.</p>
  <p time="1594680" is_ac="false">Again, thick enough</p>
  <p time="1595670" is_ac="false">to where you're really getting
the flavor of the sauce,</p>
  <p time="1597380" is_ac="false">but not too thick where it's, like, pasty.</p>
  <p time="1599270" is_ac="false">It's not thin enough
to where you feel like</p>
  <p time="1600350" is_ac="false">it's running around everywhere.</p>
  <p time="1601700" is_ac="false">Harry: Mm-hmm.
Joe: Dude.</p>
  <p time="1602916" is_ac="false">I think you're right. You've
hit on the sort of, like,</p>
  <p time="1604983" is_ac="false">the mouthfeel that you get there,</p>
  <p time="1606413" is_ac="false">the viscosity of that sauce.</p>
  <p time="1607640" is_ac="false">It really coats your whole mouth.</p>
  <p time="1609650" is_ac="false">Like, I'm still, just one bite,</p>
  <p time="1610910" is_ac="false">and I'm still holding on to the flavor.</p>
  <p time="1614030" is_ac="false">And the spice, it's not
so much like, "Ow, hot."</p>
  <p time="1615740" is_ac="false">It's like a numbness
that just is soothing.</p>
  <p time="1618110" is_ac="false">It's almost like my mouth is
relaxed, if that makes sense?</p>
  <p time="1621585" is_ac="false">Yeah, I feel that's taken us
on a bit of a journey there.</p>
  <p time="1623810" is_ac="false">I bit into it, and I was, like, buttery.</p>
  <p time="1626005" is_ac="false">Like, smooth.
Joe: Yeah, whoa.</p>
  <p time="1628040" is_ac="false">Heat starts to rise.</p>
  <p time="1629247" is_ac="false">You get the tomato. You get the spices.</p>
  <p time="1632128" is_ac="false">That's fantastic.</p>
  <p time="1633290" is_ac="false">I'm going to try it
with a bit of the naan.</p>
  <p time="1634910" is_ac="false">Oh, yeah. Get a dip.</p>
  <p time="1641034" is_ac="false">Mm.</p>
  <p time="1643203" is_ac="false">The naan's really good too!</p>
  <p time="1644520" is_ac="false">Harry: Mm-hmm. It's that
thin style of naan again,</p>
  <p time="1646580" is_ac="false">which I think is actually
maybe a bit more authentic</p>
  <p time="1649190" is_ac="false">than the kind of thick, fluffy ones.</p>
  <p time="1650540" is_ac="false">Joe: Oh, is that right?</p>
  <p time="1651373" is_ac="false">Harry: Yeah.</p>
  <p time="1652340" is_ac="false">Joe: I adore that.</p>
  <p time="1654293" is_ac="false">That was very good. OK, pakoras?</p>
  <p time="1657501" is_ac="false">Yeah, so these are pakoras.</p>
  <p time="1658460" is_ac="false">Joe: No, I've had pakoras before.</p>
  <p time="1659293" is_ac="false">Harry: You have?
Joe: Oh, yeah.</p>
  <p time="1660296" is_ac="false">I haven't seen pakoras shaped like this.</p>
  <p time="1661521" is_ac="false">They're usually more of a lump.</p>
  <p time="1663200" is_ac="false">Yeah, I'm used to these
more in bhaji type of form,</p>
  <p time="1666470" is_ac="false">but I like this.</p>
  <p time="1667303" is_ac="false">I feel like you get a lot
more exposure to the oil,</p>
  <p time="1668870" is_ac="false">and therefore, they'll get crispier.</p>
  <p time="1670610" is_ac="false">This might be the best
pakora I've ever had,</p>
  <p time="1672920" is_ac="false">and I love my pakoras.</p>
  <p time="1674510" is_ac="false">Here we go.</p>
  <p time="1677191" is_ac="false">OK.</p>
  <p time="1678830" is_ac="false">Wow.</p>
  <p time="1680510" is_ac="false">I feel like the spice level of this dish</p>
  <p time="1682400" is_ac="false">is higher than probably any
of the other tikka masalas</p>
  <p time="1685670" is_ac="false">we've had today, right? Not in a bad way.</p>
  <p time="1687730" is_ac="false">The spicier one, but I
wanted to make it clear,</p>
  <p time="1690424" is_ac="false">it wasn't too spicy or overwhelming spicy.</p>
  <p time="1693140" is_ac="false">Enough heat to remind you where it's from.</p>
  <p time="1696111" is_ac="false">The heat is almost like,</p>
  <p time="1698082" is_ac="false">I could bring it. I'm choosing not to.</p>
  <p time="1700040" is_ac="false">Harry: Yeah.</p>
  <p time="1701180" is_ac="false">Just flexing on you a little bit, eh?</p>
  <p time="1702906" is_ac="false">Yeah, just like, "Don't
forget where you're from.</p>
  <p time="1705447" is_ac="false">What's up, taste buds?"</p>
  <p time="1707757" is_ac="false">Tikka masala, part of the
reason why we've tried it,</p>
  <p time="1710152" is_ac="false">I think, is because it's
such a good reflection</p>
  <p time="1711927" is_ac="false">of the curry house</p>
  <p time="1712760" is_ac="false">because there's no two
recipes that are the same.</p>
  <p time="1715160" is_ac="false">Everyone does it slightly differently.</p>
  <p time="1716510" is_ac="false">Even here, they have two recipes.</p>
  <p time="1718220" is_ac="false">We got the creamy one,</p>
  <p time="1719390" is_ac="false">or you can just get
kind of the normal one.</p>
  <p time="1720857" is_ac="false">But I thought the creamy
one would be nice.</p>
  <p time="1722600" is_ac="false">Yeah, well, you're out of your mind</p>
  <p time="1723440" is_ac="false">if you're getting one different from that.</p>
  <p time="1724490" is_ac="false">I mean, I guess I would
try the normal one,</p>
  <p time="1726260" is_ac="false">but there's no way they have
a better version of that.</p>
  <p time="1728240" is_ac="false">But, I mean, all the
versions we've tried today,</p>
  <p time="1729830" is_ac="false">no two have been the same, have they?</p>
  <p time="1731561" is_ac="false">They've all been completely different.</p>
  <p time="1732744" is_ac="false">I just think that's really interesting.</p>
  <p time="1733735" is_ac="false">And again, I think it's a nice way</p>
  <p time="1734960" is_ac="false">to measure the quality of a place</p>
  <p time="1736760" is_ac="false">just as a baseline, kind
of building from there.</p>
  <p time="1739130" is_ac="false">Didn't Qayyah say that, like,</p>
  <p time="1741010" is_ac="false">Indian food will differ family to family?</p>
  <p time="1743330" is_ac="false">Yeah.</p>
  <p time="1744163" is_ac="false">Joe: So it's interesting
that per Indian restaurant,</p>
  <p time="1746174" is_ac="false">it could be completely different.</p>
  <p time="1747200" is_ac="false">Yeah. I think there's no, like,
right or wrong way to do it.</p>
  <p time="1749941" is_ac="false">Obviously, it will come
down to personal preference.</p>
  <p time="1752096" is_ac="false">But yeah, it's just really fascinating</p>
  <p time="1753179" is_ac="false">to see those little changes in the gravy,</p>
  <p time="1755330" is_ac="false">in the masala being so strongly reflected</p>
  <p time="1757945" is_ac="false">in the final product.
They've all been delicious.</p>
  <p time="1760553" is_ac="false">I think we've got a decision to make.</p>
  <p time="1762830" is_ac="false">Yes, we do. So, first of all,</p>
  <p time="1764155" is_ac="false">thank you for taking me
to all these great places.</p>
  <p time="1765983" is_ac="false">You're so welcome.</p>
  <p time="1766816" is_ac="false">If these four are any indication</p>
  <p time="1767900" is_ac="false">of the Indian food that
you can get in this city,</p>
  <p time="1771980" is_ac="false">in this country, wow,
you guys are so lucky.</p>
  <p time="1774290" is_ac="false">What I loved about it is I
thought every place did it</p>
  <p time="1775940" is_ac="false">basically how they wanted
to do it. You know?</p>
  <p time="1777883" is_ac="false">So, Tayyabs I do have a soft spot for.</p>
  <p time="1779445" is_ac="false">I've been there before. Love it there.</p>
  <p time="1781287" is_ac="false">The lamb chops were fantastic.</p>
  <p time="1782507" is_ac="false">Joe: Oh, yeah, those lamb chops.</p>
  <p time="1783590" is_ac="false">Harry: Those lamb chops were excellent.</p>
  <p time="1784520" is_ac="false">Joe: This ain't a lamb chop video, though.</p>
  <p time="1785690" is_ac="false">Not a lamb chop video.</p>
  <p time="1786523" is_ac="false">But those lamb chops, world
famous, rightfully so.</p>
  <p time="1788630" is_ac="false">Harry: True. I think Brick Lane was good.</p>
  <p time="1790763" is_ac="false">It was educational, I think, for you.</p>
  <p time="1792170" is_ac="false">Joe: Yes.</p>
  <p time="1793003" is_ac="false">Maybe not in terms of
quality or taste the best,</p>
  <p time="1795740" is_ac="false">but I will always have a soft spot</p>
  <p time="1796880" is_ac="false">for the British curry house experience.</p>
  <p time="1798500" is_ac="false">Joe: Yeah, and the chips
there, that was fun.</p>
  <p time="1800720" is_ac="false">Harry: Yeah, the little
thing of ketchup. Fantastic.</p>
  <p time="1802623" is_ac="false">Joe: Yeah, they gave us
a lot of ketchup, yeah.</p>
  <p time="1803931" is_ac="false">That was a lot of ketchup.</p>
  <p time="1804764" is_ac="false">OK.</p>
  <p time="1805597" is_ac="false">And then between, I think,
Punjab and Spice Village,</p>
  <p time="1807650" is_ac="false">what we've seen really is
a more elevated experience.</p>
  <p time="1810848" is_ac="false">I think the flavors on display
here have been wonderful.</p>
  <p time="1814910" is_ac="false">And for me, I think it kind of
comes down to these last two.</p>
  <p time="1818690" is_ac="false">But I want to hear what
you think first, Joe.</p>
  <p time="1820520" is_ac="false">So, it was down to these
last two, but for me,</p>
  <p time="1825560" is_ac="false">this was the best one.</p>
  <p time="1826473" is_ac="false">Harry: This was the best.
Joe: I'm just jumping to it</p>
  <p time="1827510" is_ac="false">because I'm saying, like,</p>
  <p time="1828343" is_ac="false">everything about this was fantastic.</p>
  <p time="1830467" is_ac="false">The spice, the texture, the mouthfeel.</p>
  <p time="1833390" is_ac="false">The chicken was cooked perfectly.</p>
  <p time="1834770" is_ac="false">And these pakoras are
the best I've ever had.</p>
  <p time="1837410" is_ac="false">I know we're also talking about the naan.</p>
  <p time="1838460" is_ac="false">This might also be my favorite naan.</p>
  <p time="1839750" is_ac="false">Harry: Interesting.
Joe: Yeah.</p>
  <p time="1840830" is_ac="false">So for me, this is the best one.</p>
  <p time="1843410" is_ac="false">What do you think?</p>
  <p time="1844243" is_ac="false">I do think this might have just nicked it.</p>
  <p time="1845570" is_ac="false">This was one of them.</p>
  <p time="1846680" is_ac="false">Although I don't think
it's as big a margin</p>
  <p time="1848990" is_ac="false">as you might think.</p>
  <p time="1849823" is_ac="false">Oh, really?</p>
  <p time="1850656" is_ac="false">Just pipped it to the post. But, I mean,</p>
  <p time="1851689" is_ac="false">the flavor of that is just unbelievable.</p>
  <p time="1853790" is_ac="false">Yeah, so I think we're in agreement.</p>
  <p time="1855680" is_ac="false">This is the best food
we've ever eaten, ever.</p>
  <p time="1859520" is_ac="false">Wave the little Spice Village flag.</p>
  <p time="1863000" is_ac="false">This also has the distinction</p>
  <p time="1864050" is_ac="false">of being the first "Food Tours" we've done</p>
  <p time="1866240" is_ac="false">where I kind of want to steal the cutlery.</p>
  <p time="1870499" is_ac="false">Sorry you can't see it, because,</p>
  <p time="1871674" is_ac="false">I mean, when their
branding their own cutlery,</p>
  <p time="1872840" is_ac="false">you know they're doing something right.</p>
  <p time="1874610" is_ac="false">Golden cutlery for a gold-star restaurant.</p>
  <p time="1877271" is_ac="false">This looks like if I knew
how to throw a knife,</p>
  <p time="1878900" is_ac="false">I could just, like,
flick! Right at the wall.</p>
  <p time="1880430" is_ac="false">Anyway, yeah, this place is fantastic.</p>
  <p time="1883058" is_ac="false">Worth coming down.</p>
  <p time="1883910" is_ac="false">The first, the only
reason to come to Tooting.</p>
  <p time="1886610" is_ac="false">You're the first American
to step foot in Tooting.</p>
  <p time="1889950" is_ac="false">First of many, I hope.</p>
  <p time="1891320" is_ac="false">Yeah, and the last.</p>
  <p time="1892970" is_ac="false">When I go back, they're
like, "How was it?"</p>
  <p time="1894020" is_ac="false">I'm just like, "Tooting, skip it."</p>
  <p time="1895238" is_ac="false">Harry: That's fine.
Joe: Skip it.</p>
  <p time="1896531" is_ac="false">Yeah, just gatekeep Tooting.</p>
  <p time="1897913" is_ac="false">Yeah, yeah, yeah, yeah.
All right. The end.</p>
  <p time="1901004" is_ac="false">Harry: Boom.</p>
</text>
