<?xml version='1.0' encoding='UTF-8'?>
<text date_d="11" date_m="11" date_y="2023" format="srv3" age_limit="0" comment_count="887" description="Thanks to Keeps for sponsoring this video! Head to https://keeps.com/BEFRS to get a special offer!&#10;&#10;👕 BEFRS MERCH » https://befrs.shop/ &#10;🎥  WATCH OUR MAIN CHANNEL » http://bit.ly/BestEverFoodReviewShow&#10;🇮🇳BEST EVER FOOD INDIA » https://www.youtube.com/@besteverfoodindia &#10;☕️ BEFRS COFFEE » https://bestevercoffee.lacaph.com/&#10;&#10;1. Stripchezze Food Truck &#10;Address: 110 S Rainbow Blvd, Las Vegas, NV 89145, United States&#10;Website: stripchezze.com &#10;&#10;2.Birrieria Dimas&#10;Address: 2987 Las Vegas Blvd N ste 13, North Las Vegas, NV 89030, United States&#10;Website: places.singleplatform.com&#10;&#10;3. QUP! BBQ&#10;Website: http://qupbbq.com &#10;&#10;4. Endless Pastabilities &#10;Instagram: https://www.instagram.com/endlesspastabilitieslv/&#10;&#10;Follow us on Instagram: &#10;📷 Sonny Side: @besteverfoodreviewshow&#10;- - - - - - - - - - - - - - - - -&#10;🎬CREDITS:&#10;VIDEO EDITOR » Hà Nhật Linh&#10;CAMERA OPERATOR » Wife&#10;COLOR &amp; MASTER » Nguyễn Quang Dũng" fulltitle="Food Truck Face Off in Las Vegas!! Good, Bad and Ugly!!" like_count="26546" location="na" playlist_title="na" release_date="na" upload_date="20231111" repost_count="na" tags="" title="Food Truck Face Off in Las Vegas!! Good, Bad and Ugly!!" uploader="More Best Ever Food Review Show" view_count="1219922" webpage_url="https://www.youtube.com/watch?v=CtCTP3pXc-k" autocaption="true">
  <p time="40" is_ac="true">a big thank you to keep for sponsoring</p>
  <p time="1920" is_ac="true">this video hosting a show I couldn't</p>
  <p time="3399" is_ac="true">ignore the fact that even if I pretended</p>
  <p time="5240" is_ac="true">my hair loss wasn't happening you all</p>
  <p time="6960" is_ac="true">notice every week you saw my hair story</p>
  <p time="9240" is_ac="true">unfold in 4k and I knew I had to take</p>
  <p time="11599" is_ac="true">action so I did a hair transplant but</p>
  <p time="13519" is_ac="true">here's the thing it's not a permanent</p>
  <p time="15000" is_ac="true">fix it's a hair journey of Maintenance</p>
  <p time="16880" is_ac="true">of using quality products to treat hair</p>
  <p time="18560" is_ac="true">loss and stimulate hair growth and that</p>
  <p time="20439" is_ac="true">is where keeps comes in keeps is an</p>
  <p time="22199" is_ac="true">online subscription service that's</p>
  <p time="23720" is_ac="true">redefining how we tackle male pattern</p>
  <p time="25680" is_ac="true">baldness they provide a personalized</p>
  <p time="27359" is_ac="true">approach custom tailored to your needs</p>
  <p time="29000" is_ac="true">by a licensed Medical provider no more</p>
  <p time="30759" is_ac="true">Awkward visits to the doctor or endless</p>
  <p time="32800" is_ac="true">Pharmacy aisle keeps delivers affordable</p>
  <p time="34840" is_ac="true">clinically proven treatments directly to</p>
  <p time="36760" is_ac="true">your door plus you can connect with your</p>
  <p time="38320" is_ac="true">medical provider or keeps care team</p>
  <p time="40239" is_ac="true">whenever you need but here's the best</p>
  <p time="41640" is_ac="true">part keeps doesn't compromise on quality</p>
  <p time="43640" is_ac="true">they provide FDA approved treatments</p>
  <p time="45399" is_ac="true">that are 90% effective at tackling hair</p>
  <p time="47520" is_ac="true">loss and promoting hair growth by up to</p>
  <p time="49480" is_ac="true">35% and if that's not enough they have a</p>
  <p time="51640" is_ac="true">whole arsenal of other hairf friendly</p>
  <p time="53280" is_ac="true">products thickening shampoo thickening</p>
  <p time="55160" is_ac="true">conditioner and even a thickening Pomade</p>
  <p time="57079" is_ac="true">keeps has helped nearly a million men</p>
  <p time="58800" is_ac="true">keep their hair backed by over 4500</p>
  <p time="61280" is_ac="true">f-star reviews with jawdropping before</p>
  <p time="63359" is_ac="true">and after photo shipping products to you</p>
  <p time="65119" is_ac="true">is done professionally and discreetly</p>
  <p time="66880" is_ac="true">and you can decide how often you receive</p>
  <p time="68400" is_ac="true">shipment whether it's every 3 6 or 12</p>
  <p time="70600" is_ac="true">months their loss stops with keeps get a</p>
  <p time="72720" is_ac="true">special offer at keeps.com befrs or</p>
  <p time="75640" is_ac="true">click the link in the description that</p>
  <p time="77159" is_ac="true">is</p>
  <p time="78720" is_ac="true">ks.com befrs now on the show welcome to</p>
  <p time="82320" is_ac="true">another food truck face off this time</p>
  <p time="84119" is_ac="true">we're in Las Vegas Nevada</p>
  <p time="88360" is_ac="true">USA so far our Las Vegas trip we have</p>
  <p time="91159" is_ac="true">spent a lot of money I spent $135 on a</p>
  <p time="94439" is_ac="true">burger that was so truffly and cheesy</p>
  <p time="96600" is_ac="true">and delicious I spent $85 on lamb at</p>
  <p time="98960" is_ac="true">Gordon Ramsey's restaurant oo that is</p>
  <p time="101520" is_ac="true">delicious and I spent around $100 going</p>
  <p time="103680" is_ac="true">to the most expensive buffet in town</p>
  <p time="105719" is_ac="true">this is the most beautiful Lobster taale</p>
  <p time="107799" is_ac="true">I've seen at any Buffet ever in my life</p>
  <p time="109920" is_ac="true">well today is all about food savings</p>
  <p time="111960" is_ac="true">that's why we're rolling out to some of</p>
  <p time="113240" is_ac="true">this City's best food trucks if you want</p>
  <p time="115159" is_ac="true">to come to Las Vegas and still get a lot</p>
  <p time="116640" is_ac="true">of bang for your buck you got to go to</p>
  <p time="118439" is_ac="true">the food trucks and they are all over</p>
  <p time="120039" is_ac="true">the place today we're going to hit up</p>
  <p time="121320" is_ac="true">four different food trucks serving all</p>
  <p time="123159" is_ac="true">different types of food Foods I've never</p>
  <p time="124920" is_ac="true">even seen before and you're going to see</p>
  <p time="126240" is_ac="true">it all coming up</p>
  <p time="127959" is_ac="true">now boom we have come to our first</p>
  <p time="130239" is_ac="true">location right behind me a place known</p>
  <p time="131959" is_ac="true">as strip cheese here they have a crazy</p>
  <p time="134080" is_ac="true">assortment of unwieldly variety of</p>
  <p time="136000" is_ac="true">grilled cheese options but beyond that</p>
  <p time="137800" is_ac="true">they have an appetizer that I'm really</p>
  <p time="139400" is_ac="true">looking forward to it's mac and cheese</p>
  <p time="141080" is_ac="true">but it's mac and cheese inside of a</p>
  <p time="142640" is_ac="true">wanton wrapper that is then fried we're</p>
  <p time="145200" is_ac="true">about to head into the food truck but</p>
  <p time="146560" is_ac="true">first let's take a closer look at the</p>
  <p time="147879" is_ac="true">menu so when you walk up you can see</p>
  <p time="149360" is_ac="true">everything that available here they have</p>
  <p time="151080" is_ac="true">six different items so the names of all</p>
  <p time="152800" is_ac="true">the foods have kind of a gambling theme</p>
  <p time="154599" is_ac="true">before we try any of these grilled</p>
  <p time="155720" is_ac="true">cheeses I'm going to be trying this</p>
  <p time="157239" is_ac="true">right here Daddy's on a roll deep fried</p>
  <p time="159400" is_ac="true">three cheese mac and cheese egg Boll</p>
  <p time="161560" is_ac="true">served with a side of Kim cheese sauce</p>
  <p time="163640" is_ac="true">how do you make Kim cheese sauce let's</p>
  <p time="164920" is_ac="true">go inside and find</p>
  <p time="166920" is_ac="true">out I am in the truck right now with</p>
  <p time="169280" is_ac="true">Susie and it is a tight fit in here how</p>
  <p time="171200" is_ac="true">many people do you usually have in here</p>
  <p time="172599" is_ac="true">we could have up to six people on here</p>
  <p time="174239" is_ac="true">oh my God what were the obstacles facing</p>
  <p time="175800" is_ac="true">you when you first began there's so many</p>
  <p time="177480" is_ac="true">obstacles just getting your business</p>
  <p time="179040" is_ac="true">license and with the health district all</p>
  <p time="181239" is_ac="true">that kind of stuff once you're set and</p>
  <p time="182480" is_ac="true">ready to go it's easy and can you just</p>
  <p time="184040" is_ac="true">pull up anywhere you want to with your</p>
  <p time="185319" is_ac="true">food truck we cannot okay cuz I would</p>
  <p time="187200" is_ac="true">just go on this trip people would chuck</p>
  <p time="188480" is_ac="true">me money and I would chuck them grilled</p>
  <p time="189640" is_ac="true">cheeses all right we're going to get to</p>
  <p time="191360" is_ac="true">our first course right now Daddy's on a</p>
  <p time="193000" is_ac="true">roll first we're going to open up the</p>
  <p time="194360" is_ac="true">prep table inside already pre-rolled we</p>
  <p time="197200" is_ac="true">have the mac and cheese wrapped with</p>
  <p time="198920" is_ac="true">wanton wrappers what is a white powder</p>
  <p time="200640" is_ac="true">on the outside that's corn star step two</p>
  <p time="202760" is_ac="true">throw frer and those guys are going to</p>
  <p time="204400" is_ac="true">hang out there for a few minutes for</p>
  <p time="205680" is_ac="true">most people who come here and they see</p>
  <p time="206879" is_ac="true">this on the menu do they understand what</p>
  <p time="208519" is_ac="true">it is or do you have to explain um it's</p>
  <p time="210319" is_ac="true">pretty self-explanatory but you do have</p>
  <p time="212159" is_ac="true">to kind of force them to have it and</p>
  <p time="213879" is_ac="true">then once they have it they're addicted</p>
  <p time="215280" is_ac="true">good strategy you force them to have the</p>
  <p time="217319" is_ac="true">first bump and then after that they're</p>
  <p time="219400" is_ac="true">addicted they are done frying and now</p>
  <p time="221480" is_ac="true">they are headed to the flat top they get</p>
  <p time="222959" is_ac="true">a nice slice in half exposing the</p>
  <p time="224840" is_ac="true">beautiful steamy mac and cheese inside</p>
  <p time="227319" is_ac="true">from here they're throwing on the flat</p>
  <p time="228760" is_ac="true">top why do you add this Stu get the</p>
  <p time="230280" is_ac="true">extra crispiness on the top from here</p>
  <p time="231959" is_ac="true">Kim cheese sauce there's actually no</p>
  <p time="233959" is_ac="true">actual kimchi inside but it's all the</p>
  <p time="235760" is_ac="true">flavors of kimchi M can't wait to try it</p>
  <p time="238439" is_ac="true">out all right folks we have our first</p>
  <p time="239680" is_ac="true">course right here for only $10 if you</p>
  <p time="242159" is_ac="true">went to the Bellagio you're not getting</p>
  <p time="243640" is_ac="true">this for $10 you got to take a mortgage</p>
  <p time="245599" is_ac="true">out in your house and they test a</p>
  <p time="246879" is_ac="true">vaccine on you too I can't wait to try</p>
  <p time="248480" is_ac="true">this out</p>
  <p time="249910" is_ac="true">[Music]</p>
  <p time="253280" is_ac="true">Shar it's really good this tastes like a</p>
  <p time="255640" is_ac="true">Midwestern mac and cheese it's not of</p>
  <p time="257079" is_ac="true">that oven baked crusted on top mac and</p>
  <p time="259560" is_ac="true">cheese I get most of the USA appreciates</p>
  <p time="261720" is_ac="true">that I don't I like this it's hot and</p>
  <p time="264680" is_ac="true">steamy and crunchy at the same time and</p>
  <p time="266479" is_ac="true">there's such an assortment of cheeses</p>
  <p time="267840" is_ac="true">inside too and you know the noodles are</p>
  <p time="269240" is_ac="true">kind of Dente they still have some nice</p>
  <p time="270720" is_ac="true">texture to</p>
  <p time="272120" is_ac="true">them that was for me this is so good I'm</p>
  <p time="274720" is_ac="true">going to start stocking Suzie if it's</p>
  <p time="276320" is_ac="true">too rich for you you could try some of</p>
  <p time="277720" is_ac="true">this kimchi</p>
  <p time="279080" is_ac="true">sauce M it tastes like a diluted Sam</p>
  <p time="282199" is_ac="true">Jong so it's sweet it's super Savory</p>
  <p time="284039" is_ac="true">it's</p>
  <p time="286960" is_ac="true">spicy elevated to a new level this is</p>
  <p time="289520" is_ac="true">Delicious from here I do want to try one</p>
  <p time="291199" is_ac="true">more food it is called PE oise Pizza</p>
  <p time="294000" is_ac="true">let's go inside and see how it's made so</p>
  <p time="295479" is_ac="true">it starts with sourdough bread that</p>
  <p time="296880" is_ac="true">already has parmesan cheese layered on</p>
  <p time="298840" is_ac="true">top of it and then we add the pepperonis</p>
  <p time="300720" is_ac="true">to look like dice throw that on the flat</p>
  <p time="302520" is_ac="true">top so you got some tomato sauce right</p>
  <p time="304520" is_ac="true">here even more pepperoni we got our</p>
  <p time="306320" is_ac="true">pizza cheese we're going for a cheese</p>
  <p time="307960" is_ac="true">flip nice oh the cheese is already</p>
  <p time="309919" is_ac="true">becoming stained from the pepperoni</p>
  <p time="311680" is_ac="true">juices that are leaking out it's ready</p>
  <p time="313600" is_ac="true">that goes on top of the bread flip it</p>
  <p time="315320" is_ac="true">over it looks like a little zygote on</p>
  <p time="317160" is_ac="true">top all right bring this back to The</p>
  <p time="318400" is_ac="true">Cutting Board we forgot a</p>
  <p time="320280" is_ac="true">pepperoni oh</p>
  <p time="323000" is_ac="true">no give it a cut in half throw that on</p>
  <p time="325479" is_ac="true">top of a pile of Parmesan cheese won</p>
  <p time="327919" is_ac="true">chips and that is complete let's go try</p>
  <p time="329720" is_ac="true">it out first of all right here we have</p>
  <p time="331120" is_ac="true">the parmesan wanton chips M crazy</p>
  <p time="334360" is_ac="true">crunchy super delicious great parmesan</p>
  <p time="336800" is_ac="true">flavor coming off of there that's</p>
  <p time="337960" is_ac="true">fantastic let's talk about the main</p>
  <p time="339240" is_ac="true">event right here this has cheese on the</p>
  <p time="341039" is_ac="true">inside and outside of it it's not</p>
  <p time="342680" is_ac="true">falling apart it's not leaking it fits</p>
  <p time="344600" is_ac="true">perfectly in my</p>
  <p time="348600" is_ac="true">hand I want to quit after this location</p>
  <p time="351160" is_ac="true">I think I'm done already M this is the</p>
  <p time="354160" is_ac="true">only thing I could eat after a night of</p>
  <p time="355639" is_ac="true">pure Indulgence and still be pumped to</p>
  <p time="357280" is_ac="true">have in my mouth m M I got slow down we</p>
  <p time="360759" is_ac="true">got more food trucks I'm going to regret</p>
  <p time="362160" is_ac="true">it so that was the strip cheese food</p>
  <p time="363800" is_ac="true">truck you might be gambling with your</p>
  <p time="365080" is_ac="true">cholesterol when you come here but it's</p>
  <p time="366479" is_ac="true">a gamble worth taking now on to the next</p>
  <p time="369250" is_ac="true">[Music]</p>
  <p time="371440" is_ac="true">location we've come to our second</p>
  <p time="373280" is_ac="true">location right here behind me it is</p>
  <p time="374960" is_ac="true">called bira deas now what does deas mean</p>
  <p time="377720" is_ac="true">I don't know I'm going to ask the owner</p>
  <p time="379919" is_ac="true">soon here it's like a food focused</p>
  <p time="381759" is_ac="true">around bira beef now this is raised beef</p>
  <p time="384560" is_ac="true">slow cooked soft and tender and then</p>
  <p time="386400" is_ac="true">there's just a number of different</p>
  <p time="387759" is_ac="true">vessels you could put that beef into</p>
  <p time="389599" is_ac="true">they have Vira Ramen but you can put it</p>
  <p time="391160" is_ac="true">in a t in a gadia they have a few things</p>
  <p time="393840" is_ac="true">here I've never seen before either in</p>
  <p time="395479" is_ac="true">the US or Mexico the top inside and find</p>
  <p time="397880" is_ac="true">out more boom I'm in the food truck</p>
  <p time="399319" is_ac="true">right now with my man Jesus how you</p>
  <p time="400960" is_ac="true">doing good brother how about you I'm</p>
  <p time="402599" is_ac="true">doing great I'm excited because he has</p>
  <p time="404319" is_ac="true">some Mexican food that I've never seen</p>
  <p time="405800" is_ac="true">before so my big question is did you</p>
  <p time="407639" is_ac="true">have to change your recipes at all when</p>
  <p time="409360" is_ac="true">you came here to suit the American</p>
  <p time="411400" is_ac="true">palette Yeah so basically over there in</p>
  <p time="412800" is_ac="true">Mexico we don't really use any cheese we</p>
  <p time="414400" is_ac="true">just use the beef stew but now here we</p>
  <p time="416560" is_ac="true">had to add cheese and we make that into</p>
  <p time="418680" is_ac="true">tacos now with the bira obviously the</p>
  <p time="420479" is_ac="true">Star here is the bira let's take a look</p>
  <p time="422400" is_ac="true">at that first well is in process right</p>
  <p time="424360" is_ac="true">now how long has this been cooking</p>
  <p time="425759" is_ac="true">already it's been cooking for 3 hours</p>
  <p time="427199" is_ac="true">already we you to cook it for 4 hours</p>
  <p time="429000" is_ac="true">look at that tender braised beef today</p>
  <p time="431520" is_ac="true">he's going to be mixing something with</p>
  <p time="432639" is_ac="true">the bira that I've never had in a taco</p>
  <p time="434680" is_ac="true">let's take a look right here we have our</p>
  <p time="436000" is_ac="true">mystery Meats we also make beia with the</p>
  <p time="438199" is_ac="true">beef tendons it looks super soft it</p>
  <p time="440120" is_ac="true">looks gelatinous how long has that been</p>
  <p time="441879" is_ac="true">in there we cook it for about 2 hours or</p>
  <p time="443520" is_ac="true">so so there's the tendon but then</p>
  <p time="444960" is_ac="true">there's also the bone</p>
  <p time="447479" is_ac="true">marrow so I'm going to take out some of</p>
  <p time="449560" is_ac="true">the be as well look at this it looks so</p>
  <p time="451440" is_ac="true">succulent I can't wait two corn</p>
  <p time="452960" is_ac="true">tortillas and we dip it in the cons and</p>
  <p time="455080" is_ac="true">that's where we get the red color wow</p>
  <p time="456879" is_ac="true">look how soft that is there so this is</p>
  <p time="458680" is_ac="true">the beef tendon right here this is the</p>
  <p time="460000" is_ac="true">Bea and then I'm put some other beef</p>
  <p time="461440" is_ac="true">tendon on top of it scop out the bone</p>
  <p time="463240" is_ac="true">marrow oh wow this kind of scrapes it</p>
  <p time="465520" is_ac="true">and it's so soft now it just pops out</p>
  <p time="467400" is_ac="true">we're going to add some onion cilantro</p>
  <p time="468919" is_ac="true">some lime on the side folks we have our</p>
  <p time="471120" is_ac="true">first plate right here for this whole</p>
  <p time="472520" is_ac="true">plate $7 that's a great deal I love the</p>
  <p time="475120" is_ac="true">combination of the bira along with the</p>
  <p time="477479" is_ac="true">bone marrows I'm going to give a little</p>
  <p time="478639" is_ac="true">bit of a hit of a lime and look at these</p>
  <p time="480360" is_ac="true">shells they've just been soaked in that</p>
  <p time="482080" is_ac="true">fatty consum they look like Taco Bell</p>
  <p time="484120" is_ac="true">Dorito shells let's try it</p>
  <p time="486660" is_ac="true">[Music]</p>
  <p time="489080" is_ac="true">out no my</p>
  <p time="491240" is_ac="true">life the beum is crazy soft and</p>
  <p time="494960" is_ac="true">succulent everything is Delicious from</p>
  <p time="496919" is_ac="true">the taco shell to the birum to this</p>
  <p time="498879" is_ac="true">phone merrow let's go try some tendon</p>
  <p time="500639" is_ac="true">take a look at that that same</p>
  <p time="501759" is_ac="true">beautifully Dorito colored taco shell</p>
  <p time="504120" is_ac="true">cilantro and onion that's a wonderful</p>
  <p time="505759" is_ac="true">fresh addition to all that heavy</p>
  <p time="507919" is_ac="true">meat m</p>
  <p time="509759" is_ac="true">oh Lord there's so much meat in here</p>
  <p time="511720" is_ac="true">they got a little bit of spice but not</p>
  <p time="513000" is_ac="true">too much and it's nice because sometimes</p>
  <p time="514560" is_ac="true">some of the Bea can be a little bit dry</p>
  <p time="516320" is_ac="true">but then when it hugs up against that</p>
  <p time="517760" is_ac="true">tendon it is a perfect romance I just</p>
  <p time="519719" is_ac="true">saw Lady Gaga in concert it's not a bad</p>
  <p time="521560" is_ac="true">romance it's a good romance we are back</p>
  <p time="523519" is_ac="true">in the food truck I'm here for round two</p>
  <p time="525760" is_ac="true">they have something here I've never seen</p>
  <p time="527160" is_ac="true">before it's called a keto Taco what</p>
  <p time="529640" is_ac="true">makes it keto I would say the lack of</p>
  <p time="531399" is_ac="true">carbs and the fact that the tortilla is</p>
  <p time="533440" is_ac="true">made out of melted cheese I got to see</p>
  <p time="535920" is_ac="true">this step one right here we have some</p>
  <p time="537600" is_ac="true">mozzarella cheese throw that on the</p>
  <p time="539320" is_ac="true">Phantom that soon will become our</p>
  <p time="541000" is_ac="true">tortilla once it's crispy on one side</p>
  <p time="543240" is_ac="true">you carefully give it a little bit of a</p>
  <p time="544680" is_ac="true">flip that looks like poetry let me know</p>
  <p time="546600" is_ac="true">downstairs in the comments if you plan</p>
  <p time="547959" is_ac="true">on trying doing this at home cuz you</p>
  <p time="549920" is_ac="true">should it's keto it's diet food our taco</p>
  <p time="552519" is_ac="true">shells are finally complete in goes the</p>
  <p time="554959" is_ac="true">Beria beef hit it with the classic onion</p>
  <p time="556920" is_ac="true">cilantro couple limes and that is ready</p>
  <p time="559079" is_ac="true">to go these are $4 each it's crispy on</p>
  <p time="561640" is_ac="true">the edges but it's still flexible enough</p>
  <p time="563240" is_ac="true">to wrap around the meat this guy is the</p>
  <p time="565160" is_ac="true">freaking Elon Musk of tacos I want to</p>
  <p time="567160" is_ac="true">pick this up it's still warm but it's</p>
  <p time="568720" is_ac="true">not burning my hands</p>
  <p time="570399" is_ac="true">cheers M oh my God that so good it's</p>
  <p time="574680" is_ac="true">reachy over the top every bite must have</p>
  <p time="576880" is_ac="true">300</p>
  <p time="579000" is_ac="true">calories it's not diet food it's die</p>
  <p time="581320" is_ac="true">food it will kill</p>
  <p time="583000" is_ac="true">you it tastes good it has a nice texture</p>
  <p time="585640" is_ac="true">to it and then that's crazy this is $4 I</p>
  <p time="588200" is_ac="true">just happened to see this in the kitchen</p>
  <p time="589560" is_ac="true">and I said I have to have that in my</p>
  <p time="591079" is_ac="true">life and here it is about to end my life</p>
  <p time="592959" is_ac="true">worth</p>
  <p time="594279" is_ac="true">it folks we have come to our next</p>
  <p time="596440" is_ac="true">location this place is known as Q of</p>
  <p time="598600" is_ac="true">barbecue and they're doing things a</p>
  <p time="600160" is_ac="true">little bit differently we've all had</p>
  <p time="601560" is_ac="true">brisket we've all had P pork but here</p>
  <p time="603720" is_ac="true">they're putting it into different things</p>
  <p time="605279" is_ac="true">that you've not seen don't know what I'm</p>
  <p time="606680" is_ac="true">talking about I don't either basically</p>
  <p time="608240" is_ac="true">what they've done here is they've taken</p>
  <p time="609560" is_ac="true">delicious Smoked Meats and they put it</p>
  <p time="611680" is_ac="true">on everything you can imagine the what</p>
  <p time="613240" is_ac="true">I'm after today is the mac and cheese we</p>
  <p time="615440" is_ac="true">have just entered que up what does queue</p>
  <p time="617320" is_ac="true">up mean queue it up just means to like</p>
  <p time="619279" is_ac="true">Bring it on I guess I like it here's</p>
  <p time="621160" is_ac="true">something I've not seen before someone</p>
  <p time="622600" is_ac="true">cooking a brisket just in an oven in a</p>
  <p time="624800" is_ac="true">smoker right we smoke it for 16 hours</p>
  <p time="627079" is_ac="true">and then we finish in the oven ah oven</p>
  <p time="629480" is_ac="true">finished brisket big reveal here taking</p>
  <p time="631320" is_ac="true">off the tin foil oh lordy look at that</p>
  <p time="633959" is_ac="true">bark it looks soft Juicy and Delicious</p>
  <p time="636320" is_ac="true">so I'm going to bring it over to The</p>
  <p time="637360" is_ac="true">Cutting Board and get it sliced up she's</p>
  <p time="639440" is_ac="true">going to slice right down the center oh</p>
  <p time="641720" is_ac="true">yeah that looks great I'll take a nice</p>
  <p time="643800" is_ac="true">chunk right here for you and then we'll</p>
  <p time="646040" is_ac="true">get it nice and chopped up all right</p>
  <p time="647680" is_ac="true">perfect now let's go grab the mac and</p>
  <p time="649160" is_ac="true">cheese this is my three cheese blend</p>
  <p time="651320" is_ac="true">it's got American Swiss and monster and</p>
  <p time="654440" is_ac="true">it's got our secret seasoning salt blend</p>
  <p time="657279" is_ac="true">in there as well mixed with a lot of</p>
  <p time="659240" is_ac="true">love all that chopped brisket gets put</p>
  <p time="661240" is_ac="true">on top and then we just needed barbecue</p>
  <p time="663079" is_ac="true">sauce I have the OG sweet and tangy</p>
  <p time="665079" is_ac="true">spicy garlic barbecue or sweet mustard</p>
  <p time="667639" is_ac="true">barbecue I'll go with the second one</p>
  <p time="669160" is_ac="true">second one all right dish one is</p>
  <p time="670639" is_ac="true">complete let's try it out this right</p>
  <p time="672399" is_ac="true">here 18 bucks not super cheap Until you</p>
  <p time="674600" is_ac="true">realize this is enough for breakfast</p>
  <p time="676480" is_ac="true">lunch dinner and maybe a snack too if</p>
  <p time="678360" is_ac="true">you eat this all in one go maybe time to</p>
  <p time="681519" is_ac="true">look in the mirror I'm just saying</p>
  <p time="682639" is_ac="true">there's really like re-experiences here</p>
  <p time="684279" is_ac="true">you've got the barbecue brisket you got</p>
  <p time="686000" is_ac="true">the mac and cheese and you got both of</p>
  <p time="687560" is_ac="true">them mixed together let's start first M</p>
  <p time="689880" is_ac="true">let's start first with a brisket</p>
  <p time="691530" is_ac="true">[Music]</p>
  <p time="692760" is_ac="true">cheers fatty soft and succulent like my</p>
  <p time="696600" is_ac="true">gut and that barbecue sauce it's just</p>
  <p time="698880" is_ac="true">like the perfect blend of spicy sour and</p>
  <p time="701079" is_ac="true">sweet and salty that's so good let's dig</p>
  <p time="703200" is_ac="true">into that mac and cheese next oo it's</p>
  <p time="705000" is_ac="true">got a little bit of a funky kick I like</p>
  <p time="709279" is_ac="true">it oh my God that's delectable it's an</p>
  <p time="711480" is_ac="true">incredible combination of cheeses</p>
  <p time="712839" is_ac="true">they've all come together and made</p>
  <p time="714079" is_ac="true">something</p>
  <p time="715360" is_ac="true">amazing it's incredibly creamy it's like</p>
  <p time="717600" is_ac="true">coating the whole inside of my mouth and</p>
  <p time="719120" is_ac="true">the noodles are kind of el Dente still</p>
  <p time="720800" is_ac="true">people here know how to do mac and</p>
  <p time="721920" is_ac="true">cheese it's wild from here the ultimate</p>
  <p time="724000" is_ac="true">fight brisket barbecue mac and cheese</p>
  <p time="726320" is_ac="true">noodle three types of cheeses oh my gosh</p>
  <p time="729639" is_ac="true">I'm getting fat</p>
  <p time="730450" is_ac="true">[Music]</p>
  <p time="733000" is_ac="true">cheers it's like mixing heroin and</p>
  <p time="735440" is_ac="true">cocaine at the same time it's over the</p>
  <p time="737120" is_ac="true">top I would like to go home and sip some</p>
  <p time="739279" is_ac="true">ice water and watch my stories but no I</p>
  <p time="741600" is_ac="true">have a job to do here I'm going to go</p>
  <p time="743040" is_ac="true">try another food from that food truck</p>
  <p time="745199" is_ac="true">it's my responsibility and we're back in</p>
  <p time="747079" is_ac="true">the food truck the gooey mooy that's</p>
  <p time="749040" is_ac="true">what's next do you ever get concerned</p>
  <p time="750600" is_ac="true">about making up too many cute nicknames</p>
  <p time="752600" is_ac="true">and then people are like uh hey can I</p>
  <p time="754120" is_ac="true">get a gooey mooy hold the Bing Bong add</p>
  <p time="756320" is_ac="true">some snarl hey that's our favorite part</p>
  <p time="758160" is_ac="true">of it got to make it fun it is super fun</p>
  <p time="760639" is_ac="true">tell me about the gooey mui the gooey</p>
  <p time="762320" is_ac="true">muoi was actually my partner's sandwich</p>
  <p time="764720" is_ac="true">that he created it's a beef brisket</p>
  <p time="766959" is_ac="true">cheese steak we use our smoked beef</p>
  <p time="769279" is_ac="true">brisket and then homemade queso on top</p>
  <p time="771760" is_ac="true">of that and then we're going to do at</p>
  <p time="773000" is_ac="true">Chef's way with our homemade spicy</p>
  <p time="775079" is_ac="true">chipotle ranch and pickled peppers start</p>
  <p time="777839" is_ac="true">with a little bit more brisket chopping</p>
  <p time="779519" is_ac="true">now we're going to take that beauty and</p>
  <p time="781079" is_ac="true">put her on the flat top but her off the</p>
  <p time="782800" is_ac="true">flat top throw the bun down and then we</p>
  <p time="784399" is_ac="true">got a little bit of American cheese</p>
  <p time="786279" is_ac="true">we're going to chop into that brisket oo</p>
  <p time="788480" is_ac="true">look at this it's not a cheese steak if</p>
  <p time="790079" is_ac="true">you don't got lots of cheese in it it's</p>
  <p time="791519" is_ac="true">time to insert the meat that is a</p>
  <p time="793600" is_ac="true">disproportionate amount of meat or a</p>
  <p time="795399" is_ac="true">barbecue truck not a bread truck the</p>
  <p time="797160" is_ac="true">queso I actually got the recipe from one</p>
  <p time="800199" is_ac="true">of my very dear friends back in Arizona</p>
  <p time="802399" is_ac="true">when I was working on his truck and</p>
  <p time="804199" is_ac="true">people absolutely love it hotle Ranch on</p>
  <p time="806680" is_ac="true">there and then I sauteed pickled peppers</p>
  <p time="809040" is_ac="true">and there you have it the gooey mooey</p>
  <p time="810720" is_ac="true">this looks uneatable it is so huge but</p>
  <p time="813440" is_ac="true">beautiful at the same time there's like</p>
  <p time="814880" is_ac="true">some brisket leaking out here I'll grab</p>
  <p time="816519" is_ac="true">a little bit of that give a little dip</p>
  <p time="817680" is_ac="true">in the Chipotle</p>
  <p time="819279" is_ac="true">there m that chipotle sauce has some</p>
  <p time="822120" is_ac="true">nice kick to it I like it this weighs a</p>
  <p time="824000" is_ac="true">pound and a half it's</p>
  <p time="828040" is_ac="true">ridiculous I wish I had an empty stomach</p>
  <p time="830240" is_ac="true">the French roll very nice it's like the</p>
  <p time="831720" is_ac="true">Hoover Dam it's holding back this tidle</p>
  <p time="833399" is_ac="true">wave of brisket and then the queso is</p>
  <p time="835120" is_ac="true">crazy delicious super heavy to break up</p>
  <p time="837120" is_ac="true">the heaviness you've got some of that</p>
  <p time="838240" is_ac="true">sour pick on</p>
  <p time="840480" is_ac="true">top it looks like a sloppy mess but</p>
  <p time="842880" is_ac="true">inside it's really nice and it has a</p>
  <p time="844680" is_ac="true">good personality like me except for the</p>
  <p time="846480" is_ac="true">good personality part when it comes to</p>
  <p time="847959" is_ac="true">creative tantalizing recipes that get</p>
  <p time="849920" is_ac="true">people to leave their comfortable couch</p>
  <p time="851519" is_ac="true">and come outside this is one for the</p>
  <p time="853040" is_ac="true">record books for the gooey mooy and boy</p>
  <p time="854959" is_ac="true">is it gooey and at one point it was</p>
  <p time="856839" is_ac="true">mooing this is made out of</p>
  <p time="860399" is_ac="true">cow ladies and gentlemen we have come to</p>
  <p time="863040" is_ac="true">an event this is known as First Fridays</p>
  <p time="865600" is_ac="true">the first Friday of each month about 50</p>
  <p time="867560" is_ac="true">food trucks roll through here you can</p>
  <p time="869360" is_ac="true">hear all of them have their little</p>
  <p time="870600" is_ac="true">electric generators going it's very</p>
  <p time="872360" is_ac="true">noisy but it's very fun and the last</p>
  <p time="874360" is_ac="true">doll of the day is right behind me there</p>
  <p time="876160" is_ac="true">food truck known as endless hosti</p>
  <p time="878160" is_ac="true">abilities you get it into play on words</p>
  <p time="880199" is_ac="true">they having fun how about you have a</p>
  <p time="881680" is_ac="true">little fun too take it easy in the</p>
  <p time="883399" is_ac="true">comments here they're selling all kinds</p>
  <p time="884959" is_ac="true">of pasta but it's not about the pasta as</p>
  <p time="887000" is_ac="true">much as the way they serve the pasta</p>
  <p time="889240" is_ac="true">let's go inside and I'll show you right</p>
  <p time="890800" is_ac="true">now I am in the food truck with Ryan of</p>
  <p time="892480" is_ac="true">Endless Possibilities it's a clever name</p>
  <p time="894800" is_ac="true">how'd you come up with that me and my</p>
  <p time="896240" is_ac="true">clever wife came up with that a little</p>
  <p time="898199" is_ac="true">bit more you a little bit more the</p>
  <p time="899320" is_ac="true">clever wife I think more of her smart</p>
  <p time="901240" is_ac="true">answer this is a guy who knows how to</p>
  <p time="902680" is_ac="true">survive how would you describe the</p>
  <p time="904160" is_ac="true">concept here it's a pizza dough rolled</p>
  <p time="906440" is_ac="true">up to make a Garlic Knot we have to</p>
  <p time="908440" is_ac="true">proof it for about 4 hours and then we</p>
  <p time="910519" is_ac="true">bake it off in the oven we retoast it</p>
  <p time="912720" is_ac="true">here garlic butter parmesan parsley</p>
  <p time="915519" is_ac="true">really good so people can just get the</p>
  <p time="917240" is_ac="true">pasta or the lasagna or they can put it</p>
  <p time="919279" is_ac="true">inside a Garlic Knot cone today I'm</p>
  <p time="921519" is_ac="true">going to go with the lasaga let's see</p>
  <p time="923160" is_ac="true">how it looks the cone is complete time</p>
  <p time="925199" is_ac="true">to dress it up a little garlic butter</p>
  <p time="926920" is_ac="true">soaked up Parmesan cheese P of grain or</p>
  <p time="929399" is_ac="true">Romano fresh parsley throw the cone in</p>
  <p time="931440" is_ac="true">some paper right here we have a whole</p>
  <p time="933319" is_ac="true">new fresh container of cooked lasagna</p>
  <p time="935839" is_ac="true">looking fantastic that is a slice</p>
  <p time="937920" is_ac="true">lasagna goes in you just got to kind of</p>
  <p time="939639" is_ac="true">slip it in there keep jostling it until</p>
  <p time="941680" is_ac="true">it slides right down hit it with a</p>
  <p time="943240" is_ac="true">little bit of marinara and some Alfredo</p>
  <p time="945040" is_ac="true">too and finally hit it with a little bit</p>
  <p time="946480" is_ac="true">of Parmesan guys check it out our final</p>
  <p time="948440" is_ac="true">food for the day from Endless</p>
  <p time="950199" is_ac="true">Possibilities I don't mean to complain</p>
  <p time="951959" is_ac="true">they're not Endless Possibilities</p>
  <p time="953399" is_ac="true">there's exactly four pasta possibilities</p>
  <p time="955839" is_ac="true">but all of them look fantastic this is</p>
  <p time="957839" is_ac="true">the most expensive thing today it's 25</p>
  <p time="959800" is_ac="true">bucks for the lasagna and then another</p>
  <p time="961319" is_ac="true">six to put it in a cone I'm going to</p>
  <p time="962839" is_ac="true">grab out some of the lasagna right here</p>
  <p time="964600" is_ac="true">we've got sauce we got cheese we got the</p>
  <p time="966959" is_ac="true">lasagna noodle marinara sauce let's try</p>
  <p time="969279" is_ac="true">it</p>
  <p time="971480" is_ac="true">out oh that's really good it's all about</p>
  <p time="973600" is_ac="true">the sauce if the sauce aim busting it's</p>
  <p time="975480" is_ac="true">not going to work</p>
  <p time="977160" is_ac="true">out amazing flavor super Savory deep</p>
  <p time="980120" is_ac="true">tomato what I really want to do is take</p>
  <p time="982040" is_ac="true">this off and eat it like an ice cream</p>
  <p time="983720" is_ac="true">cone I'm going to put this temporarily</p>
  <p time="985319" is_ac="true">on the floor don't show that it's fine</p>
  <p time="988639" is_ac="true">this does feel like garlic nuts it's</p>
  <p time="990160" is_ac="true">super soft buttery garlicky let's try it</p>
  <p time="992740" is_ac="true">[Music]</p>
  <p time="996199" is_ac="true">out I wish I could say I was carb</p>
  <p time="998360" is_ac="true">loading for a marathon tomorrow but no</p>
  <p time="1000480" is_ac="true">I'm probably just going to sit around</p>
  <p time="1001680" is_ac="true">with gouts regardless this is</p>
  <p time="1004959" is_ac="true">awesome oh no it's leaking it sprung a</p>
  <p time="1008079" is_ac="true">fissure I need to stitch it up it's</p>
  <p time="1009720" is_ac="true">bleeding out bad doc I'm just going to</p>
  <p time="1011360" is_ac="true">rip it open oh look at that I'll just</p>
  <p time="1013440" is_ac="true">say like eat half of it and then take</p>
  <p time="1015360" is_ac="true">the C out I was a little bit premature I</p>
  <p time="1017480" is_ac="true">got excited it happened especially the</p>
  <p time="1019399" is_ac="true">teenage</p>
  <p time="1020519" is_ac="true">me well anyways this is the final food</p>
  <p time="1023079" is_ac="true">of our Las Vegas food truck face off</p>
  <p time="1025240" is_ac="true">next I want to tell you who won The Face</p>
  <p time="1027240" is_ac="true">Off let's see let let's go okay cut</p>
  <p time="1029679" is_ac="true">ladies and gentlemen you have reached</p>
  <p time="1031039" is_ac="true">the end of Las Vegas's food truck face</p>
  <p time="1033439" is_ac="true">off but who is the winner there can only</p>
  <p time="1035360" is_ac="true">be one first I got to say I'm very</p>
  <p time="1037240" is_ac="true">impressed by all the vendors and their</p>
  <p time="1038959" is_ac="true">inventiveness I saw a lot of new things</p>
  <p time="1040799" is_ac="true">I'd never seen before food Creations</p>
  <p time="1042760" is_ac="true">that are pushing the limits of what</p>
  <p time="1044199" is_ac="true">could kill somebody there was a lot of</p>
  <p time="1046079" is_ac="true">very decadent Rich heavy cheesy food and</p>
  <p time="1048199" is_ac="true">I enjoyed every moment of it but if I</p>
  <p time="1050120" is_ac="true">had to pick one that I'd be really</p>
  <p time="1051640" is_ac="true">excited to try again it would be</p>
  <p time="1053080" is_ac="true">location one string cheese cheese</p>
  <p time="1054880" is_ac="true">stripper strip cheese my gosh the</p>
  <p time="1057080" is_ac="true">macaroni inside the wanton wrapper that</p>
  <p time="1059160" is_ac="true">was again put on the flat top with that</p>
  <p time="1061039" is_ac="true">amazing kimchi sauce just that one alone</p>
  <p time="1063400" is_ac="true">won my heart over and there's still</p>
  <p time="1064919" is_ac="true">probably little pieces of it in my heart</p>
  <p time="1067000" is_ac="true">beyond that the Paradise Pizza grilled</p>
  <p time="1068919" is_ac="true">cheese amazing the perfect combination</p>
  <p time="1070960" is_ac="true">of a grilled cheese and pizza flavors I</p>
  <p time="1073240" is_ac="true">got to say suie is crushing it and I</p>
  <p time="1074919" is_ac="true">wish her all the luck in the world but I</p>
  <p time="1076360" is_ac="true">want to say thank you to all of our</p>
  <p time="1077799" is_ac="true">vendors today cuz they were all</p>
  <p time="1079080" is_ac="true">outstanding and I would absolutely</p>
  <p time="1080840" is_ac="true">recommend you going out try some of this</p>
  <p time="1082600" is_ac="true">food for yourself next time you are in</p>
  <p time="1084360" is_ac="true">Las Vegas otherwise guys that is it for</p>
  <p time="1086200" is_ac="true">this one thank you so much for watching</p>
  <p time="1088000" is_ac="true">I will see you next time a peace I don't</p>
  <p time="1091000" is_ac="true">know we should have just done the whole</p>
  <p time="1092919" is_ac="true">video here there's like 100 foot trucks</p>
  <p time="1094760" is_ac="true">but I'm to full now ah it's all right</p>
  <p time="1097120" is_ac="true">I'm going to walk home where did my fat</p>
  <p time="1098559" is_ac="true">tractor go these dogs have</p>
  <p time="1101400" is_ac="true">shoes introducing best ever coffee I've</p>
  <p time="1105159" is_ac="true">traveled all over the world and no</p>
  <p time="1107679" is_ac="true">country has cre created a better coffee</p>
  <p time="1109559" is_ac="true">experience than</p>
  <p time="1112799" is_ac="true">Vietnam that's why I partnered up with</p>
  <p time="1115039" is_ac="true">the local coffee experts at Lov to bring</p>
  <p time="1117360" is_ac="true">Vietnam's satisfying coffee experience</p>
  <p time="1119640" is_ac="true">right to your kitchen order now using</p>
  <p time="1121720" is_ac="true">the link below to receive this bold</p>
  <p time="1123480" is_ac="true">blend of Robusta and a rabika a fin</p>
  <p time="1126320" is_ac="true">filter to brew the coffee and a tube of</p>
  <p time="1128640" is_ac="true">sweetened condensed milk to add the</p>
  <p time="1130240" is_ac="true">perfect hit of sweetness this isn't just</p>
  <p time="1132919" is_ac="true">coffee this is an experience</p>
</text>
