<?xml version='1.0' encoding='UTF-8'?>
<text date_d="6" date_m="2" date_y="2023" format="srv3" age_limit="0" comment_count="40" description="Gino D'Acampo is back for another series in Italy. This time he explores the little-known region of Abruzzo, famous for its cuisine based on farming and fishing. Subscribe to Our Taste: https://bit.ly/3OZoDcV&#10;&#10;Season 4 - Episode 1 | This film was first broadcast 2016&#10;&#10;Gino D'Acampo is back for a fourth series in the Italian sunshine. This time he explores Italy as the locals know it, meeting the people who keep age-old traditions alive and admiring the beautiful scenery. The little-known region of Abruzzo sits in the middle of the country, bordered by Lazio, Marche, Umbria and the Adriatic sea. Starting off in the coastal town of Pescara, Gino begins his odyssey, discovering the region's unique contribution to cooking. From Giovanni Minicuci he learns about Chitarra pasta, named after the guitar like contraption that shapes it. Gino then travels along the Trabocchi coastline where 25-year-old Tomasso Vert tells him how his family of fishermen are keeping another ancient tradition alive. In the mountainous terrain, the locals make their living working the land. Mauro is a farmer who also trains the local breed of sheep dog. After trying the simple shepherd snack of Arrosticini, Gino is inspired to create his own Mediterranean BBQ.&#10;&#10;Watch More Documentaries&#10;Our Taste - https://bit.ly/3NLTBo9  &#10;Our Life - https://bit.ly/3A8xRMJ &#10;Our History - https://bit.ly/3rUpdhL &#10;Our World - https://bit.ly/3ftuckM &#10;Our Stories - https://bit.ly/3ynfFyk&#10;&#10;Our Taste is your all-in-one food and drink culinary experience. Sink your teeth into our delicious series and discover hundreds of episodes that will get your taste buds tingling. You’ll discover cooking tips, classic recipes and dining experiences that are truly out of this world.&#10;&#10;Content distributed by ITV Studios.&#10;&#10;#GinoDacampo #HiddenItaly #Italy" fulltitle="Gino Cooks 'Proper Italian Food' - Chitarra Pasta | Gino's Italian Escape E19 | Our Taste" like_count="3064" location="na" playlist_title="na" release_date="na" upload_date="20230206" repost_count="na" tags="Our Taste; Documentary; Food Documentary; Full Episode; Full Length Episodes; Food; Drink; Cuisine; Recipe; Cooking; Cooking Show; Meal; Chef; Restaurant; Vegetarian; Vegan; Cooking Hacks; Food Hacks; Cooking Videos; Cooking Competition; Cooking Ideas; Food Ideas; Easy Recipes; International; Travel; Food Around The World; Tasty; Meals; Desserts; Dinner; Breakfast; Lunch; Food From Around The World; British Food; American Food; French Food; Foodie; How To Cook; Cooking For Beginners; " title="Gino Cooks 'Proper Italian Food' - Chitarra Pasta | Gino's Italian Escape E19 | Our Taste" uploader="Taste" view_count="103792" webpage_url="https://www.youtube.com/watch?v=CEKSRRAP5Uc" autocaption="true">
  <p time="40" is_ac="true">[Music]</p>
  <p time="1740" is_ac="true">it's great to be back</p>
  <p time="4520" is_ac="true">this time I'm going to reveal a hidden</p>
  <p time="7440" is_ac="true">Italy Italy as the locals noise</p>
  <p time="11580" is_ac="true">this is the ultimate secret place to be</p>
  <p time="15599" is_ac="true">for the locals I'm going off the Beaten</p>
  <p time="18779" is_ac="true">Track come with me to let you in on the</p>
  <p time="21660" is_ac="true">best kept secrets of my precious</p>
  <p time="23640" is_ac="true">Homeland from all Traditions being kept</p>
  <p time="26400" is_ac="true">alive just incredible incredible</p>
  <p time="29340" is_ac="true">spectacular scenery</p>
  <p time="31439" is_ac="true">and most importantly</p>
  <p time="34280" is_ac="true">the food Heritage that made me and</p>
  <p time="37500" is_ac="true">shapes my home country</p>
  <p time="39860" is_ac="true">this is what Italian people like to eat</p>
  <p time="43980" is_ac="true">I'll share my tips for making</p>
  <p time="46100" is_ac="true">mouth-watering authentic Italian food at</p>
  <p time="49079" is_ac="true">home</p>
  <p time="50399" is_ac="true">a lot of work for some inside</p>
  <p time="52020" is_ac="true">information so come with me Gino</p>
  <p time="55260" is_ac="true">d'acampo as I give you the Insider's</p>
  <p time="58079" is_ac="true">Guide to in Italy</p>
  <p time="59780" is_ac="true">[Music]</p>
  <p time="68159" is_ac="true">foreign</p>
  <p time="69920" is_ac="true">[Music]</p>
  <p time="74540" is_ac="true">I've chosen seven regions that for me</p>
  <p time="77880" is_ac="true">have some of the best kept coloring and</p>
  <p time="81180" is_ac="true">cultural secrets that Italy has to offer</p>
  <p time="83880" is_ac="true">my journey of Discovery will take us</p>
  <p time="87119" is_ac="true">from the North in trentino Auto adije</p>
  <p time="89939" is_ac="true">and lombardia down through Umbria and</p>
  <p time="93000" is_ac="true">Tuscany and then up to liguria and</p>
  <p time="95820" is_ac="true">pimonte but first i'm starting right in</p>
  <p time="99240" is_ac="true">the center</p>
  <p time="104220" is_ac="true">tonight I'm deep in Hidden Italy on the</p>
  <p time="108000" is_ac="true">Adriatic Coast in the region of Abruzzo</p>
  <p time="113460" is_ac="true">this little known region sits in the</p>
  <p time="116340" is_ac="true">middle of Italy bordered by Lazio Marque</p>
  <p time="120299" is_ac="true">Umbria and the Adriatic Sea</p>
  <p time="124220" is_ac="true">[Music]</p>
  <p time="126420" is_ac="true">it's a world away from Modern Italy one</p>
  <p time="129599" is_ac="true">third of it is home to three national</p>
  <p time="131700" is_ac="true">parks make it one of the most rural of</p>
  <p time="135120" is_ac="true">the Italian states</p>
  <p time="138360" is_ac="true">it's so far off the Beaten Track it only</p>
  <p time="141300" is_ac="true">opened an airport at the turn of the</p>
  <p time="143700" is_ac="true">century fishing and farming are these</p>
  <p time="146220" is_ac="true">regions lifeblood so that's what I'll be</p>
  <p time="148860" is_ac="true">experiencing firsthand</p>
  <p time="151160" is_ac="true">as we Italians are proud of our pasta</p>
  <p time="154379" is_ac="true">I'm curious to find out first about a</p>
  <p time="157260" is_ac="true">special tie for this region created so</p>
  <p time="160080" is_ac="true">I'm starting my journey in the coastal</p>
  <p time="162300" is_ac="true">town of pescada</p>
  <p time="164960" is_ac="true">[Music]</p>
  <p time="168360" is_ac="true">and the Very place to find out about the</p>
  <p time="170700" is_ac="true">kiptara pasta is this Artisan shop</p>
  <p time="176400" is_ac="true">keeping alive it is 200 years old</p>
  <p time="178980" is_ac="true">tradition is Giovanni minikuchi who</p>
  <p time="181800" is_ac="true">opened this shop in 1965. he now runs it</p>
  <p time="185459" is_ac="true">with his son Claudio</p>
  <p time="188220" is_ac="true">amazing</p>
  <p time="190200" is_ac="true">incredible</p>
  <p time="191580" is_ac="true">the guitar shape is think about a</p>
  <p time="194280" is_ac="true">spaghetti but Square edges Giovanni has</p>
  <p time="198420" is_ac="true">continued to use this handmade method</p>
  <p time="200760" is_ac="true">for the past 50 years</p>
  <p time="203120" is_ac="true">see look at that that's like watching an</p>
  <p time="206280" is_ac="true">artist paint amazing</p>
  <p time="209519" is_ac="true">I can't believe that in 2016</p>
  <p time="214080" is_ac="true">they're still doing this kind of thing</p>
  <p time="215640" is_ac="true">by hand and watching this is just</p>
  <p time="217980" is_ac="true">incredible incredible the kitara is</p>
  <p time="221580" is_ac="true">named after the guitar-like instrument</p>
  <p time="223680" is_ac="true">they used to shape the pasta so this is</p>
  <p time="227040" is_ac="true">stainless steel stainless steel wire</p>
  <p time="228659" is_ac="true">that is only one wire and it goes up and</p>
  <p time="231060" is_ac="true">down up and down up and down</p>
  <p time="233220" is_ac="true">as Italy has over hundreds of ships of</p>
  <p time="236099" is_ac="true">pasta then why did the abruptions feel</p>
  <p time="238739" is_ac="true">the need to invent one more</p>
  <p time="240720" is_ac="true">he was saying that the farmers around</p>
  <p time="242580" is_ac="true">here they wanted to create a shape that</p>
  <p time="246000" is_ac="true">is associated to them so everybody we</p>
  <p time="249000" is_ac="true">know that the guitar comes from the</p>
  <p time="251099" is_ac="true">farmers in a Bruton that's how it</p>
  <p time="252780" is_ac="true">happened time for me to learn the art of</p>
  <p time="255420" is_ac="true">making these regions iconic pasta</p>
  <p time="259519" is_ac="true">question</p>
  <p time="261199" is_ac="true">is Claudio tells me the secret is to</p>
  <p time="265320" is_ac="true">push the pin and let it roll itself</p>
  <p time="269900" is_ac="true">so the first time you need to be gentle</p>
  <p time="272699" is_ac="true">just to stretch the uh the pasta sheets</p>
  <p time="275639" is_ac="true">and the second time you need to be</p>
  <p time="278280" is_ac="true">firmer so then you cut it through</p>
  <p time="280620" is_ac="true">bravojira</p>
  <p time="282540" is_ac="true">okay</p>
  <p time="286940" is_ac="true">the reason why it's called guitar</p>
  <p time="288840" is_ac="true">because then you need to do like that</p>
  <p time="290639" is_ac="true">and all the pasta falls down</p>
  <p time="295699" is_ac="true">Gino Hendrix Gino Hendrix</p>
  <p time="298880" is_ac="true">Claudius offered to cook the pasta to</p>
  <p time="301740" is_ac="true">prove that the shape really does make a</p>
  <p time="303780" is_ac="true">difference</p>
  <p time="308000" is_ac="true">Cheeky Monkey he said not too much pasta</p>
  <p time="310259" is_ac="true">once your belly is going to get big</p>
  <p time="312320" is_ac="true">unbelievable</p>
  <p time="314600" is_ac="true">three minutes later</p>
  <p time="317010" is_ac="true">[Music]</p>
  <p time="323460" is_ac="true">better than</p>
  <p time="325160" is_ac="true">wow you can really feel the square</p>
  <p time="329100" is_ac="true">pieces of pasta into your mouth and</p>
  <p time="332039" is_ac="true">you get the egg you got the same Olaf I</p>
  <p time="334560" is_ac="true">love the fact that it is simple you know</p>
  <p time="336660" is_ac="true">the Simplicity the way they serve with</p>
  <p time="338759" is_ac="true">the bit of tomato sauce and a bit of a</p>
  <p time="340979" is_ac="true">grated Parmesan cheese but the thing</p>
  <p time="343139" is_ac="true">that I feel the most in my mouth and I</p>
  <p time="345780" is_ac="true">don't want to be sentimental or romantic</p>
  <p time="347340" is_ac="true">or anything like that</p>
  <p time="348900" is_ac="true">I really feel the passion that these</p>
  <p time="351240" is_ac="true">people have for what they're doing and I</p>
  <p time="355020" is_ac="true">really wish that I could be part of this</p>
  <p time="357300" is_ac="true">family of this tradition somehow because</p>
  <p time="359460" is_ac="true">it's just incredible</p>
  <p time="365039" is_ac="true">fantastic</p>
  <p time="367340" is_ac="true">you know Wonderful release</p>
  <p time="370740" is_ac="true">and the locals certainly agree</p>
  <p time="374780" is_ac="true">so came to find more hidden gems have</p>
  <p time="378180" is_ac="true">heard about the bird family they are</p>
  <p time="380639" is_ac="true">preserving another traditional Bruton</p>
  <p time="383100" is_ac="true">way of life on the most historical</p>
  <p time="385919" is_ac="true">stretch of Coastline of the region</p>
  <p time="389060" is_ac="true">this is the traboki coast a UNESCO world</p>
  <p time="393000" is_ac="true">heritage site this Century old</p>
  <p time="395580" is_ac="true">Contraptions were used so fishermen</p>
  <p time="397919" is_ac="true">could avoid getting into the tumultuous</p>
  <p time="401100" is_ac="true">Adriatic Waters 25 year old Thomas bird</p>
  <p time="404639" is_ac="true">was more than happy to explain his</p>
  <p time="407160" is_ac="true">family's long history with these unique</p>
  <p time="409680" is_ac="true">platforms Thomas are here his great</p>
  <p time="412080" is_ac="true">grandfather builds the traboco in 1898.</p>
  <p time="419000" is_ac="true">then your grandfather in chameleon 1922</p>
  <p time="427620" is_ac="true">your father</p>
  <p time="431240" is_ac="true">1957 and then Easter Master here which</p>
  <p time="435180" is_ac="true">is run the uh traboco nowadays</p>
  <p time="438620" is_ac="true">wow that is that is four generations of</p>
  <p time="442979" is_ac="true">fishermen</p>
  <p time="444740" is_ac="true">Thomas</p>
  <p time="452360" is_ac="true">explained that he and his father dropped</p>
  <p time="455340" is_ac="true">the net every morning at 5am but what</p>
  <p time="458280" is_ac="true">makes it different is that they check</p>
  <p time="460319" is_ac="true">them every 20 minutes and this type of</p>
  <p time="463139" is_ac="true">fishing is called scaling the waters</p>
  <p time="466259" is_ac="true">here have been rich with anchovies</p>
  <p time="468180" is_ac="true">sardines sebas and seabream but</p>
  <p time="471419" is_ac="true">sometimes there are a lot of underwater</p>
  <p time="474060" is_ac="true">winds where it pushes the net upwards</p>
  <p time="477240" is_ac="true">instead of being down and they don't get</p>
  <p time="479340" is_ac="true">any fish whatsoever this ancient</p>
  <p time="481740" is_ac="true">technique can't compete with the modern</p>
  <p time="483660" is_ac="true">ones so the entrepreneurial family</p>
  <p time="486120" is_ac="true">Diversified their business they chose to</p>
  <p time="489120" is_ac="true">modernize the traboki turning them into</p>
  <p time="491880" is_ac="true">restaurants and capitalizing on this</p>
  <p time="494819" is_ac="true">stunning location guaranteeing its</p>
  <p time="497460" is_ac="true">future for generations to come see this</p>
  <p time="500160" is_ac="true">is one of the reason why I actually came</p>
  <p time="502020" is_ac="true">here because what I love about to mass</p>
  <p time="504840" is_ac="true">is the fact that a young boy</p>
  <p time="507180" is_ac="true">but still has the passion and the energy</p>
  <p time="509759" is_ac="true">to keep all these beautiful Heritage</p>
  <p time="513240" is_ac="true">this antique way of fishing alive and</p>
  <p time="517320" is_ac="true">that's the reason why I'm here now let's</p>
  <p time="519479" is_ac="true">see how unlucky I am with fishing</p>
  <p time="525620" is_ac="true">this wooden Pole or winch is attached to</p>
  <p time="529080" is_ac="true">a system of weights and pulleys which</p>
  <p time="531600" is_ac="true">lift the Nets this is easy look I can do</p>
  <p time="534120" is_ac="true">backwards if I want to or I don't tempt</p>
  <p time="537000" is_ac="true">you at all I love cooking with fish but</p>
  <p time="539880" is_ac="true">fishing is a different matter so it</p>
  <p time="542760" is_ac="true">should come as no surprise then</p>
  <p time="545640" is_ac="true">nothing</p>
  <p time="547080" is_ac="true">nothing not even one little tiny little</p>
  <p time="549660" is_ac="true">fish nothing</p>
  <p time="550980" is_ac="true">never mind my man never mind</p>
  <p time="552640" is_ac="true">[Music]</p>
  <p time="557519" is_ac="true">fish may not be on the menu tonight but</p>
  <p time="560399" is_ac="true">at least I got my handmade kitara pasta</p>
  <p time="562800" is_ac="true">to cook with</p>
  <p time="564779" is_ac="true">I'm in a mood to cook proper Italian</p>
  <p time="567420" is_ac="true">food and when I say properly Italian</p>
  <p time="569339" is_ac="true">food I don't mean spaghetti bolognese</p>
  <p time="571320" is_ac="true">and all that stuff that Italians don't</p>
  <p time="573180" is_ac="true">really eat I'm talking about number one</p>
  <p time="575940" is_ac="true">mustard ingredients that is kitara pasta</p>
  <p time="580380" is_ac="true">if you can get kitara linguine will work</p>
  <p time="583320" is_ac="true">just as well I'm going to cook this</p>
  <p time="586019" is_ac="true">pasta with extra virgin olive oil garlic</p>
  <p time="589860" is_ac="true">cherry tomatoes a little bit of chili</p>
  <p time="592920" is_ac="true">and rocket leaves simplicity at its best</p>
  <p time="596279" is_ac="true">and this is what Italian people like to</p>
  <p time="600120" is_ac="true">eat so that is my secret for you today</p>
  <p time="603300" is_ac="true">and my next tip is</p>
  <p time="605880" is_ac="true">I don't have any heat underneath the pan</p>
  <p time="608880" is_ac="true">my grandfather always said to me</p>
  <p time="610980" is_ac="true">whenever you cook with garlic and you</p>
  <p time="613200" is_ac="true">want the best flavor out to the garlic</p>
  <p time="615420" is_ac="true">you need to make sure that the pan is</p>
  <p time="617519" is_ac="true">cold you slice your garlic you put it</p>
  <p time="619860" is_ac="true">there then you put the extra virgin and</p>
  <p time="622200" is_ac="true">then you switch it on so slowly slowly</p>
  <p time="624540" is_ac="true">the heat to the extra virgin marries</p>
  <p time="626760" is_ac="true">into the garlic and you get the best</p>
  <p time="628440" is_ac="true">flavor trust me my grandfather's tips</p>
  <p time="631080" is_ac="true">have never let me down so thinly sliced</p>
  <p time="634019" is_ac="true">two garlic cloves pour in the extra</p>
  <p time="636839" is_ac="true">virgin olive oil</p>
  <p time="639540" is_ac="true">and then just two or three pinches of</p>
  <p time="642720" is_ac="true">dry chili flakes</p>
  <p time="644200" is_ac="true">[Music]</p>
  <p time="645480" is_ac="true">now the only thing we have to do put the</p>
  <p time="647459" is_ac="true">heat underneath while the pan heats up</p>
  <p time="650100" is_ac="true">you prepare your cherry tomatoes by</p>
  <p time="652500" is_ac="true">simply slicing in half</p>
  <p time="655200" is_ac="true">when the garlic begins to color add the</p>
  <p time="657720" is_ac="true">tomatoes and give it a good stir now you</p>
  <p time="660959" is_ac="true">want to cook the Tomato no longer than</p>
  <p time="663480" is_ac="true">three to four minutes so I got pot with</p>
  <p time="667380" is_ac="true">boil in hot water in there we're gonna</p>
  <p time="670079" is_ac="true">have to put the salt straight away</p>
  <p time="671399" is_ac="true">before we cook the pasta and then of</p>
  <p time="673620" is_ac="true">course</p>
  <p time="675000" is_ac="true">my guitar pasta</p>
  <p time="677760" is_ac="true">like all good Italian pasta it should be</p>
  <p time="681180" is_ac="true">cooked al dente which will take five to</p>
  <p time="684360" is_ac="true">six minutes one more ingredients I'm</p>
  <p time="686579" is_ac="true">going to use is white one this is a</p>
  <p time="689700" is_ac="true">local wine called pecorino really really</p>
  <p time="693300" is_ac="true">good for this recipe and I'm just going</p>
  <p time="695459" is_ac="true">to put a problem about half a glass of</p>
  <p time="697320" is_ac="true">wine in there no more than that</p>
  <p time="699790" is_ac="true">[Music]</p>
  <p time="701760" is_ac="true">the uncle is evaporating but the flavor</p>
  <p time="704339" is_ac="true">of the wine stays in there my last and</p>
  <p time="707640" is_ac="true">final ingredient in the sauce I got</p>
  <p time="710519" is_ac="true">rocket leaves look at that fresh rocket</p>
  <p time="713399" is_ac="true">leaves and I'm going to cook them like</p>
  <p time="716160" is_ac="true">you would cook spinach the peppery</p>
  <p time="718440" is_ac="true">rocket contrasts perfectly with the</p>
  <p time="721200" is_ac="true">sweetness of the tomatoes season and</p>
  <p time="724019" is_ac="true">remember my roll always add the pasta to</p>
  <p time="727200" is_ac="true">the sauce now if you look at the pasta</p>
  <p time="729600" is_ac="true">And the sauce together there the pasta</p>
  <p time="731700" is_ac="true">is nice and Al Dente the last 22nd</p>
  <p time="734399" is_ac="true">what's going to happen the pasta is</p>
  <p time="736380" is_ac="true">going to start to absorb the flavor of</p>
  <p time="738600" is_ac="true">the sauce so immediately as soon you're</p>
  <p time="741120" is_ac="true">going to twist it and put into your</p>
  <p time="743040" is_ac="true">mouth bang bang bang all those flavors</p>
  <p time="745560" is_ac="true">boom explode</p>
  <p time="747720" is_ac="true">job done so pick it up</p>
  <p time="753120" is_ac="true">straight</p>
  <p time="754920" is_ac="true">plates</p>
  <p time="756180" is_ac="true">and look at that all those beautiful</p>
  <p time="758100" is_ac="true">tomato the rocket leaves</p>
  <p time="764399" is_ac="true">people that say to me do you know what</p>
  <p time="766139" is_ac="true">is your favorite</p>
  <p time="767760" is_ac="true">Plato pasta this is Italian food at his</p>
  <p time="773700" is_ac="true">best</p>
  <p time="777120" is_ac="true">what I like about Abruzzo is how much</p>
  <p time="780480" is_ac="true">the locals they cared about the</p>
  <p time="783120" is_ac="true">tradition and the passion that they have</p>
  <p time="786000" is_ac="true">for their family for the region the</p>
  <p time="789300" is_ac="true">passion that they go for the food is</p>
  <p time="791160" is_ac="true">second to none I absolutely love it love</p>
  <p time="795839" is_ac="true">it love it so I can't wait to find out</p>
  <p time="799079" is_ac="true">what other Secrets this region has to</p>
  <p time="801839" is_ac="true">offer me</p>
  <p time="805380" is_ac="true">foreign</p>
  <p time="812600" is_ac="true">seeking out its Aiden James I'm</p>
  <p time="815519" is_ac="true">traveling the heart of Abruzzo as I'm</p>
  <p time="817980" is_ac="true">being told the scenery here is something</p>
  <p time="820560" is_ac="true">I've never seen before</p>
  <p time="822779" is_ac="true">it's gonna be great a 90 minute drive</p>
  <p time="825540" is_ac="true">takes me deep into the rural Heartland</p>
  <p time="828180" is_ac="true">of this ancient state to the Siren</p>
  <p time="830639" is_ac="true">tableino National Park and on the way</p>
  <p time="833160" is_ac="true">the landscape is a feast for my eyes</p>
  <p time="836760" is_ac="true">jatty now to the lunar escaped mountains</p>
  <p time="839639" is_ac="true">are Majestic castles Yoon out of the</p>
  <p time="842459" is_ac="true">rock this particular Castle Rocka</p>
  <p time="845279" is_ac="true">calacio was originally built as a</p>
  <p time="847860" is_ac="true">watchtower in the 10th century and is</p>
  <p time="850560" is_ac="true">the highest fort in all of Italy perched</p>
  <p time="853500" is_ac="true">nearly 1500 meters above sea level</p>
  <p time="857140" is_ac="true">[Music]</p>
  <p time="861959" is_ac="true">ending down I find myself in the rugged</p>
  <p time="864839" is_ac="true">heart of the region where I meet Mauro</p>
  <p time="867600" is_ac="true">defonza whose farmed this terrain for 15</p>
  <p time="871019" is_ac="true">years and the wild landscape has some</p>
  <p time="874200" is_ac="true">very unique challenges I I said you know</p>
  <p time="877320" is_ac="true">he is in Paradise I mean what can he go</p>
  <p time="879720" is_ac="true">wrong around here he's all nice and</p>
  <p time="881100" is_ac="true">peaceful and he just said well yes in</p>
  <p time="883380" is_ac="true">that same peaceful if you don't have a</p>
  <p time="884760" is_ac="true">bears and a wolf is trying to eat the</p>
  <p time="887699" is_ac="true">Sheep I wasn't expecting that he said</p>
  <p time="890399" is_ac="true">but don't fear because he's got the</p>
  <p time="892740" is_ac="true">proper dogs that if the Wolves of the</p>
  <p time="896160" is_ac="true">Bears are coming ah they're gonna attack</p>
  <p time="898320" is_ac="true">the uh the Bears and the wolves and</p>
  <p time="900420" is_ac="true">everything is going to be all right</p>
  <p time="902339" is_ac="true">these incredible dogs defend the ship</p>
  <p time="905040" is_ac="true">from Wild brown bears they are trained</p>
  <p time="907620" is_ac="true">to protect by bonding with their charges</p>
  <p time="910139" is_ac="true">right from when they are pups I did ask</p>
  <p time="912959" is_ac="true">what kind of dog is a dog that can</p>
  <p time="916320" is_ac="true">actually attack a bear and a wharf and</p>
  <p time="918180" is_ac="true">he said it's called marimano Abruzzi</p>
  <p time="920699" is_ac="true">it's called</p>
  <p time="921920" is_ac="true">so if you're at home have problem with</p>
  <p time="924420" is_ac="true">bears and wolves that's the dog that you</p>
  <p time="927120" is_ac="true">need to get</p>
  <p time="930260" is_ac="true">a typical flock can be as large as 200</p>
  <p time="934079" is_ac="true">as they roam freely 10 dogs keep them</p>
  <p time="937320" is_ac="true">safe</p>
  <p time="938360" is_ac="true">[Music]</p>
  <p time="944000" is_ac="true">so he's telling the ship with a little</p>
  <p time="946380" is_ac="true">whistle to turn left and go towards the</p>
  <p time="949500" is_ac="true">mountain</p>
  <p time="950330" is_ac="true">[Music]</p>
  <p time="951800" is_ac="true">really yeah you can see I'm gonna try</p>
  <p time="955199" is_ac="true">I'm gonna try watch this</p>
  <p time="963860" is_ac="true">they're like my children they don't</p>
  <p time="966000" is_ac="true">listen at all</p>
  <p time="967800" is_ac="true">okay I've tried the carrot</p>
  <p time="970079" is_ac="true">maybe it's time to reach for the steak</p>
  <p time="972260" is_ac="true">[Music]</p>
  <p time="979399" is_ac="true">this is harder than I thought I think I</p>
  <p time="982260" is_ac="true">need a break</p>
  <p time="983399" is_ac="true">foreign</p>
  <p time="991380" is_ac="true">I wasn't expecting this kind of romantic</p>
  <p time="994320" is_ac="true">setting under a tree and apparently he's</p>
  <p time="996540" is_ac="true">got something that he wants me to try</p>
  <p time="998699" is_ac="true">hey</p>
  <p time="1002380" is_ac="true">he said there is a local specialty from</p>
  <p time="1006320" is_ac="true">Abruzzo and he's challenging me he said</p>
  <p time="1009380" is_ac="true">if you can cook this that's mean you're</p>
  <p time="1012440" is_ac="true">a real Abruzzi which is a man who comes</p>
  <p time="1015139" is_ac="true">from</p>
  <p time="1021500" is_ac="true">Mauro tells me that he has rostuccini is</p>
  <p time="1024439" is_ac="true">a typical Shepherd's snack made from</p>
  <p time="1026959" is_ac="true">bite size chunks of matter I'm gonna</p>
  <p time="1029360" is_ac="true">show him attacking being a Buddhism and</p>
  <p time="1031699" is_ac="true">if I want to</p>
  <p time="1032550" is_ac="true">[Music]</p>
  <p time="1035600" is_ac="true">I'm not one to shy away this has</p>
  <p time="1038179" is_ac="true">inspired me to make lamb skewers with a</p>
  <p time="1041240" is_ac="true">green bean and goat's cheese salad now</p>
  <p time="1044000" is_ac="true">I'm going to start right here with a</p>
  <p time="1046220" is_ac="true">fillet of lamb I'm using fillet because</p>
  <p time="1048199" is_ac="true">it's nice and tender I've cut the lamb</p>
  <p time="1050840" is_ac="true">fill it probably about the size of an</p>
  <p time="1053240" is_ac="true">ice cube in there straight away we're</p>
  <p time="1056299" is_ac="true">going to add runny honey and very</p>
  <p time="1058460" is_ac="true">important because it's going to give a</p>
  <p time="1059960" is_ac="true">nice sweetness to the meats add three or</p>
  <p time="1062900" is_ac="true">four teaspoon of honey</p>
  <p time="1064880" is_ac="true">sprinkle a tablespoon of fennel seeds</p>
  <p time="1068120" is_ac="true">a pinch of black pepper then chop up a</p>
  <p time="1071120" is_ac="true">bunch of fresh mint leaves I want to use</p>
  <p time="1073700" is_ac="true">them fresh because I want the best</p>
  <p time="1075740" is_ac="true">flavors for my skewers add a squeeze of</p>
  <p time="1078919" is_ac="true">lemon juice and finally a good splash of</p>
  <p time="1082100" is_ac="true">extra virgin olive oil now at this point</p>
  <p time="1084200" is_ac="true">I don't know if you realize I haven't</p>
  <p time="1085880" is_ac="true">used any salt whatsoever I got a theory</p>
  <p time="1089780" is_ac="true">with salt and meats if I'm going to put</p>
  <p time="1093080" is_ac="true">salt in here now on the meat and then</p>
  <p time="1095240" is_ac="true">put them on the barbecue I'm always</p>
  <p time="1097460" is_ac="true">afraid that the salt is going to drain</p>
  <p time="1099740" is_ac="true">all the moisture away from the meat and</p>
  <p time="1101480" is_ac="true">it's going to make the meat very tough I</p>
  <p time="1104660" is_ac="true">always season the meat with salt once</p>
  <p time="1108140" is_ac="true">the meat is cooked now I could leave</p>
  <p time="1110480" is_ac="true">this to rest for 12 hours 13 hours it</p>
  <p time="1114620" is_ac="true">doesn't really matter remember the</p>
  <p time="1116240" is_ac="true">longer you keep in marinating and the</p>
  <p time="1118400" is_ac="true">more flavors you're gonna get the</p>
  <p time="1120200" is_ac="true">important thing though if you keep to</p>
  <p time="1122120" is_ac="true">marinated for 24 hours make sure that</p>
  <p time="1124700" is_ac="true">you keep the meat in the fridge</p>
  <p time="1126740" is_ac="true">with my mates I'm going to serve peppers</p>
  <p time="1130220" is_ac="true">and my tip with peppers never use the</p>
  <p time="1132679" is_ac="true">green one because the green one they're</p>
  <p time="1134480" is_ac="true">very bitter I always use the yellow one</p>
  <p time="1136580" is_ac="true">or the red one so you want to cut the</p>
  <p time="1139039" is_ac="true">peppers more or less the same size of</p>
  <p time="1142220" is_ac="true">the meat</p>
  <p time="1144440" is_ac="true">I like to use metal skewers when I do my</p>
  <p time="1146539" is_ac="true">skewers because they're very easy if you</p>
  <p time="1149000" is_ac="true">want to use the wooden one fine but then</p>
  <p time="1150559" is_ac="true">you have to soak them in water otherwise</p>
  <p time="1152179" is_ac="true">the bird metal one I think the more</p>
  <p time="1154340" is_ac="true">candle</p>
  <p time="1156340" is_ac="true">Macho Man I always put two cubes of lamb</p>
  <p time="1159980" is_ac="true">followed by a piece of pepper until the</p>
  <p time="1162860" is_ac="true">skewer is full there is only one way to</p>
  <p time="1165620" is_ac="true">know when a barbecue is ready and this</p>
  <p time="1167600" is_ac="true">is where my grandfather told me you</p>
  <p time="1169580" is_ac="true">shouldn't be able to keep your hand on</p>
  <p time="1171980" is_ac="true">the barbecue I mean do not touch the</p>
  <p time="1173960" is_ac="true">grill of the barbecue it just just above</p>
  <p time="1176179" is_ac="true">the grill no longer than 3 seconds if</p>
  <p time="1179179" is_ac="true">you can do that longer than three</p>
  <p time="1180799" is_ac="true">seconds it means it's not hot enough one</p>
  <p time="1183740" is_ac="true">two that's it it's ready</p>
  <p time="1185900" is_ac="true">is ready there is a sexy sounds that I</p>
  <p time="1190100" is_ac="true">want you to hear it's nothing better</p>
  <p time="1192220" is_ac="true">than a skewer gonna hot barbecue listen</p>
  <p time="1195860" is_ac="true">to this</p>
  <p time="1198540" is_ac="true">[Music]</p>
  <p time="1200000" is_ac="true">I thought he was sexy now I want to cook</p>
  <p time="1202460" is_ac="true">my skewers for about 12 minutes and the</p>
  <p time="1206960" is_ac="true">reason is because I want to do three</p>
  <p time="1208640" is_ac="true">minutes on each side so I've got enough</p>
  <p time="1210620" is_ac="true">time to do my green bean salad</p>
  <p time="1213260" is_ac="true">for the size salad I've boiled the beans</p>
  <p time="1216080" is_ac="true">for 3 minutes I'm adding in extra virgin</p>
  <p time="1219140" is_ac="true">olive oil some fresh lemon juice then</p>
  <p time="1221840" is_ac="true">half a handful of pine kernels</p>
  <p time="1224780" is_ac="true">and the reason why I put the pine</p>
  <p time="1226280" is_ac="true">kernels because I like the crunchiness</p>
  <p time="1228679" is_ac="true">salted pepper goes in there</p>
  <p time="1230840" is_ac="true">and my last</p>
  <p time="1232700" is_ac="true">ingredients in the salad goat cheese use</p>
  <p time="1236360" is_ac="true">a soft goat cheese so then when you toss</p>
  <p time="1239120" is_ac="true">everything together it's going to kind</p>
  <p time="1240559" is_ac="true">of become like cream</p>
  <p time="1243020" is_ac="true">I'm going to serve it</p>
  <p time="1244880" is_ac="true">right here on my chopping board</p>
  <p time="1247820" is_ac="true">that looks good now is the time to</p>
  <p time="1250520" is_ac="true">season</p>
  <p time="1251320" is_ac="true">these skewers because it's right at the</p>
  <p time="1254240" is_ac="true">end and straight onto the serving plate</p>
  <p time="1258080" is_ac="true">final squeeze or lemon juice</p>
  <p time="1262039" is_ac="true">that's it I'm happy and this is how I</p>
  <p time="1265220" is_ac="true">made my version of a rostitchini</p>
  <p time="1271360" is_ac="true">time for the taste test</p>
  <p time="1274220" is_ac="true">honesto okay</p>
  <p time="1285820" is_ac="true">relaxing that is impossible</p>
  <p time="1290240" is_ac="true">um</p>
  <p time="1299480" is_ac="true">he said the delicious but it's not going</p>
  <p time="1302000" is_ac="true">to give me the honorary of being an</p>
  <p time="1305000" is_ac="true">abruzzle man</p>
  <p time="1307039" is_ac="true">take care I'm very proud to be a</p>
  <p time="1309320" is_ac="true">Neapolitan and I'm very proud of my</p>
  <p time="1311240" is_ac="true">skewers and I'm actually very proud to</p>
  <p time="1313880" is_ac="true">be here and uh to make a new friend</p>
  <p time="1317799" is_ac="true">Bonnie zombie you should try this</p>
  <p time="1320360" is_ac="true">amazing</p>
  <p time="1322700" is_ac="true">[Music]</p>
  <p time="1340280" is_ac="true">thank you</p>
  <p time="1341190" is_ac="true">[Applause]</p>
  <p time="1342980" is_ac="true">[Music]</p>
</text>
