<?xml version='1.0' encoding='UTF-8'?>
<text date_d="29" date_m="9" date_y="2023" format="srv3" age_limit="0" comment_count="163" description="Come with me to check out Gordon Ramsay's Hells Kitchen in Las Vegas located at the Caesar's Palace. On one best and most hyped up restaurants in Las Vegas known for the Beef Wellington and Sticky Toffee Pudding. First time here and it definitely lived up to the hype for me. The restaurant recently received recognition for being the most photographed restaurant in the United States.&#10;&#10;#LasVegas #LasVegasFood #LasVegasStrip&#10;&#10;➤ Join this channel to get access to perks✅:&#10;https://www.youtube.com/channel/UC4mm-xK1V2qUo2nZSW4UyKw/join&#10;&#10;➤ Tips for Beer 🍺💰&#10;Paypal: https://paypal.me/vegasmusttry&#10;&#10;Try one of these playlists:&#10;- Best Buffets in Las Vegas  🍕&#10;https://www.youtube.com/playlist?list=PLZjtmJUHfI07jIBv9YLoxVfwbvHZXVrhk&#10;&#10;- Discover New Eats &amp; Restuarants 🍔&#10;https://www.youtube.com/playlist?list=PLZjtmJUHfI05T5ZMwe42nyOatSBy2Won9&#10;&#10;- Tips and News for Vegas 📊&#10;https://www.youtube.com/playlist?list=PLZjtmJUHfI04Lj93V_eOeVGT5LAT8ZDFC&#10;&#10;- Best of Las Vegas Series 🏆&#10;https://www.youtube.com/playlist?list=PLZjtmJUHfI07HpSkqGJRMHITT68yfb0nf&#10;&#10;- Things to Do in Las Vegas 🏂&#10;https://www.youtube.com/playlist?list=PLZjtmJUHfI041Owa8GCrFGPkVScIcd8uk&#10;&#10;- Hotel Review in Vegas 🏬&#10;https://www.youtube.com/playlist?list=PLZjtmJUHfI04ou_TZcKWxCl35FsLKxhyV&#10;&#10;COMMENT any questions below and I'll answer as best as possible!&#10;━ ━ ━ ━ ━ ━ ━ ━ ━ ━&#10;Be part of the VMT community: 🌎&#10;https://facebook.com/vegasmusttry&#10;https://instagram.com/vegasmusttry&#10;━ ━ ━ ━ ━ ━ ━ ━ ━ ━" fulltitle="Gordon Ramsay's Hell's Kitchen in Las Vegas - IS the HYPE Real?" like_count="1307" location="na" playlist_title="na" release_date="na" upload_date="20230929" repost_count="na" tags="Las Vegas; Las vegas Strip; Hotels in Las vegas; Food Vlog; las vegas food; " title="Gordon Ramsay's Hell's Kitchen in Las Vegas - IS the HYPE Real?" uploader="Vegas Must Try" view_count="53067" webpage_url="https://www.youtube.com/watch?v=-p5cMPhg7eg" autocaption="true">
  <p time="0" is_ac="true">this is like Gordon Ramsay's probably</p>
  <p time="2040" is_ac="true">most famous dish out of all of his</p>
  <p time="3720" is_ac="true">restaurants</p>
  <p time="6180" is_ac="true">okay that's fantastic I was getting</p>
  <p time="8760" is_ac="true">ready to like you know bash on it if it</p>
  <p time="10860" is_ac="true">wasn't good but no I can't I can't do</p>
  <p time="12480" is_ac="true">that</p>
  <p time="13380" is_ac="true">what's up everybody this is George here</p>
  <p time="14700" is_ac="true">with Vegas must try and today we're here</p>
  <p time="16139" is_ac="true">at the Caesars callus we're checking out</p>
  <p time="17820" is_ac="true">one of the most sought after restaurants</p>
  <p time="19140" is_ac="true">here in Las Vegas and that is Hell's</p>
  <p time="20820" is_ac="true">Kitchen right behind me it took us a</p>
  <p time="22500" is_ac="true">couple of weeks to get this reservation</p>
  <p time="23640" is_ac="true">and the day is finally here so let's do</p>
  <p time="25740" is_ac="true">it and I'm joined by my cousin I got no</p>
  <p time="27960" is_ac="true">food right here first time for me as</p>
  <p time="29580" is_ac="true">well so I'm really excited to try this</p>
  <p time="31140" is_ac="true">food look at that life-sized guy</p>
  <p time="33239" is_ac="true">basically like a Disneyland ride here on</p>
  <p time="35700" is_ac="true">the wall we have all the contestants</p>
  <p time="37079" is_ac="true">from the Hell's Kitchen show</p>
  <p time="39710" is_ac="true">[Music]</p>
  <p time="50480" is_ac="true">thank you</p>
  <p time="54500" is_ac="true">all right guys so just got situated here</p>
  <p time="57239" is_ac="true">and here at Hell's Kitchen you basically</p>
  <p time="58980" is_ac="true">have to make a reservation maybe like</p>
  <p time="61680" is_ac="true">weeks or maybe even months in advance</p>
  <p time="63059" is_ac="true">depending on what day and time you want</p>
  <p time="64619" is_ac="true">like for example I booked it about two</p>
  <p time="67020" is_ac="true">and a half weeks ago and I didn't get my</p>
  <p time="69119" is_ac="true">preferred time I just kind of had to</p>
  <p time="70860" is_ac="true">settle for something that fits with my</p>
  <p time="72180" is_ac="true">schedule if you did wanted to walk in</p>
  <p time="73920" is_ac="true">you can only do it at the bar here aside</p>
  <p time="76140" is_ac="true">from that there isn't a waiting list and</p>
  <p time="77939" is_ac="true">you can't make a reservation for one</p>
  <p time="79439" is_ac="true">person I have to do it for two people</p>
  <p time="80880" is_ac="true">Fun Pack Hell's Kitchen was just named</p>
  <p time="83400" is_ac="true">the top two most photographed</p>
  <p time="85439" is_ac="true">restaurants in the United States by Yelp</p>
  <p time="87240" is_ac="true">and it wasn't number two it was number</p>
  <p time="89220" is_ac="true">one uh the number two was actually</p>
  <p time="91080" is_ac="true">buccano as well so two of the most</p>
  <p time="93240" is_ac="true">photographed restaurants in the United</p>
  <p time="94320" is_ac="true">States are here at the Caesars Palace by</p>
  <p time="96780" is_ac="true">number one is here at Hell's Kitchen and</p>
  <p time="98759" is_ac="true">number two is a buck on a buffet so they</p>
  <p time="100500" is_ac="true">have kind of like the Fire and Ice going</p>
  <p time="101939" is_ac="true">here and all of the chefs have a red</p>
  <p time="104579" is_ac="true">bandana I believe it was from the Phil I</p>
  <p time="106560" is_ac="true">never actually got to watch it so</p>
  <p time="107880" is_ac="true">impressions of this restaurant is a</p>
  <p time="109439" is_ac="true">really nice place it's nicely well lit</p>
  <p time="111180" is_ac="true">you have nice ceiling here you have a</p>
  <p time="113520" is_ac="true">cool display here where the kitchen is</p>
  <p time="115079" is_ac="true">it's like an open kitchens place you</p>
  <p time="116579" is_ac="true">also have a view of the strip so if</p>
  <p time="118680" is_ac="true">you're lucky enough or maybe if you ask</p>
  <p time="120240" is_ac="true">for it you can sit by the window and you</p>
  <p time="122159" is_ac="true">have a really nice view of the strip and</p>
  <p time="123960" is_ac="true">also get to see the rest of the</p>
  <p time="125399" is_ac="true">restaurant as well all right so we just</p>
  <p time="126719" is_ac="true">got our drink and this is a notes from</p>
  <p time="128039" is_ac="true">Gordon drink it's a refreshing gin drink</p>
  <p time="130440" is_ac="true">and I'm excited to see what this says</p>
  <p time="133319" is_ac="true">kind of reminds me of like a Chinese</p>
  <p time="136040" is_ac="true">yeah the turkey is so raw it just shot</p>
  <p time="140160" is_ac="true">down a Russian jet oh my God okay so</p>
  <p time="143640" is_ac="true">those are probably like quotes from the</p>
  <p time="146040" is_ac="true">TV show right when he's yelling at</p>
  <p time="147420" is_ac="true">people</p>
  <p time="150420" is_ac="true">so that's pretty neat I also know that</p>
  <p time="152220" is_ac="true">they have like like a smoky drink and</p>
  <p time="154379" is_ac="true">other like cool presentations like that</p>
  <p time="155940" is_ac="true">so if you're like old-fashioned</p>
  <p time="157319" is_ac="true">definitely hit up that no straw though</p>
  <p time="159060" is_ac="true">there's a shot all right</p>
  <p time="161519" is_ac="true">oh this is so good it kind of tastes</p>
  <p time="163739" is_ac="true">like lychee</p>
  <p time="165239" is_ac="true">this is so good check it out</p>
  <p time="172160" is_ac="true">that is good wow it's like very</p>
  <p time="174900" is_ac="true">refreshing all right and here we have</p>
  <p time="176519" is_ac="true">some starters we have the Foy bra right</p>
  <p time="178860" is_ac="true">here we have some cherries nuts right</p>
  <p time="181200" is_ac="true">here I think this is an English muffin</p>
  <p time="182940" is_ac="true">and then the actual full grown up here</p>
  <p time="185700" is_ac="true">which is I believe it's duck liver so</p>
  <p time="187379" is_ac="true">it's a bit smaller than I was expecting</p>
  <p time="188940" is_ac="true">but the presentation is top class so</p>
  <p time="191099" is_ac="true">here we have the steak Sartor a lot of</p>
  <p time="192540" is_ac="true">people don't like steak Sartor because</p>
  <p time="193860" is_ac="true">it's basically raw meat but it's very</p>
  <p time="196260" is_ac="true">high quality raw meat and then here we</p>
  <p time="198599" is_ac="true">have some of like basically caviar but</p>
  <p time="201420" is_ac="true">it's like imitation caviar that's what</p>
  <p time="203280" is_ac="true">they call it truffle pearls right here</p>
  <p time="204900" is_ac="true">all right mix them up</p>
  <p time="208379" is_ac="true">all right so this is basically a Patty</p>
  <p time="210420" is_ac="true">right here dude there's like a caveman</p>
  <p time="212760" is_ac="true">thing in me that I absolutely love</p>
  <p time="214500" is_ac="true">tartar I can smell the Truffle from here</p>
  <p time="216840" is_ac="true">let's go like this like if it was a</p>
  <p time="218459" is_ac="true">salsa like a dip yeah yeah</p>
  <p time="220739" is_ac="true">there you go</p>
  <p time="222900" is_ac="true">classy man</p>
  <p time="225659" is_ac="true">let me get in there hell yeah</p>
  <p time="231500" is_ac="true">I haven't had steak tartar in like</p>
  <p time="234019" is_ac="true">months maybe close to a year</p>
  <p time="237299" is_ac="true">I love the strong truffle flavor this is</p>
  <p time="240000" is_ac="true">fantastic very good texture</p>
  <p time="243120" is_ac="true">a lot of complicated flavors I wish I</p>
  <p time="245459" is_ac="true">could get bigger spoonfuls of this but I</p>
  <p time="247920" is_ac="true">would eat it all in one bite you don't</p>
  <p time="249540" is_ac="true">even feel like you're eating raw meat</p>
  <p time="250860" is_ac="true">because there's a lot of flavors that</p>
  <p time="252599" is_ac="true">really you know</p>
  <p time="253860" is_ac="true">make it appealing for the slimy texture</p>
  <p time="256260" is_ac="true">to be like swallow plus like these</p>
  <p time="258780" is_ac="true">little</p>
  <p time="259500" is_ac="true">um what are they called like chips of</p>
  <p time="261720" is_ac="true">some sort are delicious they give you</p>
  <p time="263940" is_ac="true">you know that nice crunch that you're</p>
  <p time="265320" is_ac="true">looking for oh yes sir oh my God we got</p>
  <p time="268800" is_ac="true">a big one dude get a big one if you gave</p>
  <p time="270840" is_ac="true">me like a gallon of steak tartare dude</p>
  <p time="274620" is_ac="true">I'd go in it'd be easy to do a carnivore</p>
  <p time="277139" is_ac="true">diet if that's what your diet like was</p>
  <p time="279060" is_ac="true">made of but let's do it</p>
  <p time="283560" is_ac="true">oh look at this duck liver super fat if</p>
  <p time="288000" is_ac="true">you want to like scar yourself check out</p>
  <p time="289860" is_ac="true">how they make</p>
  <p time="291720" is_ac="true">um this foi Gras like the process of</p>
  <p time="293880" is_ac="true">what they do to the duck I think there's</p>
  <p time="295860" is_ac="true">also honey in this English muffin let's</p>
  <p time="297960" is_ac="true">go for a bite I'm gonna get some of the</p>
  <p time="299520" is_ac="true">nests as well</p>
  <p time="302380" is_ac="true">[Music]</p>
  <p time="305160" is_ac="true">I love you I love this um</p>
  <p time="308699" is_ac="true">if you eat the dog liver by itself way</p>
  <p time="311280" is_ac="true">too fatty then you add like some like</p>
  <p time="313919" is_ac="true">carb component like the English muffin</p>
  <p time="315900" is_ac="true">it's good you add the nut nice crunch</p>
  <p time="318600" is_ac="true">but then what really really tops it up</p>
  <p time="320820" is_ac="true">are the cherries you add the cherries to</p>
  <p time="323160" is_ac="true">this if they're super sweet but it just</p>
  <p time="326639" is_ac="true">brings everything together it takes it</p>
  <p time="328860" is_ac="true">home like when you were talking about a</p>
  <p time="330300" is_ac="true">lot of flavors here with the steak</p>
  <p time="331380" is_ac="true">tartar this is absolutely nuts it's a</p>
  <p time="333780" is_ac="true">lot smaller than I thought so maybe like</p>
  <p time="334979" is_ac="true">two more bites</p>
  <p time="337420" is_ac="true">[Music]</p>
  <p time="339380" is_ac="true">make sure to get that cherry dude it's</p>
  <p time="341759" is_ac="true">gonna get fatty</p>
  <p time="348620" is_ac="true">let's put some cherries on it yeah the</p>
  <p time="351600" is_ac="true">only thing fattier than that that I've</p>
  <p time="352919" is_ac="true">eaten before was uh bone marrow all</p>
  <p time="354780" is_ac="true">right so just a quick observation is</p>
  <p time="356340" is_ac="true">that their menu is a bit small right</p>
  <p time="358440" is_ac="true">there's not a whole lot of things to</p>
  <p time="359400" is_ac="true">pick from although what we've had was</p>
  <p time="360720" is_ac="true">fantastic I would definitely recommend</p>
  <p time="362160" is_ac="true">that steak tartare if you like to say</p>
  <p time="364020" is_ac="true">tartare the full grout was really good</p>
  <p time="365940" is_ac="true">although I've had better in my</p>
  <p time="367919" is_ac="true">experience but I've either of those</p>
  <p time="369720" is_ac="true">items are going to be delicious now</p>
  <p time="371100" is_ac="true">we're waiting obviously for the beef</p>
  <p time="372419" is_ac="true">wellington this is probably the most</p>
  <p time="374220" is_ac="true">photographed thing on earth as far as</p>
  <p time="376259" is_ac="true">food goes so let's get it going</p>
  <p time="379080" is_ac="true">other side of baked mac and cheese</p>
  <p time="382220" is_ac="true">it is very very hot okay guys and then</p>
  <p time="386220" is_ac="true">that's the kitchen Beef Wellington</p>
  <p time="387979" is_ac="true">potatoes paper vegetables all right so</p>
  <p time="390600" is_ac="true">we went ahead and got the star of the</p>
  <p time="392460" is_ac="true">show and that is the beat Wellington</p>
  <p time="394620" is_ac="true">check this out this is like Gordon</p>
  <p time="396840" is_ac="true">Ramsay's probably most famous dish out</p>
  <p time="398759" is_ac="true">of all of his restaurants so we have</p>
  <p time="400440" is_ac="true">some fillets they cook medium rare we</p>
  <p time="402600" is_ac="true">have a layer of pate and then another</p>
  <p time="405660" is_ac="true">layer of pastry which is obviously</p>
  <p time="407819" is_ac="true">cooked in the oven not to mentioned we</p>
  <p time="410280" is_ac="true">have potato puree here and some veggies</p>
  <p time="412500" is_ac="true">I was actually expecting it to be a</p>
  <p time="414120" is_ac="true">little bit bigger this is the first time</p>
  <p time="415199" is_ac="true">I ever see it in person but let's get it</p>
  <p time="417720" is_ac="true">going dude all right then we also have</p>
  <p time="419160" is_ac="true">some mac and cheese here this looks</p>
  <p time="421020" is_ac="true">absolutely delicious but let's get</p>
  <p time="423780" is_ac="true">started with the beef wellington all</p>
  <p time="425639" is_ac="true">right let's go all right the bread on</p>
  <p time="428100" is_ac="true">the outside very soft</p>
  <p time="431900" is_ac="true">we're moving to the meat very tender</p>
  <p time="435770" is_ac="true">[Music]</p>
  <p time="439080" is_ac="true">look at that</p>
  <p time="440759" is_ac="true">so there's not like a</p>
  <p time="442380" is_ac="true">it is you know it's not like a burger</p>
  <p time="444780" is_ac="true">you have to cut it oh yeah the inside</p>
  <p time="447539" is_ac="true">very tender super red the way meat</p>
  <p time="449880" is_ac="true">should be</p>
  <p time="452280" is_ac="true">foreign</p>
  <p time="458240" is_ac="true">that's fantastic that Pate layer that it</p>
  <p time="461880" is_ac="true">has on the outside is unreal the</p>
  <p time="465599" is_ac="true">composition of the whole Beef Wellington</p>
  <p time="467460" is_ac="true">it did break apart because you know the</p>
  <p time="469620" is_ac="true">pastry gets a little soggy with the with</p>
  <p time="471599" is_ac="true">the moisture of the meat but honestly it</p>
  <p time="474599" is_ac="true">is so delicious very tender meat so</p>
  <p time="477120" is_ac="true">anything that's like a like a tortilla</p>
  <p time="478979" is_ac="true">or bread or something like that with a</p>
  <p time="481800" is_ac="true">piece of protein to me that's an amazing</p>
  <p time="483840" is_ac="true">combination this is creamy it has a nice</p>
  <p time="485940" is_ac="true">bite really good taste I was getting</p>
  <p time="487979" is_ac="true">ready to like you know bash on it if it</p>
  <p time="490080" is_ac="true">wasn't good but no I can't I can't do</p>
  <p time="491759" is_ac="true">that potato Curry delicious let's try</p>
  <p time="496259" is_ac="true">the mac and cheese</p>
  <p time="498800" is_ac="true">oh yes daddy yes Daddy</p>
  <p time="505099" is_ac="true">this is a very good mac and cheese nice</p>
  <p time="507419" is_ac="true">crunchy on top</p>
  <p time="508879" is_ac="true">after trying this Beef Wellington I</p>
  <p time="511199" is_ac="true">wouldn't expect anything else this is</p>
  <p time="512640" is_ac="true">fantastic really really happy so far</p>
  <p time="530839" is_ac="true">oh that was cauliflower yeah it was</p>
  <p time="534899" is_ac="true">Scoops that's weird but I respect the</p>
  <p time="537120" is_ac="true">creativity</p>
  <p time="539760" is_ac="true">all right ladies and gentlemen and we</p>
  <p time="541620" is_ac="true">have made it to dessert and here we have</p>
  <p time="543360" is_ac="true">the sticky toffee pudding which is what</p>
  <p time="545940" is_ac="true">they're known for here is their most</p>
  <p time="547320" is_ac="true">popular dessert oh</p>
  <p time="549300" is_ac="true">Yes Yes actually here you guys record it</p>
  <p time="552060" is_ac="true">because it looks really good ready yep</p>
  <p time="554399" is_ac="true">thank you guys for coming in today thank</p>
  <p time="556800" is_ac="true">you for having us look at that</p>
  <p time="559399" is_ac="true">that's pretty cool</p>
  <p time="561920" is_ac="true">what is this like coconut ice cream sure</p>
  <p time="565200" is_ac="true">yeah basically that's what she said</p>
  <p time="567600" is_ac="true">sorbet I can't do this</p>
  <p time="569240" is_ac="true">[Music]</p>
  <p time="571820" is_ac="true">it's Gordon Ramsay's mom's a recipe here</p>
  <p time="575459" is_ac="true">we have some what is this ice cream on</p>
  <p time="577320" is_ac="true">top this is gonna look delicious any ice</p>
  <p time="580740" is_ac="true">cream and like bread combination is my</p>
  <p time="584700" is_ac="true">absolute favorite let's go</p>
  <p time="588120" is_ac="true">[Music]</p>
  <p time="589519" is_ac="true">dude get out of here</p>
  <p time="592160" is_ac="true">get open</p>
  <p time="594620" is_ac="true">this</p>
  <p time="596180" is_ac="true">it's nuts dude it's nuts I I don't want</p>
  <p time="600959" is_ac="true">to exaggerate all right I'll keep it</p>
  <p time="602820" is_ac="true">together</p>
  <p time="605000" is_ac="true">this is unreal</p>
  <p time="607440" is_ac="true">good I don't know what type of ice cream</p>
  <p time="609120" is_ac="true">that is extremely sweet though I love</p>
  <p time="611640" is_ac="true">super sweet things</p>
  <p time="613260" is_ac="true">I could probably finish that whole thing</p>
  <p time="614640" is_ac="true">but dude it has a strong bold like</p>
  <p time="617220" is_ac="true">caramel type of flavor which is probably</p>
  <p time="619440" is_ac="true">the toffee right I think it's I think</p>
  <p time="621180" is_ac="true">it's like coconut sorbet here it's a</p>
  <p time="623040" is_ac="true">super cool presentation they give it to</p>
  <p time="624839" is_ac="true">you in an actual coconut they pour some</p>
  <p time="627060" is_ac="true">water here this I believe there's some</p>
  <p time="628620" is_ac="true">dry ice underneath and it gives it gives</p>
  <p time="631080" is_ac="true">you a nice little show here like this is</p>
  <p time="633360" is_ac="true">legit a coconut coconut shavings on top</p>
  <p time="636560" is_ac="true">we got some pieces here what is this</p>
  <p time="639839" is_ac="true">some sort of biscuit or cookie yeah this</p>
  <p time="642959" is_ac="true">isn't too heavy this is uh you know like</p>
  <p time="646079" is_ac="true">sorbet sorbet is like a lot more</p>
  <p time="647579" is_ac="true">water-based obviously this is the most</p>
  <p time="650100" is_ac="true">tropical dessert on the Las Vegas Strip</p>
  <p time="652760" is_ac="true">This is what Hawaii would taste like if</p>
  <p time="655320" is_ac="true">Hawaii had a taste this is nuts baby</p>
  <p time="657320" is_ac="true">what a dude what a meal</p>
  <p time="660060" is_ac="true">actual coconut</p>
  <p time="661620" is_ac="true">let's go</p>
  <p time="666000" is_ac="true">yeah it's okay yeah</p>
  <p time="672000" is_ac="true">do you know coconuts kill a lot of</p>
  <p time="673920" is_ac="true">humans per year you're just walking</p>
  <p time="675540" is_ac="true">around the beach and then a coconut hits</p>
  <p time="676980" is_ac="true">your head and you die</p>
  <p time="678899" is_ac="true">death by coconut all right guys so that</p>
  <p time="681420" is_ac="true">is a wrap up here at Hell's Kitchen the</p>
  <p time="683579" is_ac="true">food was delicious and I definitely</p>
  <p time="685560" is_ac="true">recommend this place I did think however</p>
  <p time="687360" is_ac="true">that the food was a bit overpriced but</p>
  <p time="690060" is_ac="true">uh to be honest like that's Vegas and</p>
  <p time="692100" is_ac="true">you come into a celebrity chef it's</p>
  <p time="693540" is_ac="true">basically one of the biggest restaurants</p>
  <p time="694680" is_ac="true">in Vegas so with all that being said</p>
  <p time="696839" is_ac="true">don't forget to make a reservation</p>
  <p time="698339" is_ac="true">because you have to like book weeks or</p>
  <p time="700380" is_ac="true">months ahead thank you guys so much for</p>
  <p time="701760" is_ac="true">watching if you found any value in this</p>
  <p time="703320" is_ac="true">video whatsoever please remember to give</p>
  <p time="704760" is_ac="true">this video a like consider subscribing</p>
  <p time="706200" is_ac="true">to the channel if you haven't already</p>
  <p time="707279" is_ac="true">and then comment down below questions</p>
  <p time="708959" is_ac="true">comments concerns or you know where</p>
  <p time="710940" is_ac="true">other restaurant you think I should</p>
  <p time="712200" is_ac="true">feature in this channel thank you guys</p>
  <p time="713579" is_ac="true">and I'll see you on the next time peace</p>
  <p time="717120" is_ac="true">thank you</p>
  <p time="718280" is_ac="true">[Music]</p>
</text>
