<?xml version='1.0' encoding='UTF-8'?>
<text date_d="19" date_m="12" date_y="2023" format="srv3" age_limit="0" comment_count="21" description="subscribe &amp; try out GORDON RAMSAY HELL'S KITCHEN with us! In today's video we will eat at one of the new GORDON RAMSAY's restaurant -- Hell's Kitchen in Caesars Palace Las Vegas~ Is it good? Let's check it out!&#10;https://www.gordonramsayrestaurants.com/en/us/hells-kitchen/locations&#10;&#10;Check out my other Las Vegas Must Try food videos:&#10;Trying LAS VEGAS Din Tai Fung! BEST SOUP DUMPLINGS in LAS VEGAS? Din Tai Fung @ Aria&#10;https://youtu.be/njgiafg1aQI&#10;&#10;What's served at Wicked Spoon Buffet in Cosmopolitan Vegas? Best Buffets in Las Vegas?!&#10;https://youtu.be/NS5eUQKgzC0&#10;&#10;My YouTube filming gears &amp; My Amazon Favorites recommendations:&#10;https://www.amazon.com/shop/ms.ming?ref_=cm_sw_r_cp_ud_aipsfshop_aipsfms.ming_T4TNW4H4RCYFKNVWM0HQ&#10;&#10;Follow me Instagram: &#10;Lifestyle IG: https://www.instagram.com/msminglife/&#10;Foodie IG: https://www.instagram.com/foodiemsming/&#10;Music from https://share.epidemicsound.com/zjmcyc &#10;Music from https://app.hellothematic.com/?via=ming (affiliate link) &#10;&#10;Some links are affiliated with amazon.&#10;&#10;#gordonramsay #lasvegas #hellskitchen" fulltitle="GORDON RAMSAY HELL'S KITCHEN Las Vegas~ Caesars Palace| Best Food in Vegas" like_count="99" location="na" playlist_title="na" release_date="na" upload_date="20231219" repost_count="na" tags="gordon ramsay; las vegas; hell's kitchen; gordon ramsay kitchen nightmares; gordon ramsay steak; gordon ramsay hell’s kitchen funny; hells kitchen; hell's kitchen las vegas; gordon ramsay restaurant; beef wellington; best restaurants in las vegas; must try restaurants in las vegas; best food in las vegas; las vegas eats; new restaurants in las vegas; best food; food vlog; travel food vlog; what to eat at vegas; gordon ramsay restaurant las vegas; " title="GORDON RAMSAY HELL'S KITCHEN Las Vegas~ Caesars Palace| Best Food in Vegas" uploader="Ms. Ming, Ph.D." view_count="5424" webpage_url="https://www.youtube.com/watch?v=PHAefdFDI4o" autocaption="true">
  <p time="359" is_ac="true">hello guys welcome back to my channel if</p>
  <p time="3159" is_ac="true">this is your first time make sure you</p>
  <p time="4480" is_ac="true">subscribe we're here in Vegas and we are</p>
  <p time="7560" is_ac="true">here at the new Gordon reny's Restaurant</p>
  <p time="10800" is_ac="true">Hell's</p>
  <p time="12320" is_ac="true">Kitchen we made a reservation to diet in</p>
  <p time="15679" is_ac="true">for 11 o'clock is it as good is it as</p>
  <p time="18800" is_ac="true">good as the hyp let's check it out</p>
  <p time="20720" is_ac="true">Hell's Kitchen let's</p>
  <p time="22610" is_ac="true">[Music]</p>
  <p time="28960" is_ac="true">go</p>
  <p time="34620" is_ac="true">[Music]</p>
  <p time="56280" is_ac="true">so the beef wenon is the most famous one</p>
  <p time="59719" is_ac="true">is Gord reny signature dish we also have</p>
  <p time="63039" is_ac="true">the three course with one pairing $100</p>
  <p time="67680" is_ac="true">for the three courses and then you can</p>
  <p time="69840" is_ac="true">add for wine pairing so the three</p>
  <p time="72360" is_ac="true">courses are $100 and then you can choose</p>
  <p time="75400" is_ac="true">from the two appetizers and you get the</p>
  <p time="77799" is_ac="true">Beef Wellington and a dessert to the</p>
  <p time="80320" is_ac="true">toffee pudding or you can just choose</p>
  <p time="83320" is_ac="true">like by itself so the lobster rotto and</p>
  <p time="87360" is_ac="true">the pener scalloper they're special and</p>
  <p time="90600" is_ac="true">their ENT of course the beef wellington</p>
  <p time="92479" is_ac="true">is the famous one yeah one k three</p>
  <p time="94840" is_ac="true">horses and one just like ENT by and a</p>
  <p time="99040" is_ac="true">lobster Roto and a lobster R and a brel</p>
  <p time="102280" is_ac="true">sprout well I don't know I don't know if</p>
  <p time="104479" is_ac="true">we need BR we do there's no</p>
  <p time="106560" is_ac="true">sides let's see for the signature three</p>
  <p time="110399" is_ac="true">course menu we ordered the scallops</p>
  <p time="112680" is_ac="true">which comes in five and each scallop is</p>
  <p time="115200" is_ac="true">coated with scallion and a really nice</p>
  <p time="117119" is_ac="true">cream sauce underneath and a little bit</p>
  <p time="119000" is_ac="true">of the brown sauce</p>
  <p time="120640" is_ac="true">this is probably the best scallops I've</p>
  <p time="122479" is_ac="true">ever had um in terms of the texture it's</p>
  <p time="125000" is_ac="true">very very tender it's not overcooked at</p>
  <p time="127200" is_ac="true">all it's like perfectly browned and also</p>
  <p time="129920" is_ac="true">very very tender um Brandon said the</p>
  <p time="132080" is_ac="true">reason why it tastes so good is because</p>
  <p time="133760" is_ac="true">it's also high quality scallops it's</p>
  <p time="136000" is_ac="true">definitely better than the frozen ones</p>
  <p time="137480" is_ac="true">that we get from the grocery store and</p>
  <p time="139200" is_ac="true">it's perfectly seasoned and cook it's</p>
  <p time="141120" is_ac="true">definitely a must try the presentation</p>
  <p time="144200" is_ac="true">of the dish is also perfect the flavor</p>
  <p time="146760" is_ac="true">is Savory with a little bit of the</p>
  <p time="148640" is_ac="true">scallion flavor and it also tastes a</p>
  <p time="150959" is_ac="true">little bit of sweet I think the</p>
  <p time="152560" is_ac="true">sweetness comes from the sauce and the</p>
  <p time="154319" is_ac="true">scallop overall it's 10 out of 10 I will</p>
  <p time="157519" is_ac="true">definitely come back for this dish if</p>
  <p time="159640" is_ac="true">you love scallops definitely try this</p>
  <p time="161400" is_ac="true">out and also I felt like the portion is</p>
  <p time="163560" is_ac="true">pretty big enough as appetizer cuz a lot</p>
  <p time="166000" is_ac="true">of the other fanc of restaurant theyes</p>
  <p time="167440" is_ac="true">give you maybe two or three but they</p>
  <p time="168879" is_ac="true">give you five which is makes me really</p>
  <p time="170800" is_ac="true">happy all right the another must try</p>
  <p time="173159" is_ac="true">dish which is not in the signature three</p>
  <p time="175640" is_ac="true">course menu is the lobster RTO our Ser</p>
  <p time="178159" is_ac="true">we highly recommended it so we we</p>
  <p time="180000" is_ac="true">ordered it and it has a big piece of</p>
  <p time="181680" is_ac="true">lobster tail on top of the risoto it is</p>
  <p time="184519" is_ac="true">very creamy in terms of the texture the</p>
  <p time="186640" is_ac="true">Roto is perfectly flavored it also has</p>
  <p time="189080" is_ac="true">Scallon on top has a very nice Umami</p>
  <p time="191640" is_ac="true">flavor from the seafood but also from</p>
  <p time="194440" is_ac="true">the actual resultto itself it just the</p>
  <p time="196840" is_ac="true">whole meal just blend in together</p>
  <p time="199480" is_ac="true">Brendan actually loves this one even</p>
  <p time="201519" is_ac="true">more than the scallops which I</p>
  <p time="203400" is_ac="true">understand cuz I feel like we eat</p>
  <p time="205000" is_ac="true">scallops from other restaurants too but</p>
  <p time="206799" is_ac="true">very rarely they serve the lobster Roto</p>
  <p time="209000" is_ac="true">it's perfectly cocked highly highly</p>
  <p time="211360" is_ac="true">highly recommend if you love that creamy</p>
  <p time="213200" is_ac="true">risoto definitely get this one the</p>
  <p time="215840" is_ac="true">appetizers also came out really quickly</p>
  <p time="217920" is_ac="true">like almost like within 5 to 7 minutes</p>
  <p time="220480" is_ac="true">which is impressive for a m entree what</p>
  <p time="223280" is_ac="true">a must try is the beef wellon so of</p>
  <p time="226040" is_ac="true">course we ordered it that comes with the</p>
  <p time="228200" is_ac="true">Three core signature menu dish so Beef</p>
  <p time="231159" is_ac="true">Wellington is a traditional British dish</p>
  <p time="233319" is_ac="true">it is set to originate from the</p>
  <p time="235680" is_ac="true">1800s um after Wellington won a victory</p>
  <p time="238920" is_ac="true">in water load so the celebratory dish</p>
  <p time="241480" is_ac="true">became a classic that Rose from the</p>
  <p time="243159" is_ac="true">popularity as a fancy centerpiece served</p>
  <p time="245599" is_ac="true">at the dinner parties during the</p>
  <p time="247239" is_ac="true">holidays in the mid 1900s so basically</p>
  <p time="250480" is_ac="true">the dish centers around beef surrounded</p>
  <p time="252840" is_ac="true">by Pate mushrooms and some form of ham</p>
  <p time="255640" is_ac="true">that's wrapped in a puff pastry and</p>
  <p time="257560" is_ac="true">baked in the oven want it to be somewhat</p>
  <p time="259720" is_ac="true">like medium to medium rare maybe medium</p>
  <p time="262600" is_ac="true">well but at the same time maintain that</p>
  <p time="264560" is_ac="true">moisture as much as possible for the</p>
  <p time="267120" is_ac="true">Gordon renix kitchen you can tell that</p>
  <p time="269240" is_ac="true">the is very puffy very flaky and the</p>
  <p time="272560" is_ac="true">meat is kind of like medium rare it</p>
  <p time="275000" is_ac="true">looks super moist all right let's try it</p>
  <p time="277800" is_ac="true">also for the second dish we decided to</p>
  <p time="280160" is_ac="true">order the crispy skin salmon I don't</p>
  <p time="282280" is_ac="true">know since we already have the beef we</p>
  <p time="283800" is_ac="true">might as well get the seafood this one</p>
  <p time="285919" is_ac="true">it comes with some sort of cream sauce</p>
  <p time="287960" is_ac="true">and a little bit of lentils at the</p>
  <p time="289880" is_ac="true">bottom but the salmon skin is super</p>
  <p time="292960" is_ac="true">crispy that's like the signature of this</p>
  <p time="295199" is_ac="true">dish in terms of a salmon itself it's</p>
  <p time="297160" is_ac="true">just normal salmon it's not like</p>
  <p time="298840" is_ac="true">anything fancy or anything special but</p>
  <p time="301360" is_ac="true">the texture of the skin is super crispy</p>
  <p time="305320" is_ac="true">we also ordered two side dishes because</p>
  <p time="307759" is_ac="true">Brenda was under the impression that the</p>
  <p time="309720" is_ac="true">portion would be small but honestly the</p>
  <p time="311639" is_ac="true">portions are pretty big we actually had</p>
  <p time="313479" is_ac="true">to take these side dishes to go the</p>
  <p time="316240" is_ac="true">first one is the brussel sprouts with</p>
  <p time="317960" is_ac="true">thick bacon and the second one is the</p>
  <p time="320440" is_ac="true">mac and cheese um the mac and cheese</p>
  <p time="322479" is_ac="true">actually looks so good with like super</p>
  <p time="324280" is_ac="true">crispy cheese on top and it was also</p>
  <p time="326720" is_ac="true">recommended by our server all right now</p>
  <p time="329600" is_ac="true">let's give it a try let's try these</p>
  <p time="332840" is_ac="true">right guys so let's try the summon the</p>
  <p time="335680" is_ac="true">summon is like super crispy on the skin</p>
  <p time="339840" is_ac="true">more crispy R want the more crispy one</p>
  <p time="343160" is_ac="true">it's so crispy when you cut into it it's</p>
  <p time="346759" is_ac="true">so</p>
  <p time="351319" is_ac="true">crisy crispy it feels like the semma</p>
  <p time="353800" is_ac="true">skin is like fried or something the</p>
  <p time="357680" is_ac="true">flavor I feel like the flavor is like</p>
  <p time="359560" is_ac="true">very Norm that's yeah it tastes like</p>
  <p time="361440" is_ac="true">normal sandwich tastes like normal</p>
  <p time="362600" is_ac="true">sandwich but the skin is definely very</p>
  <p time="365080" is_ac="true">crispy the skin is very</p>
  <p time="369670" is_ac="true">[Music]</p>
  <p time="370880" is_ac="true">crispy let's try my little</p>
  <p time="374960" is_ac="true">big has a very nice</p>
  <p time="383440" is_ac="true">P the pastry just smells so good</p>
  <p time="388400" is_ac="true">honestly</p>
  <p time="390000" is_ac="true">M I like it a lot I think the past is</p>
  <p time="393520" is_ac="true">making it taste very very special super</p>
  <p time="396039" is_ac="true">flaky very</p>
  <p time="398039" is_ac="true">buttery it's the pastry smells so good</p>
  <p time="400599" is_ac="true">and the texture is so good has a lot of</p>
  <p time="402280" is_ac="true">flavor and texture like this is the</p>
  <p time="404759" is_ac="true">greatest invention do medium rare rare I</p>
  <p time="410400" is_ac="true">want say it's medium rare medium rare</p>
  <p time="412639" is_ac="true">medium rare the</p>
  <p time="415840" is_ac="true">sauce the sauce is really good what type</p>
  <p time="418000" is_ac="true">of sauce is it's a demig glaze but I'm</p>
  <p time="420360" is_ac="true">not sure huh I guess it's a demig glaze</p>
  <p time="422840" is_ac="true">but I'm not sure I just really like the</p>
  <p time="425160" is_ac="true">past there's a little bit more past</p>
  <p time="427560" is_ac="true">because it</p>
  <p time="428639" is_ac="true">just how Ste do you like</p>
  <p time="432520" is_ac="true">it h want to how would</p>
  <p time="435840" is_ac="true">you it's a</p>
  <p time="437720" is_ac="true">solid</p>
  <p time="439759" is_ac="true">eight well it's cooked well have good</p>
  <p time="443919" is_ac="true">flavor so has really good flavor how</p>
  <p time="446919" is_ac="true">would you do to make it even or</p>
  <p time="451360" is_ac="true">seasoning seasoning but I think is</p>
  <p time="453520" is_ac="true">actually really and I like it when my</p>
  <p time="455680" is_ac="true">steak is charm there's no</p>
  <p time="457599" is_ac="true">charm to make this CH but I really like</p>
  <p time="460400" is_ac="true">it I'll give this one n out of 10 but I</p>
  <p time="463319" is_ac="true">definitely think that be is better than</p>
  <p time="465360" is_ac="true">Su the sum has really good texture or</p>
  <p time="468080" is_ac="true">flavor Wise It's very like</p>
  <p time="470520" is_ac="true">generic right there's nothing</p>
  <p time="473080" is_ac="true">special to make that s i do make that</p>
  <p time="476319" is_ac="true">s but I can't make the yeah let's try to</p>
  <p time="480720" is_ac="true">L A little bit the</p>
  <p time="485440" is_ac="true">vegetables yeah the sizing salmon is not</p>
  <p time="489120" is_ac="true">my favorite I want to say the salmon</p>
  <p time="491080" is_ac="true">dish was just okay it's definitely very</p>
  <p time="494560" is_ac="true">crispy on the skin part I honestly don't</p>
  <p time="497039" is_ac="true">know how they make the skin so crispy</p>
  <p time="499199" is_ac="true">it's probably the secret of this dish</p>
  <p time="501479" is_ac="true">but in terms of the flavor it's just</p>
  <p time="503120" is_ac="true">like normal salmon flavor it's just the</p>
  <p time="505520" is_ac="true">normal flavor that Brandon always makes</p>
  <p time="507520" is_ac="true">at home so I actually didn't think the</p>
  <p time="509440" is_ac="true">salmon dish was anything special the</p>
  <p time="512000" is_ac="true">size and the sauce in the salmon dish</p>
  <p time="513880" is_ac="true">was like okay um it's good it's a little</p>
  <p time="516839" is_ac="true">bit creamy and it has lenos to the side</p>
  <p time="519680" is_ac="true">it has a little bit pickled vegetables</p>
  <p time="521519" is_ac="true">in there and the sauce is a little bit</p>
  <p time="523159" is_ac="true">sweet and sour but at the same time I</p>
  <p time="525640" is_ac="true">just felt like it was like okay I I feel</p>
  <p time="528959" is_ac="true">like the salmon dish I would give it</p>
  <p time="530480" is_ac="true">probably seven out of 10 I would eat</p>
  <p time="533360" is_ac="true">this again but it's not like a dish that</p>
  <p time="535480" is_ac="true">I would like I like oh I'm going to go</p>
  <p time="537440" is_ac="true">to H's kitchen just to get this salmon</p>
  <p time="540240" is_ac="true">it's like a good dish and it has some</p>
  <p time="543120" is_ac="true">special to it because of the skin but I</p>
  <p time="546040" is_ac="true">don't like to eat salmon skin in general</p>
  <p time="548240" is_ac="true">so it doesn't really appeal to me that</p>
  <p time="550560" is_ac="true">much so definitely I would go for the</p>
  <p time="552680" is_ac="true">beef wellington compared to the salmon</p>
  <p time="554920" is_ac="true">dish unless you don't eat beef in terms</p>
  <p time="557600" is_ac="true">of the beef well and 10 Brandon give</p>
  <p time="559440" is_ac="true">this dish 8.5 I want to give this n out</p>
  <p time="562680" is_ac="true">of 10 um so Brandon actually likes</p>
  <p time="565959" is_ac="true">charcoal steak he likes grilled steak</p>
  <p time="568920" is_ac="true">but say this particular steak is baked</p>
  <p time="571720" is_ac="true">cuz Beef Wellington is supposed to be</p>
  <p time="573480" is_ac="true">baked in the oven for like about 40</p>
  <p time="575760" is_ac="true">minutes so of course the texture of this</p>
  <p time="579360" is_ac="true">dish of the texture of the fillet is a</p>
  <p time="581120" is_ac="true">little bit different from like if you</p>
  <p time="582760" is_ac="true">grill the filet on the grill so that's</p>
  <p time="585560" is_ac="true">how that's why I think Brandon didn't</p>
  <p time="587320" is_ac="true">like it as much as me because I actually</p>
  <p time="591120" is_ac="true">hate the charcoal meat so to me this is</p>
  <p time="594279" is_ac="true">perfect it's so tender I love the</p>
  <p time="596720" is_ac="true">different layers in the beef wenon and I</p>
  <p time="599640" is_ac="true">love the puffed pastry it's so buttery</p>
  <p time="602200" is_ac="true">so flaky so puffy I just love this dish</p>
  <p time="606279" is_ac="true">um honestly I want to eat the pastry by</p>
  <p time="608279" is_ac="true">its own too cuz it's just so yummy so I</p>
  <p time="611200" is_ac="true">want to say this dish is definitely</p>
  <p time="613160" is_ac="true">worth trying it's n out of 10 like I</p>
  <p time="616240" is_ac="true">like it a lot and it's like a very good</p>
  <p time="618360" is_ac="true">ratio in terms of the beef fillet in the</p>
  <p time="620480" is_ac="true">middle and the different layers and the</p>
  <p time="622760" is_ac="true">different and also on the puff pastry on</p>
  <p time="625040" is_ac="true">the outside I actually don't eat beef</p>
  <p time="627360" is_ac="true">fallentin a lot so it's not like I've</p>
  <p time="629839" is_ac="true">eaten better Valentines than this so I</p>
  <p time="634000" is_ac="true">want to say like it's not like I have a</p>
  <p time="635600" is_ac="true">lot of these to compare with but I want</p>
  <p time="638079" is_ac="true">to say like I love the way they cook</p>
  <p time="640279" is_ac="true">this dish I love the flavor I love the</p>
  <p time="642360" is_ac="true">layers and I love the puff pastry the</p>
  <p time="648120" is_ac="true">most this brussel sprouts with all right</p>
  <p time="651600" is_ac="true">let's try the brussel sprouts they give</p>
  <p time="653279" is_ac="true">you a lot of bacon in there and those</p>
  <p time="655399" is_ac="true">are thick bacon the brussel sprouts are</p>
  <p time="657720" is_ac="true">not air Fred they're probably baked it's</p>
  <p time="659639" is_ac="true">a little bit on the soggier side in</p>
  <p time="661560" is_ac="true">terms of the</p>
  <p time="663820" is_ac="true">[Music]</p>
  <p time="666040" is_ac="true">texture BR SP are too</p>
  <p time="668680" is_ac="true">soggy BR are too</p>
  <p time="672000" is_ac="true">soggy say seven 6.5 the brussel sprouts</p>
  <p time="676800" is_ac="true">has good flavor but it's too soggy it's</p>
  <p time="678920" is_ac="true">not the best texture we give it 6.5 to 7</p>
  <p time="682320" is_ac="true">but let's try the mac and cheese it</p>
  <p time="684800" is_ac="true">looks so cheesy look at this look at the</p>
  <p time="687560" is_ac="true">cheese Crunch at the top and then I</p>
  <p time="689600" is_ac="true">think it's a little bit bacon on the top</p>
  <p time="691279" is_ac="true">with mac and cheese noodles it looks so</p>
  <p time="694279" is_ac="true">amazing let's give it a</p>
  <p time="696279" is_ac="true">try 9.5 this is</p>
  <p time="703160" is_ac="true">great Ser that's real good this is way I</p>
  <p time="707200" is_ac="true">definitely eat this it's very cheesy</p>
  <p time="710680" is_ac="true">it's very good text tons of flavor it's</p>
  <p time="713040" is_ac="true">Che if they use as real dip it's good so</p>
  <p time="715680" is_ac="true">I would say if you're working a side ja</p>
  <p time="718440" is_ac="true">think this</p>
  <p time="721480" is_ac="true">yeah this one is like not bad but I've</p>
  <p time="723680" is_ac="true">have better ones than this but mac and</p>
  <p time="725440" is_ac="true">cheese is definitely one of the best one</p>
  <p time="727120" is_ac="true">I would say the Bros sprow like it's</p>
  <p time="728760" is_ac="true">your a health like I'm definitely</p>
  <p time="730639" is_ac="true">needing it for the health</p>
  <p time="732399" is_ac="true">Factor there a little bit of like</p>
  <p time="734920" is_ac="true">cranberry almost like sweetness to The</p>
  <p time="737279" is_ac="true">Bu like sweet and sourness to</p>
  <p time="740320" is_ac="true">the but the texture of the St</p>
  <p time="744760" is_ac="true">like machine Flor wise is good texture</p>
  <p time="748079" is_ac="true">Wise It's like okay so</p>
  <p time="750959" is_ac="true">seven seven out of 10 but the matching</p>
  <p time="754199" is_ac="true">cheese</p>
  <p time="755240" is_ac="true">is the cheese on the top is very crispy</p>
  <p time="758120" is_ac="true">so definitely recommend the mac and Cheo</p>
  <p time="760560" is_ac="true">sticky toppy</p>
  <p time="762199" is_ac="true">pudding this is the</p>
  <p time="764360" is_ac="true">sticky toffee</p>
  <p time="766480" is_ac="true">pudding all right so this sticky toffee</p>
  <p time="769760" is_ac="true">pudding is just so good the texture is</p>
  <p time="772880" is_ac="true">very moist and sticky and I love the</p>
  <p time="775959" is_ac="true">toffee flavor it's sweet but I feel like</p>
  <p time="778079" is_ac="true">it's like a very balanced sweetness and</p>
  <p time="780560" is_ac="true">it also has like a little scoop of ice</p>
  <p time="782480" is_ac="true">cream on top and when you like scoop</p>
  <p time="784959" is_ac="true">into it it's just the perfect texture</p>
  <p time="788160" is_ac="true">and normally I don't eat toffee normally</p>
  <p time="790240" is_ac="true">I don't like eat dessert but this one is</p>
  <p time="793040" is_ac="true">just a gods in it's so good to the point</p>
  <p time="795760" is_ac="true">that even I couldn't resist and I'm not</p>
  <p time="798000" is_ac="true">even like a huge dessert person so this</p>
  <p time="800399" is_ac="true">is definitely a must try item from the</p>
  <p time="807760" is_ac="true">menu</p>
  <p time="809279" is_ac="true">it's super good it's actually super good</p>
  <p time="812959" is_ac="true">with the ice cream and I usually I don't</p>
  <p time="815399" is_ac="true">even like dessert this is actually</p>
  <p time="818800" is_ac="true">super are 10 out of 10 it's very nice</p>
  <p time="822639" is_ac="true">sticky</p>
  <p time="823800" is_ac="true">texture very soft</p>
  <p time="827680" is_ac="true">tender with a toffee flavor and ice</p>
  <p time="830320" is_ac="true">cream</p>
  <p time="832199" is_ac="true">flavor yeah let me</p>
  <p time="835519" is_ac="true">see it's super good yeah it's not too</p>
  <p time="840720" is_ac="true">sweet well it's super sweet it's sweet</p>
  <p time="843240" is_ac="true">but it's not like there's a ton of sweet</p>
  <p time="845199" is_ac="true">it's not like disgustingly sweet it's</p>
  <p time="847240" is_ac="true">like the perfect amount of</p>
  <p time="849040" is_ac="true">sweetness so good it's so good it's 10</p>
  <p time="851560" is_ac="true">out of 10 out of 10 out of 10 this is so</p>
  <p time="854320" is_ac="true">good but I've had this you've had this</p>
  <p time="856519" is_ac="true">before in other Gordon Ren's</p>
  <p time="858560" is_ac="true">restaurant yeah it's offered in other</p>
  <p time="861040" is_ac="true">Gordon Ren's restaurant too apparently</p>
  <p time="863440" is_ac="true">but it's super good I would eat this</p>
  <p time="867000" is_ac="true">again and I normally don't like the but</p>
  <p time="869000" is_ac="true">this one is 10 out</p>
  <p time="871740" is_ac="true">[Music]</p>
  <p time="875440" is_ac="true">of I think it tastes real good I would</p>
  <p time="877800" is_ac="true">definitely come back you would</p>
  <p time="878959" is_ac="true">definitely come back yeah as long as</p>
  <p time="880399" is_ac="true">you're willing to pay the price tast is</p>
  <p time="881839" is_ac="true">totally fine yeah the price is</p>
  <p time="884240" is_ac="true">definitely High to cost $100 per person</p>
  <p time="887440" is_ac="true">at least that's going to cost</p>
  <p time="889399" is_ac="true">$270 so no $100 per person at least but</p>
  <p time="894040" is_ac="true">we ordered more sies I feel like we</p>
  <p time="896480" is_ac="true">didn't need to order two SI we could</p>
  <p time="898040" is_ac="true">have just get one one something I think</p>
  <p time="899680" is_ac="true">it's probably $125 per person but I</p>
  <p time="903560" is_ac="true">think it's worth it to try at least be</p>
  <p time="906360" is_ac="true">expected since you eat at a celebrity</p>
  <p time="908160" is_ac="true">chef restaurant how it it's the service</p>
  <p time="911560" is_ac="true">is super fast and everything is so great</p>
  <p time="913800" is_ac="true">right yep we have a great dining</p>
  <p time="915279" is_ac="true">experience all right that's it for</p>
  <p time="916720" is_ac="true">today's video Thumbs Up And subscribe</p>
  <p time="918480" is_ac="true">and check out my other</p>
  <p time="920000" is_ac="true">Vegas and mother my other</p>
  <p time="923000" is_ac="true">vosses channel and I'll see you next</p>
  <p time="927600" is_ac="true">one</p>
  <p time="936810" is_ac="true">[Music]</p>
  <p time="945399" is_ac="true">he</p>
</text>
