<?xml version='1.0' encoding='UTF-8'?>
<text date_d="20" date_m="2" date_y="2023" format="srv3" age_limit="0" comment_count="324" description="Today we found a notable restaurant with OVER 15,000 5 STAR REVIEWS! This may be the biggest in the USA!&#10;Listen to my music: https://li.sten.to/notmyfriend&#10;&#10;Check out my snapchat show: https://story.snapchat.com/p/1e390bde-35ae-4d8f-b7d7-a3ecfc5a5179&#10;&#10; •MY GAMING CHANNEL: @BrennenTaylor &#10;https://youtu.be/_yNIlh3C6cw&#10;&#10;Text me: 323-405-9940&#10;&#10;FREE Spotify Playlist ► https://open.spotify.com/playlist/2FE6ofE15fQyN995nCOq9d&#10;&#10;Join the #TAYLORFAM ►http://bit.ly/SubscribeToBrennen &#10;Gordon Ramsay's NEW Restaruant ► https://www.youtube.com/watch?v=4a8eDnQd7JY&#10;MERCH ► http://www.BrennenTaylor.com/&#10;TikTok ► http://www.tiktok.com/@BrennenTaylor&#10;Facebook ► http://www.Facebook.com/BrennenTaylor&#10;Instagram ► http://www.instagram.com/Brennen&#10;Snapchat ►  http://www.snapchat.com/add/BrennenTaylor&#10;&#10;FOLLOW JAKE:&#10;► http://www.instagram.com/JakeTaylor&#10;► http://www.twitter.com/jakextaylor&#10;► http://www.tiktok.com/@jaketaylorx&#10;&#10;&#10;Hi I'm Brennen.  I've been eating food for 26 years. I'm basically a professional. Here is my Food Review:&#10;&#10;PO BOX: 3844 Chatsworth CA 91313-3844&#10;Business email ONLY: MGMT@BrennenTaylor.com&#10;&#10;Brennen Taylor best/worst reviewed videos of 1 star yelp restaurants and businesses series and his newly beloved viral tikok life hack tik tok lifehack series.Family friendly pg clean" fulltitle="HIGHEST RATED BBQ Restaurant in AMERICA! (15,000 / 5 STARS REVIEWS!)" like_count="7081" location="na" playlist_title="na" release_date="na" upload_date="20230220" repost_count="na" tags="brennentaylor; brennen taylor; brennen; taylor; taylorfam; foodie; food review; food video; brennen taylor best reviewed; brennen taylor food review; taylor bros; taylor boys; taylor bro; jake taylor; 15000 reviews; high rated; highly rated; highest rated; most reviewed; most reviewed restaurant; most reviewed restaurant in america; highest reviewed restaruant in amerca; phills bbq; phil's bbq; phil's bbq ribs; phil's bbq san diego; bbq; south; southern; beer chug; daily chug; " title="HIGHEST RATED BBQ Restaurant in AMERICA! (15,000 / 5 STARS REVIEWS!)" uploader="Brennen Taylor" view_count="262108" webpage_url="https://www.youtube.com/watch?v=9IwpFiXljZM" autocaption="true">
  <p time="0" is_ac="true">behind me is the highest rated barbecue</p>
  <p time="2700" is_ac="true">restaurant in the entire world let's go</p>
  <p time="4740" is_ac="true">see what makes it so famous come on</p>
  <p time="6550" is_ac="true">[Music]</p>
  <p time="14960" is_ac="true">really quick thing I want to point out</p>
  <p time="16800" is_ac="true">is on there it says that we have 3 700</p>
  <p time="19140" is_ac="true">five star reviews a little outdated now</p>
  <p time="20760" is_ac="true">it has 15 000. hello how are you this is</p>
  <p time="24539" is_ac="true">our first sign in here but we see how</p>
  <p time="25980" is_ac="true">famous you guys are so we want to try it</p>
  <p time="27720" is_ac="true">for ourselves welcome thank you they do</p>
  <p time="30000" is_ac="true">put sauce on all of our meat Gary we</p>
  <p time="31980" is_ac="true">need it on the side just let me know for</p>
  <p time="33899" is_ac="true">you okay amazing so I think we</p>
  <p time="35399" is_ac="true">definitely want to get barbecue bro ham</p>
  <p time="36960" is_ac="true">okay good choice it is okay that we want</p>
  <p time="39899" is_ac="true">to get the fill Buster as well okay yeah</p>
  <p time="42180" is_ac="true">do you have like a platter of like</p>
  <p time="43559" is_ac="true">different stuff or no it's all just well</p>
  <p time="45480" is_ac="true">we do have common stations of like pork</p>
  <p time="47460" is_ac="true">and chicken or beef and chicken and you</p>
  <p time="49559" is_ac="true">can add meat to it if you'd like like if</p>
  <p time="51180" is_ac="true">you want to just add a little bit of</p>
  <p time="52140" is_ac="true">tri-tip or sausage link for the free</p>
  <p time="54780" is_ac="true">drinks okay okay you guys so we're in</p>
  <p time="56940" is_ac="true">this barbecue spot and I really like the</p>
  <p time="59039" is_ac="true">Vibes in here it definitely feels like a</p>
  <p time="60840" is_ac="true">barbecue spot yeah I was expecting more</p>
  <p time="62940" is_ac="true">of like a shock this is like a</p>
  <p time="64500" is_ac="true">full-blown restaurant right every place</p>
  <p time="66180" is_ac="true">you went to in like Arizona and Texas</p>
  <p time="67860" is_ac="true">and stuff they were like very small</p>
  <p time="69479" is_ac="true">exactly huge this could probably fit</p>
  <p time="71340" is_ac="true">like 500 people there's a bar over</p>
  <p time="72720" is_ac="true">there's a whole separate side that has a</p>
  <p time="74280" is_ac="true">bar I like the way that they decorate</p>
  <p time="75780" is_ac="true">they're trying to show you that barbecue</p>
  <p time="77340" is_ac="true">is for everyone the way that they have</p>
  <p time="78780" is_ac="true">the different ways of pronunciation it</p>
  <p time="80460" is_ac="true">says many ways to spell it many ways to</p>
  <p time="82140" is_ac="true">cook it but in my head there's only one</p>
  <p time="83820" is_ac="true">way to eat it and that's through your</p>
  <p time="85020" is_ac="true">mouth and I'm ready to indulge so before</p>
  <p time="87119" is_ac="true">we get into this Jake's not ever really</p>
  <p time="88979" is_ac="true">a huge fan of barbecue food I love</p>
  <p time="90659" is_ac="true">barbecue food we got our beers here</p>
  <p time="92400" is_ac="true">because we are considering moving to the</p>
  <p time="94259" is_ac="true">South and that's what barbecue is from</p>
  <p time="95700" is_ac="true">so I think we're gonna play a little</p>
  <p time="96659" is_ac="true">game okay I'm gonna start a timer on our</p>
  <p time="98400" is_ac="true">phone and we're gonna have the daily</p>
  <p time="100140" is_ac="true">chug this is something that'll be</p>
  <p time="101579" is_ac="true">reoccurring if you guys want it we're</p>
  <p time="102900" is_ac="true">gonna try to become speed drinkers so</p>
  <p time="105119" is_ac="true">are you ready to open up that all right</p>
  <p time="107159" is_ac="true">you ready we're gonna take the whole</p>
  <p time="108420" is_ac="true">thing down this is gonna loosen us up</p>
  <p time="110040" is_ac="true">for this I did get a little skim though</p>
  <p time="111720" is_ac="true">compared to yours you got a little sip I</p>
  <p time="114119" is_ac="true">do have a little something you gotta</p>
  <p time="115860" is_ac="true">make sure we're even fair it's even okay</p>
  <p time="117360" is_ac="true">here we go three two one</p>
  <p time="123560" is_ac="true">foreign</p>
  <p time="129860" is_ac="true">he was drinking the lightest beer they</p>
  <p time="131940" is_ac="true">have I was drinking an IPA which is</p>
  <p time="133620" is_ac="true">hoppy you cannot chug this if you wanted</p>
  <p time="135540" is_ac="true">to it's not the same thing two I thought</p>
  <p time="137520" is_ac="true">he was drinking so fast that I was going</p>
  <p time="138959" is_ac="true">like this looking to stop the timer so</p>
  <p time="141120" is_ac="true">we needed a third party to be the timer</p>
  <p time="142560" is_ac="true">I can't be in control on this daily chug</p>
  <p time="145379" is_ac="true">you guys if I put on the screen there's</p>
  <p time="146879" is_ac="true">one or two options here it was either in</p>
  <p time="148620" is_ac="true">the one second Mark or the four second</p>
  <p time="150180" is_ac="true">Mark either is both equally sick my new</p>
  <p time="153480" is_ac="true">name is Jake Chestnut I'm the fastest</p>
  <p time="155459" is_ac="true">Beer Drinker in the world you're not I</p>
  <p time="157080" is_ac="true">am you're burning I finished it so let</p>
  <p time="158940" is_ac="true">us know if you guys want this to be a</p>
  <p time="160020" is_ac="true">reoccurring thing but I think the food</p>
  <p time="161400" is_ac="true">is coming so let's check this out either</p>
  <p time="162900" is_ac="true">help me bring it to the table right</p>
  <p time="164280" is_ac="true">there all of this man is it all of this</p>
  <p time="166940" is_ac="true">oh just these okay damn I was about to</p>
  <p time="169440" is_ac="true">say</p>
  <p time="172980" is_ac="true">okay you guys so we got the food it</p>
  <p time="175140" is_ac="true">looks absolutely unreal like this looks</p>
  <p time="177540" is_ac="true">like it's straight out of a movie I got</p>
  <p time="179099" is_ac="true">barbecues on my elbow already I don't</p>
  <p time="180599" is_ac="true">know how it's getting everywhere you</p>
  <p time="182160" is_ac="true">can't not like touch anything so what do</p>
  <p time="184260" is_ac="true">I have right in front of my hand is a</p>
  <p time="185640" is_ac="true">giant beef rib and what do you got right</p>
  <p time="187560" is_ac="true">there and I got the Philly Buster oof</p>
  <p time="189780" is_ac="true">looks insane these are award-winning</p>
  <p time="192120" is_ac="true">both of these they're known for their</p>
  <p time="193860" is_ac="true">ribs but they have award-winning</p>
  <p time="195360" is_ac="true">sandwiches here so let's try both of</p>
  <p time="197159" is_ac="true">them let's dig in shall we one bite</p>
  <p time="201840" is_ac="true">oh that's gotta be the best riddle I've</p>
  <p time="203940" is_ac="true">ever had in my life cool this good fall</p>
  <p time="206220" is_ac="true">off the boat look at this all that meat</p>
  <p time="208620" is_ac="true">oh</p>
  <p time="211080" is_ac="true">oh I can swallow it I don't even need</p>
  <p time="213060" is_ac="true">teeth I know he's fatty and juicy</p>
  <p time="214500" is_ac="true">perfect sauce perfect amount of sauce on</p>
  <p time="216300" is_ac="true">there it's wet it takes over your mouth</p>
  <p time="218099" is_ac="true">very fatty very tasty very juicy man the</p>
  <p time="220799" is_ac="true">burger is great looks like Carl's Jr</p>
  <p time="222480" is_ac="true">Bacon Western Cheeseburger on steroids</p>
  <p time="225000" is_ac="true">you taste the Char from the grill which</p>
  <p time="227340" is_ac="true">gives you like a smoky welcoming you</p>
  <p time="229739" is_ac="true">think you're back home at your at your</p>
  <p time="231239" is_ac="true">family's house in Texas that you've</p>
  <p time="232440" is_ac="true">never been to Texas it's that good old</p>
  <p time="234060" is_ac="true">southern charm that comes with this food</p>
  <p time="235920" is_ac="true">man that's the reason why I want to live</p>
  <p time="237540" is_ac="true">breed out here there's something about</p>
  <p time="239519" is_ac="true">this food that just makes you feel good</p>
  <p time="241140" is_ac="true">this is the stuff that puts you to sleep</p>
  <p time="242640" is_ac="true">this is the stuff you got to be careful</p>
  <p time="244080" is_ac="true">eating for lunch like we're doing right</p>
  <p time="245819" is_ac="true">now because this thing is gonna put you</p>
  <p time="247140" is_ac="true">out for the rest of the night pass a</p>
  <p time="248700" is_ac="true">napkin for me brother thank you ma'am</p>
  <p time="250980" is_ac="true">all right let's swap man that rib is so</p>
  <p time="253260" is_ac="true">good so many you almost ate the whole</p>
  <p time="255000" is_ac="true">thing like there's so much meat on there</p>
  <p time="256680" is_ac="true">so what's interesting about this</p>
  <p time="257820" is_ac="true">sandwich is you can see it has a classic</p>
  <p time="260100" is_ac="true">burger meat on there as well as what is</p>
  <p time="262680" is_ac="true">pulled pork or something on top bacon</p>
  <p time="264600" is_ac="true">double Patty wow onion rings oh this is</p>
  <p time="266940" is_ac="true">insane that's insane right is what they</p>
  <p time="268919" is_ac="true">call Carl's Jr's motto if it's not all</p>
  <p time="270479" is_ac="true">over the place it does Below in your</p>
  <p time="271979" is_ac="true">face this one too here we go</p>
  <p time="275639" is_ac="true">and this is what they're known for these</p>
  <p time="277380" is_ac="true">ribs oh Mom oh my God man their meat</p>
  <p time="281100" is_ac="true">here is just so good everything is</p>
  <p time="283080" is_ac="true">smoked you get that residual Smoky taste</p>
  <p time="285600" is_ac="true">on everything you eat from the ribs to</p>
  <p time="287160" is_ac="true">the tri-tip pulled pork whatever that is</p>
  <p time="288720" is_ac="true">just down to their patties their bacon</p>
  <p time="290940" is_ac="true">everything tastes Smoky 100 I'm really</p>
  <p time="293280" is_ac="true">curious about the tri-tapers tri-tip</p>
  <p time="294840" is_ac="true">tastes a long time to cook sometimes</p>
  <p time="296699" is_ac="true">like 10 15 hours does it really yeah</p>
  <p time="298860" is_ac="true">let's try it look at that y'all if your</p>
  <p time="300840" is_ac="true">mouth ain't watering at home I don't</p>
  <p time="302220" is_ac="true">know bills uses their own barbecue sauce</p>
  <p time="304680" is_ac="true">your face is a mess right now let's go</p>
  <p time="307259" is_ac="true">let's live my life</p>
  <p time="311720" is_ac="true">oh this might be better than Texas look</p>
  <p time="314580" is_ac="true">when we went to Texas we went to this</p>
  <p time="316020" is_ac="true">place called Killen's barbecue highly</p>
  <p time="318479" is_ac="true">ranked spice but nowhere did it have</p>
  <p time="320639" is_ac="true">close to 15 000 reviews like this place</p>
  <p time="323280" is_ac="true">this place is got to be the highest</p>
  <p time="324840" is_ac="true">reviewed place I've ever went to in my</p>
  <p time="326280" is_ac="true">entire life soon now we know why I think</p>
  <p time="328500" is_ac="true">this is better than the rib oh for sure</p>
  <p time="330419" is_ac="true">but these are the ribs we gotta try that</p>
  <p time="332100" is_ac="true">was the beef frame let's move on to the</p>
  <p time="333479" is_ac="true">pork ribs oh my God I hope you know the</p>
  <p time="335940" is_ac="true">number for 9-1-1 because I might need to</p>
  <p time="337860" is_ac="true">go to the emergency look at these okay</p>
  <p time="339539" is_ac="true">guys these are your classic Ribs Right</p>
  <p time="341220" is_ac="true">Here pork ribs coming straight out of a</p>
  <p time="342720" is_ac="true">pig let's see what they're like</p>
  <p time="346880" is_ac="true">oh my God there's sauce man their</p>
  <p time="349320" is_ac="true">Barbies are blowing my mind we should</p>
  <p time="350940" is_ac="true">got more a good amount of meat on there</p>
  <p time="352500" is_ac="true">it literally does fall off the bone no</p>
  <p time="354720" is_ac="true">scraping needed that's the clean bone</p>
  <p time="356520" is_ac="true">that is good but I prefer the cow I like</p>
  <p time="358680" is_ac="true">the beef too you get a lot more meat way</p>
  <p time="360479" is_ac="true">more tender I like the fatty it's</p>
  <p time="362220" is_ac="true">juicier yeah like look at all this fat</p>
  <p time="364020" is_ac="true">pure fat just but you know that's about</p>
  <p time="366660" is_ac="true">to be tasty geez that's a heart attack</p>
  <p time="368220" is_ac="true">waiting to happen right there let's pray</p>
  <p time="369840" is_ac="true">for Jake you guys</p>
  <p time="371220" is_ac="true">listen you guys we also got chicken and</p>
  <p time="374340" is_ac="true">this is off of the bone let's see how</p>
  <p time="376139" is_ac="true">good barbecue chicken is</p>
  <p time="381120" is_ac="true">oh it's plump it is a little dry real</p>
  <p time="383220" is_ac="true">dry because it's awesome except for it</p>
  <p time="384900" is_ac="true">it's plump though it's like thick pieces</p>
  <p time="386460" is_ac="true">of chicken breast and it didn't have the</p>
  <p time="387720" is_ac="true">sauce it would suck but I think when</p>
  <p time="388800" is_ac="true">you're coming here coming for ribs</p>
  <p time="389819" is_ac="true">you're coming here for like real</p>
  <p time="390780" is_ac="true">barbecue not chicken chicken's all right</p>
  <p time="392460" is_ac="true">all right so what is barbecue without</p>
  <p time="394199" is_ac="true">some sweet baked beans let's see what</p>
  <p time="396180" is_ac="true">they're like here if it tastes anything</p>
  <p time="397919" is_ac="true">like this sauce is gonna be amazing</p>
  <p time="401160" is_ac="true">oh that's home-cooked beans right here</p>
  <p time="403979" is_ac="true">sweet baked beans like really good beans</p>
  <p time="405780" is_ac="true">if we had a grandma from the south she'd</p>
  <p time="407580" is_ac="true">make beans like this didn't come with</p>
  <p time="409080" is_ac="true">that look at my hands you guys the</p>
  <p time="411000" is_ac="true">flavor here is incredible but look this</p>
  <p time="413039" is_ac="true">next sandwich I don't know if you were</p>
  <p time="414479" is_ac="true">to hand me this I'd be like hmm that</p>
  <p time="416340" is_ac="true">looks like a mess waiting to happen but</p>
  <p time="418500" is_ac="true">knowing that this is pork from the</p>
  <p time="420660" is_ac="true">shoulder you know this thing is about a</p>
  <p time="422220" is_ac="true">hit with flavor because my mama always</p>
  <p time="424020" is_ac="true">says I raised you to have a good head on</p>
  <p time="425520" is_ac="true">your shoulders and let's just say I hope</p>
  <p time="427319" is_ac="true">this pork had a good head on its</p>
  <p time="429060" is_ac="true">shoulders because now I'm about to eat</p>
  <p time="430020" is_ac="true">its shoulders I already got it look at</p>
  <p time="431280" is_ac="true">this thing you guys we're going for it</p>
  <p time="432600" is_ac="true">it's gonna fall apart if I hold it so</p>
  <p time="433919" is_ac="true">here we go it's got coleslaw in here</p>
  <p time="435539" is_ac="true">cheese this thing is massive</p>
  <p time="438120" is_ac="true">oh</p>
  <p time="440280" is_ac="true">oh [ __ ] oh that is the best sandwich</p>
  <p time="443580" is_ac="true">here holy [ __ ] yeah I'm going in again I</p>
  <p time="445860" is_ac="true">might have a heart attack they should</p>
  <p time="448020" is_ac="true">have a 9-1-1 button just as you press it</p>
  <p time="449940" is_ac="true">at your table I'm gonna need 400 napkins</p>
  <p time="452220" is_ac="true">you want a dirty napkin we gotta grab</p>
  <p time="454020" is_ac="true">for each other look guys I will say that</p>
  <p time="456240" is_ac="true">one's nice because you get the smokiness</p>
  <p time="457500" is_ac="true">you get the barbecue you get everything</p>
  <p time="458639" is_ac="true">like that and then get some crisp fresh</p>
  <p time="461160" is_ac="true">coleslaw a little bit little crunches to</p>
  <p time="463860" is_ac="true">it I will say one thing I point out</p>
  <p time="465300" is_ac="true">about this restaurant that I really do</p>
  <p time="466680" is_ac="true">enjoy is that each table comes with a</p>
  <p time="468720" is_ac="true">paper towel roll so you're never sitting</p>
  <p time="470639" is_ac="true">there with crazy barbecue hands waiting</p>
  <p time="472680" is_ac="true">for the server to come back you gotta</p>
  <p time="474060" is_ac="true">roll at your table and they're always</p>
  <p time="475080" is_ac="true">full that's something I can respect we</p>
  <p time="478199" is_ac="true">lost all this meat right there I'm just</p>
  <p time="479580" is_ac="true">like tempted to eat it this place is</p>
  <p time="480960" is_ac="true">probably it's all this mean in here if</p>
  <p time="482400" is_ac="true">you want to eat it too one of the best</p>
  <p time="483360" is_ac="true">barbecue spots this has got to be hands</p>
  <p time="485099" is_ac="true">down no wonder why they have 15 000</p>
  <p time="487440" is_ac="true">reviews best barbecue I didn't do hands</p>
  <p time="490319" is_ac="true">down</p>
  <p time="491039" is_ac="true">we're supposed to save some room for</p>
  <p time="492780" is_ac="true">some other videos that we have coming up</p>
  <p time="494039" is_ac="true">today I don't think that's happening</p>
  <p time="495300" is_ac="true">this [ __ ] is just too good to waste and</p>
  <p time="497039" is_ac="true">it was a hundred bucks yeah this is a</p>
  <p time="498900" is_ac="true">double cheeseburger over here but before</p>
  <p time="501300" is_ac="true">we jump into this glorious looking</p>
  <p time="502860" is_ac="true">cornbread we need to wash our hands and</p>
  <p time="504660" is_ac="true">Jake needs to do a bathroom review so</p>
  <p time="506340" is_ac="true">let's get to it let's go</p>
  <p time="510259" is_ac="true">foreign</p>
  <p time="512490" is_ac="true">[Music]</p>
  <p time="517700" is_ac="true">they have the sickest dryer hand dryer</p>
  <p time="520020" is_ac="true">I've ever seen in my entire line the</p>
  <p time="521640" is_ac="true">restroom is what it is it is clean hand</p>
  <p time="524099" is_ac="true">painted I don't know I want to go back</p>
  <p time="525779" is_ac="true">to that cornbread so let's go just so</p>
  <p time="527580" is_ac="true">you guys know this wasn't pre-planned</p>
  <p time="528600" is_ac="true">Jake what was your favorite meat that</p>
  <p time="530160" is_ac="true">you had here today out of all the meat</p>
  <p time="531839" is_ac="true">you ate this thing what was that the</p>
  <p time="533519" is_ac="true">tri-tip well how about you guys try</p>
  <p time="535260" is_ac="true">tipping on the channel you guys can do</p>
  <p time="537120" is_ac="true">super chats and leave a tip if you guys</p>
  <p time="538920" is_ac="true">like our work try tipping that was good</p>
  <p time="541080" is_ac="true">thank you we thought about that when you</p>
  <p time="542820" is_ac="true">were touching your little tri-tip in the</p>
  <p time="544200" is_ac="true">restroom but if you like the content</p>
  <p time="545640" is_ac="true">leave a tip it always helps let's make</p>
  <p time="547740" is_ac="true">this content better yeah we're gonna</p>
  <p time="549060" is_ac="true">have more food come this right here</p>
  <p time="550860" is_ac="true">their famous cornbread oh my God and</p>
  <p time="554040" is_ac="true">this right here they're famous butter</p>
  <p time="555779" is_ac="true">that goes in the cornbread and this</p>
  <p time="557700" is_ac="true">thing looks thick it literally looks</p>
  <p time="558779" is_ac="true">like mashed potatoes so let's try it is</p>
  <p time="560279" is_ac="true">it not cream cheese I think it's butter</p>
  <p time="561600" is_ac="true">that's what you eat with cornbread oh</p>
  <p time="563640" is_ac="true">it's sweet it's a honey butter there's</p>
  <p time="564959" is_ac="true">like cinnamon to it or something oh it's</p>
  <p time="566519" is_ac="true">interesting let's try it with the</p>
  <p time="567480" is_ac="true">cornbread yeah I'm gonna do like this so</p>
  <p time="569100" is_ac="true">I get a little combo bite oh it's</p>
  <p time="570600" is_ac="true">thicker than I imagined I was thinking</p>
  <p time="572580" is_ac="true">it was gonna be really soft but thick</p>
  <p time="580260" is_ac="true">we're in the better hot it would have</p>
  <p time="582300" is_ac="true">been better if it was hot and warm very</p>
  <p time="584100" is_ac="true">dense not how I usually imagine corn</p>
  <p time="586260" is_ac="true">cakes they're usually not this dense</p>
  <p time="587640" is_ac="true">they're usually nice and Airy fluffy I</p>
  <p time="590160" is_ac="true">don't like this this one's too thick</p>
  <p time="591240" is_ac="true">it's like a pie I don't think they got</p>
  <p time="592920" is_ac="true">famous for their corn cakes no</p>
  <p time="595500" is_ac="true">yeah that's a whack honestly those 60</p>
  <p time="597839" is_ac="true">cents cornbreads that you buy at the</p>
  <p time="599339" is_ac="true">market are better than this cornbread</p>
  <p time="600660" is_ac="true">yeah I wasted 10 bucks on this one for</p>
  <p time="602279" is_ac="true">real wow this one's not good at all</p>
  <p time="603839" is_ac="true">let's just hope he comes through and</p>
  <p time="605100" is_ac="true">gives us some free wings that he said we</p>
  <p time="606660" is_ac="true">need to try to make up for this wasted</p>
  <p time="608279" is_ac="true">ten dollar corn cake it should be a corn</p>
  <p time="609720" is_ac="true">cake I think it's so damn thick it's</p>
  <p time="611100" is_ac="true">like cake batter it does taste like cake</p>
  <p time="613019" is_ac="true">batter yeah it didn't even taste like</p>
  <p time="614279" is_ac="true">cornbread it just tastes like cake</p>
  <p time="615959" is_ac="true">batter all right so our dude knows that</p>
  <p time="617519" is_ac="true">we're making a little food review here</p>
  <p time="618839" is_ac="true">he's been watching us so he's gonna</p>
  <p time="620279" is_ac="true">bring us something that we needed to try</p>
  <p time="621839" is_ac="true">he says that the wings here are</p>
  <p time="623220" is_ac="true">phenomenal I did see that they had an</p>
  <p time="625080" is_ac="true">award-winning logo next to them so they</p>
  <p time="627180" is_ac="true">did win an award come on in here</p>
  <p time="630360" is_ac="true">yay and tell us about it</p>
  <p time="635880" is_ac="true">for real</p>
  <p time="638640" is_ac="true">thank you amazing thank you so much</p>
  <p time="640320" is_ac="true">thank you everything's been so great so</p>
  <p time="642240" is_ac="true">far yes thank you so much thank you so</p>
  <p time="644760" is_ac="true">much check out these Wings y'all they</p>
  <p time="646560" is_ac="true">are thick I will say these have a lot of</p>
  <p time="648899" is_ac="true">meat on them they're not joking around</p>
  <p time="650339" is_ac="true">unless they hand-picked the biggest ones</p>
  <p time="652200" is_ac="true">for us these are huge wings and they're</p>
  <p time="654420" is_ac="true">hot so they just came out oh the</p>
  <p time="655800" is_ac="true">freaking Grill damn it they're too hot</p>
  <p time="657060" is_ac="true">they're too hot</p>
  <p time="658339" is_ac="true">that classic barbecue sauce taste all</p>
  <p time="661200" is_ac="true">right I'm sending it wait wait I want to</p>
  <p time="662820" is_ac="true">send it to you it's hot all right here</p>
  <p time="663779" is_ac="true">we go here goes nothing</p>
  <p time="672800" is_ac="true">the chicken is plump let's just say this</p>
  <p time="675600" is_ac="true">chicken had double D's man because this</p>
  <p time="677399" is_ac="true">thing was packing so juicy I don't know</p>
  <p time="679980" is_ac="true">I've ever had that much meat a drumstick</p>
  <p time="681540" is_ac="true">before I don't know if it's natural but</p>
  <p time="683220" is_ac="true">I'm not complaining I'm eating wow I can</p>
  <p time="685560" is_ac="true">live off of this you want the other one</p>
  <p time="686940" is_ac="true">you love it wow incredible yeah out of</p>
  <p time="689279" is_ac="true">everything we did enjoy here today I</p>
  <p time="690779" is_ac="true">think the only thing we would skip out</p>
  <p time="692160" is_ac="true">on next time we come back is that</p>
  <p time="693660" is_ac="true">cornbread save the ten dollars and put</p>
  <p time="695339" is_ac="true">it towards another beef rib because that</p>
  <p time="697500" is_ac="true">thing hit so good I'm the bad guy</p>
  <p time="703620" is_ac="true">[Music]</p>
  <p time="707899" is_ac="true">never thought of me again</p>
  <p time="710150" is_ac="true">[Music]</p>
</text>
