<?xml version='1.0' encoding='UTF-8'?>
<text date_d="4" date_m="1" date_y="2021" format="srv3" age_limit="0" comment_count="4800" description="Chef Ray McVinnie gives an Italian Tomato Sauce Masterclass to the home cooks!&#10;&#10;Subscribe to MasterChef World here: https://www.youtube.com/MasterChefWorld&#10;&#10;Welcome to MasterChef World!&#10;&#10;MasterChef World highlights the best moments from the world's favourite cooking television show.&#10;&#10;Watch mystery box challenges, invention tests, pressure tests and find how-to recipes and masterclasses from world-class chefs!&#10;&#10;MasterChef offers ordinary home cooks the opportunity to become extraordinary chefs! &#10;&#10;Who will compete in the battle to become the MasterChef? Watch MasterChef World to find out!&#10;&#10;#masterchef #masterchefnewzealand #howtocook" fulltitle="How To Cook The Perfect Italian Tomato Sauce | MasterChef New Zealand | MasterChef World" like_count="53894" location="na" playlist_title="na" release_date="na" upload_date="20210104" repost_count="na" tags="masterchef; #masterchef; master chef world; best dishes on masterchef; master chef; how to cook; cooking show; cooking competition; masterchef world; masterchef best dishes; masterchef new zealand season 2; masterchef new zealand season 2 episode 6; masterchef new zealand s02e06; masterchef new zealand masterclass; masterchef new zealand masterclass recipes; masterchef italian food; italian tomato sauce; ray mcvinnie; chef ray mcvinnie; ray mcvinnie tomato sauce; " title="How To Cook The Perfect Italian Tomato Sauce | MasterChef New Zealand | MasterChef World" uploader="MasterChef World" view_count="4099388" webpage_url="https://www.youtube.com/watch?v=ctRo3pmFaKQ" autocaption="true">
  <p time="160" is_ac="true">i'm going to make you the perfect</p>
  <p time="1839" is_ac="true">italian tomato sauce</p>
  <p time="3679" is_ac="true">it's one of the building blocks of</p>
  <p time="5440" is_ac="true">italian food and if you're going to cook</p>
  <p time="7600" is_ac="true">well</p>
  <p time="8080" is_ac="true">you've got to know what the building</p>
  <p time="9200" is_ac="true">blocks are of any cuisine that you</p>
  <p time="11120" is_ac="true">choose to do</p>
  <p time="12000" is_ac="true">so it's a really really important thing</p>
  <p time="14320" is_ac="true">tomato sauce really typifies</p>
  <p time="16800" is_ac="true">italian food it's used in so many dishes</p>
  <p time="19760" is_ac="true">on pizzas</p>
  <p time="20880" is_ac="true">with pasta in ragus you know stews all</p>
  <p time="23760" is_ac="true">sorts of things</p>
  <p time="24720" is_ac="true">i'm sure you've all made a tomato sauce</p>
  <p time="26400" is_ac="true">before you all make tomato sauce</p>
  <p time="28240" is_ac="true">yeah i used to think i knew how to make</p>
  <p time="29519" is_ac="true">tomato sauce until one day i was</p>
  <p time="31439" is_ac="true">standing with some friends and i'd cook</p>
  <p time="32719" is_ac="true">for dinner we're in italy they've got</p>
  <p time="34559" is_ac="true">their italian friends there and i serve</p>
  <p time="36320" is_ac="true">up the pasta with tomato sauce on it</p>
  <p time="38559" is_ac="true">and i noticed that the wife was going</p>
  <p time="44000" is_ac="true">like this and i thought oh god what's</p>
  <p time="46320" is_ac="true">wrong there's something wrong with the</p>
  <p time="47520" is_ac="true">food you know</p>
  <p time="48320" is_ac="true">so i went racing over and i said what's</p>
  <p time="49840" is_ac="true">wrong what's wrong she said nothing i</p>
  <p time="51120" is_ac="true">said no i saw you going like this and</p>
  <p time="52640" is_ac="true">going</p>
  <p time="53199" is_ac="true">you know what's wrong with this he said</p>
  <p time="54960" is_ac="true">well not enough oil</p>
  <p time="57199" is_ac="true">you haven't cooked it long enough you</p>
  <p time="59039" is_ac="true">know it was one of those tomato sauces</p>
  <p time="60879" is_ac="true">that i thought i knew how to make until</p>
  <p time="63600" is_ac="true">you look at the pasta and you get that</p>
  <p time="65040" is_ac="true">watery</p>
  <p time="65760" is_ac="true">residue at the bottom of the night this</p>
  <p time="68159" is_ac="true">is how you make</p>
  <p time="68880" is_ac="true">tomato sauce the first thing i'm going</p>
  <p time="70720" is_ac="true">to do is chop two onions</p>
  <p time="73119" is_ac="true">this is a very simple one you can do all</p>
  <p time="74880" is_ac="true">sorts of other ones with all sorts of</p>
  <p time="76240" is_ac="true">other ingredients added but this is the</p>
  <p time="78000" is_ac="true">most simple</p>
  <p time="79280" is_ac="true">one of all and i think it's one of the</p>
  <p time="81920" is_ac="true">best so</p>
  <p time="82960" is_ac="true">i'm going to finely chop these this is a</p>
  <p time="85200" is_ac="true">rustic sauce</p>
  <p time="86240" is_ac="true">i'm not going to get too hysterical</p>
  <p time="88320" is_ac="true">about</p>
  <p time="89520" is_ac="true">chopping onions if i was in italy</p>
  <p time="92320" is_ac="true">watching</p>
  <p time="92799" is_ac="true">us</p>
  <p time="93930" is_ac="true">[Laughter]</p>
  <p time="96079" is_ac="true">are you sure see that in but</p>
  <p time="99280" is_ac="true">just chop it up it's just really not</p>
  <p time="100799" is_ac="true">going to matter i'm going to cook these</p>
  <p time="102159" is_ac="true">onions for</p>
  <p time="103200" is_ac="true">at least 10 minutes in a lot of oil so</p>
  <p time="106640" is_ac="true">they're going to melt the other thing i</p>
  <p time="110320" is_ac="true">want is</p>
  <p time="111200" is_ac="true">four cloves of garlic in here as well</p>
  <p time="114320" is_ac="true">so four cloves of garlic peel them</p>
  <p time="116399" is_ac="true">really quickly just by</p>
  <p time="118479" is_ac="true">smacking them with the side of the knife</p>
  <p time="121040" is_ac="true">like</p>
  <p time="121600" is_ac="true">that and that just</p>
  <p time="124640" is_ac="true">makes them pop out of their skin and</p>
  <p time="127119" is_ac="true">just chop these</p>
  <p time="128000" is_ac="true">up</p>
  <p time="131599" is_ac="true">that's all going to go in together okay</p>
  <p time="133680" is_ac="true">the first stage of making a tomato sauce</p>
  <p time="137200" is_ac="true">the first stage of making a risotto the</p>
  <p time="139920" is_ac="true">first stage of making a ragu or a stew</p>
  <p time="142640" is_ac="true">is this thing called the sofrito hugely</p>
  <p time="145599" is_ac="true">hugely important</p>
  <p time="146560" is_ac="true">this establishes the base of the flavor</p>
  <p time="149120" is_ac="true">base of the sauce</p>
  <p time="150720" is_ac="true">so i want some olive oil and i want</p>
  <p time="153599" is_ac="true">about</p>
  <p time="155120" is_ac="true">a little bit you know not too much okay</p>
  <p time="159120" is_ac="true">that's about right about 100 mls of</p>
  <p time="160879" is_ac="true">olive oil i'm always staggered</p>
  <p time="162959" is_ac="true">at the amount of olive oil that italians</p>
  <p time="165680" is_ac="true">use in their food</p>
  <p time="166800" is_ac="true">so this is the sofrito and we're going</p>
  <p time="168959" is_ac="true">to get that nice and hot</p>
  <p time="171599" is_ac="true">and then i'm going to turn it right down</p>
  <p time="173200" is_ac="true">and i'm going to give it 10 to 15</p>
  <p time="174640" is_ac="true">minutes</p>
  <p time="175280" is_ac="true">take your time over this the longer you</p>
  <p time="177040" is_ac="true">do this the better the sauce is going to</p>
  <p time="178640" is_ac="true">taste</p>
  <p time="179200" is_ac="true">i'm good i'll put a little bit of salt</p>
  <p time="180720" is_ac="true">in here at the moment but not too much</p>
  <p time="184000" is_ac="true">start to flavor it a little bit of</p>
  <p time="185599" is_ac="true">pepper and</p>
  <p time="187120" is_ac="true">as i say this is the most basic sort of</p>
  <p time="189200" is_ac="true">a sauce you can do</p>
  <p time="191599" is_ac="true">but they'd also put things in here if</p>
  <p time="193680" is_ac="true">you want to make it richer</p>
  <p time="195040" is_ac="true">you'd put a very finely diced carrot a</p>
  <p time="197280" is_ac="true">couple of sticks of celery really thinly</p>
  <p time="199120" is_ac="true">sliced and the onion the carrot the</p>
  <p time="200800" is_ac="true">celery</p>
  <p time="201599" is_ac="true">you've got what's called the odori the</p>
  <p time="203760" is_ac="true">aromatic things the things that give a</p>
  <p time="205360" is_ac="true">really nice</p>
  <p time="206000" is_ac="true">flavor to it but this is a really simple</p>
  <p time="208319" is_ac="true">one so</p>
  <p time="209280" is_ac="true">as i've said before i think the thing i</p>
  <p time="211760" is_ac="true">like about italian</p>
  <p time="212959" is_ac="true">food is their genius for making simple</p>
  <p time="215360" is_ac="true">things taste</p>
  <p time="216480" is_ac="true">like a lot more than what they are just</p>
  <p time="218959" is_ac="true">about there with this</p>
  <p time="221440" is_ac="true">it takes a very long time to make an</p>
  <p time="223120" is_ac="true">onion soft yeah</p>
  <p time="224640" is_ac="true">you've eaten dishes where you fried the</p>
  <p time="226720" is_ac="true">onion and it's still crunchy</p>
  <p time="228080" is_ac="true">i don't want any crunch in this onion i</p>
  <p time="229920" is_ac="true">want this onion to be melted</p>
  <p time="231760" is_ac="true">right this is almost ready for the next</p>
  <p time="235120" is_ac="true">thing which is the tomatoes</p>
  <p time="237200" is_ac="true">now don't be perturbed by the amount of</p>
  <p time="239280" is_ac="true">oil in there and don't think about</p>
  <p time="240959" is_ac="true">cutting it down</p>
  <p time="242319" is_ac="true">we'll put that in there so it's two cans</p>
  <p time="245360" is_ac="true">of crushed italian tomatoes</p>
  <p time="249760" is_ac="true">stir up bring it back to the boil</p>
  <p time="257759" is_ac="true">plenty of this in there as well</p>
  <p time="260880" is_ac="true">got two sorts of tomato things going on</p>
  <p time="262800" is_ac="true">here cans which are real tomatoes</p>
  <p time="264800" is_ac="true">sitting in juice so they've got a nice</p>
  <p time="266479" is_ac="true">tomato flavor</p>
  <p time="267440" is_ac="true">and this stuff this is puree tomatoes</p>
  <p time="269440" is_ac="true">which have been dried out</p>
  <p time="271040" is_ac="true">so that they get thick and pasty in</p>
  <p time="273440" is_ac="true">places like sicily calabria you can see</p>
  <p time="276320" is_ac="true">in the summertime big sort of big plates</p>
  <p time="279360" is_ac="true">outside with this tomato paste drying in</p>
  <p time="281360" is_ac="true">the sun</p>
  <p time="282080" is_ac="true">the other thing you'll find is passata</p>
  <p time="283919" is_ac="true">which is basically those same</p>
  <p time="285360" is_ac="true">canned tomatoes which have been whisked</p>
  <p time="287680" is_ac="true">through a pasata machine</p>
  <p time="289120" is_ac="true">which basically makes the core the pips</p>
  <p time="291520" is_ac="true">and the skin stay behind</p>
  <p time="293199" is_ac="true">and everything else is pureed and comes</p>
  <p time="294720" is_ac="true">out the other end pioneer well that was</p>
  <p time="296560" is_ac="true">my question whether you'd</p>
  <p time="297919" is_ac="true">taken the seeds out of the crushed</p>
  <p time="299040" is_ac="true">tomatoes or something</p>
  <p time="301039" is_ac="true">no no this is a rustic thing they would</p>
  <p time="302560" is_ac="true">never ever take the seeds out of the</p>
  <p time="304479" is_ac="true">tomatoes</p>
  <p time="306080" is_ac="true">if you're going to make a tomato sauce</p>
  <p time="307600" is_ac="true">it's got a scream tomato at you you know</p>
  <p time="310000" is_ac="true">or if you're going to make something</p>
  <p time="311199" is_ac="true">delicate it's got to scream i'm so</p>
  <p time="313039" is_ac="true">delicate actually</p>
  <p time="314160" is_ac="true">but whatever you're making has got to be</p>
  <p time="315919" is_ac="true">really clear and robust and</p>
  <p time="318320" is_ac="true">cranky taste buds up you know what do</p>
  <p time="320720" is_ac="true">you want people to say about your food</p>
  <p time="322639" is_ac="true">that's nice oh wow that's great</p>
  <p time="325680" is_ac="true">right so i'm just going to stir all this</p>
  <p time="327600" is_ac="true">and this is going to now simmer for</p>
  <p time="328960" is_ac="true">about 20 minutes</p>
  <p time="330080" is_ac="true">this also doubles as a bit like a</p>
  <p time="331520" is_ac="true">pizzeola sauce so pizzeola is a man who</p>
  <p time="333759" is_ac="true">makes pizzas</p>
  <p time="335440" is_ac="true">i'm going to use it for pasta and you</p>
  <p time="338160" is_ac="true">see the size of the pot</p>
  <p time="339680" is_ac="true">you need a really big pot for pasta</p>
  <p time="342080" is_ac="true">filled right up it's</p>
  <p time="343360" is_ac="true">because the the pasta is going to have</p>
  <p time="345840" is_ac="true">lots of room to swim</p>
  <p time="347280" is_ac="true">you don't want it all jammed up stuck</p>
  <p time="348800" is_ac="true">together like that and the other thing</p>
  <p time="350639" is_ac="true">is is anybody know what pasta water is</p>
  <p time="352240" is_ac="true">supposed to taste like</p>
  <p time="353520" is_ac="true">it needs to be as salty as the</p>
  <p time="354479" is_ac="true">mediterranean salty is the mediterranean</p>
  <p time="356479" is_ac="true">which is a very salty sea</p>
  <p time="358479" is_ac="true">so um i'm gonna put some salt in to that</p>
  <p time="361600" is_ac="true">water okay stir it up</p>
  <p time="366000" is_ac="true">and have a little taste</p>
  <p time="369440" is_ac="true">not enough salt i know</p>
  <p time="372639" is_ac="true">people freak out when you do this but</p>
  <p time="374960" is_ac="true">don't worry</p>
  <p time="376080" is_ac="true">if you don't do that when you're cooking</p>
  <p time="377520" is_ac="true">pasta if you don't have that water</p>
  <p time="379600" is_ac="true">properly</p>
  <p time="380080" is_ac="true">seasoned when you cook the pasta it's</p>
  <p time="382160" is_ac="true">going to taste like you made porridge</p>
  <p time="383520" is_ac="true">without salt or you're eating a boiled</p>
  <p time="385360" is_ac="true">egg with no salt you know</p>
  <p time="387440" is_ac="true">completely lacking all right let's just</p>
  <p time="390400" is_ac="true">see if this tastes right</p>
  <p time="396080" is_ac="true">almost there it's gotta taste like</p>
  <p time="399759" is_ac="true">you think about when you swallow a</p>
  <p time="400880" is_ac="true">mouthful of salt water when you're</p>
  <p time="402560" is_ac="true">swimming it's really salty</p>
  <p time="405280" is_ac="true">so this this makes the pasta taste good</p>
  <p time="408560" is_ac="true">don't put olive oil in the water how</p>
  <p time="411440" is_ac="true">incredibly wasteful</p>
  <p time="412800" is_ac="true">because what are you gonna do with this</p>
  <p time="413759" is_ac="true">water tip it down the sink</p>
  <p time="415840" is_ac="true">with your olive oil if you're worried</p>
  <p time="417599" is_ac="true">about your pasta sticking together</p>
  <p time="418880" is_ac="true">because you've got to keep it for a</p>
  <p time="419919" is_ac="true">little while after you've cooked it</p>
  <p time="421680" is_ac="true">put the pasta into a bowl put the olive</p>
  <p time="424720" is_ac="true">oil on the pasta and toss it up and</p>
  <p time="426319" is_ac="true">it'll stop it sticking</p>
  <p time="427440" is_ac="true">and you get to eat the olive oil which</p>
  <p time="429039" is_ac="true">is really good olive oil is expensive</p>
  <p time="431039" is_ac="true">you know</p>
  <p time="431599" is_ac="true">it's one of those things that you</p>
  <p time="433520" is_ac="true">treasure</p>
  <p time="434639" is_ac="true">so don't waste your olive oil by putting</p>
  <p time="436479" is_ac="true">it in the water if you're worried about</p>
  <p time="438880" is_ac="true">the pasta sticking when you put it in</p>
  <p time="440639" is_ac="true">the water you've got to stand there and</p>
  <p time="442160" is_ac="true">stir it</p>
  <p time="442960" is_ac="true">until it comes back to the boil once</p>
  <p time="444960" is_ac="true">it's boiling it won't stick</p>
  <p time="446160" is_ac="true">so it's time to put some pasta on</p>
  <p time="448080" is_ac="true">briskly boiling</p>
  <p time="450080" is_ac="true">pasta water there we know it's salty</p>
  <p time="452000" is_ac="true">enough and i've got some thin spaghetti</p>
  <p time="454319" is_ac="true">here</p>
  <p time="456560" is_ac="true">put that in there and stir it keep it</p>
  <p time="459440" is_ac="true">moving</p>
  <p time="460960" is_ac="true">until it comes back to the boil how will</p>
  <p time="463520" is_ac="true">i know when this is cooked anyone know</p>
  <p time="465120" is_ac="true">how do you tell when pasta is cooked</p>
  <p time="467440" is_ac="true">you take it out and bite it you bite it</p>
  <p time="470560" is_ac="true">taste it yeah it's got to be al dente</p>
  <p time="473120" is_ac="true">which means tender to the bite</p>
  <p time="475120" is_ac="true">a little bit of resistance you don't</p>
  <p time="477520" is_ac="true">want it completely mushy</p>
  <p time="478879" is_ac="true">and you don't want it raw obviously</p>
  <p time="481360" is_ac="true">italians will eat these</p>
  <p time="482560" is_ac="true">just a little bit rawer than kiwis like</p>
  <p time="484720" is_ac="true">it but you have to taste it to find out</p>
  <p time="487680" is_ac="true">you know that idea that some people</p>
  <p time="489599" is_ac="true">think you know it's cooked if you throw</p>
  <p time="491120" is_ac="true">it at the fridge and it sticks</p>
  <p time="492800" is_ac="true">don't do that it's a lot of rubbish</p>
  <p time="497280" is_ac="true">the difference in the flavor of the</p>
  <p time="500080" is_ac="true">pasta</p>
  <p time="500879" is_ac="true">if you salt the water properly is quite</p>
  <p time="503520" is_ac="true">extraordinary</p>
  <p time="504319" is_ac="true">it makes such a difference to your whole</p>
  <p time="507120" is_ac="true">dish</p>
  <p time="507680" is_ac="true">and it's not pasta until it's got the</p>
  <p time="510319" is_ac="true">sauce on it and it's mixed up</p>
  <p time="511919" is_ac="true">and then it's pasta if you're having</p>
  <p time="514560" is_ac="true">lunch with italians or having a meal</p>
  <p time="516000" is_ac="true">with italians</p>
  <p time="516800" is_ac="true">they always put the pasta into a big</p>
  <p time="518240" is_ac="true">bowl in the sauce and it's always</p>
  <p time="519440" is_ac="true">stirred up often at the table</p>
  <p time="521279" is_ac="true">but it's always stirred up before you</p>
  <p time="522719" is_ac="true">even you know get it</p>
  <p time="524480" is_ac="true">right that's boiling that simmering</p>
  <p time="526320" is_ac="true">that's just about done see the color of</p>
  <p time="528000" is_ac="true">this sauce</p>
  <p time="528959" is_ac="true">that's what it should be like you know</p>
  <p time="530720" is_ac="true">you get those insipid</p>
  <p time="532320" is_ac="true">sort of vaguely pale orange tomato</p>
  <p time="534720" is_ac="true">sauces</p>
  <p time="535600" is_ac="true">horrible horrible things cook like you</p>
  <p time="537680" is_ac="true">mean it everything should have very</p>
  <p time="539040" is_ac="true">clear flavors</p>
  <p time="540320" is_ac="true">it should be thick and jammy should be</p>
  <p time="542160" is_ac="true">like jam it should be like chutney you</p>
  <p time="544080" is_ac="true">know</p>
  <p time="544480" is_ac="true">shouldn't be in any way watery you don't</p>
  <p time="546320" is_ac="true">want that at all otherwise when you eat</p>
  <p time="548399" is_ac="true">it especially if it's on pasta you're</p>
  <p time="549760" is_ac="true">going to find that watery residue at the</p>
  <p time="551279" is_ac="true">bottom of the plate</p>
  <p time="552480" is_ac="true">which you don't want that at all it's</p>
  <p time="554480" is_ac="true">got a little bit of oil</p>
  <p time="555680" is_ac="true">floating on the top that's fine not</p>
  <p time="557600" is_ac="true">worried about that at all</p>
  <p time="558959" is_ac="true">i'm going to taste it though because i</p>
  <p time="560160" is_ac="true">want to i want to season it make sure it</p>
  <p time="562160" is_ac="true">has enough salt</p>
  <p time="567600" is_ac="true">it's good but it needs that magic</p>
  <p time="571040" is_ac="true">ingredient</p>
  <p time="574839" is_ac="true">so</p>
  <p time="583680" is_ac="true">it's good luckily this is just about</p>
  <p time="588000" is_ac="true">so let's find out uh you may not want to</p>
  <p time="590320" is_ac="true">do it like this</p>
  <p time="591680" is_ac="true">bare hands but the nerve endings went</p>
  <p time="593760" is_ac="true">years ago</p>
  <p time="597839" is_ac="true">you can just see a little tiny tiny</p>
  <p time="601200" is_ac="true">white core</p>
  <p time="602480" is_ac="true">in there and to me by the time i've</p>
  <p time="604640" is_ac="true">wrangled that out of the pot</p>
  <p time="606160" is_ac="true">into the colander out of the colander</p>
  <p time="607920" is_ac="true">got the sauce sorted out this is going</p>
  <p time="609279" is_ac="true">to be just</p>
  <p time="610160" is_ac="true">it's going to be fine right let's get</p>
  <p time="612399" is_ac="true">this out of here</p>
  <p time="617600" is_ac="true">if i was serving this i'd have two bowls</p>
  <p time="620480" is_ac="true">i have the bowl to mix it in the bowl to</p>
  <p time="622320" is_ac="true">serve it in</p>
  <p time="623120" is_ac="true">just put a little bit in</p>
  <p time="627200" is_ac="true">and some sauce</p>
  <p time="636160" is_ac="true">so this pasta is ready to eat serve it</p>
  <p time="639519" is_ac="true">up</p>
  <p time="640800" is_ac="true">in a pasta bowl get yourself a</p>
  <p time="642560" is_ac="true">microplane or a good grater put a little</p>
  <p time="644320" is_ac="true">bit of parmesan on it</p>
  <p time="645360" is_ac="true">it's nice we could just put some basil</p>
  <p time="648560" is_ac="true">on that though couldn't we</p>
  <p time="650880" is_ac="true">so just some basil leaves and the heat</p>
  <p time="652880" is_ac="true">of that i can smell the basil</p>
  <p time="654320" is_ac="true">already to me that's a meal glass of red</p>
  <p time="656800" is_ac="true">wine it's a great meal</p>
  <p time="673839" is_ac="true">you</p>
</text>
