<?xml version='1.0' encoding='UTF-8'?>
<text date_d="22" date_m="12" date_y="2021" format="srv3" age_limit="0" comment_count="2700" description="🇮🇷 Iranian Street Food Tour: https://youtu.be/10CLzMwgoxM&#10;🔔 SUBSCRIBE: http://bit.ly/MarkWiensSubscribe Don’t miss new food videos!&#10;&#10;LOS ANGELES, CALIFORNIA - Los Angeles is home to a large Iranian community in a variety of different areas of the city. Today, we’re taking you on an ultimate and unforgettable Iranian (and Persian) food tour in LA, and I can’t wait to share all the delicious food with you now!&#10;&#10;Huge thank you to Nia &amp; Sahra, who are both originally from Iran, now living in LA for joining me on this epic day of Iranian food. Follow their food adventures here: https://www.instagram.com/gooshtlovers/&#10;&#10;Here are the places we ate at in this LA food tour:&#10;&#10;Attari Sandwich Shop (https://goo.gl/maps/zFLeYGhhLnWb8NfUA) - We started off this Persian food tour in Tehrangeles, one of the first Iranian communities in LA. One of the most legendary restaurants is Attari Sandwich Shop, where along with many dishes, they are famous for their lamb tongue and brain sandwich. It’s so good!&#10;&#10;Saffron &amp; Rose Ice Cream (https://goo.gl/maps/FiTNGNMSGPGY4Wnw7) - Across the street you’ll find Saffron &amp; Rose Ice Cream for fantastic Persian ice cream and Shirazi style falooda.&#10;&#10;Raffi's Place (https://goo.gl/maps/5SxePFudUDPHzJGL9) - If there’s one Persian restaurant in LA, or in all of the United States that you must try, it has to be Raffi's Place. We had the honor to meet Mr. and Mrs. Raffi, they showed us around their amazing restaurants and we ate lunch with them. They have a hugely inspirational story of how Raffi's Place became one of the greatest Persian restaurants in LA, and the food is outstanding. Don’t miss all the different kebabs and varieties of rice.&#10;&#10;Nersses Vanak Restaurant (https://g.page/nersses?share) - Finally to complete this ultimate day of Iranian food in Los Angeles, we went to Nersses Vanak Restaurant, a relaxed, and again family run Iranian restaurant. Along with a full menu of kebabs and stews, one of the main dishes to eat is their legendary dizi - a stew of lamb, beans, and potatoes, cooked down until fall apart tender - it’s a favorite dish of Iran for me. Their lamb shank is also pilgrimage worthy.&#10;&#10;And that completes an amazing day of eating some of the best Iranian food in Los Angeles - in the United States!&#10;&#10; 🎵MUSIC: &#10;https://goo.gl/HwVjdo&#10;&#10;——————————————————&#10;&#10;🍌100% Real Durian Chips - Order Here: &#10;http://pixelfy.me/uY4K5z&#10;&#10;👕Get t-shirts and caps:&#10;https://migrationology.com/store/&#10;&#10;——————————————————&#10;&#10;📱FOLLOW:&#10;Instagram: https://instagram.com/migrationology&#10;Facebook: https://www.facebook.com/migrationology" fulltitle="Huge Iranian Food Tour!! INSANE KEBABS + Cherry Rice!! | Best Persian Food in Los Angeles!!" like_count="40905" location="LOS ANGELES" playlist_title="na" release_date="na" upload_date="20211222" repost_count="na" tags="Iranian food; Persian food; Los Angeles; Tehrangeles; Mark Wiens; kebabs; Iran kebabs; ice cream; best restaurants in LA; LA food; best food LA; best food Los Angeles; food videos; food vlog; food tv; things to do in LA; things to do in Los Angeles; Mark Wiens food videos; Persian food tour; Iranian food tour; best Iranian food; best Persian food; " title="Huge Iranian Food Tour!! INSANE KEBABS + Cherry Rice!! | Best Persian Food in Los Angeles!!" uploader="Mark Wiens" view_count="2685046" webpage_url="https://www.youtube.com/watch?v=ffkyFz39N00" autocaption="true">
  <p time="0" is_ac="true">hey everyone hope you're having an</p>
  <p time="1199" is_ac="true">amazing day it's mark wiens i'm in los</p>
  <p time="3280" is_ac="true">angeles and la is home to one of the</p>
  <p time="6799" is_ac="true">biggest populations of persians outside</p>
  <p time="10240" is_ac="true">of iran today we're going to go on an</p>
  <p time="12160" is_ac="true">iranian food tour of l.a now this is</p>
  <p time="14960" is_ac="true">what you call a kebab grill</p>
  <p time="16960" is_ac="true">it's like the size of a bus we're gonna</p>
  <p time="18960" is_ac="true">eat at this legendary sandwich shop</p>
  <p time="20560" is_ac="true">we're gonna eat kebabs we're gonna eat</p>
  <p time="22080" is_ac="true">some of the amazing persian stews i'm</p>
  <p time="24640" is_ac="true">gonna meet up with a couple of food</p>
  <p time="25920" is_ac="true">friends who are gonna show me around</p>
  <p time="27359" is_ac="true">it's gonna be a fantastic day and i'm</p>
  <p time="28800" is_ac="true">gonna share all of the food with you</p>
  <p time="30000" is_ac="true">coming up right now in this video</p>
  <p time="31720" is_ac="true">[Music]</p>
  <p time="41280" is_ac="true">again la is</p>
  <p time="43040" is_ac="true">i believe i was reading there's</p>
  <p time="44239" is_ac="true">somewhere around 700 000 persians living</p>
  <p time="47840" is_ac="true">in the greater la area and there's</p>
  <p time="51039" is_ac="true">different areas from irvine to glendale</p>
  <p time="54399" is_ac="true">to where we're starting this food tour</p>
  <p time="56399" is_ac="true">which is i believe we're in westwood</p>
  <p time="58719" is_ac="true">this area is known as terrangelis it's</p>
  <p time="61760" is_ac="true">like a little mini tehran</p>
  <p time="63840" is_ac="true">right within la i'm gonna meet up with</p>
  <p time="66159" is_ac="true">some friends and we are gonna go to our</p>
  <p time="68240" is_ac="true">first place for this amazing legendary</p>
  <p time="71520" is_ac="true">persian sandwich</p>
  <p time="72880" is_ac="true">nia yeah yeah and sarah we are</p>
  <p time="75360" is_ac="true">originally from iran we've been here for</p>
  <p time="78159" is_ac="true">a while i've been here for like about</p>
  <p time="80400" is_ac="true">five years oh it's been like five years</p>
  <p time="82640" is_ac="true">now okay yeah i live i've been here for</p>
  <p time="85520" is_ac="true">17 years and are you from tehran</p>
  <p time="88720" is_ac="true">what time are you from i'm actually from</p>
  <p time="90720" is_ac="true">north of iran oh okay yeah oh i know</p>
  <p time="93920" is_ac="true">like you went to guilin</p>
  <p time="96240" is_ac="true">yeah so like it's like really close to</p>
  <p time="98400" is_ac="true">that area i loved that area did you like</p>
  <p time="101040" is_ac="true">the fruit yeah it was like very sour all</p>
  <p time="103680" is_ac="true">of the pomegranate was what like yeah it</p>
  <p time="105759" is_ac="true">impressed me it was like a new cuisine</p>
  <p time="107439" is_ac="true">that i've never tried before it was so</p>
  <p time="109759" is_ac="true">good and then where are you from i'm</p>
  <p time="111280" is_ac="true">from tehran you're from tehran yeah okay</p>
  <p time="113759" is_ac="true">i know you were there yes i loved it too</p>
  <p time="116320" is_ac="true">where are we going first this place is</p>
  <p time="118159" is_ac="true">called atari atari sandwich shops they</p>
  <p time="120880" is_ac="true">have amazing food amazing sandwiches</p>
  <p time="123520" is_ac="true">okay awesome kebabs everything all right</p>
  <p time="126799" is_ac="true">you ready ready let's go yeah</p>
  <p time="131200" is_ac="true">atari sandwich stop and there's a few</p>
  <p time="132879" is_ac="true">places within it but this is actually</p>
  <p time="134400" is_ac="true">the persian square which is the</p>
  <p time="136080" is_ac="true">beginning of the persian business</p>
  <p time="137360" is_ac="true">community in los angeles beginning 1974.</p>
  <p time="143120" is_ac="true">that's mixed brain and toms and that's</p>
  <p time="145520" is_ac="true">the best</p>
  <p time="146640" is_ac="true">it's called</p>
  <p time="149520" is_ac="true">tongue and brain would be great</p>
  <p time="152800" is_ac="true">yeah</p>
  <p time="157120" is_ac="true">all right let's do it</p>
  <p time="160720" is_ac="true">the aroma's all ready they have all the</p>
  <p time="162400" is_ac="true">stews prepared at the front ready for</p>
  <p time="164560" is_ac="true">the day uh they're skewering some of the</p>
  <p time="166879" is_ac="true">kebabs we're about to order and see as</p>
  <p time="168640" is_ac="true">they prepare our dishes</p>
  <p time="171800" is_ac="true">[Music]</p>
  <p time="175120" is_ac="true">oh these are the tongues</p>
  <p time="180120" is_ac="true">[Music]</p>
  <p time="189590" is_ac="true">[Music]</p>
  <p time="195090" is_ac="true">[Music]</p>
  <p time="208239" is_ac="true">we're gonna have a real mixture of food</p>
  <p time="209840" is_ac="true">here they offer a little bit of</p>
  <p time="211040" is_ac="true">everything i mean especially about the</p>
  <p time="212480" is_ac="true">stews and that big pot of uh porridge is</p>
  <p time="215920" is_ac="true">called ash</p>
  <p time="217440" is_ac="true">an herbal amazing porridge and then now</p>
  <p time="220560" is_ac="true">they're they're uh</p>
  <p time="222560" is_ac="true">they're grilling up some kebabs and then</p>
  <p time="224480" is_ac="true">we're also to get a few sandwiches</p>
  <p time="226700" is_ac="true">[Music]</p>
  <p time="237530" is_ac="true">[Music]</p>
  <p time="254130" is_ac="true">[Music]</p>
  <p time="270130" is_ac="true">[Music]</p>
  <p time="273680" is_ac="true">they're also very known for their</p>
  <p time="275680" is_ac="true">sandwiches here and some very special</p>
  <p time="277520" is_ac="true">sandwiches</p>
  <p time="279280" is_ac="true">okay i think sandwiches are ready kabobs</p>
  <p time="281120" is_ac="true">are ready the lamb head is dished out</p>
  <p time="284080" is_ac="true">it's time to go eat man that's so much</p>
  <p time="285919" is_ac="true">food it looks so good</p>
  <p time="290330" is_ac="true">[Music]</p>
  <p time="295040" is_ac="true">it's a traditional way of eating kuvita</p>
  <p time="297360" is_ac="true">with bread and bananas wrapped in a</p>
  <p time="298800" is_ac="true">blanket</p>
  <p time="300400" is_ac="true">thank you so much you soak it like in</p>
  <p time="302479" is_ac="true">the water like in the sauce here</p>
  <p time="306800" is_ac="true">like an entire tongue let's put it on</p>
  <p time="309120" is_ac="true">the plate here okay put it on right next</p>
  <p time="311919" is_ac="true">to the bread</p>
  <p time="313199" is_ac="true">the tongue</p>
  <p time="314880" is_ac="true">and then we have like brain as well</p>
  <p time="317280" is_ac="true">um there's tongue there's brain</p>
  <p time="319840" is_ac="true">just the whole time</p>
  <p time="322080" is_ac="true">oh it's so juicy and the brain chunks</p>
  <p time="325520" is_ac="true">and the brain goes on</p>
  <p time="327840" is_ac="true">with the tongue</p>
  <p time="329360" is_ac="true">there's a brain</p>
  <p time="332240" is_ac="true">yeah</p>
  <p time="333039" is_ac="true">this is what i always do</p>
  <p time="334960" is_ac="true">all right and then the torsi difficult</p>
  <p time="337680" is_ac="true">vegetable oh yeah okay</p>
  <p time="340160" is_ac="true">that's how i eat it</p>
  <p time="341840" is_ac="true">okay and then you make it like a little</p>
  <p time="343440" is_ac="true">sandwich</p>
  <p time="344800" is_ac="true">torsion</p>
  <p time="345759" is_ac="true">tickle vegetable pickled vegetables in</p>
  <p time="347440" is_ac="true">here</p>
  <p time="348639" is_ac="true">it's gonna be some lemonade all that</p>
  <p time="350400" is_ac="true">squeeze of lemon thank you</p>
  <p time="353120" is_ac="true">and then the difference in the water</p>
  <p time="358240" is_ac="true">i lost my brain okay</p>
  <p time="363590" is_ac="true">[Music]</p>
  <p time="369210" is_ac="true">[Music]</p>
  <p time="378840" is_ac="true">oh it's chilling it's so creamy</p>
  <p time="382240" is_ac="true">and tasty i love that</p>
  <p time="384639" is_ac="true">and contrasted with that pickle you need</p>
  <p time="386479" is_ac="true">that like i said i know for the richness</p>
  <p time="389199" is_ac="true">should we mix it a little bit sure yeah</p>
  <p time="390560" is_ac="true">okay</p>
  <p time="392479" is_ac="true">get that mint going get those fried</p>
  <p time="394479" is_ac="true">onions in there</p>
  <p time="397759" is_ac="true">you can see that green color</p>
  <p time="399919" is_ac="true">that green color from the you want to</p>
  <p time="401360" is_ac="true">make sure you get like the fried onion</p>
  <p time="403120" is_ac="true">as well because that one is just like it</p>
  <p time="404960" is_ac="true">makes it perfect okay i already ate</p>
  <p time="409199" is_ac="true">i was excited</p>
  <p time="411199" is_ac="true">but so many different recipes oh yeah a</p>
  <p time="413440" is_ac="true">lot</p>
  <p time="414240" is_ac="true">like a general yes term right because</p>
  <p time="416240" is_ac="true">like in iran yeah exactly okay and like</p>
  <p time="418960" is_ac="true">in iran you have like different um like</p>
  <p time="421440" is_ac="true">varieties based on different states so</p>
  <p time="423360" is_ac="true">it's not like just this one because</p>
  <p time="425120" is_ac="true">that's a very regional exactly</p>
  <p time="427280" is_ac="true">exactly</p>
  <p time="428479" is_ac="true">and this is something that they're very</p>
  <p time="429520" is_ac="true">well known for here at atari is this</p>
  <p time="431680" is_ac="true">sandwich which</p>
  <p time="434639" is_ac="true">includes fried lamb brains plus lamb</p>
  <p time="437759" is_ac="true">tongue all wrapped up into one sandwich</p>
  <p time="440160" is_ac="true">that looks</p>
  <p time="441919" is_ac="true">incredible</p>
  <p time="443039" is_ac="true">cheers cheers</p>
  <p time="449110" is_ac="true">[Music]</p>
  <p time="451120" is_ac="true">oh yeah</p>
  <p time="452800" is_ac="true">oh it's incredible</p>
  <p time="454880" is_ac="true">it's so good it's really good the tongue</p>
  <p time="457840" is_ac="true">and the brains just melt in your mouth</p>
  <p time="460479" is_ac="true">and then you've got the acidity of the</p>
  <p time="461680" is_ac="true">pickle in there oh yeah it makes it</p>
  <p time="463919" is_ac="true">perfect</p>
  <p time="465199" is_ac="true">and then the fried brains in there just</p>
  <p time="466400" is_ac="true">kind of act like they're so tender it's</p>
  <p time="468000" is_ac="true">almost like a sauce it's like a meat</p>
  <p time="469919" is_ac="true">sauce for the for the sandwich all</p>
  <p time="472400" is_ac="true">wrapped up in that crusty bread</p>
  <p time="483140" is_ac="true">[Music]</p>
  <p time="486560" is_ac="true">and then you wanna um have like some</p>
  <p time="489120" is_ac="true">tomato as well</p>
  <p time="500160" is_ac="true">remember the combinations</p>
  <p time="502080" is_ac="true">and if you put would you put basil onto</p>
  <p time="504000" is_ac="true">this dude yeah for sure amazing</p>
  <p time="507039" is_ac="true">and onion on top</p>
  <p time="514080" is_ac="true">in the rice is saffron and barberries</p>
  <p time="516080" is_ac="true">saffron mostly</p>
  <p time="518839" is_ac="true">yeah</p>
  <p time="520399" is_ac="true">well then you put butter in the rice</p>
  <p time="522479" is_ac="true">let that kind of melt around in their</p>
  <p time="524080" is_ac="true">favorite</p>
  <p time="525040" is_ac="true">step</p>
  <p time="526240" is_ac="true">yes</p>
  <p time="528240" is_ac="true">butter and rice butter and rice</p>
  <p time="530160" is_ac="true">especially when it's like really hot</p>
  <p time="531839" is_ac="true">right now you do not want to skip out on</p>
  <p time="533920" is_ac="true">that tomato juice the juice is one of</p>
  <p time="535760" is_ac="true">the most important things of the tomato</p>
  <p time="537040" is_ac="true">strawberry rice</p>
  <p time="542990" is_ac="true">[Music]</p>
  <p time="548800" is_ac="true">i love those fries the rice</p>
  <p time="551360" is_ac="true">what's the best part i can eat it like</p>
  <p time="553200" is_ac="true">just like this without anything</p>
  <p time="556320" is_ac="true">so many barbers in there to make it nice</p>
  <p time="557920" is_ac="true">and hard and they're so fluffy too so</p>
  <p time="560399" is_ac="true">fluffy it's perfect yeah the rice is</p>
  <p time="562240" is_ac="true">great okay i'm moving back into the</p>
  <p time="564240" is_ac="true">sandwich</p>
  <p time="567920" is_ac="true">or whatever you do make sure you get the</p>
  <p time="569760" is_ac="true">combination of lamb tongue and lamb</p>
  <p time="571920" is_ac="true">brains all in your sandwich at once</p>
  <p time="577120" is_ac="true">four tongues floating around in here</p>
  <p time="579440" is_ac="true">oh got a lot of tongues</p>
  <p time="584240" is_ac="true">oh it's so juicy</p>
  <p time="586450" is_ac="true">[Music]</p>
  <p time="594800" is_ac="true">that was a delicious way to start this</p>
  <p time="596720" is_ac="true">iranian food tour in la next up we're</p>
  <p time="599279" is_ac="true">gonna go just across the street to a</p>
  <p time="601519" is_ac="true">legendary ice cream shop</p>
  <p time="606800" is_ac="true">it's called saffron and roast which is</p>
  <p time="608640" is_ac="true">gold</p>
  <p time="611120" is_ac="true">in parsley it's one of the</p>
  <p time="613200" is_ac="true">oldest brands of persian ice cream like</p>
  <p time="616880" is_ac="true">we call it bassanisonetti which is</p>
  <p time="618720" is_ac="true">traditional ice cream in iran so this</p>
  <p time="621920" is_ac="true">brand of ice cream was in iran first</p>
  <p time="624480" is_ac="true">before coming to</p>
  <p time="626079" is_ac="true">tarantulas</p>
  <p time="629920" is_ac="true">and okay so ice cream but also falludays</p>
  <p time="633600" is_ac="true">is also</p>
  <p time="634720" is_ac="true">what you get here right one scoop of</p>
  <p time="636720" is_ac="true">holiday and one scoop of persian ice</p>
  <p time="638560" is_ac="true">cream place</p>
  <p time="641200" is_ac="true">sure thank you</p>
  <p time="644079" is_ac="true">lemon juice that's just pure lemon juice</p>
  <p time="645680" is_ac="true">right i want to add some cherries</p>
  <p time="648160" is_ac="true">sure</p>
  <p time="649060" is_ac="true">[Music]</p>
  <p time="652320" is_ac="true">this is my favorite part oh the cherry</p>
  <p time="654240" is_ac="true">syrup</p>
  <p time="656320" is_ac="true">followed on the bottom</p>
  <p time="658079" is_ac="true">and then the persian ice cream on top</p>
  <p time="660320" is_ac="true">called the combination</p>
  <p time="664800" is_ac="true">oh yeah</p>
  <p time="666160" is_ac="true">oh cold it's so aromatic with the rose</p>
  <p time="668320" is_ac="true">water and then you've got these little</p>
  <p time="669839" is_ac="true">crunch from the frozen noodles that just</p>
  <p time="672720" is_ac="true">give it such a nice texture and then</p>
  <p time="673920" is_ac="true">it's like kind of like a sorbet at the</p>
  <p time="675760" is_ac="true">same time</p>
  <p time="681200" is_ac="true">and the persian ice cream is really good</p>
  <p time="682720" is_ac="true">too the flavor of that saffron</p>
  <p time="685360" is_ac="true">and then you've got the crunch of the</p>
  <p time="686720" is_ac="true">pistachios in there we're now driving to</p>
  <p time="689279" is_ac="true">glendale which is a suburb of los</p>
  <p time="692079" is_ac="true">angeles and we're on our way to probably</p>
  <p time="694560" is_ac="true">what is one of the most famous</p>
  <p time="697120" is_ac="true">well-known persian restaurants in all of</p>
  <p time="699760" is_ac="true">the united states</p>
  <p time="701860" is_ac="true">[Music]</p>
  <p time="706320" is_ac="true">welcome to rafi's place we're in</p>
  <p time="708079" is_ac="true">downtown glendale we have a huge outdoor</p>
  <p time="710320" is_ac="true">patio area they have an indoor section</p>
  <p time="712480" is_ac="true">it is always</p>
  <p time="714320" is_ac="true">packed we're going gonna have a tour of</p>
  <p time="715600" is_ac="true">the kitchen and the meat factory and</p>
  <p time="718160" is_ac="true">we're gonna have a feast</p>
  <p time="721040" is_ac="true">it is a massive honor to meet mr rafi</p>
  <p time="724959" is_ac="true">this is rafi</p>
  <p time="726639" is_ac="true">oh man and</p>
  <p time="728880" is_ac="true">very nice to meet you and rafi's wife</p>
  <p time="730800" is_ac="true">it's such an honor to meet you</p>
  <p time="733040" is_ac="true">and i'm so</p>
  <p time="734959" is_ac="true">i'm so excited to be here</p>
  <p time="737600" is_ac="true">every day thank you very much</p>
  <p time="740720" is_ac="true">thank you very much</p>
  <p time="742880" is_ac="true">so we're at raffi's place we're gonna</p>
  <p time="745040" is_ac="true">see the the meat factory raffi said mr</p>
  <p time="747839" is_ac="true">ravi said the meat factory let's go to</p>
  <p time="750240" is_ac="true">the meat factory</p>
  <p time="752639" is_ac="true">okay</p>
  <p time="754030" is_ac="true">[Music]</p>
  <p time="764639" is_ac="true">now this is what you call a kebab grill</p>
  <p time="767440" is_ac="true">it's like the size of a bus</p>
  <p time="769600" is_ac="true">man and they are just packed here for</p>
  <p time="771680" is_ac="true">lunch today i mean as they always are</p>
  <p time="773440" is_ac="true">here at rafi's place the kebabs are</p>
  <p time="775440" is_ac="true">going the meat aroma the koobide the</p>
  <p time="779040" is_ac="true">onions the peppers the tomatoes are</p>
  <p time="781360" is_ac="true">hissing</p>
  <p time="791850" is_ac="true">[Music]</p>
  <p time="795680" is_ac="true">okay okay okay</p>
  <p time="812480" is_ac="true">oh man this place is</p>
  <p time="814959" is_ac="true">what</p>
  <p time="815760" is_ac="true">what a restaurant target the bottom of</p>
  <p time="818240" is_ac="true">the</p>
  <p time="818959" is_ac="true">the rice we're gonna go upstairs to the</p>
  <p time="821120" is_ac="true">prep room</p>
  <p time="822720" is_ac="true">man this place</p>
  <p time="824160" is_ac="true">what a system they have going down</p>
  <p time="832079" is_ac="true">where they slice the meat where they</p>
  <p time="834560" is_ac="true">uh skewer all of the kebabs peppers</p>
  <p time="838160" is_ac="true">mountains of peppers beautifully cut</p>
  <p time="840560" is_ac="true">meats that's all going to go into the</p>
  <p time="842160" is_ac="true">kebabs which is all going to be cooked</p>
  <p time="843760" is_ac="true">downstairs for the restaurant the kubida</p>
  <p time="846000" is_ac="true">station</p>
  <p time="862320" is_ac="true">80 pounds an hour</p>
  <p time="864800" is_ac="true">wow</p>
  <p time="865680" is_ac="true">just like constantly could be there all</p>
  <p time="867440" is_ac="true">day long</p>
  <p time="870780" is_ac="true">[Music]</p>
  <p time="874240" is_ac="true">the kebab factory is just</p>
  <p time="876880" is_ac="true">so clean</p>
  <p time="878240" is_ac="true">so</p>
  <p time="879120" is_ac="true">precise</p>
  <p time="880480" is_ac="true">so much meat doing it so well it's so</p>
  <p time="883440" is_ac="true">cool to be able to see this process</p>
  <p time="884959" is_ac="true">upstairs uh the behind the scenes look</p>
  <p time="887839" is_ac="true">at how rafi's place</p>
  <p time="889920" is_ac="true">operates and is run</p>
  <p time="895519" is_ac="true">like one piece of meat</p>
  <p time="899600" is_ac="true">[Music]</p>
  <p time="905120" is_ac="true">so it can just be skewered</p>
  <p time="907199" is_ac="true">all flat</p>
  <p time="908800" is_ac="true">look at that</p>
  <p time="924480" is_ac="true">27 years of practice yeah and you can</p>
  <p time="928000" is_ac="true">tell then you're so fast</p>
  <p time="930079" is_ac="true">so fast and just yeah that's not easy</p>
  <p time="932959" is_ac="true">too it's not like that this is the</p>
  <p time="934399" is_ac="true">disneyland of food right here</p>
  <p time="935910" is_ac="true">[Laughter]</p>
  <p time="938839" is_ac="true">okay</p>
  <p time="940399" is_ac="true">oh that was</p>
  <p time="942720" is_ac="true">incredible yeah almost everyone knows</p>
  <p time="946880" is_ac="true">would it be a place that a lot of</p>
  <p time="948639" is_ac="true">persians come to have celebrations to</p>
  <p time="952480" is_ac="true">have a big meal with family</p>
  <p time="956959" is_ac="true">special occasions</p>
  <p time="958560" is_ac="true">ralphie's place is the place</p>
  <p time="960800" is_ac="true">yeah lots of space exactly they have a</p>
  <p time="963360" is_ac="true">huge</p>
  <p time="964560" is_ac="true">outdoor garden section which is where</p>
  <p time="966720" is_ac="true">we're saying hello and then they also</p>
  <p time="968639" is_ac="true">have a big indoor section as well</p>
  <p time="973040" is_ac="true">yes</p>
  <p time="974639" is_ac="true">cucumbers kind of persian traditional</p>
  <p time="976720" is_ac="true">salad</p>
  <p time="980320" is_ac="true">raffia salad</p>
  <p time="986000" is_ac="true">[Music]</p>
  <p time="991279" is_ac="true">so this is like a roasted eggplant fried</p>
  <p time="994079" is_ac="true">onions on top</p>
  <p time="1002079" is_ac="true">oh man</p>
  <p time="1022959" is_ac="true">i love those uh combo-like onions on top</p>
  <p time="1025439" is_ac="true">okay i'm gonna try some of raffi's salad</p>
  <p time="1027120" is_ac="true">now</p>
  <p time="1028000" is_ac="true">you guys want some raffia celery</p>
  <p time="1029679" is_ac="true">i'll try and go ahead yeah we can try</p>
  <p time="1031280" is_ac="true">first</p>
  <p time="1032559" is_ac="true">okay i'll pass it down</p>
  <p time="1035520" is_ac="true">rafi salad there's cucumbers olives</p>
  <p time="1037600" is_ac="true">onions and tomatoes</p>
  <p time="1048000" is_ac="true">is the bottom of the rice pan where it's</p>
  <p time="1049919" is_ac="true">crispy</p>
  <p time="1051039" is_ac="true">and it's one of the most prized foods</p>
  <p time="1053039" is_ac="true">yes famous</p>
  <p time="1056799" is_ac="true">oh so that's a tad with gourmet on top</p>
  <p time="1060640" is_ac="true">okay sure</p>
  <p time="1062240" is_ac="true">oh so you have to shake it yes okay</p>
  <p time="1078960" is_ac="true">stew yeah with pomegranate and walnuts</p>
  <p time="1082960" is_ac="true">yeah</p>
  <p time="1084559" is_ac="true">oh man</p>
  <p time="1085600" is_ac="true">okay</p>
  <p time="1086799" is_ac="true">oh thank you okay this one is with the</p>
  <p time="1088720" is_ac="true">gourmet</p>
  <p time="1090240" is_ac="true">and uh</p>
  <p time="1092320" is_ac="true">thank you</p>
  <p time="1095680" is_ac="true">[Music]</p>
  <p time="1102799" is_ac="true">oh wow</p>
  <p time="1104080" is_ac="true">it was really good really good</p>
  <p time="1109520" is_ac="true">and nutty</p>
  <p time="1111360" is_ac="true">and rich</p>
  <p time="1112960" is_ac="true">and then that texture of the at the</p>
  <p time="1114640" is_ac="true">bottom</p>
  <p time="1115600" is_ac="true">like</p>
  <p time="1116640" is_ac="true">slightly chewy and crispy at the same</p>
  <p time="1118640" is_ac="true">time now gourmet sabzi is like a an</p>
  <p time="1121360" is_ac="true">herbal stew sort of full of herbs it's</p>
  <p time="1124640" is_ac="true">got five different kinds of herbs onion</p>
  <p time="1128720" is_ac="true">kidney beans</p>
  <p time="1130320" is_ac="true">dried lime</p>
  <p time="1131760" is_ac="true">dried lime yeah the dried lime</p>
  <p time="1139360" is_ac="true">oh i love it</p>
  <p time="1140799" is_ac="true">so herbaceous so</p>
  <p time="1142480" is_ac="true">so green tasting which includes the</p>
  <p time="1144559" is_ac="true">split peas the tomato</p>
  <p time="1146400" is_ac="true">stew</p>
  <p time="1150480" is_ac="true">they're all three</p>
  <p time="1152240" is_ac="true">so good and all three like completely</p>
  <p time="1154240" is_ac="true">different flavors</p>
  <p time="1156480" is_ac="true">i'll try some of the yogurt</p>
  <p time="1164080" is_ac="true">yeah it's so refreshing creamy not too</p>
  <p time="1166640" is_ac="true">heavy not too rich just a sour</p>
  <p time="1169919" is_ac="true">slightly um</p>
  <p time="1172000" is_ac="true">slightly sour slightly salty but it goes</p>
  <p time="1174160" is_ac="true">so well</p>
  <p time="1179760" is_ac="true">yes</p>
  <p time="1183520" is_ac="true">this is actually a persian food festival</p>
  <p time="1186799" is_ac="true">on our table oh man when you come to</p>
  <p time="1189840" is_ac="true">california you do not need to go to</p>
  <p time="1191360" is_ac="true">disneyland just come to rafi's place the</p>
  <p time="1193840" is_ac="true">greatest amusement of culinary display</p>
  <p time="1196480" is_ac="true">you could possibly have cherry rice</p>
  <p time="1200080" is_ac="true">sour cherry rice polo is rice right polo</p>
  <p time="1203039" is_ac="true">means rice okay</p>
  <p time="1204960" is_ac="true">oh so many herbs in here too</p>
  <p time="1207360" is_ac="true">lima beans</p>
  <p time="1209280" is_ac="true">that's all dill in there right okay</p>
  <p time="1211520" is_ac="true">thank you the cherry rice</p>
  <p time="1214799" is_ac="true">that's beautiful</p>
  <p time="1218080" is_ac="true">saffron topped rice okay</p>
  <p time="1222159" is_ac="true">i'm gonna try the kubere which is the</p>
  <p time="1223679" is_ac="true">ground the ground meat kebab</p>
  <p time="1226320" is_ac="true">oh you can feel that texture of it how</p>
  <p time="1228559" is_ac="true">bouncy it is already</p>
  <p time="1232840" is_ac="true">wow going to try some of the kubernetes</p>
  <p time="1234880" is_ac="true">with just some of that lima bean rice</p>
  <p time="1240070" is_ac="true">[Music]</p>
  <p time="1243840" is_ac="true">oh wow</p>
  <p time="1245520" is_ac="true">that's so good</p>
  <p time="1248080" is_ac="true">the cookie is so bouncy</p>
  <p time="1250400" is_ac="true">and juicy</p>
  <p time="1252799" is_ac="true">oh</p>
  <p time="1253600" is_ac="true">and the onions you taste the onions in</p>
  <p time="1255039" is_ac="true">the cookie yeah</p>
  <p time="1256480" is_ac="true">the onions the onion juice</p>
  <p time="1259120" is_ac="true">the flavor of that dill and the rice</p>
  <p time="1263760" is_ac="true">is amazing so there's</p>
  <p time="1265840" is_ac="true">there's chicken boneless chicken</p>
  <p time="1267760" is_ac="true">chicken breast and then there's also</p>
  <p time="1269280" is_ac="true">chicken like like wings</p>
  <p time="1271360" is_ac="true">and the chicken is especially to go with</p>
  <p time="1273280" is_ac="true">that cherry</p>
  <p time="1274559" is_ac="true">that cherry rice</p>
  <p time="1281150" is_ac="true">[Music]</p>
  <p time="1284880" is_ac="true">oh wow</p>
  <p time="1288720" is_ac="true">the tartness of those cherries</p>
  <p time="1290799" is_ac="true">oh i mean it's really good</p>
  <p time="1293120" is_ac="true">yeah</p>
  <p time="1294400" is_ac="true">this is the local touch the jalapenos</p>
  <p time="1296559" is_ac="true">california</p>
  <p time="1297919" is_ac="true">edition</p>
  <p time="1298880" is_ac="true">let's pick up i'm okay</p>
  <p time="1302240" is_ac="true">thank you mr robbie</p>
  <p time="1309280" is_ac="true">wow</p>
  <p time="1310240" is_ac="true">it's so tender</p>
  <p time="1313120" is_ac="true">so juicy</p>
  <p time="1315120" is_ac="true">oh it's so tender</p>
  <p time="1319120" is_ac="true">pure meatiness of it with that smoky</p>
  <p time="1321760" is_ac="true">char from the grill</p>
  <p time="1327280" is_ac="true">wow</p>
  <p time="1328640" is_ac="true">that is pure</p>
  <p time="1330320" is_ac="true">lamb just sensational flavor that should</p>
  <p time="1332480" is_ac="true">be eaten with the rice too right oh</p>
  <p time="1334559" is_ac="true">thank you do you want to try that</p>
  <p time="1337679" is_ac="true">yes</p>
  <p time="1339360" is_ac="true">oh thank you this one is the</p>
  <p time="1341840" is_ac="true">filet kebab</p>
  <p time="1344720" is_ac="true">i'm just going to break down my tomato</p>
  <p time="1346159" is_ac="true">on my plate i'm going to mix it with</p>
  <p time="1347600" is_ac="true">some of the yogurt i'm going to try some</p>
  <p time="1348720" is_ac="true">of the filet filet kebab</p>
  <p time="1352720" is_ac="true">fillet kebab onion yogurt</p>
  <p time="1363360" is_ac="true">i'm gonna move into the jalapeno and</p>
  <p time="1365039" is_ac="true">that's what i think is such an awesome</p>
  <p time="1367360" is_ac="true">um adaptation</p>
  <p time="1369600" is_ac="true">to where we are</p>
  <p time="1379840" is_ac="true">oh yeah</p>
  <p time="1381280" is_ac="true">so juicy</p>
  <p time="1383120" is_ac="true">so smoky roasted</p>
  <p time="1385440" is_ac="true">oh yeah</p>
  <p time="1387200" is_ac="true">good heat too</p>
  <p time="1389200" is_ac="true">jalapenos can be sometimes really spicy</p>
  <p time="1390880" is_ac="true">and sometimes not that spicy oh these</p>
  <p time="1392240" is_ac="true">ones are good these are good</p>
  <p time="1394400" is_ac="true">very good</p>
  <p time="1396000" is_ac="true">here we go so this one is eggplant also</p>
  <p time="1405600" is_ac="true">really good</p>
  <p time="1407440" is_ac="true">the garlic</p>
  <p time="1408799" is_ac="true">the tomatoes in there</p>
  <p time="1410640" is_ac="true">oh and then the eggplant kind of holding</p>
  <p time="1412159" is_ac="true">it together</p>
  <p time="1413830" is_ac="true">[Music]</p>
  <p time="1427120" is_ac="true">and make sure you chase with mint as</p>
  <p time="1428960" is_ac="true">well i think that's uh</p>
  <p time="1432000" is_ac="true">lemon basil sorry lemon basil</p>
  <p time="1436799" is_ac="true">which just like</p>
  <p time="1438000" is_ac="true">cleanses the mouth</p>
  <p time="1440080" is_ac="true">cleans the palate</p>
  <p time="1441679" is_ac="true">oh yeah</p>
  <p time="1444300" is_ac="true">[Music]</p>
  <p time="1453440" is_ac="true">i'm going to try some of the salachirazi</p>
  <p time="1455400" is_ac="true">[Applause]</p>
  <p time="1457530" is_ac="true">[Music]</p>
  <p time="1460640" is_ac="true">add a little bit of sugar</p>
  <p time="1464420" is_ac="true">[Music]</p>
  <p time="1465919" is_ac="true">so bouncy and juicy the texture</p>
  <p time="1469039" is_ac="true">and the onion juice just squeezes out</p>
  <p time="1471039" is_ac="true">with every bite rose water oh rosa oh</p>
  <p time="1473600" is_ac="true">thank you</p>
  <p time="1477840" is_ac="true">oh</p>
  <p time="1478640" is_ac="true">the sticky kind of ice cream look at</p>
  <p time="1480240" is_ac="true">that it doesn't melt oh it's so fragrant</p>
  <p time="1482159" is_ac="true">with rose water that's real persian ice</p>
  <p time="1484720" is_ac="true">cream</p>
  <p time="1487200" is_ac="true">oh it's really good ice cream</p>
  <p time="1495440" is_ac="true">final bite</p>
  <p time="1505039" is_ac="true">oh that one burst with</p>
  <p time="1506960" is_ac="true">honey sweetness</p>
  <p time="1510080" is_ac="true">wow</p>
  <p time="1510880" is_ac="true">that is sweet but really good</p>
  <p time="1513440" is_ac="true">you need to</p>
  <p time="1514960" is_ac="true">have some tea with that</p>
  <p time="1519279" is_ac="true">oh it just bursts with rose water</p>
  <p time="1522000" is_ac="true">so fragrant</p>
  <p time="1524240" is_ac="true">wow</p>
  <p time="1525840" is_ac="true">this was an incredible meal</p>
  <p time="1528480" is_ac="true">thank you so much for</p>
  <p time="1530480" is_ac="true">this amazing food</p>
  <p time="1532880" is_ac="true">and as we sat there mr rafi shared with</p>
  <p time="1535679" is_ac="true">us his story of they came to the united</p>
  <p time="1538559" is_ac="true">states</p>
  <p time="1539600" is_ac="true">they opened rafi's place about 28 years</p>
  <p time="1542000" is_ac="true">ago but mr and mrs rafi they had owned</p>
  <p time="1544640" is_ac="true">and operated restaurants back home in</p>
  <p time="1546720" is_ac="true">tehran</p>
  <p time="1547760" is_ac="true">before coming to the united states and</p>
  <p time="1549679" is_ac="true">when they came to the united states</p>
  <p time="1551840" is_ac="true">mr rafi did a variety of jobs he did</p>
  <p time="1554159" is_ac="true">some plumbing but eventually they opened</p>
  <p time="1556159" is_ac="true">a small little restaurant called raffi's</p>
  <p time="1557840" is_ac="true">place which started out with four tables</p>
  <p time="1561679" is_ac="true">and it's grown because of their</p>
  <p time="1564520" is_ac="true">hospitality because of their</p>
  <p time="1566320" is_ac="true">friendliness because of their incredibly</p>
  <p time="1568159" is_ac="true">delicious food it's grown into what it</p>
  <p time="1570400" is_ac="true">is today raffi's place is one of the</p>
  <p time="1572640" is_ac="true">great meal experiences of los angeles a</p>
  <p time="1576000" is_ac="true">banquet of persian food we've got one</p>
  <p time="1578720" is_ac="true">more place to go it's also in glendale</p>
  <p time="1580880" is_ac="true">but a little ways down the road and</p>
  <p time="1582720" is_ac="true">we're going to try another famous one of</p>
  <p time="1585200" is_ac="true">the great dishes of iran</p>
  <p time="1586660" is_ac="true">[Music]</p>
  <p time="1591360" is_ac="true">thank you as you sit down</p>
  <p time="1593600" is_ac="true">you can feel the heat of it</p>
  <p time="1595520" is_ac="true">as they set it</p>
  <p time="1596840" is_ac="true">down this is beans and eggplant</p>
  <p time="1600880" is_ac="true">homemade thank you</p>
  <p time="1602480" is_ac="true">this is the crust</p>
  <p time="1605440" is_ac="true">these two goes with the disney crystal</p>
  <p time="1608880" is_ac="true">there's the dc</p>
  <p time="1610320" is_ac="true">yummy</p>
  <p time="1611600" is_ac="true">chickpeas bacon is a garbanzo beans</p>
  <p time="1614320" is_ac="true">white peas potato tomato</p>
  <p time="1617120" is_ac="true">and a little bit of the spices basically</p>
  <p time="1619919" is_ac="true">and that's it you know</p>
  <p time="1629000" is_ac="true">[Music]</p>
  <p time="1639120" is_ac="true">wow look at those bubbles</p>
  <p time="1643760" is_ac="true">cheers</p>
  <p time="1646159" is_ac="true">i just brought two so yeah</p>
  <p time="1648559" is_ac="true">you don't have a room for other stuff</p>
  <p time="1650080" is_ac="true">that's perfect</p>
  <p time="1655860" is_ac="true">[Music]</p>
  <p time="1665760" is_ac="true">that's the soup</p>
  <p time="1678720" is_ac="true">so i do it like this it's easy yeah</p>
  <p time="1694880" is_ac="true">thank you very much okay</p>
  <p time="1696559" is_ac="true">yeah pair that up tear it up into the</p>
  <p time="1698159" is_ac="true">small pieces and then it's one of the</p>
  <p time="1700000" is_ac="true">world's great soups right</p>
  <p time="1701840" is_ac="true">in there even in there and it's sort of</p>
  <p time="1703440" is_ac="true">absorbs yeah it absorbs everything this</p>
  <p time="1706399" is_ac="true">is why i love these so much it's such a</p>
  <p time="1708640" is_ac="true">cool process you can see how the the</p>
  <p time="1710640" is_ac="true">soup has just completely absorbed the</p>
  <p time="1712159" is_ac="true">bread has absorbed the soup has</p>
  <p time="1714799" is_ac="true">completely absorbed into the bread</p>
  <p time="1719150" is_ac="true">[Music]</p>
  <p time="1721520" is_ac="true">all the lamb flour on the</p>
  <p time="1729310" is_ac="true">[Music]</p>
  <p time="1734799" is_ac="true">we immediately</p>
  <p time="1736720" is_ac="true">taste the flavor of lamb but again like</p>
  <p time="1738799" is_ac="true">you said you have to know how to cook</p>
  <p time="1740240" is_ac="true">the lamb exactly if you don't know how</p>
  <p time="1742000" is_ac="true">to cook the lamb it will be too strong</p>
  <p time="1743360" is_ac="true">or too gamey or two they wouldn't taste</p>
  <p time="1745279" is_ac="true">good at the end so but this one it</p>
  <p time="1747840" is_ac="true">tastes amazing it is so good</p>
  <p time="1750559" is_ac="true">that's</p>
  <p time="1754080" is_ac="true">but this is literally</p>
  <p time="1755600" is_ac="true">liquefied</p>
  <p time="1757279" is_ac="true">lamb and chickpeas</p>
  <p time="1758960" is_ac="true">just mashed up</p>
  <p time="1760880" is_ac="true">and then get some horsey oh yes i'll add</p>
  <p time="1764000" is_ac="true">some of the soup to mine rethink pretty</p>
  <p time="1766799" is_ac="true">much everything you don't want to miss</p>
  <p time="1768320" is_ac="true">out on i</p>
  <p time="1769770" is_ac="true">[Music]</p>
  <p time="1779520" is_ac="true">the know again</p>
  <p time="1781279" is_ac="true">the shreds of lamb it's really good</p>
  <p time="1783919" is_ac="true">creamy starchy</p>
  <p time="1786799" is_ac="true">that's amazing it's amazing it is yeah</p>
  <p time="1790640" is_ac="true">okay okay</p>
  <p time="1792320" is_ac="true">yeah yeah</p>
  <p time="1796620" is_ac="true">[Music]</p>
  <p time="1799200" is_ac="true">and with uh you can see so much mint</p>
  <p time="1801039" is_ac="true">floating on top cheers</p>
  <p time="1811679" is_ac="true">this is really good it's so refreshing</p>
  <p time="1814080" is_ac="true">that savory</p>
  <p time="1816000" is_ac="true">mintiness yeah onion dip</p>
  <p time="1822810" is_ac="true">[Music]</p>
  <p time="1824240" is_ac="true">oh it's eggplant right smokey</p>
  <p time="1831290" is_ac="true">[Music]</p>
  <p time="1834840" is_ac="true">party cool refreshing and starchy yeah</p>
  <p time="1838880" is_ac="true">oh wow oh wow</p>
  <p time="1842640" is_ac="true">this is spectacular all just strands of</p>
  <p time="1845279" is_ac="true">eggplant</p>
  <p time="1848399" is_ac="true">oh it's hot</p>
  <p time="1852640" is_ac="true">oh it's so rich oh man that's flavorful</p>
  <p time="1856320" is_ac="true">the eggplant is creamy yeah with the</p>
  <p time="1858640" is_ac="true">mint oil with the fried challenge</p>
  <p time="1860710" is_ac="true">[Music]</p>
  <p time="1874720" is_ac="true">lamb shank and rice and we get along</p>
  <p time="1877120" is_ac="true">well because they're just i think</p>
  <p time="1878640" is_ac="true">they're just as excited as i am every</p>
  <p time="1880720" is_ac="true">time a new dish arrives you guys are</p>
  <p time="1883200" is_ac="true">more excited now yes</p>
  <p time="1885440" is_ac="true">a little bit of rice goes down you can</p>
  <p time="1887519" is_ac="true">tell it's just gonna fall off the bone</p>
  <p time="1889039" is_ac="true">look at how</p>
  <p time="1890960" is_ac="true">oh look tender that is</p>
  <p time="1892799" is_ac="true">look at the insides of that you can tell</p>
  <p time="1894159" is_ac="true">how pink and</p>
  <p time="1895840" is_ac="true">oh it's just fall apart tender</p>
  <p time="1898399" is_ac="true">and this would be more of like a tomato</p>
  <p time="1900720" is_ac="true">based sauce um yes</p>
  <p time="1902559" is_ac="true">tomato i think fried onion tomato</p>
  <p time="1910559" is_ac="true">just tears apart with a fork with a</p>
  <p time="1912799" is_ac="true">spoon</p>
  <p time="1916930" is_ac="true">[Music]</p>
  <p time="1922080" is_ac="true">oh wow</p>
  <p time="1924080" is_ac="true">you don't even need to chew it</p>
  <p time="1926240" is_ac="true">it melts</p>
  <p time="1927840" is_ac="true">you could be toothless and still eat</p>
  <p time="1929679" is_ac="true">this lampshade</p>
  <p time="1931039" is_ac="true">like wherever</p>
  <p time="1933279" is_ac="true">that's the perfect sauce that's just a</p>
  <p time="1934880" is_ac="true">little bit</p>
  <p time="1935840" is_ac="true">tomatoey</p>
  <p time="1937360" is_ac="true">but not overpowering</p>
  <p time="1939679" is_ac="true">and then with the flavor of that herbal</p>
  <p time="1941039" is_ac="true">dill</p>
  <p time="1944440" is_ac="true">rice we have</p>
  <p time="1948399" is_ac="true">final actually this is going to be the</p>
  <p time="1950080" is_ac="true">final dish that we eat today</p>
  <p time="1952399" is_ac="true">one more</p>
  <p time="1953519" is_ac="true">kebab platter with kubiday oh man this</p>
  <p time="1955679" is_ac="true">could be looks good also really nice and</p>
  <p time="1958080" is_ac="true">plump and you can just see that if you</p>
  <p time="1960240" is_ac="true">were to squeeze it the juices would come</p>
  <p time="1962080" is_ac="true">out of it</p>
  <p time="1966310" is_ac="true">[Music]</p>
  <p time="1967760" is_ac="true">oh that's really good yeah that was very</p>
  <p time="1970640" is_ac="true">good</p>
  <p time="1971360" is_ac="true">that's like so juicy and like fatty</p>
  <p time="1974960" is_ac="true">down it sort and</p>
  <p time="1975679" is_ac="true">bounces</p>
  <p time="1976799" is_ac="true">it kind of springs back at you with</p>
  <p time="1978799" is_ac="true">juice with meat juice</p>
  <p time="1986880" is_ac="true">oh the saffron you immediately put your</p>
  <p time="1988720" is_ac="true">saffron on that chicken</p>
  <p time="1990880" is_ac="true">it's so juicy</p>
  <p time="1992640" is_ac="true">you take a bite and you have a puddle of</p>
  <p time="1994399" is_ac="true">chicken juice in your mouth</p>
  <p time="2006080" is_ac="true">yes i'm at that stage where i need to</p>
  <p time="2007600" is_ac="true">loosen the belt</p>
  <p time="2011760" is_ac="true">i'll have a final final bite</p>
  <p time="2016399" is_ac="true">guys</p>
  <p time="2024450" is_ac="true">[Music]</p>
  <p time="2027840" is_ac="true">that is the taste of iran right there it</p>
  <p time="2030880" is_ac="true">is look definitely yeah</p>
  <p time="2034080" is_ac="true">that is the taste</p>
  <p time="2035020" is_ac="true">[Music]</p>
  <p time="2042480" is_ac="true">just gushes with the honey sweetness</p>
  <p time="2058720" is_ac="true">and that wraps up</p>
  <p time="2061440" is_ac="true">an incredible day today hanging out with</p>
  <p time="2063200" is_ac="true">you guys</p>
  <p time="2064240" is_ac="true">thank you for</p>
  <p time="2065440" is_ac="true">taking me around here it was a pleasure</p>
  <p time="2067679" is_ac="true">yeah</p>
  <p time="2068639" is_ac="true">so much fun to eat with you guys and i'm</p>
  <p time="2070639" is_ac="true">glad you guys are just as excited about</p>
  <p time="2072800" is_ac="true">eating as i am always and has forever</p>
  <p time="2076960" is_ac="true">also impressed at the</p>
  <p time="2079599" is_ac="true">quality of iranian food in l.a</p>
  <p time="2083040" is_ac="true">the authenticity of it and i'm not</p>
  <p time="2085520" is_ac="true">surprised at all about the hospitality</p>
  <p time="2087359" is_ac="true">though because</p>
  <p time="2088720" is_ac="true">persians and iranians are some of the</p>
  <p time="2090560" is_ac="true">most hospitable people in the world i</p>
  <p time="2092320" is_ac="true">think and it's no different when you</p>
  <p time="2094399" is_ac="true">come to l.a</p>
  <p time="2095679" is_ac="true">so thank you guys so much for</p>
  <p time="2098000" is_ac="true">showing us around</p>
  <p time="2099359" is_ac="true">oh and you guys are you guys are what</p>
  <p time="2100800" is_ac="true">are your plans with you guys are going</p>
  <p time="2102480" is_ac="true">to do more food blogging and yeah of</p>
  <p time="2104640" is_ac="true">course yeah the ghost ghost started</p>
  <p time="2108079" is_ac="true">lovers</p>
  <p time="2109040" is_ac="true">gushed lovers they have an instagram</p>
  <p time="2110800" is_ac="true">called lovers which means</p>
  <p time="2113680" is_ac="true">means meat</p>
  <p time="2114880" is_ac="true">meat lovers and</p>
  <p time="2117119" is_ac="true">yeah</p>
  <p time="2118000" is_ac="true">so you guys can go check them out go</p>
  <p time="2119680" is_ac="true">check out their their instagram and</p>
  <p time="2122000" is_ac="true">other content and yeah thank you again</p>
  <p time="2124880" is_ac="true">for</p>
  <p time="2125760" is_ac="true">showing me around thank you that was</p>
  <p time="2127599" is_ac="true">such a good day</p>
  <p time="2129280" is_ac="true">i'm just gonna tell you that i tried to</p>
  <p time="2131680" is_ac="true">pay at every single restaurant we went</p>
  <p time="2133440" is_ac="true">to and they would not they refused to</p>
  <p time="2136480" is_ac="true">take my money and i mean it was like</p>
  <p time="2138160" is_ac="true">this throughout our trip to iran as good</p>
  <p time="2140960" is_ac="true">as the food is it's the hospitality that</p>
  <p time="2142960" is_ac="true">shines even more and that's without a</p>
  <p time="2145200" is_ac="true">doubt even the case in los angeles</p>
  <p time="2148079" is_ac="true">and i want to say a big thank you to you</p>
  <p time="2150320" is_ac="true">for watching this video please remember</p>
  <p time="2151520" is_ac="true">to give it a thumbs up if you enjoyed it</p>
  <p time="2152960" is_ac="true">leave a comment below i'd love to hear</p>
  <p time="2154160" is_ac="true">from you and also remember to subscribe</p>
  <p time="2156160" is_ac="true">for lots more food and travel videos</p>
  <p time="2157680" is_ac="true">thanks again for watching goodbye from</p>
  <p time="2159040" is_ac="true">la and i will well glendale to be</p>
  <p time="2161520" is_ac="true">specific and i will see you on the next</p>
  <p time="2163680" is_ac="true">video</p>
</text>
