<?xml version='1.0' encoding='UTF-8'?>
<text date_d="11" date_m="11" date_y="2023" format="srv3" age_limit="0" comment_count="5800" description="New York. Italy. I traveled the world to find the best slice of pizza. Watch to the end to see which slice won!&#10;&#10;Buy Knife Drop, my 6x New York Times Bestselling cookbook! https://geni.us/8hnhf&#10;&#10;SUBSCRIBE TO CATCH GORDON RAMSAY&#10;╔═╦╗╔╦╗╔═╦═╦╦╦╦╗╔═╗&#10;║╚╣║║║╚╣╚╣╔╣╔╣║╚╣═╣&#10;╠╗║╚╝║║╠╗║╚╣║║║║║═╣&#10;╚═╩══╩═╩═╩═╩╝╚╩═╩═╝&#10;&#10;-------------------------------------------------------------------&#10;follow all of these for a cookie&#10;&#10;• Snapchat - https://www.snapchat.com/add/nick.digiovanni&#10;• Instagram - https://www.instagram.com/nick.digiovanni&#10;• TikTok - https://www.tiktok.com/@nick.digiovanni&#10;• Facebook - https://www.facebook.com/nick.digiovanni&#10;• Text Me - https://laylo.com/nickdigiovanni&#10;-------------------------------------------------------------------" fulltitle="I Ate The World's Best Pizza" like_count="180757" location="na" playlist_title="na" release_date="na" upload_date="20231111" repost_count="na" tags="pizza; italy; Nick DiGiovanni; Cooking; Food; Chef; Recipe; Gordon Ramsay; Kitchen; ASMR; MasterChef; Osmo Salt; Salt Bae; Learn To Cook; Knife Drop; Cookbook; Kid-Friendly; Kid’s Recipes; Kid’s Cooking; " title="I Ate The World's Best Pizza" uploader="Nick DiGiovanni" view_count="7865794" webpage_url="https://www.youtube.com/watch?v=0sCV8j0C_uY" autocaption="false">
  <p time="9" is_ac="false">This is the best rated pizza in the entire</p>
  <p time="2261" is_ac="false">world.</p>
  <p time="2542" is_ac="false">And we're going to be comparing it to the</p>
  <p time="4370" is_ac="false">world's most expensive pizza that has more gold than</p>
  <p time="6199" is_ac="false">my chain.</p>
  <p time="6665" is_ac="false">The top rated pizza in New York city that</p>
  <p time="8945" is_ac="false">uses a 100 year old oven and everything in</p>
  <p time="11226" is_ac="false">between.</p>
  <p time="11509" is_ac="false">And as crazy as it might sound, we're going</p>
  <p time="13099" is_ac="false">to start at Costco.</p>
  <p time="13870" is_ac="false">I've never actually had their pizza, but based on</p>
  <p time="16382" is_ac="false">countless articles I've found online, this is the internet's</p>
  <p time="18894" is_ac="false">favorite budget slice.</p>
  <p time="19718" is_ac="false">Do I think Costco pizza is going to beat</p>
  <p time="21368" is_ac="false">the slices we're going to have in New York</p>
  <p time="23018" is_ac="false">or Italy later in this video?</p>
  <p time="24322" is_ac="false">Probably not, but we won't know until we try.</p>
  <p time="26163" is_ac="false">Members only shouldn't be a problem.</p>
  <p time="28125" is_ac="false">Not the best photo though.</p>
  <p time="29306" is_ac="false">Fun fact, they sell so much pizza here at</p>
  <p time="31612" is_ac="false">Costco that technically they're one of the largest pizza</p>
  <p time="33917" is_ac="false">chains in the country.</p>
  <p time="34974" is_ac="false">I need to find out why people love it</p>
  <p time="36675" is_ac="false">so much.</p>
  <p time="37196" is_ac="false">So you think it could be the best in</p>
  <p time="38514" is_ac="false">the world?</p>
  <p time="38997" is_ac="false">Costco is the best.</p>
  <p time="39918" is_ac="false">We watched this pizza be made back there by</p>
  <p time="42203" is_ac="false">this robot machine that spreads the sauce perfectly.</p>
  <p time="44283" is_ac="false">The robot is so smart that as it gets</p>
  <p time="46273" is_ac="false">closer to the center, there's less sauce so that</p>
  <p time="48263" is_ac="false">your pizza can hold up and doesn't flop over.</p>
  <p time="50268" is_ac="false">They've just got everything down to a T where</p>
  <p time="52663" is_ac="false">it's all the same consistent, perfect pizza.</p>
  <p time="54593" is_ac="false">Thank you.</p>
  <p time="55393" is_ac="false">Hey, you want an extra drink?</p>
  <p time="57359" is_ac="false">Oh, an extra drink? Wow.</p>
  <p time="58779" is_ac="false">That's amazing.</p>
  <p time="59419" is_ac="false">Thank you.</p>
  <p time="59880" is_ac="false">So, I will say this pizza looks fantastic.</p>
  <p time="61981" is_ac="false">And our guy Greg seems to think it could</p>
  <p time="63638" is_ac="false">be up there with the best pizza in the</p>
  <p time="65296" is_ac="false">world.</p>
  <p time="65503" is_ac="false">The smell of this pizza alone is unbelievable.</p>
  <p time="68848" is_ac="false">This is the pizza that brings me back to</p>
  <p time="70616" is_ac="false">my childhood.</p>
  <p time="71130" is_ac="false">I feel like it's the very best version of</p>
  <p time="72911" is_ac="false">a pizza that you get at a birthday party.</p>
  <p time="74753" is_ac="false">I love it.</p>
  <p time="75274" is_ac="false">The only negatives for me is that there's no</p>
  <p time="77381" is_ac="false">crunch in this crust, and the bottom doesn't have</p>
  <p time="79488" is_ac="false">that classic pizza char I'm looking for.</p>
  <p time="81200" is_ac="false">This pizza right here exceeded my expectations, but the</p>
  <p time="83333" is_ac="false">real question is, can it hold up against the</p>
  <p time="85467" is_ac="false">best pizzas in the world?</p>
  <p time="87329" is_ac="false">This is Al Forno.</p>
  <p time="88549" is_ac="false">It's in Providence, Rhode Island, just a few minutes</p>
  <p time="90542" is_ac="false">away from the hospital where I was born.</p>
  <p time="92349" is_ac="false">And this is where grilled pizza was invented.</p>
  <p time="94650" is_ac="false">Grilled pizza has a more complex flavor than any</p>
  <p time="97181" is_ac="false">slice you've probably ever tasted.</p>
  <p time="98630" is_ac="false">And it's so good that at one point, it</p>
  <p time="100656" is_ac="false">won Al Forno the award for best casual restaurant</p>
  <p time="102681" is_ac="false">in the world.</p>
  <p time="103391" is_ac="false">How are you?</p>
  <p time="103951" is_ac="false">Good, how are you?</p>
  <p time="104552" is_ac="false">It's good to see you.</p>
  <p time="105592" is_ac="false">The last time I was in this kitchen was</p>
  <p time="106815" is_ac="false">when I was 17.</p>
  <p time="107712" is_ac="false">17 years old?</p>
  <p time="108692" is_ac="false">Yeah.</p>
  <p time="109152" is_ac="false">Are you 21 now?</p>
  <p time="110053" is_ac="false">I'm 27.</p>
  <p time="113217" is_ac="false">So, fun fact, this was my first ever job.</p>
  <p time="116756" is_ac="false">David was the chef.</p>
  <p time="118256" is_ac="false">Was I helpful?</p>
  <p time="118957" is_ac="false">Give me an honest rating.</p>
  <p time="120258" is_ac="false">Oh, yes, you were.</p>
  <p time="121418" is_ac="false">I remember.</p>
  <p time="122199" is_ac="false">I swept the floor a lot.</p>
  <p time="123139" is_ac="false">You were helpful, yes.</p>
  <p time="124300" is_ac="false">Do you think this deserves to be up there</p>
  <p time="125768" is_ac="false">with, like, the best pizzas in the world?</p>
  <p time="127061" is_ac="false">Because I actually do.</p>
  <p time="128142" is_ac="false">I do.</p>
  <p time="128402" is_ac="false">Oh, absolutely.</p>
  <p time="129483" is_ac="false">Because of all the care and time that we</p>
  <p time="131973" is_ac="false">take in making them.</p>
  <p time="133204" is_ac="false">It seems easy, but it's not that easy.</p>
  <p time="135166" is_ac="false">I promise you.</p>
  <p time="135828" is_ac="false">The whole process takes like, I don't know, three</p>
  <p time="138421" is_ac="false">minutes.</p>
  <p time="138751" is_ac="false">And David, Nick will be able to make one</p>
  <p time="140223" is_ac="false">too?</p>
  <p time="140614" is_ac="false">Absolutely.</p>
  <p time="141275" is_ac="false">Was he allowed to make one back in the</p>
  <p time="142580" is_ac="false">day?</p>
  <p time="143077" is_ac="false">No, he was not.</p>
  <p time="144259" is_ac="false">Any reason why?</p>
  <p time="145589" is_ac="false">Haha uh, he needs some training.</p>
  <p time="147265" is_ac="false">That right there is what makes a grilled pizza</p>
  <p time="148852" is_ac="false">a grilled pizza.</p>
  <p time="149366" is_ac="false">Those clean, fresh marks that go across it.</p>
  <p time="151467" is_ac="false">So what's the secret?</p>
  <p time="152287" is_ac="false">I mean, what makes this pizza so good?</p>
  <p time="153808" is_ac="false">Fresh ingredients, very simple.</p>
  <p time="155728" is_ac="false">Cooking it on a live fire like that, right</p>
  <p time="158063" is_ac="false">straight on.</p>
  <p time="158790" is_ac="false">Uh, David, I don't know if you remember this,</p>
  <p time="160417" is_ac="false">but one time I went to use the bathroom</p>
  <p time="162044" is_ac="false">when I was working here.</p>
  <p time="162931" is_ac="false">Uh-huh.</p>
  <p time="163511" is_ac="false">And I turned off the lights in the whole</p>
  <p time="165018" is_ac="false">restaurant.</p>
  <p time="165172" is_ac="false">Oh, I do remember that!</p>
  <p time="166333" is_ac="false">Yeah, everybody does that when they go.</p>
  <p time="167893" is_ac="false">Hahah!</p>
  <p time="169094" is_ac="false">That was pretty bad.</p>
  <p time="169654" is_ac="false">Did we scream at you?</p>
  <p time="170714" is_ac="false">Yeah, yeah, I think I got yelled at.</p>
  <p time="172275" is_ac="false">What the f*** are you doing?</p>
  <p time="174753" is_ac="false">I love all the little spots that you do</p>
  <p time="176239" is_ac="false">when you put them on there.</p>
  <p time="177318" is_ac="false">So unique in the sense that, like you said,</p>
  <p time="179540" is_ac="false">every pizza looks different.</p>
  <p time="180499" is_ac="false">It kind of breaks the rules of pizza.</p>
  <p time="182239" is_ac="false">Like, you know, the sauce is not first.</p>
  <p time="183980" is_ac="false">The cheese is first.</p>
  <p time="185201" is_ac="false">The cooking method is different.</p>
  <p time="186701" is_ac="false">Everything is different about it.</p>
  <p time="187921" is_ac="false">We got to rotate it constantly because some spots</p>
  <p time="190524" is_ac="false">are hotter than others.</p>
  <p time="191703" is_ac="false">Finish it with scallions.</p>
  <p time="193523" is_ac="false">And you don't really see scallions on a pizza</p>
  <p time="195357" is_ac="false">anywhere else.</p>
  <p time="195764" is_ac="false">No.</p>
  <p time="196304" is_ac="false">And the pizza's ready.</p>
  <p time="197585" is_ac="false">Another beautiful pizza.</p>
  <p time="199087" is_ac="false">Here we go.</p>
  <p time="199927" is_ac="false">So this is the first time I've ever been</p>
  <p time="201786" is_ac="false">allowed to touch pizza in this kitchen.</p>
  <p time="203311" is_ac="false">And this dough is so easy to work with.</p>
  <p time="205012" is_ac="false">It's so nice right now.</p>
  <p time="205873" is_ac="false">It's incredible.</p>
  <p time="206634" is_ac="false">Get these corners.</p>
  <p time="207555" is_ac="false">Get over here, you see.</p>
  <p time="209056" is_ac="false">And then when you go in there, you're going</p>
  <p time="210564" is_ac="false">to kind of open your hands a little bit.</p>
  <p time="212219" is_ac="false">Stretch it out even a little bit more.</p>
  <p time="213861" is_ac="false">Here we go.</p>
  <p time="214667" is_ac="false">And I'm going to drop.</p>
  <p time="215806" is_ac="false">Perfect.</p>
  <p time="216126" is_ac="false">I'm going to be honest, mine looks pretty sh**.</p>
  <p time="217908" is_ac="false">No, it looks beautiful.</p>
  <p time="218829" is_ac="false">I just, I'm not happy with how I dropped</p>
  <p time="220490" is_ac="false">it on there, David.</p>
  <p time="221431" is_ac="false">Oh, you're not?</p>
  <p time="221892" is_ac="false">That's okay.</p>
  <p time="222552" is_ac="false">Like I said, every single pizza looks different.</p>
  <p time="224674" is_ac="false">Can I try one more time?</p>
  <p time="225555" is_ac="false">Absolutely.</p>
  <p time="226236" is_ac="false">That looks good.</p>
  <p time="226816" is_ac="false">All right.</p>
  <p time="227297" is_ac="false">That looks good.</p>
  <p time="227937" is_ac="false">It's perfect.</p>
  <p time="229158" is_ac="false">Absolutely.</p>
  <p time="229619" is_ac="false">It looks beautiful.</p>
  <p time="230840" is_ac="false">Beautiful.</p>
  <p time="232978" is_ac="false">Bravo!</p>
  <p time="233626" is_ac="false">That's a little better.</p>
  <p time="234306" is_ac="false">No, that looks great.</p>
  <p time="235107" is_ac="false">That's better.</p>
  <p time="235548" is_ac="false">Now I'll pull it back and I'll flip it.</p>
  <p time="237650" is_ac="false">First a little bit of olive oil.</p>
  <p time="238811" is_ac="false">Here we go.</p>
  <p time="239412" is_ac="false">Yeah, like painting it.</p>
  <p time="240733" is_ac="false">Exactly.</p>
  <p time="241414" is_ac="false">And then we do the cheese.</p>
  <p time="242835" is_ac="false">Yeah, that looks good.</p>
  <p time="243877" is_ac="false">And just dump it in the middle.</p>
  <p time="245338" is_ac="false">And then spread it out.</p>
  <p time="246740" is_ac="false">Spread it out.</p>
  <p time="247500" is_ac="false">Now we're going to do the tomato sauce.</p>
  <p time="249326" is_ac="false">The idea is that every single bite has a</p>
  <p time="251528" is_ac="false">little bit of tomato and cheese.</p>
  <p time="253148" is_ac="false">Now we do herbs.</p>
  <p time="254209" is_ac="false">Perfect.</p>
  <p time="254830" is_ac="false">Just a little olive oil.</p>
  <p time="255850" is_ac="false">Yep.</p>
  <p time="256231" is_ac="false">And then we're going to push it back.</p>
  <p time="257592" is_ac="false">Looks gorgeous.</p>
  <p time="258432" is_ac="false">You did good.</p>
  <p time="259173" is_ac="false">We need somebody to work pizzas.</p>
  <p time="260834" is_ac="false">Would you come and work?</p>
  <p time="261395" is_ac="false">You should have let me touch the pizza when</p>
  <p time="262846" is_ac="false">I asked.</p>
  <p time="263236" is_ac="false">It's too late now.</p>
  <p time="264777" is_ac="false">Check the bottom, make sure it's not burning.</p>
  <p time="266939" is_ac="false">Looks good.</p>
  <p time="267659" is_ac="false">And then finish with the scallions.</p>
  <p time="269040" is_ac="false">Garnish the pizza with scallions.</p>
  <p time="270601" is_ac="false">I don't know if mine is good or yours,</p>
  <p time="271964" is_ac="false">but I feel good about it.</p>
  <p time="273023" is_ac="false">No, it's beautiful!</p>
  <p time="273784" is_ac="false">Show everyone how you eat the pizza here.</p>
  <p time="275325" is_ac="false">Fork and knife.</p>
  <p time="275705" is_ac="false">We use fork and knife.</p>
  <p time="276806" is_ac="false">Yep.</p>
  <p time="277266" is_ac="false">You cut it.</p>
  <p time="277907" is_ac="false">Look at that.</p>
  <p time="278490" is_ac="false">You're not gonna cut me a slice?</p>
  <p time="281172" is_ac="false">What I've always loved most about this is that</p>
  <p time="282924" is_ac="false">it looks so thin, but it's got a really</p>
  <p time="284676" is_ac="false">nice chew to it.</p>
  <p time="285616" is_ac="false">It's chewy, crispy.</p>
  <p time="287959" is_ac="false">It's got like a little bit of that acidic</p>
  <p time="289642" is_ac="false">bite to it from one of the cheeses.</p>
  <p time="291122" is_ac="false">All right, well, if you ever need help making</p>
  <p time="293791" is_ac="false">the pizzas.</p>
  <p time="295009" is_ac="false">You know where to find me.</p>
  <p time="295949" is_ac="false">This right here is Frank Pepe's.</p>
  <p time="297570" is_ac="false">This is Dave Portnoy's favorite place to get a</p>
  <p time="299959" is_ac="false">slice.</p>
  <p time="300531" is_ac="false">Dave has reviewed thousands of pizzas through his Barstool</p>
  <p time="303299" is_ac="false">Pizza Reviews.</p>
  <p time="303873" is_ac="false">And this restaurant here is based in New Haven,</p>
  <p time="306153" is_ac="false">Connecticut, which many say is the pizza hub of</p>
  <p time="308432" is_ac="false">America.</p>
  <p time="308715" is_ac="false">If you look up best pizza in America, this</p>
  <p time="310847" is_ac="false">place is top three on every list.</p>
  <p time="312619" is_ac="false">What's going on, guys?</p>
  <p time="313719" is_ac="false">Hey, what's happening?</p>
  <p time="314700" is_ac="false">How you doing?</p>
  <p time="315600" is_ac="false">I figured you guys would be happy I'm seeing</p>
  <p time="318483" is_ac="false">some Connecticut-style pizza before New York City, which...</p>
  <p time="321203" is_ac="false">Absolutely. We love to showcase off our coal-fired oven.</p>
  <p time="323684" is_ac="false">Frank Pepe is the birthplace of coal-fired pizza in</p>
  <p time="327133" is_ac="false">New Haven, Connecticut.</p>
  <p time="328268" is_ac="false">So right here is a custom 100,000 pound coal</p>
  <p time="331121" is_ac="false">fire brick oven.</p>
  <p time="332089" is_ac="false">This is the powerhouse of the pizza that they</p>
  <p time="333906" is_ac="false">make here.</p>
  <p time="334330" is_ac="false">So this right here is 2,000 degrees inside.</p>
  <p time="336791" is_ac="false">A new fire starts every day.</p>
  <p time="339092" is_ac="false">It burns your eyes.</p>
  <p time="339872" is_ac="false">It's amazing, isn't it?</p>
  <p time="341052" is_ac="false">Every 30 minutes to an hour, we'll flip the</p>
  <p time="343234" is_ac="false">fire just to get the old ash down, add</p>
  <p time="345416" is_ac="false">some new coals.</p>
  <p time="346414" is_ac="false">Remember, just like any fire, you need oxygen to</p>
  <p time="348546" is_ac="false">breathe.</p>
  <p time="348835" is_ac="false">So if you flick this fan on, that pushes</p>
  <p time="351146" is_ac="false">air through here and gives really nice airflow into</p>
  <p time="353457" is_ac="false">their oven, which is what cooks the perfect pie.</p>
  <p time="355738" is_ac="false">Should we make a pizza?</p>
  <p time="357363" is_ac="false">We have a bread flour, not a pizza flour.</p>
  <p time="360121" is_ac="false">So it's a little looser.</p>
  <p time="361502" is_ac="false">So you want to get under it with a</p>
  <p time="363449" is_ac="false">little flour, and then you just want to grab</p>
  <p time="365397" is_ac="false">around the edges.</p>
  <p time="366024" is_ac="false">You're not throwing it up in the air.</p>
  <p time="367124" is_ac="false">You're not making a circle and throwing it.</p>
  <p time="370206" is_ac="false">It'll make a hole in there.</p>
  <p time="371286" is_ac="false">No throwing dough in here.</p>
  <p time="372267" is_ac="false">Nope.</p>
  <p time="372627" is_ac="false">So how many pizzas do you make a day</p>
  <p time="373987" is_ac="false">here?</p>
  <p time="374288" is_ac="false">On a busy day, you can do over 1,000.</p>
  <p time="375928" is_ac="false">Wow.</p>
  <p time="377089" is_ac="false">People love pizza.</p>
  <p time="378210" is_ac="false">So level scoop.</p>
  <p time="380230" is_ac="false">Put it in the middle.</p>
  <p time="380892" is_ac="false">You're going to write like a pencil.</p>
  <p time="381933" is_ac="false">Oh, that's great.</p>
  <p time="382393" is_ac="false">I could write my name into it.</p>
  <p time="383674" is_ac="false">It all just circles into it.</p>
  <p time="385295" is_ac="false">Sliced mozzarella cheese.</p>
  <p time="386256" is_ac="false">Yep.</p>
  <p time="386636" is_ac="false">This actually is a big key for us.</p>
  <p time="388517" is_ac="false">Ok.</p>
  <p time="388997" is_ac="false">It melts different.</p>
  <p time="389858" is_ac="false">Then we have our Pecorino Romano, our olive oil.</p>
  <p time="392459" is_ac="false">And then this is the hardest part.</p>
  <p time="393860" is_ac="false">Ok.</p>
  <p time="394020" is_ac="false">Is throwing it in.</p>
  <p time="395001" is_ac="false">The key is just throw it.</p>
  <p time="397162" is_ac="false">You don't want to get scared.</p>
  <p time="398183" is_ac="false">You get to your point, shake.</p>
  <p time="401630" is_ac="false">It's finesse, I like it.</p>
  <p time="402608" is_ac="false">Okay, this is nice, light, airy dough.</p>
  <p time="404790" is_ac="false">Look at that.</p>
  <p time="405151" is_ac="false">We make our dough fresh every day.</p>
  <p time="407133" is_ac="false">And it kind of spreads itself, like you said.</p>
  <p time="408735" is_ac="false">A little bit of farina on here.</p>
  <p time="410136" is_ac="false">Toss it right on.</p>
  <p time="411417" is_ac="false">Honestly, I'll say, I could have made it a</p>
  <p time="413464" is_ac="false">little more circular.</p>
  <p time="414120" is_ac="false">It's okay, it all tastes the same.</p>
  <p time="416062" is_ac="false">One scoop, right in the center.</p>
  <p time="418148" is_ac="false">Once I put it in the center, I like</p>
  <p time="419989" is_ac="false">that you're kind of like drawing with a pencil.</p>
  <p time="421950" is_ac="false">Food is always art, isn't it?</p>
  <p time="423210" is_ac="false">It is.</p>
  <p time="424171" is_ac="false">It's nice to have that cheese a little bit</p>
  <p time="425952" is_ac="false">dry before you make that pizza though, that way</p>
  <p time="427733" is_ac="false">you're not going to have this wet, leaking pizza.</p>
  <p time="429494" is_ac="false">A little bit of pecorino, just a little bit</p>
  <p time="430986" is_ac="false">of olive oil to finish it off, and then</p>
  <p time="432478" is_ac="false">we're good.</p>
  <p time="432796" is_ac="false">Alright, this is the toughest part.</p>
  <p time="434257" is_ac="false">I don't want to hit anyone with this thing.</p>
  <p time="435958" is_ac="false">So everybody duck, alright?</p>
  <p time="436978" is_ac="false">Alright, I'm going to go all the way in.</p>
  <p time="441288" is_ac="false">All right, about 10 minutes later, my pizza should</p>
  <p time="444835" is_ac="false">be done.</p>
  <p time="445845" is_ac="false">It definitely looks good.</p>
  <p time="446805" is_ac="false">Let's see.</p>
  <p time="448246" is_ac="false">Beautiful.</p>
  <p time="449086" is_ac="false">Wow, that is a good looking pizza.</p>
  <p time="450887" is_ac="false">We did the hardest part.</p>
  <p time="451948" is_ac="false">We actually made the pizza.</p>
  <p time="454009" is_ac="false">So now the only question is, how does it</p>
  <p time="455810" is_ac="false">taste?</p>
  <p time="456150" is_ac="false">Right off the bat, I have to say this</p>
  <p time="458133" is_ac="false">is a damn good looking pizza.</p>
  <p time="459492" is_ac="false">I can tell that crust is nice and crispy</p>
  <p time="461341" is_ac="false">and it's definitely nice and hot.</p>
  <p time="462593" is_ac="false">If I'm being honest, I just don't see how</p>
  <p time="464252" is_ac="false">you can get a better pizza than this, but...</p>
  <p time="466357" is_ac="false">New York and Connecticut have always been in a</p>
  <p time="468397" is_ac="false">fight on who has the better pie.</p>
  <p time="469959" is_ac="false">So let's go see.</p>
  <p time="470899" is_ac="false">Can Connecticut's best beat New York's best?</p>
  <p time="473301" is_ac="false">We made it to New York City, and after</p>
  <p time="475518" is_ac="false">searching through over 2,000 pizza restaurants, I've decided to</p>
  <p time="477734" is_ac="false">visit this one.</p>
  <p time="478664" is_ac="false">It's literally called Best Pizza.</p>
  <p time="480525" is_ac="false">Best Pizza serves up classic New York-style slices.</p>
  <p time="483407" is_ac="false">Everything is baked in a custom oven that's bigger</p>
  <p time="485466" is_ac="false">than a lot of New York City apartments.</p>
  <p time="487432" is_ac="false">This is an 100-year-old oven about?</p>
  <p time="489673" is_ac="false">Yeah, it's like 130 years old.</p>
  <p time="490613" is_ac="false">And how big is this oven?</p>
  <p time="491854" is_ac="false">So I'll show you right now.</p>
  <p time="493015" is_ac="false">People always flip out when I bring them to</p>
  <p time="494741" is_ac="false">this part because this is literally the whole, this</p>
  <p time="496468" is_ac="false">is the whole oven.</p>
  <p time="497217" is_ac="false">The oven goes all the way back?</p>
  <p time="498317" is_ac="false">Yeah, it's the size of a one car garage.</p>
  <p time="500078" is_ac="false">It's very similar.</p>
  <p time="500799" is_ac="false">Like if you go to Frank Pepe's in New</p>
  <p time="502576" is_ac="false">Haven, and if you go to like a lot</p>
  <p time="504353" is_ac="false">of those pizzerias that have been around for a</p>
  <p time="506130" is_ac="false">hundred years, Frank Pepe has the same exact oven</p>
  <p time="507907" is_ac="false">as us.</p>
  <p time="508285" is_ac="false">We just went to Frank Pepe's.</p>
  <p time="509505" is_ac="false">Yeah.</p>
  <p time="509645" is_ac="false">Sounds like all the best pizzas come out of</p>
  <p time="511339" is_ac="false">the same oven.</p>
  <p time="511886" is_ac="false">Big shout out to Frank Pepe's.</p>
  <p time="513287" is_ac="false">You call this place best pizza for a reason,</p>
  <p time="515234" is_ac="false">right?</p>
  <p time="515468" is_ac="false">Yeah, I mean, you know, that's what some say.</p>
  <p time="517489" is_ac="false">We'll let you be the judge.</p>
  <p time="518669" is_ac="false">Let's make some pies.</p>
  <p time="519669" is_ac="false">Yo, I'm coming into the kitchen real quick, guys,</p>
  <p time="521408" is_ac="false">right behind you.</p>
  <p time="522051" is_ac="false">This is crazy.</p>
  <p time="522931" is_ac="false">So the main goal is to kind of not</p>
  <p time="524470" is_ac="false">touch your crust when you're making it.</p>
  <p time="525794" is_ac="false">Oh, okay.</p>
  <p time="526574" is_ac="false">Yeah, the crust kind of makes itself.</p>
  <p time="528635" is_ac="false">When I'm making the pizza, a lot of pizzerias,</p>
  <p time="530312" is_ac="false">you see pizza guys smacking the s*** out of</p>
  <p time="531989" is_ac="false">the pizza, you know.</p>
  <p time="532857" is_ac="false">I want to keep the air inside because that's</p>
  <p time="534567" is_ac="false">what keeps the slice nice and light.</p>
  <p time="535878" is_ac="false">So you're pretty delicate with it when you put</p>
  <p time="537045" is_ac="false">it down.</p>
  <p time="537339" is_ac="false">Delicate, that's exactly what I teach all my pizza</p>
  <p time="539985" is_ac="false">guys.</p>
  <p time="540401" is_ac="false">Get it up into your hands and then this</p>
  <p time="542238" is_ac="false">is when it starts spreading out.</p>
  <p time="543524" is_ac="false">I haven't seen a technique like this before.</p>
  <p time="545305" is_ac="false">Yeah, you just kind of flip it.</p>
  <p time="547246" is_ac="false">Gravity is your friend with pizza making.</p>
  <p time="548807" is_ac="false">You know, you see people throw it in the</p>
  <p time="550427" is_ac="false">air, and it is a trick and people love</p>
  <p time="552047" is_ac="false">watching it, but it actually helps the pizza spread</p>
  <p time="553667" is_ac="false">out.</p>
  <p time="553851" is_ac="false">We've seen a lot of pizzas in this video.</p>
  <p time="555392" is_ac="false">This is the biggest, biggest pizza we've seen.</p>
  <p time="557073" is_ac="false">Biggest one so far?</p>
  <p time="557633" is_ac="false">Yeah.</p>
  <p time="557954" is_ac="false">Yeah, I mean, you know, if you're talking about</p>
  <p time="560547" is_ac="false">how big the actual, you know, pizza dough is,</p>
  <p time="563140" is_ac="false">but to get it to this size without having</p>
  <p time="565733" is_ac="false">any little holes or thin parts in it.</p>
  <p time="568161" is_ac="false">Yeah.</p>
  <p time="568361" is_ac="false">It takes time.</p>
  <p time="568881" is_ac="false">You gotta make a lot of pizzas, and that's</p>
  <p time="570646" is_ac="false">what I tell young pizza makers.</p>
  <p time="571843" is_ac="false">First thing is the tomatoes.</p>
  <p time="573507" is_ac="false">When the pizza cooks, the crust puffs up and</p>
  <p time="575768" is_ac="false">it pushes all the ingredients to the middle.</p>
  <p time="578009" is_ac="false">So what you want to do is kind of</p>
  <p time="579798" is_ac="false">get everything to the outside rim.</p>
  <p time="581211" is_ac="false">This is our oregano.</p>
  <p time="582011" is_ac="false">We use the oregano on the stem.</p>
  <p time="583392" is_ac="false">This is what makes a New York pizza, in</p>
  <p time="585076" is_ac="false">my opinion.</p>
  <p time="585713" is_ac="false">Oregano?</p>
  <p time="586354" is_ac="false">The dried oregano.</p>
  <p time="587334" is_ac="false">If you go to Italy, you go around and</p>
  <p time="589096" is_ac="false">eat a New York slice.</p>
  <p time="590096" is_ac="false">If you keep that in your mind, you'll be</p>
  <p time="591459" is_ac="false">like, oh, I taste the oregano.</p>
  <p time="592357" is_ac="false">This reminds me of New York.</p>
  <p time="593318" is_ac="false">It's a powerful herb, especially when it's dried.</p>
  <p time="595579" is_ac="false">So we don't go too heavy.</p>
  <p time="596459" is_ac="false">Pretty light on the cheese from what it looks</p>
  <p time="598193" is_ac="false">like, too.</p>
  <p time="598801" is_ac="false">Big time.</p>
  <p time="599321" is_ac="false">I'm not big in just having a big cheesy</p>
  <p time="601949" is_ac="false">slice.</p>
  <p time="602705" is_ac="false">And you're also putting more of that cheese on</p>
  <p time="604404" is_ac="false">the outside, just like you talked about, to make</p>
  <p time="606104" is_ac="false">sure it's not being weighed down, yeah?</p>
  <p time="607548" is_ac="false">Exactly.</p>
  <p time="608008" is_ac="false">So this fresh mozzarella, it spreads a lot, so</p>
  <p time="609837" is_ac="false">you don't need to use as much as normal</p>
  <p time="611665" is_ac="false">pizzerias do.</p>
  <p time="612051" is_ac="false">And then we're going to go right in.</p>
  <p time="613392" is_ac="false">Coming right behind.</p>
  <p time="617314" is_ac="false">There it goes.</p>
  <p time="620555" is_ac="false">You got the launch down to a science, huh?</p>
  <p time="622440" is_ac="false">Yeah, it's a lot of years, you know?</p>
  <p time="624102" is_ac="false">The oven's so hot, as soon as the pizza</p>
  <p time="625926" is_ac="false">gets in there, it pops right up.</p>
  <p time="627465" is_ac="false">You can see all those bubbles forming.</p>
  <p time="628866" is_ac="false">Oh, man.</p>
  <p time="629426" is_ac="false">Yeah, it looks nice.</p>
  <p time="630267" is_ac="false">This is a technique.</p>
  <p time="631188" is_ac="false">Sometimes we'll take it and dome it, and let</p>
  <p time="632876" is_ac="false">the top of that fire, just kiss the top</p>
  <p time="634565" is_ac="false">of the pie.</p>
  <p time="635311" is_ac="false">Doming it?</p>
  <p time="635752" is_ac="false">Yeah, because the top is a dome.</p>
  <p time="639635" is_ac="false">Yup, and that's where all the heat is.</p>
  <p time="640976" is_ac="false">So the higher you go, the hotter the temperature.</p>
  <p time="642961" is_ac="false">For me, I don't want the pie to look</p>
  <p time="644964" is_ac="false">perfect.</p>
  <p time="645182" is_ac="false">I want it to look rustic, you know?</p>
  <p time="647344" is_ac="false">We try to mix the old with the new,</p>
  <p time="649166" is_ac="false">and I think that's what makes our spot special.</p>
  <p time="650967" is_ac="false">Come on, boys, eat up.</p>
  <p time="652008" is_ac="false">Grab a slice.</p>
  <p time="652449" is_ac="false">This is what it's about, right?</p>
  <p time="653590" is_ac="false">It's passing the food around and eating it.</p>
  <p time="656592" is_ac="false">Oh, that's it.</p>
  <p time="657573" is_ac="false">That's what we're looking for in New York.</p>
  <p time="658934" is_ac="false">Cheers.</p>
  <p time="659174" is_ac="false">Cheers.</p>
  <p time="659415" is_ac="false">Cheers.</p>
  <p time="662073" is_ac="false">Mm, that's the sound of pizza.</p>
  <p time="663880" is_ac="false">That's it, baby.</p>
  <p time="665061" is_ac="false">I would just call it the perfect well-rounded slice.</p>
  <p time="667142" is_ac="false">You're not doing anything fancy, but you're doing everything</p>
  <p time="669697" is_ac="false">right.</p>
  <p time="670264" is_ac="false">Thank you, man.</p>
  <p time="670925" is_ac="false">That is the best pizza, huh?</p>
  <p time="672186" is_ac="false">Come visit Williamsburg, Brooklyn.</p>
  <p time="673707" is_ac="false">Come see this handsome guy.</p>
  <p time="674887" is_ac="false">Our next stop is Industry Kitchen, home to the</p>
  <p time="677561" is_ac="false">world's most expensive pizza.</p>
  <p time="678830" is_ac="false">And I figure if you've got the world's most</p>
  <p time="680910" is_ac="false">expensive ingredients, it's gotta be pretty damn good.</p>
  <p time="682892" is_ac="false">Are you ready to see how we make our</p>
  <p time="686428" is_ac="false">24K pizza?</p>
  <p time="687275" is_ac="false">As ready as I'll ever be.</p>
  <p time="688296" is_ac="false">Should we do it?</p>
  <p time="688856" is_ac="false">Yeah, absolutely.</p>
  <p time="689617" is_ac="false">Come over.</p>
  <p time="689837" is_ac="false">All right, let's go.</p>
  <p time="691220" is_ac="false">There's a lot of stuff happening back here.</p>
  <p time="692901" is_ac="false">This is Luis.</p>
  <p time="693422" is_ac="false">Luis, how are you?</p>
  <p time="694543" is_ac="false">Luis is going to start the dough.</p>
  <p time="696545" is_ac="false">It's a black dough.</p>
  <p time="697406" is_ac="false">It's made with cobblefish ink.</p>
  <p time="700008" is_ac="false">So that makes it super, super black.</p>
  <p time="702030" is_ac="false">There's a little earthy tones to it in the</p>
  <p time="704933" is_ac="false">flavor profile.</p>
  <p time="705614" is_ac="false">I feel like you might be the only place</p>
  <p time="707447" is_ac="false">in the world with a black dough pizza.</p>
  <p time="709121" is_ac="false">First, we start with a roasted garlic cream.</p>
  <p time="712023" is_ac="false">That's our base instead of a tomato base.</p>
  <p time="714185" is_ac="false">Definitely not a traditional pizza.</p>
  <p time="715966" is_ac="false">It's not.</p>
  <p time="716466" is_ac="false">The second layer is mozzarella cheese.</p>
  <p time="718568" is_ac="false">So this is a Stilton cheese from England.</p>
  <p time="720550" is_ac="false">The best we can get is a blue cheese.</p>
  <p time="722772" is_ac="false">How often are you making one of these?</p>
  <p time="724333" is_ac="false">About 15 to 20 a year.</p>
  <p time="726134" is_ac="false">This oven is like a gas oven, but also</p>
  <p time="728372" is_ac="false">we have apple wood.</p>
  <p time="729480" is_ac="false">So you've got gas and wood in this oven.</p>
  <p time="731381" is_ac="false">Yeah, so the gas is for the temperature to</p>
  <p time="733391" is_ac="false">make the bottom very crispy.</p>
  <p time="734483" is_ac="false">Then that is for the smoke and flavor of</p>
  <p time="736551" is_ac="false">the pizza.</p>
  <p time="737085" is_ac="false">Foie gras, this one is the liver of a</p>
  <p time="738996" is_ac="false">goose.</p>
  <p time="739466" is_ac="false">It's coming from the Hudson Valley.</p>
  <p time="741668" is_ac="false">It's so decadent.</p>
  <p time="742648" is_ac="false">Almost like a fancy butter.</p>
  <p time="744350" is_ac="false">A fancy animal butter, yeah.</p>
  <p time="746631" is_ac="false">So the pizza's finished its first bake.</p>
  <p time="748472" is_ac="false">Yes.</p>
  <p time="748893" is_ac="false">How many slices do we have here?</p>
  <p time="750634" is_ac="false">Eight slices.</p>
  <p time="751094" is_ac="false">$250 per slice.</p>
  <p time="751614" is_ac="false">Oh sh**.</p>
  <p time="754599" is_ac="false">Time for the gold.</p>
  <p time="755739" is_ac="false">So each slice gets a nice big square, huh?</p>
  <p time="757879" is_ac="false">Absolutely.</p>
  <p time="758560" is_ac="false">Yeah, we are not shy with our gold.</p>
  <p time="760440" is_ac="false">This is actually 24 karat gold.</p>
  <p time="762601" is_ac="false">Absolutely, yeah.</p>
  <p time="763361" is_ac="false">So instead of putting this on a wedding ring</p>
  <p time="765227" is_ac="false">or on a chain or in a watch, this</p>
  <p time="767093" is_ac="false">is on a pizza.</p>
  <p time="768122" is_ac="false">This is on a pizza.</p>
  <p time="769322" is_ac="false">All right, so we have the gold.</p>
  <p time="770483" is_ac="false">Now we are going with our other ingredients.</p>
  <p time="772783" is_ac="false">So that foie gras just baked in that oven</p>
  <p time="774812" is_ac="false">for a little bit, and now you're placing that</p>
  <p time="776842" is_ac="false">onto the pizza as well.</p>
  <p time="778046" is_ac="false">Now we have the caviar.</p>
  <p time="779227" is_ac="false">It's a beautiful Ossetra caviar from Iran.</p>
  <p time="781709" is_ac="false">And again, you're putting one nice big spoonful on</p>
  <p time="784212" is_ac="false">every single slice.</p>
  <p time="785033" is_ac="false">That's correct.</p>
  <p time="785693" is_ac="false">We're trying to achieve the full flavor profile, umami,</p>
  <p time="789999" is_ac="false">in this pizza.</p>
  <p time="791579" is_ac="false">Then we have some beautiful edible flowers.</p>
  <p time="794382" is_ac="false">And this part I love because the colors start</p>
  <p time="796351" is_ac="false">to really pop.</p>
  <p time="796988" is_ac="false">Well, we have the benefit of the black dough.</p>
  <p time="798949" is_ac="false">That's a nice canvas of art, right?</p>
  <p time="800950" is_ac="false">Now we have some more textures of gold.</p>
  <p time="803872" is_ac="false">So there wasn't enough gold on there?</p>
  <p time="805232" is_ac="false">No.</p>
  <p time="805733" is_ac="false">No, there was not enough gold.</p>
  <p time="807254" is_ac="false">And we're going to model the pizza with truffle.</p>
  <p time="810095" is_ac="false">Oh my God.</p>
  <p time="811096" is_ac="false">Nick, this is your 24K golden pizza.</p>
  <p time="813838" is_ac="false">One more little surprise here.</p>
  <p time="814858" is_ac="false">I actually brought one of my best friends from</p>
  <p time="816523" is_ac="false">high school who has no idea what he's about</p>
  <p time="818188" is_ac="false">to eat.</p>
  <p time="818541" is_ac="false">He's also kind of a picky eater.</p>
  <p time="820384" is_ac="false">You ready to eat some pizza?</p>
  <p time="821624" is_ac="false">I'm ready.</p>
  <p time="822044" is_ac="false">Let's do it.</p>
  <p time="822864" is_ac="false">Let's go.</p>
  <p time="823484" is_ac="false">Wow.</p>
  <p time="824084" is_ac="false">Thank you so much.</p>
  <p time="824925" is_ac="false">What do you think?</p>
  <p time="825665" is_ac="false">Crazy.</p>
  <p time="826125" is_ac="false">I don't think there's enough gold.</p>
  <p time="827305" is_ac="false">Believe it or not, this is the most expensive</p>
  <p time="829570" is_ac="false">pizza you can buy.</p>
  <p time="830546" is_ac="false">In New York?</p>
  <p time="831566" is_ac="false">Anywhere.</p>
  <p time="832266" is_ac="false">Really?</p>
  <p time="832627" is_ac="false">Guess how much each slice costs.</p>
  <p time="836247" is_ac="false">$100?</p>
  <p time="838088" is_ac="false">$250.</p>
  <p time="838188" is_ac="false">Have you eaten gold before?</p>
  <p time="839088" is_ac="false">No.</p>
  <p time="840268" is_ac="false">All right, let's go.</p>
  <p time="844650" is_ac="false">Wow.</p>
  <p time="845312" is_ac="false">That's insane.</p>
  <p time="846513" is_ac="false">I taste a lot of the Stilton blue cheese.</p>
  <p time="849635" is_ac="false">It's like a super powerful, powerful cheese.</p>
  <p time="852317" is_ac="false">I got a big fat bite of foie gras</p>
  <p time="854022" is_ac="false">when I bit in, so it's all buttery.</p>
  <p time="855539" is_ac="false">Did you like the foie gras?</p>
  <p time="856760" is_ac="false">I loved it.</p>
  <p time="857380" is_ac="false">Wait so is foie gras like super expensive?</p>
  <p time="859622" is_ac="false">Yeah.</p>
  <p time="860082" is_ac="false">I love the fact that there's a bunch of</p>
  <p time="861927" is_ac="false">different cheeses and I love the look of the</p>
  <p time="863772" is_ac="false">dough, even though it tastes just like regular old</p>
  <p time="865617" is_ac="false">pizza dough.</p>
  <p time="866169" is_ac="false">All around, give it a pizza rating.</p>
  <p time="867429" is_ac="false">You like pizza.</p>
  <p time="867949" is_ac="false">Pizza rating out of 10?</p>
  <p time="869249" is_ac="false">I mean, in terms of how unique it is,</p>
  <p time="871246" is_ac="false">10 out of 10.</p>
  <p time="872670" is_ac="false">Kind of unbeatable.</p>
  <p time="873651" is_ac="false">I think it's the best slice I've ever had,</p>
  <p time="875176" is_ac="false">to be honest.</p>
  <p time="875731" is_ac="false">Is it?</p>
  <p time="875951" is_ac="false">It's not every day you have some gold pizza</p>
  <p time="877601" is_ac="false">with caviar.</p>
  <p time="877952" is_ac="false">This is your top pizza that you've ever had?</p>
  <p time="880133" is_ac="false">I think so.</p>
  <p time="880713" is_ac="false">Wow.</p>
  <p time="881333" is_ac="false">I'm going to tell everyone I had some gold</p>
  <p time="883233" is_ac="false">pizza today.</p>
  <p time="883794" is_ac="false">All right.</p>
  <p time="884534" is_ac="false">Let's see the damage.</p>
  <p time="886034" is_ac="false">You got this one?</p>
  <p time="886655" is_ac="false">Yeah, I'll take it.</p>
  <p time="887315" is_ac="false">This is the first bill you've ever picked up</p>
  <p time="888815" is_ac="false">for us.</p>
  <p time="889195" is_ac="false">Have a good day!</p>
  <p time="891442" is_ac="false">For our final pizza, I flew to Italy in</p>
  <p time="893822" is_ac="false">search of the number one rated pizzeria in the</p>
  <p time="896202" is_ac="false">entire world.</p>
  <p time="896818" is_ac="false">And I decided to have a little bit of</p>
  <p time="898435" is_ac="false">fun along the way.</p>
  <p time="899338" is_ac="false">Did you really think I wasn't going to pull</p>
  <p time="901166" is_ac="false">up to the best pizza restaurant in the world</p>
  <p time="902994" is_ac="false">in style?</p>
  <p time="912022" is_ac="false">There are over 250,000 pizza restaurants in the entire</p>
  <p time="915771" is_ac="false">world.</p>
  <p time="916264" is_ac="false">And behind me is number one.</p>
  <p time="917565" is_ac="false">This is I Masanielli, a pizzeria just outside of</p>
  <p time="920442" is_ac="false">Naples, Italy, that was just ranked number one in</p>
  <p time="923319" is_ac="false">the world by a panel of 900 judges on</p>
  <p time="926196" is_ac="false">the most prestigious pizza rankings list.</p>
  <p time="928251" is_ac="false">How are you?</p>
  <p time="928691" is_ac="false">Nice to meet you.</p>
  <p time="929411" is_ac="false">Head chef Francesco Martucci has invited us into his</p>
  <p time="931915" is_ac="false">kitchen to learn how he makes the best pizza</p>
  <p time="934418" is_ac="false">in the entire world.</p>
  <p time="935575" is_ac="false">So my brother here, Pete, speaks great Italian.</p>
  <p time="937636" is_ac="false">So he's going to be helping us translate today.</p>
  <p time="939237" is_ac="false">Let's make the dough first.</p>
  <p time="940520" is_ac="false">Okay. Are you ready?</p>
  <p time="941100" is_ac="false">I'm ready! So I'm curious, how did you get</p>
  <p time="944088" is_ac="false">so good at making pizza?</p>
  <p time="946100" is_ac="false">I started at 10 years old out of necessity.</p>
  <p time="948759" is_ac="false">I was a kid I had to help out</p>
  <p time="951418" is_ac="false">at home.</p>
  <p time="951960" is_ac="false">At home we didn't have heat or gas. I</p>
  <p time="953800" is_ac="false">started out by washing plates and bathrooms in pizzerias.</p>
  <p time="955700" is_ac="false">And then slowly step by step I got closer</p>
  <p time="958620" is_ac="false">to the pizza table. And then it became my</p>
  <p time="961540" is_ac="false">life.</p>
  <p time="966357" is_ac="false">Now is when he really gets to develop that</p>
  <p time="968083" is_ac="false">gluten.</p>
  <p time="968340" is_ac="false">We'll knead until we get a consistency without lumps.</p>
  <p time="971564" is_ac="false">Then when we begin to see that the dough</p>
  <p time="974788" is_ac="false">starts to come apart, we put it into the</p>
  <p time="978013" is_ac="false">bowl.</p>
  <p time="978350" is_ac="false">Where it will rest for an hour. See you</p>
  <p time="980783" is_ac="false">later!</p>
  <p time="981300" is_ac="false">I'm starting with a classic Margherita pizza. San Marzano</p>
  <p time="983704" is_ac="false">tomatoes. I like to put some basil on before</p>
  <p time="986108" is_ac="false">and after it cooks because it gives it some</p>
  <p time="988513" is_ac="false">character. We put it under the mozzarella and it</p>
  <p time="990917" is_ac="false">doesn't burn in the oven.</p>
  <p time="992346" is_ac="false">Add some extra virgin olive oil before and after</p>
  <p time="994396" is_ac="false">cooking it.</p>
  <p time="994847" is_ac="false">I put a little before because the temperature of</p>
  <p time="996071" is_ac="false">the oil goes up much more than the other</p>
  <p time="997296" is_ac="false">ingredients and it helps cook the tomatoes. That pizza</p>
  <p time="998520" is_ac="false">just cooked faster than we could film it, and</p>
  <p time="999745" is_ac="false">it's done.</p>
  <p time="1001000" is_ac="false">The addition of that oil completely transforms that pizza</p>
  <p time="1005000" is_ac="false">I like the oven on a low flame because</p>
  <p time="1007540" is_ac="false">a bigger flame would cook the outside and not</p>
  <p time="1010080" is_ac="false">the center of the pizza, and voila!</p>
  <p time="1013030" is_ac="false">That was it? That pizza just cooked faster than</p>
  <p time="1015098" is_ac="false">we could film it, and it's done. That was</p>
  <p time="1017166" is_ac="false">it.</p>
  <p time="1017360" is_ac="false">It was fast because it was just one pizza</p>
  <p time="1019373" is_ac="false">in the oven</p>
  <p time="1020503" is_ac="false">He's using the scissors to cut the pizza.</p>
  <p time="1022544" is_ac="false">This is a very classic Italian style.</p>
  <p time="1024746" is_ac="false">Why do they cut with scissors?</p>
  <p time="1030000" is_ac="false">That is the lightest crust I've ever felt in</p>
  <p time="1032083" is_ac="false">my life.</p>
  <p time="1036664" is_ac="false">It tastes like Italy.</p>
  <p time="1039298" is_ac="false">The crust is so soft and light.</p>
  <p time="1041038" is_ac="false">They got the perfect crisp and char on the</p>
  <p time="1043371" is_ac="false">outside.</p>
  <p time="1044000" is_ac="false">Pizza needs to melt, like chocolate</p>
  <p time="1050000" is_ac="false">That's the first time I've heard a pizza compared</p>
  <p time="1051906" is_ac="false">to a chocolate.</p>
  <p time="1053000" is_ac="false">That's a good pizza. So who gets the last</p>
  <p time="1060814" is_ac="false">slice?</p>
  <p time="1063030" is_ac="false">Luckily, we didn't have to fight as the chef</p>
  <p time="1065144" is_ac="false">made us one more pie.</p>
  <p time="1066412" is_ac="false">His specialty deep fried pizza, futuro di marinara.</p>
  <p time="1070896" is_ac="false">Oh my God.</p>
  <p time="1072677" is_ac="false">That is a crazy crisp.</p>
  <p time="1075742" is_ac="false">Mmm, you hear that?</p>
  <p time="1077562" is_ac="false">This crust is amazing!</p>
  <p time="1079443" is_ac="false">That is insane.</p>
  <p time="1080483" is_ac="false">This is the best pizza crust that I think</p>
  <p time="1082100" is_ac="false">I've ever had.</p>
  <p time="1083000" is_ac="false">You got to make it in America!</p>
  <p time="1085204" is_ac="false">You know what's funny, guys? I just realized this.</p>
  <p time="1087472" is_ac="false">I was taking a shower, and it's 6.42 p.m.</p>
  <p time="1089740" is_ac="false">on Thursday evening.</p>
  <p time="1090526" is_ac="false">It's been like a week since I filmed this</p>
  <p time="1092784" is_ac="false">video, and I just remembered I didn't even pick</p>
  <p time="1095042" is_ac="false">my favorite slice of pizza.</p>
  <p time="1096627" is_ac="false">And that was like half the reason I filmed</p>
  <p time="1098062" is_ac="false">the whole video.</p>
  <p time="1098888" is_ac="false">So, sorry about that.</p>
</text>
