<?xml version='1.0' encoding='UTF-8'?>
<text date_d="5" date_m="1" date_y="2024" format="srv3" age_limit="0" comment_count="5800" description="we do the impossible in this video and it pays off!&#10;Thank you @gordonramsay for making such AMAZING food! &#10;&#10;Follow the Gang!! &#10;Amp World - ​ @AmpWorld. @AmpWorldReacts  &#10;Ben Azelart -   @BenAzelart         &#10;Lexi Rivera -  @AlexaRivera   &#10;Drew-  @DrewBeilfuss     &#10;Jeremy Hutchins:   @JeremyHutchins       &#10;Andrew Davila -   @andrewdavila6696     &#10;Liv:   @livswearingen     &#10;Dom Brack -   @DominicBrack         &#10;Pierson:   @pierson     &#10;Sydney Smiles:   @TheSydneySmiles.    &#10;&#10;hang out with me on social media:&#10;SnapChat, Add me: TheBrentRivera&#10;Instagram: @BrentRivera&#10;Twitter: @BrentRivera&#10;Facebook: @BrentRivera&#10;TikTok: @BrentRivera" fulltitle="I ate at every Gordon Ramsay Restaurant in the Country!" like_count="170496" location="na" playlist_title="na" release_date="na" upload_date="20240105" repost_count="na" tags="" title="I ate at every Gordon Ramsay Restaurant in the Country!" uploader="Brent Rivera" view_count="4494835" webpage_url="https://www.youtube.com/watch?v=_cVBzeq16y8" autocaption="true">
  <p time="120" is_ac="true">I'm going to every single Gordon Ramsey</p>
  <p time="2280" is_ac="true">restaurant in America over the next 10</p>
  <p time="4680" is_ac="true">days we will be traveling over 11,000 Mi</p>
  <p time="7359" is_ac="true">eating at all 23 locations in the USA</p>
  <p time="10559" is_ac="true">and guess what I've managed to find the</p>
  <p time="12320" is_ac="true">one friend dumb enough to do it with me</p>
  <p time="14559" is_ac="true">Dre so you're telling me we're going to</p>
  <p time="16600" is_ac="true">be eating five star food for 10day</p>
  <p time="18199" is_ac="true">Street and you're going to be paying for</p>
  <p time="19680" is_ac="true">it mhm Count Me In what see when I was</p>
  <p time="22720" is_ac="true">little I dreamt of being a chef and the</p>
  <p time="24480" is_ac="true">man I looked up to most was Gordon</p>
  <p time="26679" is_ac="true">Ramsay he's known for being strict none</p>
  <p time="29160" is_ac="true">of you working as a P rude skin side</p>
  <p time="32719" is_ac="true">down and</p>
  <p time="34079" is_ac="true">raw but behind all that anger is a sweet</p>
  <p time="37239" is_ac="true">British man with very Luscious Hair so</p>
  <p time="40079" is_ac="true">uh has he responded to your DM yet uh no</p>
  <p time="42640" is_ac="true">not yet so I dm'd Gordon a couple days</p>
  <p time="44320" is_ac="true">ago hoping I would get his attention but</p>
  <p time="45960" is_ac="true">so far no response let me get this clear</p>
  <p time="48160" is_ac="true">so we're going to be traveling 11,000</p>
  <p time="50399" is_ac="true">mil across the entire us to get this</p>
  <p time="53039" is_ac="true">celebrity's attention that doesn't even</p>
  <p time="54800" is_ac="true">know we exist not yet dude you're the</p>
  <p time="58199" is_ac="true">dummy now what is this we start started</p>
  <p time="60079" is_ac="true">a 2-hour drive to San Diego to eat at</p>
  <p time="61840" is_ac="true">our very first Gordon Ramsey restaurant</p>
  <p time="63920" is_ac="true">this first restaurant is a Hell's</p>
  <p time="65360" is_ac="true">Kitchen it's inside this hotel no</p>
  <p time="67560" is_ac="true">backing out after this one first bite of</p>
  <p time="69439" is_ac="true">that beef wellington is the start of it</p>
  <p time="71320" is_ac="true">all right let's go as we walked in it</p>
  <p time="72920" is_ac="true">was like walking straight into one of</p>
  <p time="74400" is_ac="true">his TV shows but this time were the</p>
  <p time="76400" is_ac="true">stars First Impressions this restaurant</p>
  <p time="78799" is_ac="true">is sick the decorations the lights the</p>
  <p time="81360" is_ac="true">kitchen I mean everything is spot on</p>
  <p time="83119" is_ac="true">when we sat down we got a complimentary</p>
  <p time="84799" is_ac="true">drink that was fire no literally it was</p>
  <p time="87000" is_ac="true">on fire what and the menu was out of his</p>
  <p time="90360" is_ac="true">TV show pants here scallops Lobster Roto</p>
  <p time="92799" is_ac="true">but there it was the beef wellington oh</p>
  <p time="96079" is_ac="true">uh make that too dish after Dish</p>
  <p time="97640" is_ac="true">everything was delicious and as we tried</p>
  <p time="99560" is_ac="true">more food we were shocked the food keeps</p>
  <p time="101479" is_ac="true">getting better and better the manager</p>
  <p time="102759" is_ac="true">kept peeping over at us making sure that</p>
  <p time="104479" is_ac="true">we liked everything that we were eating</p>
  <p time="106000" is_ac="true">the manager just looked at me he keeps</p>
  <p time="107840" is_ac="true">looking over here we told him our plan</p>
  <p time="109640" is_ac="true">and he loved it and he gave us a little</p>
  <p time="111439" is_ac="true">bit of advice to get Gordon to notice us</p>
  <p time="113439" is_ac="true">enjoy your food and be really vocal</p>
  <p time="115079" is_ac="true">about it okay let us know let the</p>
  <p time="117000" is_ac="true">kitchen but not before long we were</p>
  <p time="118799" is_ac="true">introduced to our first first of many</p>
  <p time="120680" is_ac="true">beef wellingtons wow that is insane and</p>
  <p time="123759" is_ac="true">of course we had to try some of his</p>
  <p time="125159" is_ac="true">world class desserts a coconut ice cream</p>
  <p time="127360" is_ac="true">which was absolutely delicious oh my God</p>
  <p time="131520" is_ac="true">the presentation's crazy and his famous</p>
  <p time="133800" is_ac="true">sticky toppy pudding which was his</p>
  <p time="135519" is_ac="true">mother's recipe that has to be the best</p>
  <p time="137200" is_ac="true">dessert I've ever had as good of a time</p>
  <p time="138959" is_ac="true">as we were having we had to head to the</p>
  <p time="140360" is_ac="true">airport to catch our first flight to our</p>
  <p time="142040" is_ac="true">next restaurant the next 10 days we are</p>
  <p time="144640" is_ac="true">going to eat nothing but Gordon ramy's</p>
  <p time="146959" is_ac="true">Food I feel like his food so good though</p>
  <p time="148800" is_ac="true">like I won't even get sick you know as</p>
  <p time="150840" is_ac="true">soon as we arrived we were already</p>
  <p time="152239" is_ac="true">feeling the struggles of this challenge</p>
  <p time="154120" is_ac="true">all right so we just got to the hotel it</p>
  <p time="155680" is_ac="true">is currently 5: in the morning this</p>
  <p time="158040" is_ac="true">right here is the part that I'm not</p>
  <p time="159560" is_ac="true">excited for you know I know it is</p>
  <p time="161120" is_ac="true">literally 6:00 a.m. and we're going to</p>
  <p time="162480" is_ac="true">bed all right well good night or good</p>
  <p time="164560" is_ac="true">morning yeah whatever one of them one of</p>
  <p time="167000" is_ac="true">them all right good night all right so</p>
  <p time="168239" is_ac="true">we made it to Miami for the second</p>
  <p time="169840" is_ac="true">Gordon Ramsey restaurant which is</p>
  <p time="171440" is_ac="true">another Hell's Kitchen By the way all</p>
  <p time="173040" is_ac="true">the way across the country literally on</p>
  <p time="174840" is_ac="true">the opposite side as soon as we walked</p>
  <p time="176840" is_ac="true">in we met up with a familiar face Gordon</p>
  <p time="179159" is_ac="true">if you can hear me come out and say</p>
  <p time="180480" is_ac="true">something right now we are turning up</p>
  <p time="182800" is_ac="true">the heat right here in Miami you listen</p>
  <p time="186280" is_ac="true">this house kitchen had different menu</p>
  <p time="187599" is_ac="true">items but of course we couldn't forget</p>
  <p time="189200" is_ac="true">about a beef wellington we placed our</p>
  <p time="191200" is_ac="true">order and food came flying out of the</p>
  <p time="193120" is_ac="true">kitchen and it was nothing like we've</p>
  <p time="194519" is_ac="true">tried before none of this stuff we got</p>
  <p time="196080" is_ac="true">it the other way like this entire video</p>
  <p time="197799" is_ac="true">we ate and ate and ate and we were left</p>
  <p time="200760" is_ac="true">surprised I don't even know how we have</p>
  <p time="202159" is_ac="true">more coming but the kitchen didn't hold</p>
  <p time="204080" is_ac="true">back and it was time for us to try our</p>
  <p time="205680" is_ac="true">third Beef Wellington Beef Wellington</p>
  <p time="207640" is_ac="true">number three literally everything was</p>
  <p time="209400" is_ac="true">Del ious but we ran into a slight</p>
  <p time="211439" is_ac="true">problem so now we got to go back to the</p>
  <p time="212760" is_ac="true">hotel get our stuff go to the airport</p>
  <p time="214360" is_ac="true">get on the flight and eat at Gordon</p>
  <p time="215480" is_ac="true">Ramsey's fish and chips tonight before</p>
  <p time="217200" is_ac="true">they close I can't even think about</p>
  <p time="218480" is_ac="true">eating right now so we hurried back to</p>
  <p time="219959" is_ac="true">our hotel to grab our bags headed</p>
  <p time="221319" is_ac="true">straight to the airport and we were up</p>
  <p time="222840" is_ac="true">against the clock to reach our next</p>
  <p time="224280" is_ac="true">restaurant okay so we just landed the</p>
  <p time="226239" is_ac="true">restaurant closes in 1 hour and it takes</p>
  <p time="228080" is_ac="true">20 minutes to get there so we do have to</p>
  <p time="229480" is_ac="true">hurry the chase was on and we were on</p>
  <p time="231080" is_ac="true">our way to our third Gordon Ramsey</p>
  <p time="232799" is_ac="true">restaurant okay so the funny thing is is</p>
  <p time="234360" is_ac="true">that we still have our bags because we</p>
  <p time="236000" is_ac="true">didn't have enough time to stop at the</p>
  <p time="237439" is_ac="true">hotel we just had to go straight here</p>
  <p time="239079" is_ac="true">since uh it closes in 30 minutes dude</p>
  <p time="241079" is_ac="true">we're pushing it on time and this</p>
  <p time="242680" is_ac="true">restaurant wasn't nothing like we</p>
  <p time="244000" is_ac="true">expected all right so we just got here</p>
  <p time="245560" is_ac="true">it's Gordon's fish and chips this is</p>
  <p time="247079" is_ac="true">actually the first restaurant that's not</p>
  <p time="248480" is_ac="true">a Hell's Kitchen I'm excited to eat try</p>
  <p time="250840" is_ac="true">something new the feel of this</p>
  <p time="251879" is_ac="true">restaurant was a lot different you place</p>
  <p time="253680" is_ac="true">your order at the front and your food's</p>
  <p time="255079" is_ac="true">ready within a few minutes these are the</p>
  <p time="256639" is_ac="true">fish and chip tacos this is the Gordon's</p>
  <p time="258560" is_ac="true">combo with chicken shrimp and lobster</p>
  <p time="260959" is_ac="true">look at how like good it looks I've</p>
  <p time="262639" is_ac="true">never had a lobster fish and chip before</p>
  <p time="264400" is_ac="true">and this is everything that I thought it</p>
  <p time="265600" is_ac="true">would be Gordon get a good job dude</p>
  <p time="267560" is_ac="true">thank you Gordon as we cautiously ate</p>
  <p time="269039" is_ac="true">while Gordon stared us down the manager</p>
  <p time="271080" is_ac="true">at the front gave us some words of</p>
  <p time="272520" is_ac="true">encouragement I hope you find Gordon</p>
  <p time="274199" is_ac="true">okay oh we're trying we're trying thank</p>
  <p time="276720" is_ac="true">you so much we woke up the next morning</p>
  <p time="278160" is_ac="true">to catch another flight but this time I</p>
  <p time="279560" is_ac="true">had a little surprise for Drew all right</p>
  <p time="281240" is_ac="true">so we just landed we have the rental car</p>
  <p time="283160" is_ac="true">and we're not alone anymore we have what</p>
  <p time="286000" is_ac="true">Gordon Ramsay shut up yo it look so</p>
  <p time="289520" is_ac="true">realistic where did you get that I put</p>
  <p time="291560" is_ac="true">it in my suitcase all the way from</p>
  <p time="292840" is_ac="true">California uh-huh we're going to get you</p>
  <p time="294160" is_ac="true">to house kitchen ASAP hey we're going to</p>
  <p time="295800" is_ac="true">get some lunch right now Gordon don't</p>
  <p time="297160" is_ac="true">worry Gordon hold on step on it drew</p>
  <p time="299560" is_ac="true">racing through the streets of Washington</p>
  <p time="300919" is_ac="true">DC we knew we couldn't afford to miss a</p>
  <p time="302919" is_ac="true">single reservation this one's cool cuz</p>
  <p time="304639" is_ac="true">it has a view of the ocean Gordon you</p>
  <p time="306840" is_ac="true">did well with this one and we were</p>
  <p time="308280" is_ac="true">shocked at how different this one was so</p>
  <p time="310199" is_ac="true">this house kitchen is two stories as</p>
  <p time="311639" is_ac="true">well which is pretty cool also this one</p>
  <p time="313639" is_ac="true">has an ocean view they're all so pretty</p>
  <p time="316160" is_ac="true">but like I feel like this one's like the</p>
  <p time="317759" is_ac="true">nicest one we've been to so far we</p>
  <p time="319360" is_ac="true">placed our order and we obviously</p>
  <p time="320880" is_ac="true">couldn't forget to order Gordon</p>
  <p time="322280" is_ac="true">something he'll do the beef witon and as</p>
  <p time="323759" is_ac="true">the food came out I had some news for</p>
  <p time="325120" is_ac="true">Drew Drew you're going to want to save</p>
  <p time="326280" is_ac="true">room why do we have more food on the way</p>
  <p time="327800" is_ac="true">no we're going to have a second lunch</p>
  <p time="329120" is_ac="true">after this what there's a Gordon ramsy</p>
  <p time="331199" is_ac="true">fish and chips right down the street you</p>
  <p time="332840" is_ac="true">should have told me that earlier that</p>
  <p time="334160" is_ac="true">also meant that we wouldn't have time to</p>
  <p time="335479" is_ac="true">enjoy Gordon's sticky toofy pudding but</p>
  <p time="337560" is_ac="true">we still enjoyed the food and we were</p>
  <p time="338800" is_ac="true">able to raise our Beef Wellington</p>
  <p time="340080" is_ac="true">counter let's eat hey Beef Wellington</p>
  <p time="341360" is_ac="true">counter goes up and it was all good but</p>
  <p time="343520" is_ac="true">we still had another restaurant to go to</p>
  <p time="345319" is_ac="true">okay so I'm not kidding about this the</p>
  <p time="346880" is_ac="true">hell's kitchen's right there and then</p>
  <p time="348479" is_ac="true">the Gordon Ramsey's fish and chips is</p>
  <p time="350479" is_ac="true">right here hey Gord you ready this roll</p>
  <p time="352680" is_ac="true">oh he's so happy we ran inside placed to</p>
  <p time="354520" is_ac="true">order and it was time to try fish and</p>
  <p time="356080" is_ac="true">chips for the second time in 24 hours</p>
  <p time="358520" is_ac="true">later Gordon Ram fish after leaving we</p>
  <p time="360440" is_ac="true">had a little bit of time to show Goron</p>
  <p time="361840" is_ac="true">around the city before our next flight</p>
  <p time="363639" is_ac="true">which turned out to be a huge mistake my</p>
  <p time="365880" is_ac="true">worst fear happened we missed our flight</p>
  <p time="367599" is_ac="true">our only option here is to drive it's</p>
  <p time="369639" is_ac="true">about a 4-Hour drive it's not bad I mean</p>
  <p time="371880" is_ac="true">we got to do what we got to do we don't</p>
  <p time="373240" is_ac="true">make it we miss every other flight and</p>
  <p time="375520" is_ac="true">the Gordon Ramy thing ruined yeah so we</p>
  <p time="377319" is_ac="true">have no other option but to rent a car</p>
  <p time="379080" is_ac="true">and drive and drive fast cuz uh we might</p>
  <p time="381400" is_ac="true">not make that either so we raced over to</p>
  <p time="383759" is_ac="true">New Jersey and walked in with only 10</p>
  <p time="385759" is_ac="true">minutes to spare so this specific</p>
  <p time="387319" is_ac="true">restaurant is Gordon Ramsay Steak so</p>
  <p time="389199" is_ac="true">it's a lot different than the other</p>
  <p time="390440" is_ac="true">restaurants that we've already eaten at</p>
  <p time="392000" is_ac="true">it's fancy in here it is very fancy</p>
  <p time="394319" is_ac="true">everything on the menu is so different</p>
  <p time="395919" is_ac="true">they have Japanese A5 wagy which is</p>
  <p time="398039" is_ac="true">really high-end so high-end it cost $160</p>
  <p time="401120" is_ac="true">for four slices and not to mention the</p>
  <p time="403120" is_ac="true">seafood Towers we got as appetizers came</p>
  <p time="405000" is_ac="true">with the largest shrimp I've ever seen</p>
  <p time="407319" is_ac="true">oh my God look at the size of this</p>
  <p time="409440" is_ac="true">shrimp cheers all right cheers that's</p>
  <p time="411160" is_ac="true">good oh my God and this is just the</p>
  <p time="412520" is_ac="true">appetizer no this is before the</p>
  <p time="414599" is_ac="true">appetizer after every delicious</p>
  <p time="416280" is_ac="true">appetizer I had to make sure that Drew</p>
  <p time="417639" is_ac="true">is still on board Drew went into this</p>
  <p time="419080" is_ac="true">challenge not wanting to do it we're not</p>
  <p time="421280" is_ac="true">even halfway there in fact I don't even</p>
  <p time="423240" is_ac="true">think we're a quarter way through Drew</p>
  <p time="424919" is_ac="true">was right but we knew we had to complete</p>
  <p time="426919" is_ac="true">this journey in hopes of daddy Ramsay</p>
  <p time="429360" is_ac="true">noticing us he likes it I think in the</p>
  <p time="431160" is_ac="true">past 48 hours since we started this</p>
  <p time="432840" is_ac="true">challenge this is our fifth Beef</p>
  <p time="434919" is_ac="true">Wellington at the end of this challenge</p>
  <p time="436479" is_ac="true">we're going to have eaten at least 100</p>
  <p time="438319" is_ac="true">beef lington and we couldn't pass up the</p>
  <p time="440879" is_ac="true">most expensive dish that we would try on</p>
  <p time="443360" is_ac="true">this entire Journey the Japanese wagu</p>
  <p time="446560" is_ac="true">this plate was $200 which means that</p>
  <p time="449000" is_ac="true">each slice was $440 was it worth the</p>
  <p time="452080" is_ac="true">price M probably not was it the best</p>
  <p time="454479" is_ac="true">stick we've ever had 100% oh my God</p>
  <p time="456680" is_ac="true">that's flavorful did just melt in your</p>
  <p time="458240" is_ac="true">mouth it's like butter you can have like</p>
  <p time="459960" is_ac="true">no teeth and eat this after struggling</p>
  <p time="461879" is_ac="true">to finish our fifth and final course we</p>
  <p time="463680" is_ac="true">were so full we couldn't take another</p>
  <p time="466080" is_ac="true">bite did you save some room for dessert</p>
  <p time="467879" is_ac="true">yeah I think we got some room room</p>
  <p time="469720" is_ac="true">perfect let's do it needless to say it</p>
  <p time="471319" is_ac="true">put us right to sleep all right these</p>
  <p time="472720" is_ac="true">last two days have been crazy tomorrow</p>
  <p time="474759" is_ac="true">morning the restaurant is actually in</p>
  <p time="476400" is_ac="true">this hotel that we're staying at that's</p>
  <p time="477919" is_ac="true">actually very convenient because cuz</p>
  <p time="479479" is_ac="true">we've been running around we've been</p>
  <p time="480800" is_ac="true">missing stuff it just feels good to you</p>
  <p time="482479" is_ac="true">know be able to sleep in maybe tomorrow</p>
  <p time="483919" is_ac="true">morning breakfast at Gordon Ramsay's Pub</p>
  <p time="485919" is_ac="true">and Grill I'm excited that sounds good</p>
  <p time="487680" is_ac="true">and then we're driving to New York the</p>
  <p time="490039" is_ac="true">new restaurant was Gordon Ramsay's Pub</p>
  <p time="491840" is_ac="true">and Grill and it was very different than</p>
  <p time="493360" is_ac="true">what we were used to filled with statues</p>
  <p time="495199" is_ac="true">a phone booth and of course a brand new</p>
  <p time="497400" is_ac="true">menu this is a style we haven't tried</p>
  <p time="499400" is_ac="true">before yeah we haven't had Gordon's</p>
  <p time="500879" is_ac="true">breakfast so we need to put that to the</p>
  <p time="502199" is_ac="true">desk we placed an order until we got</p>
  <p time="503720" is_ac="true">some devastating news and also do you</p>
  <p time="506319" is_ac="true">guys have a beef wellington we do after</p>
  <p time="508479" is_ac="true">4:00 not breakfast have a beefing our</p>
  <p time="511280" is_ac="true">Beef Wellington counter will not go up</p>
  <p time="512959" is_ac="true">today we tasted our first Gordon Ramsey</p>
  <p time="515120" is_ac="true">breakfast and we were in love blueberry</p>
  <p time="517760" is_ac="true">waffles are go I know okay so first</p>
  <p time="520080" is_ac="true">we're going to try the breakfast</p>
  <p time="521800" is_ac="true">poutine starting out strong that's good</p>
  <p time="524480" is_ac="true">here we have the steak and eggs that's</p>
  <p time="527399" is_ac="true">very good I mean so far we're two for</p>
  <p time="528880" is_ac="true">two three for three four for four and</p>
  <p time="530399" is_ac="true">finally 5 for five Gordon rams' pupp and</p>
  <p time="532720" is_ac="true">Grill did not disappoint and out of</p>
  <p time="534320" is_ac="true">nowhere the manager and Chef thanked us</p>
  <p time="537080" is_ac="true">personally which had never happened at</p>
  <p time="538600" is_ac="true">any restaurant before something was</p>
  <p time="540440" is_ac="true">definitely up but we couldn't leave</p>
  <p time="541920" is_ac="true">empty-handed we got merch Brent why is</p>
  <p time="545000" is_ac="true">Gordon in the front because I like him</p>
  <p time="546600" is_ac="true">more than you but dude you don't have</p>
  <p time="547959" is_ac="true">he's a cardboard cutout okay and off to</p>
  <p time="550440" is_ac="true">our next location which is New York for</p>
  <p time="553040" is_ac="true">Gordon Ramsay's fish and chips can you</p>
  <p time="555600" is_ac="true">believe this is going to be our eighth</p>
  <p time="557320" is_ac="true">restaurant that's crazy isn't that crazy</p>
  <p time="559560" is_ac="true">I can't believe that Gordon's still in</p>
  <p time="560959" is_ac="true">front though not only is this challenge</p>
  <p time="563800" is_ac="true">difficult but we had to make sure that</p>
  <p time="564760" is_ac="true">we were hitting every single restaurant</p>
  <p time="566320" is_ac="true">to the tea in order for Gordon to notice</p>
  <p time="568320" is_ac="true">us we need to do all of these I mean I</p>
  <p time="570519" is_ac="true">DMD Gordon he still hasn't answered me</p>
  <p time="572600" is_ac="true">I'm hoping that one of these days he</p>
  <p time="574760" is_ac="true">replies back to me and give us some</p>
  <p time="576240" is_ac="true">motivation if you dm'd us yeah we're</p>
  <p time="578120" is_ac="true">making pretty good progress though I'm</p>
  <p time="579800" is_ac="true">happy with how this is going Drew I know</p>
  <p time="581480" is_ac="true">you're exhausted but we got to keep</p>
  <p time="583560" is_ac="true">going and there she was the concrete</p>
  <p time="585519" is_ac="true">jungle where dreams are made up Gordon</p>
  <p time="587680" is_ac="true">welcome to Time Square I know this is no</p>
  <p time="589519" is_ac="true">London but um Welcome to New York buddy</p>
  <p time="591320" is_ac="true">this next rant was another ramsy fish</p>
  <p time="592959" is_ac="true">and chips which was located in the</p>
  <p time="594440" is_ac="true">middle of Time Square do you think he's</p>
  <p time="596480" is_ac="true">going to know that we're doing this oh</p>
  <p time="598560" is_ac="true">yeah is everywhere he sees everything</p>
  <p time="601519" is_ac="true">has a great memory so he's like God we</p>
  <p time="604399" is_ac="true">have to try the wings cuz these are</p>
  <p time="605839" is_ac="true">exclusive to this restaurant they're</p>
  <p time="608040" is_ac="true">amazing but they're OD since we were in</p>
  <p time="609560" is_ac="true">one of the largest cities in the world</p>
  <p time="611240" is_ac="true">we knew we had to show Goron around and</p>
  <p time="613040" is_ac="true">take him on a date he would not forget</p>
  <p time="615120" is_ac="true">we're going ice skating with Gordon</p>
  <p time="617399" is_ac="true">shredding which turned out to be a huge</p>
  <p time="620120" is_ac="true">mistake oh oh no no you're watching this</p>
  <p time="625000" is_ac="true">don't kill me bro look at this oh Sho</p>
  <p time="627959" is_ac="true">when we got back to the room I started</p>
  <p time="629200" is_ac="true">think Drew was losing his mind because</p>
  <p time="630760" is_ac="true">when I walked in I saw this what are you</p>
  <p time="633440" is_ac="true">doing Drew I'm making a beef wellington</p>
  <p time="635440" is_ac="true">what do you mean you're making a beef</p>
  <p time="636680" is_ac="true">wellington I literally bought all the</p>
  <p time="638279" is_ac="true">ingredients to make a beef wellingt in</p>
  <p time="639959" is_ac="true">our hotel room do you even know how to</p>
  <p time="641560" is_ac="true">cook there's a video of Gordon teaching</p>
  <p time="643320" is_ac="true">us and also Gordon's right here teaching</p>
  <p time="645880" is_ac="true">WR we're in a hotel room how the hell</p>
  <p time="647320" is_ac="true">are you going to cook this I have an</p>
  <p time="648519" is_ac="true">instant pot that you plug in it's hot so</p>
  <p time="651440" is_ac="true">look anyways watch the process the steak</p>
  <p time="653720" is_ac="true">right here flaming Yan we have the puff</p>
  <p time="655639" is_ac="true">pastry the shitake mushrooms and then</p>
  <p time="657680" is_ac="true">the Pudo dude we have literally</p>
  <p time="659480" is_ac="true">everything we need and to my surprise</p>
  <p time="660800" is_ac="true">Drew wasn't going crazy all right the</p>
  <p time="662600" is_ac="true">steak should be done let's see how we</p>
  <p time="664200" is_ac="true">cook this open that up oh that's medium</p>
  <p time="667120" is_ac="true">rare that's pretty good I want to give</p>
  <p time="669279" is_ac="true">this a</p>
  <p time="670720" is_ac="true">try mhm it's a little roll but not bad</p>
  <p time="675600" is_ac="true">dude I love it I think it's fire all</p>
  <p time="677519" is_ac="true">right we'll clean this up I'm going to</p>
  <p time="678480" is_ac="true">go to bed all right wo beef Willington</p>
  <p time="680120" is_ac="true">counter goes up the next morning we woke</p>
  <p time="681680" is_ac="true">up to what seemed like the middle of</p>
  <p time="683240" is_ac="true">nowhere okay I have to say this one is</p>
  <p time="685639" is_ac="true">really nice looking yo yeah we're in the</p>
  <p time="687320" is_ac="true">middle of nowhere and like there's just</p>
  <p time="688680" is_ac="true">like the nicest house kitchen we've seen</p>
  <p time="690360" is_ac="true">when we went into the merch store this</p>
  <p time="691680" is_ac="true">is where I started losing hope for Drew</p>
  <p time="693079" is_ac="true">Drew are you really getting that after</p>
  <p time="695079" is_ac="true">you saw me cook the beef wellington I am</p>
  <p time="696839" is_ac="true">a shot literally like I was losing hope</p>
  <p time="699519" is_ac="true">are you where did you really put that on</p>
  <p time="702240" is_ac="true">yeah dude in the wrong spot come into</p>
  <p time="704240" is_ac="true">the kitchen yeah right Drew oh sorry</p>
  <p time="706320" is_ac="true">yeah not sure if they thought he</p>
  <p time="707720" is_ac="true">actually worked there but somehow he</p>
  <p time="709440" is_ac="true">ended up inside the kitchen how'd you</p>
  <p time="711519" is_ac="true">get back there I told you I was going to</p>
  <p time="713079" is_ac="true">make your meal no no we don't want him</p>
  <p time="714920" is_ac="true">making any meals trust me me and the</p>
  <p time="716800" is_ac="true">blue team got you we're preing to be on</p>
  <p time="720440" is_ac="true">came all the way I sat there for what</p>
  <p time="722000" is_ac="true">felt like hours enjoyed the food by</p>
  <p time="723839" is_ac="true">myself until I was surprised by what</p>
  <p time="725440" is_ac="true">seemed like a scile Drew one be</p>
  <p time="727560" is_ac="true">Wellington for Brent wait what you did</p>
  <p time="729600" is_ac="true">not make that I was watching him make it</p>
  <p time="731160" is_ac="true">so technically I was a part of it either</p>
  <p time="732680" is_ac="true">way look at how perfect this is it's</p>
  <p time="734360" is_ac="true">perfect because you didn't cook it I was</p>
  <p time="736079" is_ac="true">telling him what to do I was like yo put</p>
  <p time="737839" is_ac="true">the mushrooms in yeah yeah yeah how</p>
  <p time="739160" is_ac="true">about you just sit down and eat this is</p>
  <p time="740600" is_ac="true">number seven on the beef LS encounter</p>
  <p time="742279" is_ac="true">and this one's going to be the best one</p>
  <p time="743320" is_ac="true">cuz I made it how is it it actually is</p>
  <p time="745480" is_ac="true">really good I know I made it with love</p>
  <p time="747639" is_ac="true">shut up and help me eat all this deal so</p>
  <p time="749440" is_ac="true">far we've tried four out of the six</p>
  <p time="750880" is_ac="true">restaurant Styles but tonight we're</p>
  <p time="752800" is_ac="true">actually trying the other two Ramsay's</p>
  <p time="754760" is_ac="true">Kitchen and then Ramsay's Burger I'm</p>
  <p time="756399" is_ac="true">excited to try those but it's 2 hours</p>
  <p time="758279" is_ac="true">away in Boston are you serious we gave</p>
  <p time="760240" is_ac="true">compliments to the chef and hit the road</p>
  <p time="761760" is_ac="true">for a 4-Hour journey to a new city and a</p>
  <p time="764399" is_ac="true">new restaurant this looks like the</p>
  <p time="765519" is_ac="true">fanciest Burger Joint I've been to the</p>
  <p time="767199" is_ac="true">staff loved our cutout and it was time</p>
  <p time="768800" is_ac="true">to try new food and a new environment</p>
  <p time="770920" is_ac="true">okay so I just noticed this but the</p>
  <p time="772240" is_ac="true">ceiling is the British flag look at that</p>
  <p time="774360" is_ac="true">for as many restaurants as we have been</p>
  <p time="775760" is_ac="true">to we finally began to get on Gordon's</p>
  <p time="777680" is_ac="true">radar we're trying to go to Every Gordon</p>
  <p time="779199" is_ac="true">Ramsey restaurant in the US you heard</p>
  <p time="782480" is_ac="true">how' you hear about it cuz they told us</p>
  <p time="783760" is_ac="true">you guys were coming into oh it seems</p>
  <p time="786360" is_ac="true">like a lot of the people were noticing</p>
  <p time="787560" is_ac="true">us but so far no Gordon we demolished</p>
  <p time="789760" is_ac="true">the appetizers and to no one's surprise</p>
  <p time="791760" is_ac="true">we loved it those are really good that's</p>
  <p time="793839" is_ac="true">like the best undering I've have</p>
  <p time="794920" is_ac="true">although the food style here was</p>
  <p time="796199" is_ac="true">extremely different it was still</p>
  <p time="797839" is_ac="true">deliciously amazing I'm very impressed</p>
  <p time="800040" is_ac="true">with burger by Gordon ramsy this was</p>
  <p time="802199" is_ac="true">such a nice change I think it's what we</p>
  <p time="803760" is_ac="true">needed and our date didn't end here</p>
  <p time="805519" is_ac="true">because we still had a third restaurant</p>
  <p time="807680" is_ac="true">to go to all right this this is the six</p>
  <p time="809480" is_ac="true">style that we haven't had yet this is</p>
  <p time="811399" is_ac="true">Ramsay's Kitchen but it looks crowded</p>
  <p time="813480" is_ac="true">and it also looks like it's super fancy</p>
  <p time="816079" is_ac="true">are we actually bringing the cutout</p>
  <p time="817600" is_ac="true">inside dude we brought it everywhere I</p>
  <p time="819560" is_ac="true">feel like we have to all right I guess</p>
  <p time="820839" is_ac="true">we will it's his restaurant we'll get</p>
  <p time="822199" is_ac="true">some weird looks but that's fine I guess</p>
  <p time="823600" is_ac="true">and this one was just as fancy as</p>
  <p time="825360" is_ac="true">everything else that we've seen we met</p>
  <p time="826839" is_ac="true">our waitress and she mentioned that</p>
  <p time="828160" is_ac="true">Gordon had recently been here MC himself</p>
  <p time="830720" is_ac="true">came to our location he tried our craf</p>
  <p time="832839" is_ac="true">he did he did we told her our plan to</p>
  <p time="834839" is_ac="true">get Gordon to notice us and she said</p>
  <p time="836880" is_ac="true">this oh but he's definitely going to</p>
  <p time="838199" is_ac="true">notice y'all like we know we we knew</p>
  <p time="841680" is_ac="true">what was going on these are the lamb</p>
  <p time="843800" is_ac="true">lollipops next up we have our tuna</p>
  <p time="845759" is_ac="true">tartar and lastly we have some freshly</p>
  <p time="847680" is_ac="true">baked bread and as full as we were</p>
  <p time="849279" is_ac="true">getting it was time to get our next Beef</p>
  <p time="851040" is_ac="true">Wellington this is the world famous Beef</p>
  <p time="852399" is_ac="true">Wellington guys if you've never heard of</p>
  <p time="853639" is_ac="true">it I've never heard of it it's not like</p>
  <p time="855160" is_ac="true">we've had like nine of them course after</p>
  <p time="856839" is_ac="true">course Wellington after Wellington we</p>
  <p time="858639" is_ac="true">knew that we were in good hands the chef</p>
  <p time="860759" is_ac="true">K it and after nine restaurants we were</p>
  <p time="863360" is_ac="true">finally able to confirm that Daddy</p>
  <p time="865360" is_ac="true">Ramsay knows we exist oh so the M I</p>
  <p time="869279" is_ac="true">sent a few days ago he ended up seeing</p>
  <p time="871680" is_ac="true">it isn't that Ramy saw the message this</p>
  <p time="874399" is_ac="true">is looking good our first bit of good</p>
  <p time="876320" is_ac="true">news let us to the streets of Chicago</p>
  <p time="877880" is_ac="true">where we were yet again late for our</p>
  <p time="879800" is_ac="true">reservation we ate our fet as fast as</p>
  <p time="881519" is_ac="true">Gordon could call us an idiot sandwich</p>
  <p time="883360" is_ac="true">what are you an idiot sandwich and drove</p>
  <p time="885560" is_ac="true">30 minutes across town to eat at our</p>
  <p time="887279" is_ac="true">next restaurant wait look at this R look</p>
  <p time="888759" is_ac="true">at this what when you like your video it</p>
  <p time="890680" is_ac="true">dislikes it shut up I swear to God wait</p>
  <p time="893160" is_ac="true">show me show me look look wait wait wait</p>
  <p time="895440" is_ac="true">like dislike apparently there's a glitch</p>
  <p time="897279" is_ac="true">right now where if you press the like</p>
  <p time="898320" is_ac="true">button also dislikes it it's like double</p>
  <p time="900360" is_ac="true">at least on my phone try it out leave a</p>
  <p time="902120" is_ac="true">comment if it works yeah comment down</p>
  <p time="903399" is_ac="true">below and let us know if it works our</p>
  <p time="904680" is_ac="true">journey continued to our second</p>
  <p time="905880" is_ac="true">restaurant of the day and this time I</p>
  <p time="907480" is_ac="true">was more excited than ever to have a</p>
  <p time="908880" is_ac="true">beef wellington but when it came down to</p>
  <p time="910720" is_ac="true">ordering the beef wellington great beef</p>
  <p time="912880" is_ac="true">Wellington's only available after 5:00</p>
  <p time="915120" is_ac="true">so we're a little early oh that's okay</p>
  <p time="918079" is_ac="true">that's okay food at this Ramsay's</p>
  <p time="919480" is_ac="true">Kitchen was different from the last and</p>
  <p time="921000" is_ac="true">our waiter also had a very meaningful</p>
  <p time="923079" is_ac="true">surprise for us I know I told you I beef</p>
  <p time="925480" is_ac="true">wellingt oh my godon couldn't let you</p>
  <p time="928399" is_ac="true">walk away without getting one</p>
  <p time="931279" is_ac="true">oft get that count on up oh my God I</p>
  <p time="934759" is_ac="true">cannot believe he just brought out a</p>
  <p time="936000" is_ac="true">beef wellington and just like the others</p>
  <p time="937839" is_ac="true">it was delicious as always we sprinted</p>
  <p time="940880" is_ac="true">out because we had yet another flight to</p>
  <p time="942639" is_ac="true">catch to Kansas City and this would be</p>
  <p time="944120" is_ac="true">our third restaurant in a third state</p>
  <p time="946199" is_ac="true">all in just one day this one looks a lot</p>
  <p time="948839" is_ac="true">like the one that we had in Atlantic</p>
  <p time="950319" is_ac="true">City it does it has similar Vibes for</p>
  <p time="952680" is_ac="true">sure and as we Dove deeper into the</p>
  <p time="954560" is_ac="true">restaurant we knew that it was different</p>
  <p time="956079" is_ac="true">from everything we have seen so</p>
  <p time="957519" is_ac="true">apparently he signed these jerseys right</p>
  <p time="959360" is_ac="true">here and then the jerseys are actually</p>
  <p time="960920" is_ac="true">over here check this out these are the</p>
  <p time="962600" is_ac="true">exact jerseys and that is Gordon's</p>
  <p time="965000" is_ac="true">signature oh man we need one of those</p>
  <p time="966920" is_ac="true">but like in person the menu was fairly</p>
  <p time="968880" is_ac="true">similar aside from one special dish</p>
  <p time="970800" is_ac="true">exclusive to this location it's the</p>
  <p time="972399" is_ac="true">chrisna CO's Nigerian night Mar and I</p>
  <p time="975160" is_ac="true">feel like we have to get that and</p>
  <p time="976560" is_ac="true">because we were in Kansas City I knew</p>
  <p time="978199" is_ac="true">there was only one person to share this</p>
  <p time="980199" is_ac="true">amazing meal with I am so excited to try</p>
  <p time="982440" is_ac="true">this but because this is such a special</p>
  <p time="983880" is_ac="true">dish I have someone special here to eat</p>
  <p time="985720" is_ac="true">with us is it Gordon Ramsey no I have</p>
  <p time="988120" is_ac="true">Taylor Swift what's wrong with you why</p>
  <p time="990839" is_ac="true">she's dating a Kansas City football</p>
  <p time="992279" is_ac="true">player so she's going to be here eating</p>
  <p time="993519" is_ac="true">with us tonight we have two celebrities</p>
  <p time="995000" is_ac="true">at the table we have Taylor Swift and</p>
  <p time="996600" is_ac="true">Gordon Ramsey this is a very high-end</p>
  <p time="998639" is_ac="true">dinner who knew like Taylor Swift and</p>
  <p time="1000560" is_ac="true">Gordon Ramsey were friends we have a</p>
  <p time="1002279" is_ac="true">seab bass crab legs Beef Wellington a</p>
  <p time="1004720" is_ac="true">special edition Kansas City steak and</p>
  <p time="1006399" is_ac="true">shrimp I mean it sounds amazing let's</p>
  <p time="1008120" is_ac="true">get to eating let's do it and as we</p>
  <p time="1009360" is_ac="true">powered through the rest of the dishes</p>
  <p time="1010639" is_ac="true">we couldn't forget about our Beef</p>
  <p time="1011880" is_ac="true">Wellington I cannot believe that we're</p>
  <p time="1013399" is_ac="true">in the double digits for beef</p>
  <p time="1014600" is_ac="true">wellingtons now and the 10th one tasted</p>
  <p time="1016680" is_ac="true">just as good as the first it tasty the</p>
  <p time="1018639" is_ac="true">better we finished the night in the most</p>
  <p time="1020360" is_ac="true">romantic way possible before waking up</p>
  <p time="1022199" is_ac="true">early for our next flight 6:00 a.m.</p>
  <p time="1024319" is_ac="true">we're heading to the airport and at this</p>
  <p time="1025720" is_ac="true">point the pressure was on especially</p>
  <p time="1027679" is_ac="true">after receiving the best news possible</p>
  <p time="1029919" is_ac="true">on the way to our next destination he</p>
  <p time="1031919" is_ac="true">freaking responded what did he say what</p>
  <p time="1033319" is_ac="true">did he say what he say oh my God wait</p>
  <p time="1034760" is_ac="true">wait what he say what he say hey brt</p>
  <p time="1036240" is_ac="true">we've been seeing your journey and</p>
  <p time="1037520" is_ac="true">Gordon is loving it keep up the good</p>
  <p time="1039400" is_ac="true">work and maybe we can make something</p>
  <p time="1041039" is_ac="true">happen it took 14 restaurant Gordon</p>
  <p time="1043600" is_ac="true">you're the go let's go and this had for</p>
  <p time="1045919" is_ac="true">sure motivated us to finish our journey</p>
  <p time="1048079" is_ac="true">this is our third Gordon Ramsay Steak</p>
  <p time="1050400" is_ac="true">that we've eaten at so far in our 15th</p>
  <p time="1052679" is_ac="true">total restaurant this place looks even</p>
  <p time="1055080" is_ac="true">better than the last one we met the</p>
  <p time="1056840" is_ac="true">staff ordered a drink and we had no idea</p>
  <p time="1058880" is_ac="true">what was about to come W look at the</p>
  <p time="1062160" is_ac="true">smoke on top of the drink sick my go you</p>
  <p time="1065000" is_ac="true">know what's crazy is the fact that like</p>
  <p time="1066799" is_ac="true">we've been to 15 restaurants but still</p>
  <p time="1068960" is_ac="true">have new things to order on the menu</p>
  <p time="1070799" is_ac="true">that's what's cool about this and each</p>
  <p time="1072280" is_ac="true">menu item was just as good if not better</p>
  <p time="1074320" is_ac="true">than everything that we had already our</p>
  <p time="1076080" is_ac="true">11th Beef Wellington in 7 days as we</p>
  <p time="1078559" is_ac="true">finished our dinner we had some desserts</p>
  <p time="1079960" is_ac="true">exclusive to this restaurant I can't get</p>
  <p time="1081520" is_ac="true">over the sticky toffee pudding I mean</p>
  <p time="1082799" is_ac="true">it's one of the best desserts ever we</p>
  <p time="1084039" is_ac="true">took a photo with the chefs and we were</p>
  <p time="1085320" is_ac="true">running really late currently it takes</p>
  <p time="1087080" is_ac="true">an hour to get to the airport our flight</p>
  <p time="1088600" is_ac="true">is in 1 hour and 30 minutes we have to</p>
  <p time="1090280" is_ac="true">hurry if we miss our flight the whole</p>
  <p time="1091720" is_ac="true">thing's screwed the whole thing's ruined</p>
  <p time="1093360" is_ac="true">we ran as fast as our feet could move</p>
  <p time="1094960" is_ac="true">but once we got to our connecting flight</p>
  <p time="1096520" is_ac="true">we ran to the biggest problem on our</p>
  <p time="1098360" is_ac="true">journey we literally missed our flight</p>
  <p time="1100280" is_ac="true">to Oklahoma City we just ran 3 miles</p>
  <p time="1101960" is_ac="true">through the airport to make this that</p>
  <p time="1103120" is_ac="true">was pointless cuz our flight was delayed</p>
  <p time="1105080" is_ac="true">so like it messed up the whole thing so</p>
  <p time="1107000" is_ac="true">we had to drive 2 hours to our next city</p>
  <p time="1108919" is_ac="true">I cannot believe we missed our flight</p>
  <p time="1110400" is_ac="true">honestly okay so because we checked our</p>
  <p time="1112280" is_ac="true">bag and we missed our flight we don't</p>
  <p time="1114120" is_ac="true">have Gordon and we'll find him cuz we</p>
  <p time="1115720" is_ac="true">need to bring him to the final</p>
  <p time="1116840" is_ac="true">restaurant he can miss Oklahoma City but</p>
  <p time="1118840" is_ac="true">not Las Vegas Gordon we're going to find</p>
  <p time="1120880" is_ac="true">you but when there's bad news there</p>
  <p time="1122440" is_ac="true">always comes some good news we found</p>
  <p time="1125200" is_ac="true">Gordon's found so he is safe and sound</p>
  <p time="1127840" is_ac="true">with us and now we're in Oklahoma City</p>
  <p time="1129360" is_ac="true">we have a little bit of time before our</p>
  <p time="1130679" is_ac="true">reservation so I say we hit the zoo you</p>
  <p time="1132919" is_ac="true">want to hit the zoo this since we drove</p>
  <p time="1135039" is_ac="true">all night we have some time so I guess</p>
  <p time="1136799" is_ac="true">yeah it let's do it and as we brought</p>
  <p time="1138400" is_ac="true">Gordon to the zoo we realized that no</p>
  <p time="1140000" is_ac="true">matter how many problems we ran into on</p>
  <p time="1141720" is_ac="true">this trip as long as we have each other</p>
  <p time="1143600" is_ac="true">there's always another Gordon Ramsey</p>
  <p time="1145320" is_ac="true">restaurant so each restaurant style has</p>
  <p time="1147000" is_ac="true">a lot of similarities but the Ramsey's</p>
  <p time="1148640" is_ac="true">kitchen one I feel like everyone we go</p>
  <p time="1150120" is_ac="true">to is a little different you get a new</p>
  <p time="1151720" is_ac="true">experience every time you go to a</p>
  <p time="1152919" is_ac="true">different one and as delicious as</p>
  <p time="1154280" is_ac="true">everything was our 12th Beef Wellington</p>
  <p time="1156120" is_ac="true">was still the icing on the cake Beef</p>
  <p time="1157679" is_ac="true">Wellington number 12 counter goes up you</p>
  <p time="1159720" is_ac="true">would think with how many flights that</p>
  <p time="1160720" is_ac="true">we missed that we would be early for the</p>
  <p time="1162080" is_ac="true">next one but that wasn't the case we</p>
  <p time="1164000" is_ac="true">still had to rush to the airport with</p>
  <p time="1165240" is_ac="true">minutes to spare in order to catch our</p>
  <p time="1166799" is_ac="true">next flight We Made It by 1 minute the</p>
  <p time="1168919" is_ac="true">gate waited for us and you wouldn't</p>
  <p time="1170520" is_ac="true">believe what Drew somehow brought onto</p>
  <p time="1172679" is_ac="true">the plane I'm eating the beef wellington</p>
  <p time="1174760" is_ac="true">when did you get that the ramsy's</p>
  <p time="1176400" is_ac="true">kitchen you got one to go yeah I put one</p>
  <p time="1178600" is_ac="true">in my bag so I can carry it on the plane</p>
  <p time="1180400" is_ac="true">don't act like it's weird look it we get</p>
  <p time="1182280" is_ac="true">to raise the beef wellingt to counter</p>
  <p time="1183960" is_ac="true">and as the counter went up so did the</p>
  <p time="1185559" is_ac="true">amount of restaurants that we were going</p>
  <p time="1186840" is_ac="true">to we just made it to Tahoe it is</p>
  <p time="1189240" is_ac="true">snowing it is snowing so much to the</p>
  <p time="1191760" is_ac="true">point where we lost control and drove</p>
  <p time="1194159" is_ac="true">off a cliff nah I'm just kidding that</p>
  <p time="1196360" is_ac="true">didn't happen let's get back to the</p>
  <p time="1197559" is_ac="true">story all right so we made it to the</p>
  <p time="1198880" is_ac="true">Lake Tahoe location we're currently in a</p>
  <p time="1201280" is_ac="true">snow stor this is Gordon's first time</p>
  <p time="1202720" is_ac="true">seeing snow oh my god he has snow all</p>
  <p time="1204720" is_ac="true">over him just from that second all right</p>
  <p time="1206320" is_ac="true">well let's go inside let's eat because</p>
  <p time="1207799" is_ac="true">this is our last restaurant before Las</p>
  <p time="1209799" is_ac="true">Vegas than God it's freezing regardless</p>
  <p time="1211880" is_ac="true">of the snowstorm this house kitchen was</p>
  <p time="1213360" is_ac="true">the coziest of them all and when we met</p>
  <p time="1215039" is_ac="true">our waiter we added another challenge to</p>
  <p time="1216600" is_ac="true">our play Okay so we've had a lot of beef</p>
  <p time="1218200" is_ac="true">wington on this journey but Drew is</p>
  <p time="1219880" is_ac="true">trying to break the record for the most</p>
  <p time="1221880" is_ac="true">beef Wallington eaten in one sitting</p>
  <p time="1223720" is_ac="true">we're going to order three beef</p>
  <p time="1225039" is_ac="true">wellingtons has one person ordered three</p>
  <p time="1227080" is_ac="true">beef wellingtons before so far do you</p>
  <p time="1229000" is_ac="true">think he can do it I hope he can do it</p>
  <p time="1231360" is_ac="true">oh I got it we met the chef and the</p>
  <p time="1232760" is_ac="true">challenge was on I could definitely</p>
  <p time="1234280" is_ac="true">finish this and Drew wasn't lying he</p>
  <p time="1236440" is_ac="true">demolished the first beef Bollington</p>
  <p time="1237919" is_ac="true">within seconds number one is John but</p>
  <p time="1240159" is_ac="true">halfway through the second one he</p>
  <p time="1241280" is_ac="true">started to struggle we're going to keep</p>
  <p time="1242640" is_ac="true">it going and he finally put down two</p>
  <p time="1244159" is_ac="true">beef wellingtons before moving on to his</p>
  <p time="1245640" is_ac="true">third and final Wellington and Drew</p>
  <p time="1247559" is_ac="true">began to feel it you have one more piece</p>
  <p time="1249840" is_ac="true">left yo if you shake me like that again</p>
  <p time="1251960" is_ac="true">I might throw up so I would I wouldn't</p>
  <p time="1253720" is_ac="true">do that but that didn't stop him from</p>
  <p time="1255600" is_ac="true">completing the final Beef Wellington</p>
  <p time="1257240" is_ac="true">three beef Wellington's in one sitting</p>
  <p time="1261120" is_ac="true">that is who's done that all right so we</p>
  <p time="1262760" is_ac="true">just left the restaurant bro it's</p>
  <p time="1264280" is_ac="true">freezing I know so that's why we got</p>
  <p time="1265600" is_ac="true">these ear muffs it says Idiot sandwich</p>
  <p time="1267559" is_ac="true">on the side we're both idiot sandwiches</p>
  <p time="1269280" is_ac="true">look at this what are you an idiot</p>
  <p time="1271000" is_ac="true">sandwich all right we got to go cuz we</p>
  <p time="1272240" is_ac="true">got to catch our flight to Vegas Vegas</p>
  <p time="1273720" is_ac="true">baby luckily for us we were early to our</p>
  <p time="1275720" is_ac="true">next flight for the first time and we</p>
  <p time="1277320" is_ac="true">made our way to our final destination</p>
  <p time="1279200" is_ac="true">Las Vegas dude he literally runs this</p>
  <p time="1281480" is_ac="true">town bro he's everywhere so he has six</p>
  <p time="1283600" is_ac="true">total restaurants we're having two</p>
  <p time="1285159" is_ac="true">dinners tonight we had two more days</p>
  <p time="1286760" is_ac="true">left of this Challenge and we were near</p>
  <p time="1288080" is_ac="true">during the Finish Line can you believe</p>
  <p time="1289840" is_ac="true">this is our fourth and final Ramsey's</p>
  <p time="1291840" is_ac="true">kitchen oh my God we're so close to</p>
  <p time="1294080" is_ac="true">being done too let's make this one count</p>
  <p time="1295799" is_ac="true">Drew let's give it a run for its money</p>
  <p time="1297200" is_ac="true">let's give it a run for it money it was</p>
  <p time="1298440" is_ac="true">one of the nicest restaurants we've seen</p>
  <p time="1300440" is_ac="true">and the manager even surprised us with</p>
  <p time="1301880" is_ac="true">some complimentary champagne cheers to</p>
  <p time="1303960" is_ac="true">the 18th Gordon Ramsey restaurant 18</p>
  <p time="1306760" is_ac="true">that's a big number guys we need another</p>
  <p time="1308600" is_ac="true">round of that and as we were talking to</p>
  <p time="1310039" is_ac="true">the manager he decided to drop some huge</p>
  <p time="1312159" is_ac="true">news on us we was just here 2 weeks ago</p>
  <p time="1314279" is_ac="true">oh my gosh we missed them 18 restaurants</p>
  <p time="1316400" is_ac="true">in and we were still getting surprised</p>
  <p time="1317760" is_ac="true">with food that we had never tried before</p>
  <p time="1319720" is_ac="true">where has this been on the other Ram the</p>
  <p time="1322360" is_ac="true">hell and of course we had another excuse</p>
  <p time="1324400" is_ac="true">to raise our Beef Wellington counter</p>
  <p time="1326120" is_ac="true">Beef Wellington number 17 yo we're</p>
  <p time="1328720" is_ac="true">making it to 20 as good as it was we had</p>
  <p time="1330799" is_ac="true">to meet the person who made it and he</p>
  <p time="1332400" is_ac="true">said this he actually did a big speech</p>
  <p time="1334320" is_ac="true">right here where we're standing I'm</p>
  <p time="1335679" is_ac="true">standing exactly where Gordon was</p>
  <p time="1336919" is_ac="true">standing the exact same spot I can only</p>
  <p time="1338919" is_ac="true">imagine what he said was he like where's</p>
  <p time="1340799" is_ac="true">the limb sauce and as we left we had to</p>
  <p time="1343039" is_ac="true">go to our second restaurant of the night</p>
  <p time="1344440" is_ac="true">which was the coolest one that we had</p>
  <p time="1345919" is_ac="true">seen to this point okay so this</p>
  <p time="1347520" is_ac="true">restaurant's two stories so on the</p>
  <p time="1349120" is_ac="true">Second Story you can literally get a</p>
  <p time="1350520" is_ac="true">view of the entire restaurant and oh my</p>
  <p time="1353000" is_ac="true">gosh it's massive and it looks so sick</p>
  <p time="1356080" is_ac="true">like this is definitely the best looking</p>
  <p time="1357960" is_ac="true">ramsy steak no yeah Vegas went all out</p>
  <p time="1360279" is_ac="true">on this one and of course they did go</p>
  <p time="1361720" is_ac="true">all out on their food we haven't got any</p>
  <p time="1364000" is_ac="true">of this this much caviar goes for</p>
  <p time="1367080" is_ac="true">$140 yeah that's pretty crazy I never</p>
  <p time="1369679" is_ac="true">eat caviar I'm not that fancy but here I</p>
  <p time="1372320" is_ac="true">am I've never had this before it was</p>
  <p time="1374120" is_ac="true">safe to say that Drew absolutely hated</p>
  <p time="1376720" is_ac="true">it I was not EXP not at all and of</p>
  <p time="1379120" is_ac="true">course we couldn't forget about our</p>
  <p time="1380200" is_ac="true">record-breaking 18th Beef Wellington we</p>
  <p time="1382440" is_ac="true">finished off with some dessert before</p>
  <p time="1383679" is_ac="true">our final day started all right so today</p>
  <p time="1385600" is_ac="true">is day 10 of 10 our last day consists of</p>
  <p time="1388880" is_ac="true">four different restaurants we're</p>
  <p time="1390279" is_ac="true">starting things off with fish and chips</p>
  <p time="1392600" is_ac="true">we haven't had this one in a while so</p>
  <p time="1394000" is_ac="true">I'm excited the fish and chips were all</p>
  <p time="1395360" is_ac="true">quite similar but this one had one dish</p>
  <p time="1397320" is_ac="true">that would beat the rest sausage at this</p>
  <p time="1399400" is_ac="true">one that's so weird I'm not going to</p>
  <p time="1401000" is_ac="true">pass up an opportunity to try something</p>
  <p time="1402559" is_ac="true">new they're like sausage pops and they</p>
  <p time="1404320" is_ac="true">had another dish that would beat every</p>
  <p time="1405640" is_ac="true">dessert that we've tried oh it has the</p>
  <p time="1407520" is_ac="true">sticky to you putting inside this is the</p>
  <p time="1409799" is_ac="true">best thing ever we made way down the</p>
  <p time="1411159" is_ac="true">strip to our second restaurant of the</p>
  <p time="1412520" is_ac="true">day and as weird as Drew has been this</p>
  <p time="1414279" is_ac="true">entire trip we had to skip to dessert in</p>
  <p time="1416120" is_ac="true">order to reach our next reservation it's</p>
  <p time="1418120" is_ac="true">fun because this literally looks like a</p>
  <p time="1420400" is_ac="true">burger I'm not going to lie I like this</p>
  <p time="1422120" is_ac="true">better than the the pop next it was time</p>
  <p time="1424120" is_ac="true">to try Gordon Ramsay's Pub and Grill</p>
  <p time="1425840" is_ac="true">where the manager gave us a little</p>
  <p time="1427080" is_ac="true">welcoming gift oh my God oh my God and</p>
  <p time="1429520" is_ac="true">of course I couldn't resist it's wrong</p>
  <p time="1431640" is_ac="true">it's wrong this wrong but we couldn't</p>
  <p time="1433760" is_ac="true">forget about our 19th Beef Wellington</p>
  <p time="1436320" is_ac="true">the fact that this is Gordon Ramsay's</p>
  <p time="1438080" is_ac="true">most famous dish by us reaching 20 he</p>
  <p time="1441000" is_ac="true">has to say something he has to like</p>
  <p time="1442679" is_ac="true">message us or something at least no</p>
  <p time="1444799" is_ac="true">there's no way that he doesn't</p>
  <p time="1446240" is_ac="true">Wellington 19 went down like a charm and</p>
  <p time="1448559" is_ac="true">for our final Wellington we knew exactly</p>
  <p time="1451520" is_ac="true">where to go there it is true the finale</p>
  <p time="1453880" is_ac="true">oh my gosh I'm like my heart's actually</p>
  <p time="1455520" is_ac="true">like beating so F I'm nervous too but</p>
  <p time="1457080" is_ac="true">like yeah we've done this 22 times why</p>
  <p time="1459279" is_ac="true">are we nervous this is the last one we</p>
  <p time="1461760" is_ac="true">have literally went across mountains</p>
  <p time="1464039" is_ac="true">we've eaten 19 beef wellingtons for this</p>
  <p time="1466440" is_ac="true">moment so we can reach 20 this is it we</p>
  <p time="1468679" is_ac="true">got to go we got to go get our Beef</p>
  <p time="1469840" is_ac="true">Wellington and uh enjoy the last one we</p>
  <p time="1471880" is_ac="true">walked into the restaurant and we were</p>
  <p time="1473120" is_ac="true">met with something that would make</p>
  <p time="1474720" is_ac="true">Gordon</p>
  <p time="1477200" is_ac="true">cry wait what let's go right welcome to</p>
  <p time="1483039" is_ac="true">Hell's Kitchen Las Vegas congratulations</p>
  <p time="1485200" is_ac="true">on behalf of the Hell's Kitchen team sir</p>
  <p time="1487159" is_ac="true">oh no way are you kidding me without</p>
  <p time="1489720" is_ac="true">further Ado anytime you're ready sir all</p>
  <p time="1491880" is_ac="true">right let's do it yeah and as we were</p>
  <p time="1493320" is_ac="true">getting congratulated we were met with</p>
  <p time="1494880" is_ac="true">something that is only exclusive to</p>
  <p time="1496520" is_ac="true">Gordon's eyes we don't do do this often</p>
  <p time="1498760" is_ac="true">only from one person and one person only</p>
  <p time="1501039" is_ac="true">which is Gordon Ramsey every time he</p>
  <p time="1502960" is_ac="true">visit this house Chef they have a</p>
  <p time="1504880" is_ac="true">special salute and we were not ready for</p>
  <p time="1506640" is_ac="true">this special surprise you</p>
  <p time="1509320" is_ac="true">ready you ready you ready up</p>
  <p time="1514200" is_ac="true">there all three I need everybody give me</p>
  <p time="1516720" is_ac="true">a big old hell yeah 1 2 3 hell</p>
  <p time="1521799" is_ac="true">yeah congratulations brother oh my</p>
  <p time="1525440" is_ac="true">without further Ado please let me show</p>
  <p time="1527200" is_ac="true">you oh my God I did not expect that at</p>
  <p time="1530679" is_ac="true">all I'm shaking let me tell you your</p>
  <p time="1533399" is_ac="true">journey is like no other honestly being</p>
  <p time="1535880" is_ac="true">honored to actually welcome you into the</p>
  <p time="1538200" is_ac="true">end of the journey thank you so much</p>
  <p time="1540000" is_ac="true">pleasure we got our drinks that had a</p>
  <p time="1541440" is_ac="true">special note from Gordon and of course</p>
  <p time="1543039" is_ac="true">we couldn't forget about the beef</p>
  <p time="1544679" is_ac="true">wellington Drew and I had to finish this</p>
  <p time="1546240" is_ac="true">challenge off with how we started it BR</p>
  <p time="1548080" is_ac="true">I'm having Deja Vu this is exactly what</p>
  <p time="1550640" is_ac="true">we got 10 days ago at the first house</p>
  <p time="1552559" is_ac="true">kitchen in San Diego you're right we</p>
  <p time="1553919" is_ac="true">were met with more complimentary items</p>
  <p time="1555480" is_ac="true">to celebrate our achievement cheers to</p>
  <p time="1557279" is_ac="true">the 23rd and final Gordon Ramsey</p>
  <p time="1560360" is_ac="true">restaurant it's been a good one it's</p>
  <p time="1562000" is_ac="true">been a journey the Entre were good but</p>
  <p time="1563640" is_ac="true">we had to remember the dish that this</p>
  <p time="1565080" is_ac="true">journey was all about this is our 20th</p>
  <p time="1568600" is_ac="true">Beef Wellington I mean I wish we can</p>
  <p time="1570480" is_ac="true">keep going I can't believe we actually</p>
  <p time="1572320" is_ac="true">made it to 20 you know what's even</p>
  <p time="1573840" is_ac="true">crazier we've been doing this for 10</p>
  <p time="1575440" is_ac="true">days so that means we had two beef</p>
  <p time="1576679" is_ac="true">wellingtons a day we had two beef</p>
  <p time="1578679" is_ac="true">wellingtons a day that is insane and as</p>
  <p time="1581000" is_ac="true">manne drew a sounding he seemed to not</p>
  <p time="1583080" is_ac="true">care too much this might in fact be the</p>
  <p time="1585240" is_ac="true">best one yet I just want to like Savor</p>
  <p time="1587320" is_ac="true">this moment right now I thank you for</p>
  <p time="1589880" is_ac="true">this wonderful last 20th Beef Wellington</p>
  <p time="1592559" is_ac="true">good night Jord good night as our</p>
  <p time="1594200" is_ac="true">journey came to an end I was able to</p>
  <p time="1595799" is_ac="true">cement myself on the wall of fame at his</p>
  <p time="1597559" is_ac="true">most pristine restaurant but when we got</p>
  <p time="1599799" is_ac="true">back to our hotel room I was met with an</p>
  <p time="1601600" is_ac="true">even bigger surprise wa what are you</p>
  <p time="1603760" is_ac="true">doing here I want to say thank you for</p>
  <p time="1606000" is_ac="true">joining us tonight but it doesn't end</p>
  <p time="1608360" is_ac="true">here cuz I got someone special can you</p>
  <p time="1610559" is_ac="true">please sit the fat down right what wait</p>
  <p time="1613200" is_ac="true">what we we know who it</p>
  <p time="1615000" is_ac="true">is H Hydro it's Gordon oh my are you</p>
  <p time="1619640" is_ac="true">kidding wait there's no way there's no</p>
  <p time="1622480" is_ac="true">way that's there's no way that's you of</p>
  <p time="1624840" is_ac="true">course it's me that's why I'm FaceTiming</p>
  <p time="1626399" is_ac="true">you live uh listen thank you for</p>
  <p time="1628919" is_ac="true">visiting all those restaurants I wish I</p>
  <p time="1630200" is_ac="true">could go on that Journey with you right</p>
  <p time="1631480" is_ac="true">now but as you can imagine we're up</p>
  <p time="1633080" is_ac="true">against it but I'm hoping you guys are</p>
  <p time="1635360" is_ac="true">having fun we're having a blast dude we</p>
  <p time="1637159" is_ac="true">ate at all of your restaurants across</p>
  <p time="1638720" is_ac="true">the United States we had 20 beef wington</p>
  <p time="1640799" is_ac="true">in 10 days I'm so glad that you love</p>
  <p time="1643080" is_ac="true">those wellingtons honestly it's been a</p>
  <p time="1644360" is_ac="true">staple but more importantly what a</p>
  <p time="1646240" is_ac="true">Monumental Journey</p>
  <p time="1648080" is_ac="true">um so glad you guys are doing it been</p>
  <p time="1650320" is_ac="true">insane can I ask you just one question</p>
  <p time="1652679" is_ac="true">uh of course you can ask me anything can</p>
  <p time="1654760" is_ac="true">you call Drew an idiot sandwich bro what</p>
  <p time="1657960" is_ac="true">damn hold on I'll just dropped the phone</p>
  <p time="1659600" is_ac="true">wait what oh he didn't want to call me</p>
  <p time="1661559" is_ac="true">an idiot what we just FaceTime Gordon</p>
  <p time="1664120" is_ac="true">ramsy we did what we were literally</p>
  <p time="1667760" is_ac="true">trying to get us attention the whole</p>
  <p time="1669120" is_ac="true">time and now we were able to FaceTime</p>
  <p time="1671159" is_ac="true">him oh my God I can't believe it I</p>
  <p time="1672720" is_ac="true">literally cannot believe it there's no</p>
  <p time="1674679" is_ac="true">way can we like call him back and as</p>
  <p time="1676399" is_ac="true">memorable as that was we also made sure</p>
  <p time="1678159" is_ac="true">that we made some memorable moments to</p>
  <p time="1679559" is_ac="true">some of the amazing people that we met</p>
  <p time="1681000" is_ac="true">along this journey I have $1,000 here</p>
  <p time="1682880" is_ac="true">for you my God he's like made my day</p>
  <p time="1685000" is_ac="true">thank you so much of course yeah thank</p>
  <p time="1687120" is_ac="true">you so much of course thank yeah thank</p>
  <p time="1689360" is_ac="true">you holy</p>
  <p time="1691039" is_ac="true">smoke take half of this and give it to</p>
  <p time="1692960" is_ac="true">the kitchen is that all right with you</p>
  <p time="1694039" is_ac="true">that's totally fine with</p>
  <p time="1695820" is_ac="true">[Applause]</p>
  <p time="1699720" is_ac="true">me</p>
</text>
