<?xml version='1.0' encoding='UTF-8'?>
<text date_d="17" date_m="7" date_y="2023" format="srv3" age_limit="0" comment_count="787" description="Iris is a unique restaurant located inside a floating orb called Salmon Eye in Hardangerfjord, Norway.&#10;It’s the world’s largest floating art installation. The scenery is absolutely breathtaking of course,&#10;but something keeps popping up in my mind. That film from 2022. The Menu.&#10;&#10;Head Chef Anika Madsen has a passion for discovering ingredients from the ocean and a deep commitment to sustainability. &#10;&#10;https://www.restaurantiris.no/&#10;&#10;-------------------------------------------------&#10;&#10;FOLLOW MY JOURNEY ON INSTAGRAM: https://www.instagram.com/alexandertheguest&#10;&#10;My name is Alexander. I’m the co-owner of a ONE Michelin star restaurant, and I’m on a mission - to find inspiration in gastronomy. I love fine dining, good wine and sharing what I know with other people.&#10;&#10;----------------------------------------------------------------&#10;&#10;YOU CAN ALSO FIND ME HERE:&#10;&#10;Instagram - https://www.instagram.com/alexandertheguest&#10;Email - hello@alexandertheguest.com" fulltitle="I found an EXTREME RESTAURANT in the Norwegian fjords - Iris Restaurant" like_count="14873" location="NORVÉGIA" playlist_title="na" release_date="na" upload_date="20230717" repost_count="na" tags="fine dining; the menu; the menu movie; ralph fiennes; anika madsen; norway; salmon eye; restaurant; The world’s best restaurant; fine dining restaurant; Michelin star; best chef; alexander the guest; best restaurant; travel; female chef; sustainability; sustainable restaurant; foodie; restaurant review; food; europe; european cuisine; unique restaurant; best restaurants in norway; fjords; hardenger fjord; " title="I found an EXTREME RESTAURANT in the Norwegian fjords - Iris Restaurant" uploader="Alexander The Guest" view_count="538479" webpage_url="https://www.youtube.com/watch?v=gh1iVEDisD0" autocaption="false">
  <p time="0" is_ac="false">I take one look and think</p>
  <p time="2280" is_ac="false">how did I get myself into this?</p>
  <p time="5880" is_ac="false">It all started with a restaurant recommendation.</p>
  <p time="8100" is_ac="false">The next thing I know, I’m on this boat.</p>
  <p time="10380" is_ac="false">On this fjord.</p>
  <p time="11820" is_ac="false">Here in Norway.</p>
  <p time="13260" is_ac="false">The scenery is absolutely breathtaking of course,</p>
  <p time="16860" is_ac="false">but something keeps popping up in my mind.</p>
  <p time="19560" is_ac="false">That film from 2022.</p>
  <p time="21480" is_ac="false">The Menu.</p>
  <p time="23160" is_ac="false">That is our destination floating in the distance.</p>
  <p time="25800" is_ac="false">But first, we are told, a little stop over</p>
  <p time="28740" is_ac="false">to get to know each other.</p>
  <p time="30240" is_ac="false">On a sparsely populated island.</p>
  <p time="33720" is_ac="false">The soft meditation music in the background 
tells me that my experience is beginning.</p>
  <p time="42060" is_ac="false">It opens with a drink.</p>
  <p time="43800" is_ac="false">This is a cider from a company called Edel.</p>
  <p time="55380" is_ac="false">It was such a hit they made a business out of it.</p>
  <p time="58020" is_ac="false">I don’t drink cider too 
often, but this is incredible.</p>
  <p time="64620" is_ac="false">Our first snack honors nature’s diversity.</p>
  <p time="67740" is_ac="false">It’s a cone filled with vegetables, 
herbs and a citrus emulsion.</p>
  <p time="71940" is_ac="false">It’s light and crispy and very appetising.</p>
  <p time="77880" is_ac="false">Our second snack is a tribute to 
an old Scandinavian tradition.</p>
  <p time="81420" is_ac="false">It’s grilled brioche topped with 
a cream made from smoked cod roe</p>
  <p time="85380" is_ac="false">and grated scallop roe.</p>
  <p time="87000" is_ac="false">The apple cider really 
balances the smoky sea flavors.</p>
  <p time="90360" is_ac="false">Excellent pairing.</p>
  <p time="91920" is_ac="false">This has been great, but now it’s 
finally time for the main event.</p>
  <p time="95880" is_ac="false">First some introductions.</p>
  <p time="98160" is_ac="false">This is Nico from Denmark.</p>
  <p time="100260" is_ac="false">He is the front of house specialist 
responsible for the service side of things.</p>
  <p time="104580" is_ac="false">Nico’s wife is Anika Madsen.</p>
  <p time="106920" is_ac="false">She is the head chef.</p>
  <p time="108180" is_ac="false">Her first head chef role was at 
Roxie in the 5 star hotel Herman K.</p>
  <p time="112200" is_ac="false">Then in 2020, Anika moved to the 
restaurant Fasangarden in Copenhagen.</p>
  <p time="116640" is_ac="false">Here she has the freedom to 
create a menu led by sustainable,</p>
  <p time="120660" is_ac="false">seasonal ingredients from 
local farmers and fishermen.</p>
  <p time="124260" is_ac="false">It’s a concept she falls in love with.</p>
  <p time="126420" is_ac="false">A few years later she has the 
opportunity to do the same thing here</p>
  <p time="130560" is_ac="false">in the middle of nature.</p>
  <p time="132240" is_ac="false">She jumps at the chance.</p>
  <p time="134280" is_ac="false">Now, Nico and Anika live here, on this 
island with 5 other restaurant staff.</p>
  <p time="139740" is_ac="false">There are no road connections 
and it’s only accessible by boat.</p>
  <p time="144360" is_ac="false">This group seems committed, that’s for sure.</p>
  <p time="147300" is_ac="false">But then again, they’ve only 
been open a very short while.</p>
  <p time="150900" is_ac="false">Today is their 3rd day of business.</p>
  <p time="152880" is_ac="false">Ever.</p>
  <p time="153660" is_ac="false">So we are back on the boat.</p>
  <p time="155760" is_ac="false">The closer we get to this strange 
building, the more curious I get.</p>
  <p time="162120" is_ac="false">It was finished in 2022 as an exhibition 
center for the Norwegian aquaculture industry.</p>
  <p time="167880" is_ac="false">It’s 25 meters long and weighs 
more than twelve hundred tons.</p>
  <p time="171960" is_ac="false">More than 9000 steel plates 
cover it like fish scales.</p>
  <p time="175680" is_ac="false">It’s the world’s largest 
floating art installation.</p>
  <p time="178680" is_ac="false">and home to our restaurant for today.</p>
  <p time="181140" is_ac="false">Iris.</p>
  <p time="182100" is_ac="false">We arrive to the same comforting 
music we heard at the boathouse.</p>
  <p time="186780" is_ac="false">It’s slow and melodic, creating 
a calm, peaceful space.</p>
  <p time="191520" is_ac="false">That movie, The Menu, comes 
rushing back as the door closes.</p>
  <p time="197340" is_ac="false">Suddenly, we are in complete darkness.</p>
  <p time="200580" is_ac="false">No one says a word.</p>
  <p time="202920" is_ac="false">What’s going on?</p>
  <p time="205500" is_ac="false">I see things hanging down from the ceiling,</p>
  <p time="207960" is_ac="false">but I have no idea what’s happening.</p>
  <p time="212940" is_ac="false">Suddenly the video starts playing.</p>
  <p time="219420" is_ac="false">And soon, their mission becomes clear</p>
  <p time="221700" is_ac="false">to create a sustainable world through 
food in the service of nature.</p>
  <p time="226860" is_ac="false">The 18-course menu presents ideas to see 
our biggest food challenges in a new light</p>
  <p time="232860" is_ac="false">and focuses on the untapped 
potential of the ocean.</p>
  <p time="238200" is_ac="false">it’s time for our next snack 
and our first lesson in ecology.</p>
  <p time="247440" is_ac="false">The dish is called Uni-fication, 
with kelp and sea urchin.</p>
  <p time="251100" is_ac="false">Sea urchin is an invasive species 
that feeds on kelp forests underwater.</p>
  <p time="256860" is_ac="false">By eating more sea urchin, we can help 
the important kelp forests survive.</p>
  <p time="262140" is_ac="false">The host asks us to choose a hanging 
kelp cracker to unite with sea urchin.</p>
  <p time="266940" is_ac="false">It was salty and acidic with a great crunch.</p>
  <p time="270540" is_ac="false">I could eat this any time.</p>
  <p time="273000" is_ac="false">Then, a quick view that pinpoints the 
different producers that supply the restaurant. </p>
  <p time="278520" is_ac="false">We are in Hardangerfjord, the 
second longest fjord in Norway. </p>
  <p time="282840" is_ac="false">The suppliers are all from the area. </p>
  <p time="285600" is_ac="false">It’s an amazing system that 
is connected only by water.</p>
  <p time="294780" is_ac="false">We are shown to our table.</p>
  <p time="297780" is_ac="false">The furniture and table 
settings are really beautiful.</p>
  <p time="301620" is_ac="false">Pure Scandinavian quality.</p>
  <p time="304620" is_ac="false">The wine list is premium, as you might expect.</p>
  <p time="308460" is_ac="false">My I eyes suddenly stuck on an item which 
I wanted to try for a very long time.</p>
  <p time="314160" is_ac="false">This was a special Krug clos du mesnil 2008.</p>
  <p time="317580" is_ac="false">and I also go with the wine pairing.</p>
  <p time="319800" is_ac="false">The first pairing is a 
champagne from Bonnet-Ponson.</p>
  <p time="322740" is_ac="false">They are a small producer from Chamery in France</p>
  <p time="325920" is_ac="false">who use only organic farming methods.</p>
  <p time="328620" is_ac="false">Our first course is called ‘Coat of Arms’</p>
  <p time="332700" is_ac="false">It’s mahogany clams, herb 
emulsion and Norwegian tomatoes.</p>
  <p time="337140" is_ac="false">It looks like a flowerbed and I feel a 
bit bad destroying this presentation.</p>
  <p time="341760" is_ac="false">The dish is rich and aromatic.</p>
  <p time="344100" is_ac="false">Tremendous flavors here.</p>
  <p time="345780" is_ac="false">“Feeding Future”</p>
  <p time="348300" is_ac="false">It starts with a showpiece 
of 4 sustainable proteins.</p>
  <p time="352380" is_ac="false">These will make the cream for our dish.</p>
  <p time="354540" is_ac="false">It’s Yeast, insects, mycellium and algae powder.</p>
  <p time="358440" is_ac="false">The breaded salmon is a ten out of ten.</p>
  <p time="361620" is_ac="false">I have never had this small size of salmon before.</p>
  <p time="364680" is_ac="false">Brilliant idea.</p>
  <p time="366600" is_ac="false">They use salt bravely here, 
and it’s bloody delicious.</p>
  <p time="372600" is_ac="false">“Colorblind”</p>
  <p time="374040" is_ac="false">It’s cheviche-style white salmon 
with birch sap and elderflower.</p>
  <p time="377820" is_ac="false">I am stunned.</p>
  <p time="379080" is_ac="false">This dish was so good.</p>
  <p time="381180" is_ac="false">The acidity is incredible.</p>
  <p time="383340" is_ac="false">It’s paired with a natural wine 
from the Auverne region of France.</p>
  <p time="387000" is_ac="false">This wine is aged the traditional way in amphora</p>
  <p time="390120" is_ac="false">and it has really strong notes of elderflower.</p>
  <p time="393300" is_ac="false">Well-matched.</p>
  <p time="394680" is_ac="false">“Next-level Neighbors”
  </p>
  <p time="398340" is_ac="false">It’s nordic blini with fresh shrimp, 
caviar and black currant leaves.</p>
  <p time="402702" is_ac="false">I love this dish.</p>
  <p time="402720" is_ac="false">There is something special about the shrimp.</p>
  <p time="404820" is_ac="false">The cold water fattens them up,</p>
  <p time="407100" is_ac="false">and fat means flavour.</p>
  <p time="409020" is_ac="false">The caviar wasn’t dominant, 
it was more like a spice.</p>
  <p time="412920" is_ac="false">I love this dish</p>
  <p time="414060" is_ac="false">It’s paired with another natural French wine.</p>
  <p time="416820" is_ac="false">I’m not big fan of these wines 
and I didn’t love this one either.</p>
  <p time="420780" is_ac="false">At the half-way point I can 
say the kitchen is strong.</p>
  <p time="425640" is_ac="false">They are consistent in exceeding my expectations.</p>
  <p time="428700" is_ac="false">The service side has still a room to grow.</p>
  <p time="431400" is_ac="false">Everyone is kind and enthusiastic.</p>
  <p time="433500" is_ac="false">The service can get clumsy at times.</p>
  <p time="435480" is_ac="false">And this means small things get overlooked.</p>
  <p time="438720" is_ac="false">There is a lot of weight on the service team.</p>
  <p time="441180" is_ac="false">I think with time they will grow 
to the level of the kitchen.</p>
  <p time="444900" is_ac="false">Let’s not forget this is 
only their third day open!</p>
  <p time="448080" is_ac="false">And what a challenge it must be to find 
people to work here in the far far away.</p>
  <p time="454200" is_ac="false">“From zero to hero”</p>
  <p time="456480" is_ac="false">It showcases two heroes found in nature.</p>
  <p time="459600" is_ac="false">The first is lumpsucker.</p>
  <p time="461280" is_ac="false">It’s a fish that cleans salmon.</p>
  <p time="462780" is_ac="false">The second is oyster mushroom.</p>
  <p time="464400" is_ac="false">It can clean up oil spills.</p>
  <p time="466560" is_ac="false">In this dish they meet with buerre 
blanc, pointed cabbage and new peas.</p>
  <p time="470940" is_ac="false">Very strong acid profile and good balance</p>
  <p time="474180" is_ac="false">I feel the kitchen is really putting on a show.</p>
  <p time="477720" is_ac="false">Next, we move to the very comfortable sofas.</p>
  <p time="480720" is_ac="false">Our next dish is made of ingredients 
sourced within 500 meters.</p>
  <p time="485040" is_ac="false">The idea is to be more aware 
of the food sources available.</p>
  <p time="488940" is_ac="false">70% of the earth is covered with water,</p>
  <p time="491700" is_ac="false">but only 2% of our calories come from the ocean.</p>
  <p time="495240" is_ac="false">This course is smoked Blue 
Mussels, seaweed and beach crab.</p>
  <p time="498900" is_ac="false">The plate is very interesting.</p>
  <p time="501060" is_ac="false">and then</p>
  <p time="502800" is_ac="false">VOILA</p>
  <p time="503880" is_ac="false">The light comes on.</p>
  <p time="504900" is_ac="false">Beautiful.</p>
  <p time="505560" is_ac="false">This is an intense and exciting dish.</p>
  <p time="508560" is_ac="false">I like the way chef Anika cooks so much.</p>
  <p time="512220" is_ac="false">She will win a lot of awards.</p>
  <p time="514980" is_ac="false">The pairing is Krug Grande Cuveé.</p>
  <p time="519300" is_ac="false">No words needed.</p>
  <p time="521940" is_ac="false">We are moving again, this time to the terrace.</p>
  <p time="524460" is_ac="false">We arrive to a grill party.
It’s like coming to an old friend.</p>
  <p time="528180" is_ac="false">The meat is already cooking on the 
fire, ice cold beer in the bucket…</p>
  <p time="532560" is_ac="false">This is something I absolutely didn’t expect.</p>
  <p time="536160" is_ac="false">We are told to sit back and relax for 10 minutes.</p>
  <p time="538920" is_ac="false">The atmosphere is friendly,</p>
  <p time="540840" is_ac="false">the view is stunning,</p>
  <p time="542520" is_ac="false">and the weather is beautiful.</p>
  <p time="544380" is_ac="false">it’s really easy to do that.</p>
  <p time="546060" is_ac="false">For our next course, we try authentic viking food.</p>
  <p time="549240" is_ac="false">Grilled flatbread and dried meat.</p>
  <p time="553620" is_ac="false">And we have a beer.</p>
  <p time="554580" is_ac="false">It’s a Lervig Peach Pilsner that combines 
the crisp beer with a hint of juicy peach.</p>
  <p time="560820" is_ac="false">This is a nice moment.</p>
  <p time="565920" is_ac="false">Our next course is called Weeds of the Sea.</p>
  <p time="569040" is_ac="false">Squid and cuttlefish numbers have 
been going up since the fifties.</p>
  <p time="573120" is_ac="false">They are called the weeds of the sea because 
they grow fast and adapt to changes quickly.</p>
  <p time="579000" is_ac="false">Here we have thinly sliced Norwegian 
cuttlefish cooked in dashi butter</p>
  <p time="583320" is_ac="false">with kelp and unripe strawberries.</p>
  <p time="585840" is_ac="false">This plate is beautiful.</p>
  <p time="587700" is_ac="false">I know I’m saying it over and over 
but this is very, very strong.</p>
  <p time="594060" is_ac="false">The depth of flavor, the technical skill,</p>
  <p time="597060" is_ac="false">this is perfect.</p>
  <p time="598380" is_ac="false">The pairing is from Alexandre Bain</p>
  <p time="600840" is_ac="false">It’s a natural white wine with 
mineral, fruity and salty notes.</p>
  <p time="605760" is_ac="false">Our next course is called Change of Heart</p>
  <p time="608160" is_ac="false">In this course they open our 
eyes to the world of wild game</p>
  <p time="611460" is_ac="false">as a way to fight climate change.</p>
  <p time="613860" is_ac="false">Did you know that reindeer and roebuck 
produce C02 levels 50 times lower than beef?</p>
  <p time="619800" is_ac="false">This dish features a tartar of reindeer 
heart, grilled leeks and pickled capers.</p>
  <p time="624763" is_ac="false">I’m speechless.</p>
  <p time="624780" is_ac="false">This chef cooks like very few I’ve seen.</p>
  <p time="628680" is_ac="false">Every dish is exciting.</p>
  <p time="631560" is_ac="false">Next we choose a blade.</p>
  <p time="633180" is_ac="false">The knife maker is a gentlemen in his 70’s</p>
  <p time="635940" is_ac="false">who finds wood in the nearby mountains 
and creates knife handles from it.</p>
  <p time="641400" is_ac="false">“Horn to hoof”</p>
  <p time="643140" is_ac="false">Our main course features reindeer again.</p>
  <p time="645600" is_ac="false">The first serving is baked tongue 
topped with shredded reindeer heart.</p>
  <p time="649500" is_ac="false">The texture is out of this world.</p>
  <p time="651900" is_ac="false">On the plate is reindeer fillet with fresh  </p>
  <p time="655140" is_ac="false">raspberries and a sauce of 
pepper and mustard seed. </p>
  <p time="658440" is_ac="false">If I had to name a restaurant where 
I ate significantly better dishes,</p>
  <p time="663720" is_ac="false">I couldn’t.</p>
  <p time="664860" is_ac="false">It’s paired with an elegant 
pinot noir from Burgundy.</p>
  <p time="667680" is_ac="false">It comes from Domaine Remi Jobard.</p>
  <p time="670380" is_ac="false">This is an organic wine and all 
of the work is done by hand.</p>
  <p time="675900" is_ac="false">Our first sweet course is hazelnut ice cream 
and caviar with spruce shoots and pine.</p>
  <p time="681420" is_ac="false">Ice cream sandwich with caviar.</p>
  <p time="684000" is_ac="false">Bulls eye.</p>
  <p time="685200" is_ac="false">I would never have thought that 
this local thing can be this strong.</p>
  <p time="689280" is_ac="false">It’s paired with an IS Sider</p>
  <p time="691680" is_ac="false">This is a new trend of making cider 
with the same process as ice wine</p>
  <p time="696060" is_ac="false">Lots of sweetness together 
with a fantastic acidity,</p>
  <p time="699600" is_ac="false">lots of complex flavours.</p>
  <p time="701640" is_ac="false">Very good length and intensity.</p>
  <p time="704160" is_ac="false">The cider we had in the boat house was very good,</p>
  <p time="707100" is_ac="false">now we got a sweet wine from the same producer</p>
  <p time="712080" is_ac="false">Our next sweet course is a tribute to the great 
mountains we can see from the dining room.</p>
  <p time="717300" is_ac="false">They are called Malm and Melder.</p>
  <p time="719940" is_ac="false">The dish is a rhubarb sorbet 
with salted oat crumble.</p>
  <p time="723720" is_ac="false">The green coloring comes from pine.</p>
  <p time="725820" is_ac="false">It’s beautifully creative to show the 
topography of the mountains nearby.</p>
  <p time="730920" is_ac="false">The flavor is next level too.</p>
  <p time="733140" is_ac="false">The ice cider goes even better with this 
dish, the acids come together perfectly.</p>
  <p time="738540" is_ac="false">We also learn to speak like a Norwegian.</p>
  <p time="741240" is_ac="false">There is a famous saying</p>
  <p time="742860" is_ac="false">“Ut på tur, aldri sur”</p>
  <p time="744240" is_ac="false">It means</p>
  <p time="746520" is_ac="false">Out on a hike, never sour.</p>
  <p time="748920" is_ac="false">There are 20,000km of marked trails in Norway</p>
  <p time="752520" is_ac="false">and hiking is said to be 
nature’s best stress relief.</p>
  <p time="757740" is_ac="false">It’s back to the roof for a disgestif.</p>
  <p time="759960" is_ac="false">Chairman’s reserve rum from Saint Lucia</p>
  <p time="762960" is_ac="false">We still have one course to go.</p>
  <p time="765420" is_ac="false">It’s called Tribute to Rosendal.</p>
  <p time="767580" is_ac="false">It’s in honor of their closest neighbor,</p>
  <p time="769560" is_ac="false">the town of Rosendal.</p>
  <p time="771840" is_ac="false">Population: eight hundred and four.</p>
  <p time="774600" is_ac="false">This course is a pate de fruit 
with roses and wild forest berries.</p>
  <p time="779100" is_ac="false">It’s super sweet and intense.</p>
  <p time="781740" is_ac="false">Last but not least, we have the petit fours.</p>
  <p time="784980" is_ac="false">A small rum truffle with 
norwegian rum and bitter cocoa</p>
  <p time="788460" is_ac="false">and cake made from roasted almond 
flour, creme fraiche and black currant</p>
  <p time="792900" is_ac="false">The bitter balances nicely with the sweet cake.</p>
  <p time="796020" is_ac="false">Excellent finish to an amazing dining experience.</p>
  <p time="799440" is_ac="false">It’s only a matter of time before this 
place gets the attention of the world.</p>
  <p time="804420" is_ac="false">I htink all the lists and awards will be lined up.</p>
  <p time="808260" is_ac="false">From the boat trip to the light show</p>
  <p time="810720" is_ac="false">to the concept teaching sustainability,</p>
  <p time="813000" is_ac="false">this restaurant radiates unbelievable vibes.</p>
  <p time="816780" is_ac="false">Add this to a super-strong kitchen.</p>
  <p time="819540" is_ac="false">An outstanding audiovisual 
and gastronomic experience.</p>
  <p time="823740" is_ac="false">All I can say about Iris is</p>
  <p time="826260" is_ac="false">“Oh my god"</p>
  <p time="827100" is_ac="false">and that does it for this episode</p>
  <p time="828540" is_ac="false">thank you for joining me</p>
  <p time="830160" is_ac="false">if you like this video,</p>
  <p time="831420" is_ac="false">hit subscribe</p>
  <p time="833220" is_ac="false">see you next time</p>
</text>
