<?xml version='1.0' encoding='UTF-8'?>
<text date_d="2" date_m="3" date_y="2021" format="srv3" age_limit="0" comment_count="2700" description="Darbar Grill&#10;Address: 12913 97 St NW, Edmonton, AB T5E 4C2&#10;Phone: (780) 457-4697&#10;&#10;&#10;&#10;Support me on FACEBOOK&#10;https://www.facebook.com/qqquangtran/&#10;&#10;Follow me on INSTAGRAM&#10;http://instagram.com/qqquang/&#10;&#10;&#10;&#10;My Vietnamese Channel:&#10;https://www.youtube.com/channel/UCy70__ta_WQnPMu3uR_SfRA&#10;&#10;My ASMR CHANNEL LINK HERE: &#10;https://www.youtube.com/channel/UCKQWVE6mXywCQUN9iTsd-UA&#10;&#10;&#10;MY YOUTUBE CHANNEL: QUANG TRAN&#10;https://www.youtube.com/channel/UCraOIV5tXbWQtq7ORVOG4gg&#10;&#10;Follow me on INSTAGRAM&#10;http://instagram.com/qqquang/&#10;&#10;&#10;Follow me on SNAPCHAT: qtquang" fulltitle="I LOVE INDIAN FOOD" like_count="58352" location="na" playlist_title="na" release_date="na" upload_date="20210302" repost_count="na" tags="Indian Food; India; Indian; Indian Butter Chicken; Butter Chicken; Butter Chicken recipe; Chicken Briyani; Eating Chicken Briyani; Authentic Indian food; Indian food mukbang; eating Indian street food; Indian food; New Delhi; Bombay; Samosa; Samosa recipe; How to eat with your hands; How to Indian food with your hands; Eating Butter Chicken; Pan Puri; Street food of India; Indian Cuisine; Authentic Indian Cuisine; eating channel; mukbang; mukbang eating; asmr eating sounds; Quan; " title="I LOVE INDIAN FOOD" uploader="Quang Tran" view_count="1690674" webpage_url="https://www.youtube.com/watch?v=hnj_kw6zNMw" autocaption="true">
  <p time="480" is_ac="true">all right about last night guys</p>
  <p time="3840" is_ac="true">let's just try and forget it right it</p>
  <p time="5279" is_ac="true">was very fun it was very enjoyable and</p>
  <p time="7120" is_ac="true">i'm planning</p>
  <p time="8160" is_ac="true">to do more live streams without drinking</p>
  <p time="10639" is_ac="true">all right</p>
  <p time="11200" is_ac="true">we're cool all right then healing time</p>
  <p time="13679" is_ac="true">so big shout out to darbar if you guys</p>
  <p time="15280" is_ac="true">don't know where darbar is it's the old</p>
  <p time="16800" is_ac="true">chef house</p>
  <p time="17760" is_ac="true">in edmonton alberta i'll leave the link</p>
  <p time="19359" is_ac="true">in the description big shout out to</p>
  <p time="21199" is_ac="true">india big shout out to pakistan</p>
  <p time="23119" is_ac="true">you guys good all right then let's go</p>
  <p time="25680" is_ac="true">darbar grill guys legit</p>
  <p time="28080" is_ac="true">smells looks amazing so sporting locals</p>
  <p time="31039" is_ac="true">here in my city so we got some non-bread</p>
  <p time="32800" is_ac="true">we got a la</p>
  <p time="33360" is_ac="true">non bread we got lamb no this is</p>
  <p time="35840" is_ac="true">actually goat</p>
  <p time="36960" is_ac="true">biryani and this is the type of biryani</p>
  <p time="38640" is_ac="true">i love i love the color on this</p>
  <p time="40399" is_ac="true">goat biryani chicken biryani this is the</p>
  <p time="42399" is_ac="true">two things you guys must</p>
  <p time="43680" is_ac="true">must must get well the chicken breast is</p>
  <p time="45440" is_ac="true">always the first thing pani puri</p>
  <p time="47840" is_ac="true">i'm drooling over here the yogurt for</p>
  <p time="49840" is_ac="true">the biryani but to be honest i don't</p>
  <p time="51280" is_ac="true">really love</p>
  <p time="52160" is_ac="true">i don't really like the yogurt on my</p>
  <p time="54239" is_ac="true">priyani but we'll give it a try we got</p>
  <p time="56079" is_ac="true">the</p>
  <p time="56480" is_ac="true">samosa sauce or the mint sauce</p>
  <p time="60719" is_ac="true">tandoori chicken ah man the smell this</p>
  <p time="62800" is_ac="true">is amazing</p>
  <p time="63920" is_ac="true">mango chicken make sure you get the</p>
  <p time="65920" is_ac="true">mango chicken</p>
  <p time="67119" is_ac="true">butter chicken oh man tikka masala lamb</p>
  <p time="72000" is_ac="true">vindaloo</p>
  <p time="72799" is_ac="true">oh man this is the first thing i ever</p>
  <p time="74640" is_ac="true">had right here this is the</p>
  <p time="76320" is_ac="true">very something not very something i'm</p>
  <p time="78240" is_ac="true">going to try and say close up on this</p>
  <p time="80400" is_ac="true">something new right here this is called</p>
  <p time="81920" is_ac="true">um samosa so</p>
  <p time="83759" is_ac="true">under this is samosa chat so i think the</p>
  <p time="86320" is_ac="true">chat is all the</p>
  <p time="87200" is_ac="true">beautiful seasoning on top and this is</p>
  <p time="90159" is_ac="true">the</p>
  <p time="91040" is_ac="true">fish tikka oh man</p>
  <p time="94240" is_ac="true">that bar this absolutely looks amazing</p>
  <p time="97600" is_ac="true">let's get into this</p>
  <p time="98560" is_ac="true">okay i want to try this first over here</p>
  <p time="100560" is_ac="true">this is called</p>
  <p time="103759" is_ac="true">what is it called i forgot</p>
  <p time="108240" is_ac="true">samosa chat guys bite on this quick tie</p>
  <p time="111840" is_ac="true">that's got it nice oh man super pumped</p>
  <p time="115280" is_ac="true">for this so it's pretty much samosa</p>
  <p time="117119" is_ac="true">um in some chat sauce that's what it is</p>
  <p time="120880" is_ac="true">super cool super pumped</p>
  <p time="126159" is_ac="true">heaven oh</p>
  <p time="129920" is_ac="true">that oh oh</p>
  <p time="133280" is_ac="true">that is so good okay</p>
  <p time="137840" is_ac="true">okay first time ever trying this i love</p>
  <p time="140080" is_ac="true">samosa by itself already but in that</p>
  <p time="142400" is_ac="true">chat sauce</p>
  <p time="145360" is_ac="true">oh man</p>
  <p time="156239" is_ac="true">i'm reporting these guys legit i am</p>
  <p time="158959" is_ac="true">reporting these guys</p>
  <p time="161760" is_ac="true">for selling crack food amazing craft</p>
  <p time="164319" is_ac="true">food</p>
  <p time="166000" is_ac="true">at their restaurant</p>
  <p time="170640" is_ac="true">um</p>
  <p time="174000" is_ac="true">this should be illegal why nobody tell</p>
  <p time="176319" is_ac="true">me about this</p>
  <p time="178959" is_ac="true">i've been eating regular samosas all my</p>
  <p time="180640" is_ac="true">entire life</p>
  <p time="197040" is_ac="true">and today's the only day did i figure</p>
  <p time="199760" is_ac="true">this out</p>
  <p time="202720" is_ac="true">i'm head</p>
  <p time="206319" is_ac="true">i'm hurt</p>
  <p time="209360" is_ac="true">panty barrier oh</p>
  <p time="217120" is_ac="true">take one so this is what you do</p>
  <p time="220159" is_ac="true">crack the hole i believe this is just a</p>
  <p time="222480" is_ac="true">um</p>
  <p time="224959" is_ac="true">i want to say rice cracker i want to say</p>
  <p time="227920" is_ac="true">rice cracker</p>
  <p time="229599" is_ac="true">you got chickpeas spices potatoes</p>
  <p time="233840" is_ac="true">and all that goodness you just want to</p>
  <p time="235200" is_ac="true">stuff it in</p>
  <p time="237360" is_ac="true">and i believe this is the chat sauce or</p>
  <p time="240000" is_ac="true">the patty perry sauce</p>
  <p time="241599" is_ac="true">all you do dunk it in guys bite on this</p>
  <p time="244879" is_ac="true">quick huh</p>
  <p time="245920" is_ac="true">nice super popular</p>
  <p time="252840" is_ac="true">oh</p>
  <p time="258799" is_ac="true">oh that's good oh that's so good</p>
  <p time="263520" is_ac="true">that sounds weird right you get the</p>
  <p time="266560" is_ac="true">cookie</p>
  <p time="267520" is_ac="true">is it the cookie you get the chat</p>
  <p time="272000" is_ac="true">am i saying it right potatoes chickpeas</p>
  <p time="275520" is_ac="true">and you want to dunk it in like you want</p>
  <p time="277040" is_ac="true">the soup all in</p>
  <p time="280000" is_ac="true">oh man there's a hole in it</p>
  <p time="286160" is_ac="true">i'm not having it nothing i had this</p>
  <p time="292560" is_ac="true">it was more of a mintier sauce than this</p>
  <p time="294479" is_ac="true">one this one's packed with flavors</p>
  <p time="297600" is_ac="true">you know what</p>
  <p time="300639" is_ac="true">that night i drank last night</p>
  <p time="303680" is_ac="true">i want to say indian food legit</p>
  <p time="309360" is_ac="true">best thing ever to have in the morning</p>
  <p time="316960" is_ac="true">do you know how people take like shots</p>
  <p time="318240" is_ac="true">of like wheat juice spices turmeric and</p>
  <p time="321039" is_ac="true">stuff</p>
  <p time="323600" is_ac="true">just to sober up guys indian food has</p>
  <p time="326639" is_ac="true">all that natural spices in their food</p>
  <p time="328880" is_ac="true">and it's delicious</p>
  <p time="331360" is_ac="true">um i'm gonna try this</p>
  <p time="335199" is_ac="true">no let's try this is a beautiful num</p>
  <p time="340080" is_ac="true">oh man i want this piece right here</p>
  <p time="344240" is_ac="true">okay ready mango chicken all right mango</p>
  <p time="348479" is_ac="true">chicken</p>
  <p time="349120" is_ac="true">remember the first time i had mango</p>
  <p time="350240" is_ac="true">chicken best thing ever</p>
  <p time="353600" is_ac="true">here this is my first time ever trying</p>
  <p time="357759" is_ac="true">da bar mango chicken</p>
  <p time="361039" is_ac="true">open up soup</p>
  <p time="378840" is_ac="true">amazing</p>
  <p time="382080" is_ac="true">all right just absolutely amazing</p>
  <p time="388720" is_ac="true">this place just tastes more of the real</p>
  <p time="391120" is_ac="true">purity of mangoes</p>
  <p time="392880" is_ac="true">other places kind of just tastes like</p>
  <p time="394240" is_ac="true">juice mangoes this</p>
  <p time="396319" is_ac="true">priorities are mangoes and that's</p>
  <p time="398960" is_ac="true">absolutely amazing the chicken is very</p>
  <p time="400639" is_ac="true">tender</p>
  <p time="401759" is_ac="true">very very very tender that's what i kind</p>
  <p time="403600" is_ac="true">of love about um inu cuisine</p>
  <p time="406000" is_ac="true">how they marinate their chicken it's so</p>
  <p time="408479" is_ac="true">beautiful</p>
  <p time="410000" is_ac="true">it's so beautiful yeah</p>
  <p time="413599" is_ac="true">butter chicken sorry guys i have some</p>
  <p time="415120" is_ac="true">mango sauce on my</p>
  <p time="416639" is_ac="true">face but it's okay</p>
  <p time="420160" is_ac="true">butter chicken he's got it nice super</p>
  <p time="422960" is_ac="true">pop for this</p>
  <p time="425440" is_ac="true">that chicken's amazing</p>
  <p time="434840" is_ac="true">um</p>
  <p time="452560" is_ac="true">absolutely amazing</p>
  <p time="456880" is_ac="true">chicken or tikka masala</p>
  <p time="461759" is_ac="true">follow me it's your first time ever</p>
  <p time="463440" is_ac="true">eating indian food</p>
  <p time="465039" is_ac="true">your hands must be washed all right i</p>
  <p time="466639" is_ac="true">forgot to tell you guys wash your hands</p>
  <p time="468080" is_ac="true">all right</p>
  <p time="470800" is_ac="true">i mean just go these chicken pieces are</p>
  <p time="473039" is_ac="true">huge like</p>
  <p time="473919" is_ac="true">that's why i'm thinking like these big</p>
  <p time="475120" is_ac="true">bites because these chicken pieces are</p>
  <p time="477280" is_ac="true">massive okay you gotta cut some of that</p>
  <p time="480960" is_ac="true">off</p>
  <p time="482160" is_ac="true">huh bite on this quick yes super</p>
  <p time="492800" is_ac="true">that's so good i taste a lot of good</p>
  <p time="495919" is_ac="true">sweet red onions in this oh man that's</p>
  <p time="498560" is_ac="true">been caramelized</p>
  <p time="500800" is_ac="true">that chicken is soft look at this</p>
  <p time="506240" is_ac="true">see that that is moist tender and</p>
  <p time="509520" is_ac="true">delicious</p>
  <p time="517519" is_ac="true">all right new favorite indian spot is</p>
  <p time="520000" is_ac="true">right here</p>
  <p time="522159" is_ac="true">that bar</p>
  <p time="525839" is_ac="true">you got my votes way up now</p>
  <p time="529839" is_ac="true">what is this called vindaloo</p>
  <p time="534240" is_ac="true">it's perfect mine was spiced too i told</p>
  <p time="536480" is_ac="true">them not to do it spicy</p>
  <p time="537920" is_ac="true">i wanted western style spicy</p>
  <p time="542000" is_ac="true">lamb vanilla open up thanks guys nice</p>
  <p time="544720" is_ac="true">super office</p>
  <p time="553519" is_ac="true">oh man</p>
  <p time="558560" is_ac="true">i'm in love</p>
  <p time="563120" is_ac="true">i'm in love hmm</p>
  <p time="566399" is_ac="true">tandoori chicken nice soup off this</p>
  <p time="578959" is_ac="true">you know what</p>
  <p time="584880" is_ac="true">this is what i love about food</p>
  <p time="588399" is_ac="true">everybody's recipe is different it's</p>
  <p time="590800" is_ac="true">similar in the way</p>
  <p time="592000" is_ac="true">was their twists are taken out</p>
  <p time="602959" is_ac="true">no i'll say this i'll show you again</p>
  <p time="606880" is_ac="true">indians you need to</p>
  <p time="615600" is_ac="true">go out right now hug your mom hug your</p>
  <p time="618399" is_ac="true">dad</p>
  <p time="619360" is_ac="true">and thank you for amazing food in your</p>
  <p time="622000" is_ac="true">lifetime</p>
  <p time="622720" is_ac="true">all right stop playing around and go</p>
  <p time="625920" is_ac="true">and hug them right now i know it's kind</p>
  <p time="628240" is_ac="true">of weird but</p>
  <p time="629040" is_ac="true">hug them and say you love them all right</p>
  <p time="631120" is_ac="true">what is this</p>
  <p time="632399" is_ac="true">beautiful it's so beautiful</p>
  <p time="636399" is_ac="true">now this is</p>
  <p time="639600" is_ac="true">fishtika and i asked the owner i asked</p>
  <p time="641680" is_ac="true">um</p>
  <p time="642640" is_ac="true">what would you recommend at your</p>
  <p time="644160" is_ac="true">restaurant he said fish tikka</p>
  <p time="646560" is_ac="true">and i asked if there's bones and he said</p>
  <p time="648160" is_ac="true">no bones not too sure what the sauce is</p>
  <p time="650480" is_ac="true">but guys quick time yes good nice soup</p>
  <p time="652480" is_ac="true">for this</p>
  <p time="655839" is_ac="true">oh man</p>
  <p time="659440" is_ac="true">amazing</p>
  <p time="665839" is_ac="true">that's amazing that's absolutely amazing</p>
  <p time="669680" is_ac="true">so i think that's the best i've first</p>
  <p time="673200" is_ac="true">though</p>
  <p time="674880" is_ac="true">maybe very meaty and i like that a lot</p>
  <p time="680320" is_ac="true">chicken biryani lamborghini</p>
  <p time="688800" is_ac="true">hmm</p>
  <p time="692640" is_ac="true">this is the color biryani i love</p>
  <p time="695680" is_ac="true">if you've never had brianna before i can</p>
  <p time="698720" is_ac="true">explain to you</p>
  <p time="700240" is_ac="true">in this way if you guys are asian it's</p>
  <p time="703279" is_ac="true">indian fried rice</p>
  <p time="706079" is_ac="true">but more flavorful with a lot of spices</p>
  <p time="711440" is_ac="true">okay open up guys</p>
  <p time="714800" is_ac="true">it's</p>
  <p time="719040" is_ac="true">all right i will set this through</p>
  <p time="724639" is_ac="true">you can tell a restaurant by its ratings</p>
  <p time="727920" is_ac="true">but it's their biryani they're chicken</p>
  <p time="730399" is_ac="true">biryani</p>
  <p time="736480" is_ac="true">if the biryani is whack you know the</p>
  <p time="738480" is_ac="true">rest is why</p>
  <p time="743279" is_ac="true">debris on this top-notch if i had to</p>
  <p time="745760" is_ac="true">rate it</p>
  <p time="749600" is_ac="true">9.5 out of 10. that's spicy</p>
  <p time="756560" is_ac="true">you know what i see people raiding food</p>
  <p time="759279" is_ac="true">sometimes</p>
  <p time="762000" is_ac="true">and it's always low i don't understand</p>
  <p time="763519" is_ac="true">like what is your 10 you know</p>
  <p time="765680" is_ac="true">why don't they get a 10 you know i'll</p>
  <p time="767279" is_ac="true">give this one a 10.</p>
  <p time="772320" is_ac="true">now i'll give it a 9-5 it's pretty good</p>
  <p time="776399" is_ac="true">i had to tend behind before it was at</p>
  <p time="779360" is_ac="true">that restaurant</p>
  <p time="783200" is_ac="true">you know that restaurant all the og's</p>
  <p time="785440" is_ac="true">out there</p>
  <p time="788639" is_ac="true">that brianna was a 10. this i said not</p>
  <p time="790880" is_ac="true">for five nights</p>
  <p time="791920" is_ac="true">real good don't be hurt but</p>
  <p time="795440" is_ac="true">like if i got 905 library on you i'd be</p>
  <p time="798399" is_ac="true">doing car wheels</p>
  <p time="801200" is_ac="true">look good i would</p>
  <p time="805360" is_ac="true">well there's that one restaurant here's</p>
  <p time="806639" is_ac="true">my food</p>
  <p time="810480" is_ac="true">that biryani was a 10 100.</p>
  <p time="820320" is_ac="true">you know what it was in that restaurant</p>
  <p time="821440" is_ac="true">to be honest it was a restaurant that</p>
  <p time="823839" is_ac="true">just got shut down because he wasn't</p>
  <p time="825360" is_ac="true">making that much</p>
  <p time="826399" is_ac="true">which was really sad then he had to go</p>
  <p time="828639" is_ac="true">back to that first restaurant</p>
  <p time="834800" is_ac="true">brian is amazing</p>
  <p time="838000" is_ac="true">lambriani oh goat biryani actually</p>
  <p time="842480" is_ac="true">oh it has bones in there too</p>
  <p time="845920" is_ac="true">i never had goat i had lamb is that the</p>
  <p time="849360" is_ac="true">same animal</p>
  <p time="850000" is_ac="true">lamb and goat this is the same yeah get</p>
  <p time="853199" is_ac="true">confused sometime</p>
  <p time="854560" is_ac="true">right on that goat look at that nice</p>
  <p time="857120" is_ac="true">super popular</p>
  <p time="860000" is_ac="true">oh that's tender</p>
  <p time="864160" is_ac="true">oh man um</p>
  <p time="873440" is_ac="true">that's really nice</p>
  <p time="876959" is_ac="true">they're real nice i feel</p>
  <p time="884399" is_ac="true">first hints of it i don't know why</p>
  <p time="888480" is_ac="true">i thought about um perry go</p>
  <p time="892639" is_ac="true">like just the first in my mind curry go</p>
  <p time="895839" is_ac="true">oh man you're making curry go big shout</p>
  <p time="897600" is_ac="true">out to jamaica</p>
  <p time="900399" is_ac="true">i gotta get some jamaican food</p>
  <p time="903760" is_ac="true">glambrian top not</p>
  <p time="908880" is_ac="true">all right about last night guys if you</p>
  <p time="911440" is_ac="true">guys</p>
  <p time="912000" is_ac="true">came to watch</p>
  <p time="915360" is_ac="true">i was just trying to build some nerves</p>
  <p time="917920" is_ac="true">and just feel that</p>
  <p time="920399" is_ac="true">just feel how it is going live but i</p>
  <p time="923600" is_ac="true">drank a little too much</p>
  <p time="925279" is_ac="true">and it got a little rowdy right if you</p>
  <p time="927839" is_ac="true">want to have fun</p>
  <p time="930320" is_ac="true">and i don't need you guys</p>
  <p time="933920" is_ac="true">to tell me what i did or what i said on</p>
  <p time="936240" is_ac="true">my life all right</p>
  <p time="941759" is_ac="true">that was juan super pump 5000 that that</p>
  <p time="944079" is_ac="true">wasn't just contra that was</p>
  <p time="945600" is_ac="true">juan super pump 5000 that was him</p>
  <p time="950480" is_ac="true">you guys tell him right don't don't tell</p>
  <p time="952320" is_ac="true">the regular fun</p>
  <p time="955759" is_ac="true">until juan tran super pump five thousand</p>
  <p time="958399" is_ac="true">now</p>
  <p time="958880" is_ac="true">all right</p>
  <p time="960180" is_ac="true">[Applause]</p>
  <p time="962079" is_ac="true">don't come around tell me that right</p>
  <p time="965199" is_ac="true">i think that's the worst eh</p>
  <p time="968560" is_ac="true">you know you try to have fun and</p>
  <p time="969839" is_ac="true">everything then the next day your</p>
  <p time="971600" is_ac="true">friends just like oh you know what you</p>
  <p time="973199" is_ac="true">did</p>
  <p time="974240" is_ac="true">and you're just like oh yes</p>
  <p time="977839" is_ac="true">and they just laid out on you know</p>
  <p time="981519" is_ac="true">excuse me</p>
  <p time="984560" is_ac="true">lamb mango</p>
  <p time="989600" is_ac="true">amazing it's absolutely amazing</p>
  <p time="992639" is_ac="true">so this place actually just opened three</p>
  <p time="994240" is_ac="true">months ago</p>
  <p time="996720" is_ac="true">i think and i want to say</p>
  <p time="1000800" is_ac="true">this will be my spot for now on</p>
  <p time="1005120" is_ac="true">another one he's got a nice superfluous</p>
  <p time="1015040" is_ac="true">oh my god</p>
  <p time="1024000" is_ac="true">i feel better already</p>
</text>
