<?xml version='1.0' encoding='UTF-8'?>
<text date_d="14" date_m="11" date_y="2023" format="srv3" age_limit="0" comment_count="8300" description="nothing could have prepared me for this.&#10;&#10;subscribe so you don't miss the next one!!!&#10;&#10;keep up with me on my other socials--&#10;instagram: https://www.instagram.com/coypiso/&#10;twitch: https://twitch.tv/piso4&#10;twitter: https://twitter.com/pisolive&#10;my other channel: @piso4 &#10;&#10;get extra content and support the channel here:&#10;https://patreon.com/coypiso&#10;&#10;edited by me and @milomumbles on twitter&#10;&#10;thx for watching, see u next week!!" fulltitle="I Rated Places With 0 Reviews" like_count="346483" location="na" playlist_title="na" release_date="na" upload_date="20231114" repost_count="na" tags="vlog; lifestyle; coy piso; coypiso; piso4; coy vlog; coy; vlogs; 1 star reviews; rating places; no reviews; yelp reviews; google reviews; worst restaurant; " title="I Rated Places With 0 Reviews" uploader="coy" view_count="3920140" webpage_url="https://www.youtube.com/watch?v=ZFhA26rPNy4" autocaption="true">
  <p time="40" is_ac="true">I've seen a bunch of videos of people</p>
  <p time="1560" is_ac="true">going to places with terrible reviews</p>
  <p time="3719" is_ac="true">and raiding them but did you know that</p>
  <p time="5920" is_ac="true">there are places out there that don't</p>
  <p time="7480" is_ac="true">have any reviews at all they're honestly</p>
  <p time="10000" is_ac="true">really rare to find and they don't</p>
  <p time="11840" is_ac="true">always look the most</p>
  <p time="13320" is_ac="true">welcoming um but I've done some digging</p>
  <p time="15839" is_ac="true">and I compiled a list of places with</p>
  <p time="18400" is_ac="true">zero Google reviews and today I'm going</p>
  <p time="21080" is_ac="true">to check them out and review them also I</p>
  <p time="23320" is_ac="true">have to blur out the name of the second</p>
  <p time="24760" is_ac="true">restaurant for legal reasons but um</p>
  <p time="27279" is_ac="true">you'll see why when we get to it since</p>
  <p time="29800" is_ac="true">these places have no reviews whatever</p>
  <p time="31679" is_ac="true">rating I decide to give them becomes the</p>
  <p time="34399" is_ac="true">business's rating</p>
  <p time="37079" is_ac="true">forever or at least until other people</p>
  <p time="39840" is_ac="true">go and review first up on my list of</p>
  <p time="42000" is_ac="true">businesses that I get to decide the fate</p>
  <p time="44320" is_ac="true">of Water Tower</p>
  <p time="47719" is_ac="true">Park so it's uh definitely a park I'm</p>
  <p time="51239" is_ac="true">sure it'll be fun once I start playing</p>
  <p time="52640" is_ac="true">on it and look they even have rebooks</p>
  <p time="54600" is_ac="true">take a book share a book look at that</p>
  <p time="56640" is_ac="true">what other park has Larry the Cucumber</p>
  <p time="58399" is_ac="true">okay there are bugs all over this if</p>
  <p time="60120" is_ac="true">this is what the park with no reviews</p>
  <p time="62039" is_ac="true">looks like what kind of food am I going</p>
  <p time="63840" is_ac="true">to be putting into my body at a</p>
  <p time="65360" is_ac="true">restaurant with zero reviews I need to</p>
  <p time="67520" is_ac="true">stop talking and I need to start</p>
  <p time="70400" is_ac="true">[Music]</p>
  <p time="76400" is_ac="true">playing school project first school</p>
  <p time="81759" is_ac="true">project okay can we go to the next</p>
  <p time="84920" is_ac="true">place</p>
  <p time="88840" is_ac="true">please</p>
  <p time="90720" is_ac="true">I had no idea what I was getting myself</p>
  <p time="92799" is_ac="true">into with this next place it said online</p>
  <p time="95119" is_ac="true">that it was a Kebab Restaurant attached</p>
  <p time="96880" is_ac="true">to a gas station for the sake of this</p>
  <p time="98840" is_ac="true">video I'm just going to refer to this</p>
  <p time="100439" is_ac="true">place as Lucky's Diner so I just got to</p>
  <p time="103119" is_ac="true">what supposedly the um breakfast</p>
  <p time="105719" is_ac="true">restaurant luy's diner I'm also like</p>
  <p time="109040" is_ac="true">this is a gas station right there are no</p>
  <p time="111320" is_ac="true">reviews for luy diner there's no reviews</p>
  <p time="113240" is_ac="true">for the food yet but there is a review</p>
  <p time="114799" is_ac="true">for the gas station based off of just</p>
  <p time="116719" is_ac="true">the review for the gas station things</p>
  <p time="119000" is_ac="true">aren't looking great right um Stephanie</p>
  <p time="122200" is_ac="true">P says don't buy gas from here the gas</p>
  <p time="124840" is_ac="true">has water in it the Department of</p>
  <p time="126560" is_ac="true">Agriculture tested the gas and found</p>
  <p time="128479" is_ac="true">water in the pumps they condemned the</p>
  <p time="131039" is_ac="true">station I got gas from here on August</p>
  <p time="133200" is_ac="true">10th and it ruined my fuel pump and tank</p>
  <p time="135160" is_ac="true">costing me over $700 in Towing and</p>
  <p time="137120" is_ac="true">repairs so not looking great for the</p>
  <p time="139879" is_ac="true">customer service so far now there</p>
  <p time="141920" is_ac="true">weren't any reviews for Lucky's Diner</p>
  <p time="143879" is_ac="true">but there was one review for a</p>
  <p time="145560" is_ac="true">restaurant marked right on top of where</p>
  <p time="147920" is_ac="true">luy's Diner was hands down the the best</p>
  <p time="150080" is_ac="true">Euro spot ever 100% authentic super</p>
  <p time="152640" is_ac="true">quick and friendly service 10 out of 10</p>
  <p time="154640" is_ac="true">would recommend family and friends thank</p>
  <p time="156519" is_ac="true">you for a wonderful end to an amazing</p>
  <p time="158480" is_ac="true">night out for my 11-year wedding</p>
  <p time="163239" is_ac="true">anniversary yeah I'm excited to see the</p>
  <p time="165599" is_ac="true">Romantic atmosphere in there this single</p>
  <p time="167760" is_ac="true">review gave me so much hope that Lucky's</p>
  <p time="169760" is_ac="true">Diner was actually going to really</p>
  <p time="171080" is_ac="true">surprise me and uh I was right about</p>
  <p time="175070" is_ac="true">[Music]</p>
  <p time="178760" is_ac="true">that</p>
  <p time="182200" is_ac="true">which which door do I go in cuz that</p>
  <p time="184640" is_ac="true">that doesn't look like a real place why</p>
  <p time="187080" is_ac="true">is that a jail cell I'm going to try</p>
  <p time="189319" is_ac="true">going in the left door first okay okay</p>
  <p time="192080" is_ac="true">okay I walked in there ready to smell</p>
  <p time="194280" is_ac="true">fresh kebabs and find the perfect spot</p>
  <p time="196480" is_ac="true">for my 11th wedding anniversary but</p>
  <p time="200000" is_ac="true">instead slot machines a mom and her</p>
  <p time="203319" is_ac="true">child in Winter pajamas both sitting at</p>
  <p time="206640" is_ac="true">slot machines so I immediately ran into</p>
  <p time="209159" is_ac="true">the bathroom to process what I just</p>
  <p time="210879" is_ac="true">walked</p>
  <p time="213040" is_ac="true">into did I just uncover some kind of</p>
  <p time="216680" is_ac="true">illegal front why was there a child</p>
  <p time="219319" is_ac="true">sitting at a slot machine what is going</p>
  <p time="222120" is_ac="true">on right now why did someone have their</p>
  <p time="224080" is_ac="true">11th wedding anniversary in here but</p>
  <p time="226360" is_ac="true">look at this bathroom</p>
  <p time="230799" is_ac="true">though um um I need to just Brave it and</p>
  <p time="234120" is_ac="true">I need to go out</p>
  <p time="237680" is_ac="true">there why am I shaking when I finally</p>
  <p time="240599" is_ac="true">got the courage to get out of the</p>
  <p time="241760" is_ac="true">bathroom there were just uh slot</p>
  <p time="243840" is_ac="true">machines everywhere and an abandoned</p>
  <p time="246200" is_ac="true">kitchen that looked like it hadn't been</p>
  <p time="247480" is_ac="true">used and who knows how long I wanted to</p>
  <p time="249319" is_ac="true">find out how long ago Lucky's Diner had</p>
  <p time="251239" is_ac="true">gone under because apparently just 2</p>
  <p time="253480" is_ac="true">years ago someone had spent their 11th</p>
  <p time="255799" is_ac="true">wedding anniversary here and it was the</p>
  <p time="257919" is_ac="true">best ever I was able to pry someone's</p>
  <p time="260040" is_ac="true">Focus off of their machine for a second</p>
  <p time="262160" is_ac="true">just to ask them if they knew anything</p>
  <p time="264160" is_ac="true">and do you guys know did this used to be</p>
  <p time="266880" is_ac="true">restaurant yeah it used to be how long</p>
  <p time="269360" is_ac="true">ago</p>
  <p time="270560" is_ac="true">I know goty run it's over there does he</p>
  <p time="274840" is_ac="true">own it too yeah interesting I walked</p>
  <p time="277960" is_ac="true">over to the gas station which was in</p>
  <p time="279759" is_ac="true">questionable condition and I waited and</p>
  <p time="282120" is_ac="true">waited for the owner to get off the</p>
  <p time="283520" is_ac="true">phone so I could ask him about the place</p>
  <p time="285240" is_ac="true">next door we'll call the owner Lucky by</p>
  <p time="287280" is_ac="true">the way I went up there to buy a few</p>
  <p time="288759" is_ac="true">things just to talk to Lucky but he was</p>
  <p time="290919" is_ac="true">still not interested in my conversation</p>
  <p time="293320" is_ac="true">because he was on the phone until I</p>
  <p time="295360" is_ac="true">asked about the place next door did that</p>
  <p time="298199" is_ac="true">used to be a restaurant over there there</p>
  <p time="300199" is_ac="true">yeah how long ago I don't know to be</p>
  <p time="302840" is_ac="true">honest why I was just wondering I just</p>
  <p time="305160" is_ac="true">saw it on the map and I was I was going</p>
  <p time="307240" is_ac="true">to try it and see if I could eat there</p>
  <p time="308759" is_ac="true">oh no they have like kebabs and stuff oh</p>
  <p time="311919" is_ac="true">yeah yeah yeah it used to be all right</p>
  <p time="314720" is_ac="true">have a good one the review about the</p>
  <p time="316039" is_ac="true">wedding anniversary made me really want</p>
  <p time="317639" is_ac="true">to believe that Lucky's Diner was</p>
  <p time="319400" is_ac="true">actually a real place at some point and</p>
  <p time="321360" is_ac="true">that Google Maps just hadn't updated yet</p>
  <p time="323560" is_ac="true">but with the way lucky responded to me</p>
  <p time="325759" is_ac="true">and didn't have a straight answer I</p>
  <p time="328039" is_ac="true">really started to wonder what</p>
  <p time="329720" is_ac="true">accidentally stumbled</p>
  <p time="332840" is_ac="true">across what do you think Elena Brown is</p>
  <p time="335080" is_ac="true">going to do when she has her 13th</p>
  <p time="336639" is_ac="true">wedding anniversary and she goes in</p>
  <p time="338440" is_ac="true">there and then now her and her husband</p>
  <p time="340080" is_ac="true">are just going to have to play Slots I</p>
  <p time="341960" is_ac="true">knew the chance of me getting actual</p>
  <p time="343440" is_ac="true">food in there was kind of a gamble but I</p>
  <p time="346280" is_ac="true">didn't think it was like actually a</p>
  <p time="348560" is_ac="true">gamble I didn't realize that this video</p>
  <p time="350440" is_ac="true">would require detective work I didn't</p>
  <p time="352360" is_ac="true">feel like I had enough information or</p>
  <p time="354360" is_ac="true">evidence I guess to leave my review not</p>
  <p time="357039" is_ac="true">yet at least luckily for lucky that</p>
  <p time="359160" is_ac="true">wasn't the last his Diner would see of</p>
  <p time="360840" is_ac="true">me now until then I decided to go to</p>
  <p time="362720" is_ac="true">more restaurants that hadn't been</p>
  <p time="364000" is_ac="true">reviewed yet um to see if I could find</p>
  <p time="366280" is_ac="true">one that actually serves food the next</p>
  <p time="368440" is_ac="true">day I spent an hour driving in the</p>
  <p time="370120" is_ac="true">middle of nowhere to get to a place</p>
  <p time="371800" is_ac="true">called gilban soup here's what it looks</p>
  <p time="373680" is_ac="true">like on Google Street</p>
  <p time="375240" is_ac="true">View I finally got there and I really</p>
  <p time="377720" is_ac="true">had no idea what this building was okay</p>
  <p time="380400" is_ac="true">I just got into the parking lot of</p>
  <p time="382759" is_ac="true">what's supposed to be Jilla bean soup um</p>
  <p time="386400" is_ac="true">where's the soup where's the soup does</p>
  <p time="388479" is_ac="true">anyone see the suit Jill Bean jillan</p>
  <p time="392360" is_ac="true">where are you jillan where are you</p>
  <p time="394800" is_ac="true">what's going on over here and I was</p>
  <p time="396639" is_ac="true">getting all sorts of signs that I wasn't</p>
  <p time="398720" is_ac="true">supposed to be there like my camera just</p>
  <p time="400919" is_ac="true">refusing to record or even all of the</p>
  <p time="404240" is_ac="true">signs that were telling me that I wasn't</p>
  <p time="406440" is_ac="true">supposed to be there no admittance</p>
  <p time="408479" is_ac="true">except company employees and persons on</p>
  <p time="411319" is_ac="true">company business oh my gosh just say</p>
  <p time="413440" is_ac="true">don't come in if you don't work for us</p>
  <p time="415400" is_ac="true">but what do you do I guess I'm a</p>
  <p time="417400" is_ac="true">trespasser wait am I recording myself</p>
  <p time="419560" is_ac="true">like committing a crime right now like</p>
  <p time="421639" is_ac="true">right there that's where gilban soup is</p>
  <p time="424280" is_ac="true">supposed to be in that building right</p>
  <p time="426840" is_ac="true">there I just want some soup I got out of</p>
  <p time="428879" is_ac="true">there because I'm covering government</p>
  <p time="430400" is_ac="true">secrets just feels like so much worse</p>
  <p time="432759" is_ac="true">please don't arrest me Joe Biden please</p>
  <p time="435280" is_ac="true">I got to get out of here before they uh</p>
  <p time="437120" is_ac="true">turn me into soup so</p>
  <p time="442360" is_ac="true">bye-bye so I drove another hour through</p>
  <p time="444919" is_ac="true">nowhere to a place with zero reviews</p>
  <p time="447720" is_ac="true">that was hopefully actually a restaurant</p>
  <p time="450120" is_ac="true">this time I looked at this place it says</p>
  <p time="452199" is_ac="true">that they're open online completely</p>
  <p time="453960" is_ac="true">tinted windows again I'm about to try to</p>
  <p time="456360" is_ac="true">go in I was doing some research I really</p>
  <p time="458400" is_ac="true">couldn't find any reviews or anything</p>
  <p time="460400" is_ac="true">I'm really hoping this is a real</p>
  <p time="462120" is_ac="true">[Music]</p>
  <p time="467759" is_ac="true">place wait there's a little bug at least</p>
  <p time="471720" is_ac="true">hold</p>
  <p time="473479" is_ac="true">on I can't believe I drove like an hour</p>
  <p time="476360" is_ac="true">for this but if I wouldn't have driven I</p>
  <p time="478479" is_ac="true">wouldn't have been able to see him he's</p>
  <p time="480360" is_ac="true">he's probably the most that City Cafe</p>
  <p time="482360" is_ac="true">has to offer City Cafe appears to be</p>
  <p time="484440" is_ac="true">closed even though it says it was open</p>
  <p time="486000" is_ac="true">online I don't know what's going on in</p>
  <p time="487960" is_ac="true">here but they accept Visa Mastercard</p>
  <p time="489879" is_ac="true">American Express and discover but they</p>
  <p time="491800" is_ac="true">don't accept me hi um I was just curious</p>
  <p time="495479" is_ac="true">is the the building next door it's a</p>
  <p time="498319" is_ac="true">cafe but she's closed oh okay is it like</p>
  <p time="500520" is_ac="true">closed permanently she was here last</p>
  <p time="502520" is_ac="true">week but she wasn't here she doesn't</p>
  <p time="504080" is_ac="true">open Monday it's still open as of last</p>
  <p time="505759" is_ac="true">week so it's just open periodically I</p>
  <p time="508400" is_ac="true">guess I mean she takes vacation every</p>
  <p time="510280" is_ac="true">now and then she posts it on her</p>
  <p time="511680" is_ac="true">Facebook okay I don't have Facebook okay</p>
  <p time="514120" is_ac="true">okay well thank you oh my gosh wait is</p>
  <p time="516959" is_ac="true">that true City Cafe is just run by like</p>
  <p time="519599" is_ac="true">a woman who like just takes vacation</p>
  <p time="522000" is_ac="true">whenever she wants she's like I'll call</p>
  <p time="524080" is_ac="true">it City Cafe because it's only open when</p>
  <p time="526040" is_ac="true">I'm in the city I really respect this</p>
  <p time="528399" is_ac="true">business model I need to do more</p>
  <p time="529760" is_ac="true">research on this I'm</p>
  <p time="533959" is_ac="true">fascinated I ended up finding the</p>
  <p time="535839" is_ac="true">Facebook page and the City Cafe just</p>
  <p time="537600" is_ac="true">seems to be a club that only opens when</p>
  <p time="540480" is_ac="true">the owner needs more money to go on</p>
  <p time="542519" is_ac="true">vacation and close the club again I was</p>
  <p time="544720" is_ac="true">getting so tired of driving so far just</p>
  <p time="546560" is_ac="true">for these restaurants to look like they</p>
  <p time="548120" is_ac="true">were some kind of like sketchy front for</p>
  <p time="550040" is_ac="true">something so I decided to go to a place</p>
  <p time="552360" is_ac="true">with zero reviews that I knew I could</p>
  <p time="554200" is_ac="true">count on at the moment oras the kids</p>
  <p time="556440" is_ac="true">would say</p>
  <p time="558079" is_ac="true">ATM I went to an ATM and reviewed it I</p>
  <p time="562200" is_ac="true">still felt like I didn't have enough</p>
  <p time="563680" is_ac="true">information on luy's Diner to review it</p>
  <p time="566040" is_ac="true">yet and I wanted to gather some more</p>
  <p time="567800" is_ac="true">evidence to determine if like what was</p>
  <p time="569640" is_ac="true">going on there was actually illegal or</p>
  <p time="571920" is_ac="true">not but there was just one problem I had</p>
  <p time="574760" is_ac="true">talked to Lucky when I was there last</p>
  <p time="577240" is_ac="true">since I had just asked him a bunch of</p>
  <p time="578680" is_ac="true">questions about it the day before if he</p>
  <p time="580600" is_ac="true">saw me walk into his little abandoned</p>
  <p time="582440" is_ac="true">restaurant Casino thing with my camera</p>
  <p time="584959" is_ac="true">out he would know that I'm up to</p>
  <p time="587279" is_ac="true">something to my knowledge he's never</p>
  <p time="588839" is_ac="true">really on the restaurant side of the gas</p>
  <p time="591120" is_ac="true">station but when I was in the gas</p>
  <p time="592880" is_ac="true">station the first time I saw his</p>
  <p time="594560" is_ac="true">security cameras on the TV and one of</p>
  <p time="596760" is_ac="true">the cameras is pointed at the entrance</p>
  <p time="598880" is_ac="true">of luy's Diner so I did what any normal</p>
  <p time="601320" is_ac="true">person would do</p>
  <p time="603040" is_ac="true">okay I bought a hat and some makeup and</p>
  <p time="605560" is_ac="true">disguised myself so that I could go</p>
  <p time="606959" is_ac="true">undercover and do some digging on what I</p>
  <p time="608800" is_ac="true">thought could be an illegal gambling</p>
  <p time="610360" is_ac="true">operation that was fronting as a Kebab</p>
  <p time="612920" is_ac="true">Restaurant I looked</p>
  <p time="616640" is_ac="true">terrifying so I FaceTime my friend to</p>
  <p time="618880" is_ac="true">see if my disguise was good</p>
  <p time="621120" is_ac="true">enough wait that's not</p>
  <p time="623600" is_ac="true">COI it it is me but wait a minute would</p>
  <p time="627640" is_ac="true">you let me into your illegal gambling</p>
  <p time="631000" is_ac="true">operation that is the craziest thing</p>
  <p time="634320" is_ac="true">I've ever</p>
  <p time="636279" is_ac="true">seen I'm I like can't even hold the</p>
  <p time="638880" is_ac="true">camera up to my face like it's really</p>
  <p time="641000" is_ac="true">scaring me for 3 seconds when I answered</p>
  <p time="644120" is_ac="true">the call I thought somebody like changed</p>
  <p time="646920" is_ac="true">their name or something and called me</p>
  <p time="648760" is_ac="true">and I answered the phone to some random</p>
  <p time="651200" is_ac="true">guy I'm going to go bust a diner now</p>
  <p time="654240" is_ac="true">that I looked like I'd come up to you</p>
  <p time="655639" is_ac="true">and ask you where is my hug at it was</p>
  <p time="657519" is_ac="true">finally time to gather some more</p>
  <p time="659120" is_ac="true">evidence for my review of course I went</p>
  <p time="661959" is_ac="true">on a Friday during the day so that</p>
  <p time="663600" is_ac="true">hopefully everyone would be at work and</p>
  <p time="665040" is_ac="true">I could do my investigation in peace but</p>
  <p time="667279" is_ac="true">there was a whole group of people in</p>
  <p time="668720" is_ac="true">there on the machines I'm going to try</p>
  <p time="670120" is_ac="true">to acquire as much evidence that I can</p>
  <p time="672000" is_ac="true">that these are unlicensed machines any</p>
  <p time="674360" is_ac="true">kind of information that I can get and I</p>
  <p time="676440" is_ac="true">can't get caught recording I'm watching</p>
  <p time="678079" is_ac="true">people walk out of the diner and into</p>
  <p time="680480" is_ac="true">the gas station and then walk back to</p>
  <p time="682839" is_ac="true">the diner so I think what's going on is</p>
  <p time="684959" is_ac="true">they're running out of cash and then</p>
  <p time="686320" is_ac="true">going to ask for more and then having to</p>
  <p time="688399" is_ac="true">go back in and there's a lot of people</p>
  <p time="690000" is_ac="true">in there mainly like middle-aged men oh</p>
  <p time="693079" is_ac="true">I could literally be killed right now</p>
  <p time="694560" is_ac="true">what is this video turned into lucky</p>
  <p time="697000" is_ac="true">you're going down I'm coming for you in</p>
  <p time="698920" is_ac="true">your Diner I'm going to go in now and go</p>
  <p time="701399" is_ac="true">straight to the bathroom oh I'm so</p>
  <p time="703320" is_ac="true">scared I was so nervous that I was</p>
  <p time="705200" is_ac="true">walking into a gambling ring that kicks</p>
  <p time="707040" is_ac="true">you out if you're not like a regular</p>
  <p time="709279" is_ac="true">maybe I would have had a better chance</p>
  <p time="710519" is_ac="true">of fitting in if I would have worn my</p>
  <p time="712240" is_ac="true">winter pajamas and had my mom bring me</p>
  <p time="715279" is_ac="true">but uh I wanted to test if these slot</p>
  <p time="717519" is_ac="true">machines were actually licensed or or</p>
  <p time="719120" is_ac="true">not basically all slot machines have to</p>
  <p time="721079" is_ac="true">be licensed and regulated by the</p>
  <p time="722639" is_ac="true">government to show that they're not just</p>
  <p time="724360" is_ac="true">rigged to steal people's money to test</p>
  <p time="726680" is_ac="true">if these machines were licensed or not I</p>
  <p time="728680" is_ac="true">decided to look casual and uh sit down</p>
  <p time="731959" is_ac="true">and try playing now I wasn't going to</p>
  <p time="733600" is_ac="true">actually sit down and try to play and</p>
  <p time="735079" is_ac="true">win something mainly because uh</p>
  <p time="737040" is_ac="true">operating an illegal gambling machine is</p>
  <p time="739000" is_ac="true">a Class 2 misdemeanor with up to a year</p>
  <p time="741240" is_ac="true">of jail time but when I hit play it</p>
  <p time="744519" is_ac="true">didn't ask to scan my ID I'm 19 most C</p>
  <p time="749160" is_ac="true">don't even let you on the floor if</p>
  <p time="750440" is_ac="true">you're under 21 let alone play the</p>
  <p time="752600" is_ac="true">actual slot machine so my first thought</p>
  <p time="754480" is_ac="true">was like okay so these machines are fake</p>
  <p time="756720" is_ac="true">right cuz like if anyone of any age can</p>
  <p time="758440" is_ac="true">play on these machines then these people</p>
  <p time="760320" is_ac="true">aren't playing for actual money then</p>
  <p time="762120" is_ac="true">just a few machines down for</p>
  <p time="765000" is_ac="true">me the guy a few machines down for me</p>
  <p time="767800" is_ac="true">puts money into the actual machine so</p>
  <p time="770320" is_ac="true">now I know that these people are playing</p>
  <p time="772240" is_ac="true">for actual money and they're just going</p>
  <p time="774160" is_ac="true">back and forth from the machines to the</p>
  <p time="776120" is_ac="true">gas station to get more money to spend</p>
  <p time="778199" is_ac="true">on the machines that are taking their</p>
  <p time="779800" is_ac="true">money then going back to the gas station</p>
  <p time="781920" is_ac="true">getting more money going back like the</p>
  <p time="784120" is_ac="true">whole time lucky is just profiting off</p>
  <p time="785839" is_ac="true">of their addiction but that still didn't</p>
  <p time="787600" is_ac="true">answer my question was luy's Diner ever</p>
  <p time="789880" is_ac="true">a real place there were too many people</p>
  <p time="791680" is_ac="true">in there and they all started to look at</p>
  <p time="793240" is_ac="true">me and so obviously talk about me in a</p>
  <p time="795800" is_ac="true">language that I didn't understand and</p>
  <p time="797720" is_ac="true">when a gambling addict takes their eyes</p>
  <p time="799920" is_ac="true">off of their slot machine to look at</p>
  <p time="802160" is_ac="true">you uh you get out of there so I booked</p>
  <p time="805160" is_ac="true">it out of there with the evidence that I</p>
  <p time="806399" is_ac="true">had gotten so far and tried to move on</p>
  <p time="808279" is_ac="true">to the next place with zero reviews I've</p>
  <p time="810800" is_ac="true">come to this railroad to review it</p>
  <p time="812959" is_ac="true">because uh you can do that apparently</p>
  <p time="815560" is_ac="true">not to derail the video here but um I</p>
  <p time="817959" is_ac="true">can't stop thinking about luy's Diner</p>
  <p time="820000" is_ac="true">remember that review that I found before</p>
  <p time="821360" is_ac="true">I went to Lucky's Diner that was like ah</p>
  <p time="823880" is_ac="true">it's my 11th anniversary blah blah blah</p>
  <p time="825959" is_ac="true">like I checked the profile of the person</p>
  <p time="827680" is_ac="true">who left that review and they left a</p>
  <p time="829880" is_ac="true">review on a similar restaurant about</p>
  <p time="832600" is_ac="true">their 11th anniversary on the same day</p>
  <p time="835519" is_ac="true">which leads me to believe that this may</p>
  <p time="836959" is_ac="true">have never been a restaurant and that</p>
  <p time="838440" is_ac="true">that person person just accidentally</p>
  <p time="839839" is_ac="true">left the review on the wrong restaurant</p>
  <p time="842199" is_ac="true">and then went and found the right one to</p>
  <p time="843519" is_ac="true">leave the review on after I figured that</p>
  <p time="845000" is_ac="true">out I was like well how long has this</p>
  <p time="846880" is_ac="true">not been a restaurant and I did some</p>
  <p time="848680" is_ac="true">more digging I maybe dug a little bit</p>
  <p time="850720" is_ac="true">too far on the internet and found the</p>
  <p time="852120" is_ac="true">public business records of the gas</p>
  <p time="853480" is_ac="true">station and the guy in charge there</p>
  <p time="855160" is_ac="true">lucky as we're calling him the guy that</p>
  <p time="857040" is_ac="true">I spoke with at the counter has been</p>
  <p time="859040" is_ac="true">there since 2007 all right this has been</p>
  <p time="861360" is_ac="true">in business since 2007 and his name is</p>
  <p time="863440" is_ac="true">The Only Name signed as the business</p>
  <p time="865079" is_ac="true">owner and on your annual Business Report</p>
  <p time="867160" is_ac="true">every year you have to list what the</p>
  <p time="869040" is_ac="true">nature of your businesses right the</p>
  <p time="870759" is_ac="true">description and since 2007 lucky has</p>
  <p time="873480" is_ac="true">been riding down gas and groceries and</p>
  <p time="875839" is_ac="true">since it said gas and groceries I was</p>
  <p time="877399" is_ac="true">like well maybe it once was a grocery</p>
  <p time="879399" is_ac="true">store like how long has this front been</p>
  <p time="881399" is_ac="true">running and I found a review for the gas</p>
  <p time="883440" is_ac="true">station from 4 years ago store was okay</p>
  <p time="886120" is_ac="true">but they have slot machines right beside</p>
  <p time="888320" is_ac="true">it which means that Lucky's been getting</p>
  <p time="890639" is_ac="true">away with this for at least 4 years now</p>
  <p time="892720" is_ac="true">but if I had to guess I think he's been</p>
  <p time="894160" is_ac="true">getting away with this for more like 8</p>
  <p time="896000" is_ac="true">years because in 2015 on his public</p>
  <p time="898399" is_ac="true">business business records he started</p>
  <p time="900320" is_ac="true">referring to his business as rental</p>
  <p time="902800" is_ac="true">property what happened to gas and</p>
  <p time="905160" is_ac="true">groceries why can't you call it gas and</p>
  <p time="907279" is_ac="true">groceries anymore lucky is it because</p>
  <p time="909160" is_ac="true">you're not selling groceries is it okay</p>
  <p time="911560" is_ac="true">ow so this man has allegedly been</p>
  <p time="913560" is_ac="true">running an illegal gambling operation</p>
  <p time="915480" is_ac="true">for over 8 years now with unlicensed</p>
  <p time="917759" is_ac="true">slot machines with no way to tell if</p>
  <p time="919399" is_ac="true">they're rigged or not that kids can play</p>
  <p time="921680" is_ac="true">on and he's been getting away with it</p>
  <p time="923120" is_ac="true">the entire time oh also this railroad is</p>
  <p time="925480" is_ac="true">pretty cool</p>
  <p time="927600" is_ac="true">so</p>
  <p time="932600" is_ac="true">also I'm not leaving my review on</p>
  <p time="934160" is_ac="true">Lucky's Diner just yet um I just don't</p>
  <p time="936319" is_ac="true">think it's fair at least not until this</p>
  <p time="938759" is_ac="true">case is closed but in the meantime let's</p>
  <p time="940920" is_ac="true">go see if padil circus Pizza is a front</p>
  <p time="943199" is_ac="true">for another crime or if I will finally</p>
  <p time="945720" is_ac="true">be able to fulfill my dream of just</p>
  <p time="948199" is_ac="true">eating at a restaurant it looks like</p>
  <p time="950360" is_ac="true">it's just a gas station so I'm really</p>
  <p time="952480" is_ac="true">afraid that I stumbled across another</p>
  <p time="954079" is_ac="true">illegal front what did this video turn</p>
  <p time="955880" is_ac="true">into I really hope that I just get some</p>
  <p time="957839" is_ac="true">pizza I really hope hope that one of</p>
  <p time="959360" is_ac="true">these places this is the place where I</p>
  <p time="961040" is_ac="true">finally just eat food and review it like</p>
  <p time="963560" is_ac="true">a normal person I'm tired of doing</p>
  <p time="965360" is_ac="true">detective work this is not what I signed</p>
  <p time="966920" is_ac="true">up for okay let's go hopefully eat some</p>
  <p time="969160" is_ac="true">pizza on the map it showed that there</p>
  <p time="970839" is_ac="true">was supposed to be a building behind the</p>
  <p time="972360" is_ac="true">gas station but uh I went back there no</p>
  <p time="976319" is_ac="true">building what I was heartbroken okay I</p>
  <p time="979120" is_ac="true">just wanted some food from at least one</p>
  <p time="981040" is_ac="true">restaurant that I could review since the</p>
  <p time="982920" is_ac="true">building behind it just like didn't</p>
  <p time="984639" is_ac="true">exist I walked into the gas station and</p>
  <p time="987800" is_ac="true">I saw it</p>
  <p time="990519" is_ac="true">pizza and I know what you might be</p>
  <p time="992759" is_ac="true">thinking koi that's not padil circus</p>
  <p time="995240" is_ac="true">pizza that's just gas station pizza and</p>
  <p time="997560" is_ac="true">to that I say what is wrong with you why</p>
  <p time="1001160" is_ac="true">can't I just have one thing why can't I</p>
  <p time="1003079" is_ac="true">be happy I've never been this excited</p>
  <p time="1004959" is_ac="true">about gas station</p>
  <p time="1008279" is_ac="true">Pizza padilly circus Pizza I know this</p>
  <p time="1011079" is_ac="true">isn't you this is Minute Man kitchen</p>
  <p time="1014839" is_ac="true">oh oh for the sake of the video I'm</p>
  <p time="1017560" is_ac="true">going to consider this pck circus Pizza</p>
  <p time="1019600" is_ac="true">why is that stiff let's</p>
  <p time="1021930" is_ac="true">[Music]</p>
  <p time="1029280" is_ac="true">just oh no no no no no no thanks</p>
  <p time="1033120" is_ac="true">surprisingly not even worth a</p>
  <p time="1035839" is_ac="true">$189 oh I really hate it I really hate</p>
  <p time="1041679" is_ac="true">it now that I had finally found a place</p>
  <p time="1044600" is_ac="true">to eat at and</p>
  <p time="1046480" is_ac="true">review there was only one last review to</p>
  <p time="1052080" is_ac="true">leave good afternoon City Police</p>
  <p time="1055120" is_ac="true">Department how I help you hi I'm just uh</p>
  <p time="1057360" is_ac="true">calling about what I believe to be an</p>
  <p time="1058799" is_ac="true">illegal gambling operation that's uh</p>
  <p time="1060960" is_ac="true">fronting as a restaurant that sells</p>
  <p time="1062799" is_ac="true">kebabs for</p>
  <p time="1072490" is_ac="true">[Music]</p>
  <p time="1077400" is_ac="true">breakfast</p>
</text>
