<?xml version='1.0' encoding='UTF-8'?>
<text date_d="15" date_m="1" date_y="2024" format="srv3" age_limit="0" comment_count="302" description="email: grackleyoutube@outlook.com&#10;insta and tiktok: gracebooth97" fulltitle="I tested EVERY GORDON RAMSAY restaurant" like_count="5115" location="na" playlist_title="na" release_date="na" upload_date="20240115" repost_count="na" tags="restaurant; testing every Gordon ramsay restaurant; every london gordon ramsay restaurant; honest opinion of gordon ramsay restaurant; petrus gordon ramsay; street pizza; street burger; weird gordon ramsay restaurant; bottomless pizza; bottomless pizza gordon ramsay; " title="I tested EVERY GORDON RAMSAY restaurant" uploader="Grackle" view_count="134922" webpage_url="https://www.youtube.com/watch?v=o1V9ktylc7E" autocaption="true">
  <p time="40" is_ac="true">Hello everybody welcome back to another</p>
  <p time="2320" is_ac="true">video I am so excited for this video</p>
  <p time="5040" is_ac="true">today's video we are going to be going</p>
  <p time="7200" is_ac="true">to all of Gordon Ramsey's restaurants in</p>
  <p time="9800" is_ac="true">London now he has a lot of restaurants</p>
  <p time="13280" is_ac="true">and the thing is Gordon Ramsey gives off</p>
  <p time="15280" is_ac="true">this big bravado that he is the best of</p>
  <p time="17960" is_ac="true">the best so I want to see if his</p>
  <p time="19800" is_ac="true">restaurants are the best of the best</p>
  <p time="21680" is_ac="true">people have said that I'm like the Simon</p>
  <p time="24000" is_ac="true">cow of restaurant reviews I'm very</p>
  <p time="26400" is_ac="true">honest so if I don't like something it</p>
  <p time="28640" is_ac="true">is not going to be praised all right</p>
  <p time="31160" is_ac="true">even if it is Gordon Ramsey who love</p>
  <p time="34360" is_ac="true">that guy I do I love that guy I think</p>
  <p time="36000" is_ac="true">he's genius and also I just feel like</p>
  <p time="38079" is_ac="true">feel like he's a good guy feel like he's</p>
  <p time="39360" is_ac="true">a good guy at his call if we go onto his</p>
  <p time="41719" is_ac="true">website he has so many different</p>
  <p time="43719" is_ac="true">restaurants I have actually been to</p>
  <p time="45719" is_ac="true">restaurant Gordon Ramsey before I did a</p>
  <p time="47680" is_ac="true">whole YouTube sh on my review of the</p>
  <p time="49920" is_ac="true">experience which was incredible I had</p>
  <p time="52039" is_ac="true">never done anything like that before I</p>
  <p time="54480" is_ac="true">have noticed that a few of the</p>
  <p time="56480" is_ac="true">restaurants have the same menu for</p>
  <p time="58440" is_ac="true">example the head and Street Kitchen and</p>
  <p time="60160" is_ac="true">the bread Street Kitchen both have the</p>
  <p time="61920" is_ac="true">exact same menu so I am just going to go</p>
  <p time="64199" is_ac="true">to one of them and then for example the</p>
  <p time="66479" is_ac="true">seavoy as well there's like three</p>
  <p time="68119" is_ac="true">different restaurants that he has in the</p>
  <p time="69680" is_ac="true">SEO so I feel like we can just go to one</p>
  <p time="71880" is_ac="true">of those Street pizza's a bit of a chain</p>
  <p time="73799" is_ac="true">so there's a few of them so I only go to</p>
  <p time="75439" is_ac="true">one of those and the same with Street</p>
  <p time="77200" is_ac="true">Burger which I am so intrigued about but</p>
  <p time="79560" is_ac="true">I thought would be interesting to see</p>
  <p time="80840" is_ac="true">how he does a fast food restaurant</p>
  <p time="83640" is_ac="true">because he's normally like quite alakar</p>
  <p time="85920" is_ac="true">Gourmet so I'm very intrigued to see how</p>
  <p time="88439" is_ac="true">it will go down the first place that we</p>
  <p time="90400" is_ac="true">have booked to go to is lucky cat so</p>
  <p time="93640" is_ac="true">let's get</p>
  <p time="101280" is_ac="true">going lucky cat is an Asian inspired</p>
  <p time="103960" is_ac="true">restaurant that he has when we walk in</p>
  <p time="106200" is_ac="true">the vibe was quite cool it felt like a</p>
  <p time="108320" is_ac="true">bit new yorky I chose the lunch menu</p>
  <p time="110759" is_ac="true">because it was £38 per person instead of</p>
  <p time="113240" is_ac="true">being £ 38 per person for just one sushi</p>
  <p time="116479" is_ac="true">roll it's normally so extraordinarily</p>
  <p time="119079" is_ac="true">expensive and also the lunch menu had</p>
  <p time="121479" is_ac="true">some great things on it this is the</p>
  <p time="122960" is_ac="true">proper menu if you want to pause and see</p>
  <p time="124840" is_ac="true">what they've got now for the starters</p>
  <p time="126600" is_ac="true">it's actually a really good deal you get</p>
  <p time="128200" is_ac="true">every single one of the things suggested</p>
  <p time="130560" is_ac="true">I started off with the edame and oh my</p>
  <p time="133319" is_ac="true">goodness I think it was the best edame I</p>
  <p time="134800" is_ac="true">had ever had in my home die live I don't</p>
  <p time="136480" is_ac="true">know why sometimes they can be really</p>
  <p time="137840" is_ac="true">soft or hard but they were just right we</p>
  <p time="140519" is_ac="true">had the guoa which were okay they didn't</p>
  <p time="142480" is_ac="true">blow me away but they were they were</p>
  <p time="144280" is_ac="true">okay and then all the other bits of the</p>
  <p time="146080" is_ac="true">starters the starters started off strong</p>
  <p time="148319" is_ac="true">and I will say as well the was</p>
  <p time="150599" is_ac="true">absolutely Majestic they were so</p>
  <p time="152760" is_ac="true">attentive they literally couldn't do</p>
  <p time="154239" is_ac="true">enough for us then we moved on to the</p>
  <p time="156280" is_ac="true">main courses where you get to pick one</p>
  <p time="158040" is_ac="true">we picked the steak and the salmon the</p>
  <p time="160159" is_ac="true">steak was cold it was cold I will say</p>
  <p time="162680" is_ac="true">though it was really succulent even</p>
  <p time="164159" is_ac="true">though it was cold so I can't imagine</p>
  <p time="166080" is_ac="true">what it's like if it was warm the rice</p>
  <p time="167879" is_ac="true">was just good rice and the salmon was</p>
  <p time="169959" is_ac="true">cooked to Perfection it was kind of</p>
  <p time="171800" is_ac="true">melty in the middle still nothing that</p>
  <p time="173800" is_ac="true">blew me away now we have to test out a</p>
  <p time="175760" is_ac="true">very strong element of the restaurant</p>
  <p time="178760" is_ac="true">experience</p>
  <p time="186959" is_ac="true">I wasn't sure if I would like the</p>
  <p time="188080" is_ac="true">dessert cuz it had tofu in it but they</p>
  <p time="190080" is_ac="true">knew what they were doing every single</p>
  <p time="192040" is_ac="true">texture and element in here was</p>
  <p time="194599" is_ac="true">fantastic the dessert was a solid solid</p>
  <p time="197000" is_ac="true">10 out of 10 and then we had the shock</p>
  <p time="199440" is_ac="true">of Our</p>
  <p time="207280" is_ac="true">Lives feel like I'm going to throw</p>
  <p time="211200" is_ac="true">why am i</p>
  <p time="213000" is_ac="true">f for very good reason we sat we were</p>
  <p time="216799" is_ac="true">about to have our dessert yeah Gordon</p>
  <p time="218920" is_ac="true">Ramson walks by we're like what the heck</p>
  <p time="221720" is_ac="true">freak out a little bit he goes to like a</p>
  <p time="223760" is_ac="true">little back room we're sat there we wait</p>
  <p time="227159" is_ac="true">maybe I think we've been waiting maybe</p>
  <p time="228280" is_ac="true">half an hour and a half hour and a half</p>
  <p time="230280" is_ac="true">we've been waiting oh I love this in the</p>
  <p time="232400" is_ac="true">bushes so basically what Happ on watch</p>
  <p time="234400" is_ac="true">it's time to rock and roll and then</p>
  <p time="235959" is_ac="true">thought oh maybe I'll get a coffee as</p>
  <p time="237439" is_ac="true">she's speaking to the waiter her eyes go</p>
  <p time="238959" is_ac="true">like this I don't miss I miss the call I</p>
  <p time="241760" is_ac="true">was trying to nonverbally Signal like</p>
  <p time="244159" is_ac="true">but I was more thinking about the fact</p>
  <p time="246120" is_ac="true">they don't do ice coffees points</p>
  <p time="248480" is_ac="true">deducted Gordon come on and then honna</p>
  <p time="251360" is_ac="true">tells me that he just walked by and and</p>
  <p time="253360" is_ac="true">we think he's gone so I was like fine</p>
  <p time="254840" is_ac="true">let's just call this a day put on our</p>
  <p time="256440" is_ac="true">coats as we're walking out he walks by</p>
  <p time="259239" is_ac="true">we're like and then he goes to us what</p>
  <p time="261639" is_ac="true">did he say I said thank you ladies happy</p>
  <p time="264000" is_ac="true">New Year</p>
  <p time="266000" is_ac="true">byebye I said take me</p>
  <p time="270160" is_ac="true">he's Charming he is he is a Charming Man</p>
  <p time="274440" is_ac="true">Charming Charming smaller than I thought</p>
  <p time="278120" is_ac="true">and no he's exactly like what I what I</p>
  <p time="282199" is_ac="true">thought I wish I thought it felt like I</p>
  <p time="284400" is_ac="true">knew</p>
  <p time="285440" is_ac="true">him</p>
  <p time="287520" is_ac="true">Uncle this restaurant hunt started well</p>
  <p time="290919" is_ac="true">I wonder if I see him at any of the</p>
  <p time="292199" is_ac="true">others if I see him anymore he'll be</p>
  <p time="295000" is_ac="true">like is this girl talking me no he'll</p>
  <p time="297000" is_ac="true">just be like you can just be like listen</p>
  <p time="299960" is_ac="true">but I don't know what I didn't just say</p>
  <p time="302000" is_ac="true">when to get in the vid cuz I feel like</p>
  <p time="304240" is_ac="true">you know when to say pictures or it</p>
  <p time="305680" is_ac="true">didn't happen Gordon do you want to get</p>
  <p time="307639" is_ac="true">in the vid I'm going to do one big Pro</p>
  <p time="310600" is_ac="true">and one con for each restaurant and then</p>
  <p time="312639" is_ac="true">at the end we can do a full debrief big</p>
  <p time="315759" is_ac="true">Pro with the starters absolutely chef's</p>
  <p time="319479" is_ac="true">kiss so delicious I also feel like the</p>
  <p time="321840" is_ac="true">lunch menu is really good value for</p>
  <p time="324039" is_ac="true">money considering normally you pay £38</p>
  <p time="327600" is_ac="true">for like one of the sushi items so if</p>
  <p time="329680" is_ac="true">you're going to go there try and go for</p>
  <p time="331319" is_ac="true">the lunch menu the con for the mains I</p>
  <p time="333840" is_ac="true">just wasn't wowed by the mains the steak</p>
  <p time="335840" is_ac="true">was a bit cold and it was quite salty I</p>
  <p time="339000" is_ac="true">feel like there wasn't much flavor</p>
  <p time="340199" is_ac="true">happening it was like salt was the main</p>
  <p time="341720" is_ac="true">event and then obviously a bonus point</p>
  <p time="344280" is_ac="true">for Gordon cuz he was there and he was</p>
  <p time="346600" is_ac="true">so nice to us it was honestly so nice</p>
  <p time="348600" is_ac="true">also like hats off to him cuz he didn't</p>
  <p time="350360" is_ac="true">have to speak to us but he had the heart</p>
  <p time="353199" is_ac="true">to speak to us and it was absolutely</p>
  <p time="354759" is_ac="true">fantastic now up next we are going to be</p>
  <p time="357360" is_ac="true">going to the Street Pizza Street Pizza</p>
  <p time="360280" is_ac="true">is an unlimited pizza joint and I don't</p>
  <p time="362759" is_ac="true">really have any expectations for this</p>
  <p time="364199" is_ac="true">one so let's see what it's like this is</p>
  <p time="365960" is_ac="true">a really weird area there's like nothing</p>
  <p time="377319" is_ac="true">around the restaurant seem to go hand in</p>
  <p time="379800" is_ac="true">hand so you got the bread Street Kitchen</p>
  <p time="381400" is_ac="true">there and then the Street Pizza down</p>
  <p time="382759" is_ac="true">below so let's go in now The Vibes for</p>
  <p time="384880" is_ac="true">this one were a little off I don't know</p>
  <p time="386599" is_ac="true">if it was because it was a Friday night</p>
  <p time="388000" is_ac="true">and it was really empty but they went</p>
  <p time="389800" is_ac="true">for this industrial sort of theme which</p>
  <p time="391880" is_ac="true">I suppose works really well for the</p>
  <p time="393000" is_ac="true">pizzza and again was quite new yorky but</p>
  <p time="395199" is_ac="true">something just felt a little off it</p>
  <p time="396599" is_ac="true">might be because it was empty anyway you</p>
  <p time="398680" is_ac="true">pay £18 for bottomless pizza and I will</p>
  <p time="401639" is_ac="true">say again the service was fantastic</p>
  <p time="404840" is_ac="true">Gordon Ramsey must be training his</p>
  <p time="406319" is_ac="true">staffs really well now you could choose</p>
  <p time="408840" is_ac="true">any of the pizzas that they had and they</p>
  <p time="411240" is_ac="true">just come around and they do keep you</p>
  <p time="412560" is_ac="true">well stocked it's not like you're</p>
  <p time="414039" is_ac="true">feeling awkward asking for more pizza</p>
  <p time="415599" is_ac="true">like they are keeping that pizza on tap</p>
  <p time="418560" is_ac="true">the garlic and herb dip was also quite</p>
  <p time="420199" is_ac="true">good it kind of tasted a little bit like</p>
  <p time="421599" is_ac="true">Ranch but I would probably get that</p>
  <p time="423879" is_ac="true">again cuz it was a nice addition to the</p>
  <p time="425319" is_ac="true">crust the pizza itself didn't blow me</p>
  <p time="427879" is_ac="true">away it wasn't like the best pizza in</p>
  <p time="429560" is_ac="true">the whole world it was kind of just like</p>
  <p time="431680" is_ac="true">one of those ones that you get from any</p>
  <p time="433759" is_ac="true">sort of pizza joint like kind of Pizza</p>
  <p time="435720" is_ac="true">Express e and I feel like for £18 I</p>
  <p time="438039" is_ac="true">don't know if I can justify as many</p>
  <p time="440440" is_ac="true">slices as I had I did like that they had</p>
  <p time="442680" is_ac="true">a daily special so each day they have a</p>
  <p time="444639" is_ac="true">different flavor and they did have a lot</p>
  <p time="446400" is_ac="true">of different ones that they came around</p>
  <p time="447960" is_ac="true">with and the corn and T it was kind of</p>
  <p time="450039" is_ac="true">fun honestly we also tried out some of</p>
  <p time="452400" is_ac="true">the other things on their menu like the</p>
  <p time="453879" is_ac="true">JFC wings but they do these at a lot of</p>
  <p time="456479" is_ac="true">the other chains that they have I will</p>
  <p time="458400" is_ac="true">say they were quite good and then when</p>
  <p time="460160" is_ac="true">we kind of hit a wall the woman was like</p>
  <p time="461840" is_ac="true">feel free to get up and you can try some</p>
  <p time="463479" is_ac="true">of the stuff that we have and we didn't</p>
  <p time="465039" is_ac="true">realize it was like a whole arcade in</p>
  <p time="467680" is_ac="true">there which was so much fun they kept</p>
  <p time="470840" is_ac="true">loading us up and they just kept on</p>
  <p time="472280" is_ac="true">putting more pizza on</p>
  <p time="475919" is_ac="true">top we have had our pizza and now we're</p>
  <p time="478520" is_ac="true">going to go on this</p>
  <p time="480440" is_ac="true">epic</p>
  <p time="481720" is_ac="true">shooter which I I don't know they have</p>
  <p time="485280" is_ac="true">so many different games to play which I</p>
  <p time="486879" is_ac="true">feel like definitely enhance the</p>
  <p time="488759" is_ac="true">experience and you can make a full-blown</p>
  <p time="490440" is_ac="true">afternoon out of this also feel like</p>
  <p time="492199" is_ac="true">it'll be a good date night because you</p>
  <p time="493720" is_ac="true">can play the games you can have your</p>
  <p time="494919" is_ac="true">pizza it doesn't feel really like forced</p>
  <p time="497280" is_ac="true">and rushed you can just do everything in</p>
  <p time="499360" is_ac="true">your own time and the bit that I liked</p>
  <p time="501520" is_ac="true">the most was that the photoo booth was</p>
  <p time="504280" is_ac="true">free the waitresses and waiters actually</p>
  <p time="506960" is_ac="true">encouraged you to use it as much as you</p>
  <p time="508840" is_ac="true">wanted and it you could use as many</p>
  <p time="510400" is_ac="true">pictures as you want this is so cool you</p>
  <p time="513399" is_ac="true">just get to take as many as you want I</p>
  <p time="515680" is_ac="true">cannot believe that this is free this is</p>
  <p time="518640" is_ac="true">so cool the photo booth thing literally</p>
  <p time="521440" is_ac="true">is free if you could tell I was really</p>
  <p time="523399" is_ac="true">impressed with that but I think it's</p>
  <p time="524560" is_ac="true">because every other photo booth in</p>
  <p time="525920" is_ac="true">London is like £5 for one picture anyway</p>
  <p time="529040" is_ac="true">we went and got our sticky tofy pudding</p>
  <p time="530680" is_ac="true">which was a strong solid dessert to end</p>
  <p time="532519" is_ac="true">on it was a tiny bit dry but then the</p>
  <p time="534440" is_ac="true">sticky tofe sauce kind of did a lot of</p>
  <p time="536240" is_ac="true">the work pro is that it has all of those</p>
  <p time="539760" is_ac="true">little extras you got the photo booth</p>
  <p time="542240" is_ac="true">you got the basketball hoops you got the</p>
  <p time="543959" is_ac="true">Foosball table it's you got so many</p>
  <p time="545880" is_ac="true">little extras also there's a lot of</p>
  <p time="548079" is_ac="true">space like I feel if you went on a</p>
  <p time="549920" is_ac="true">Friday night you're guaranteed to sleep</p>
  <p time="551399" is_ac="true">I mean we went on a Friday night and</p>
  <p time="552839" is_ac="true">there were only two other couples there</p>
  <p time="554240" is_ac="true">I don't really know if it's going to be</p>
  <p time="555720" is_ac="true">able to stay open for a while cuz there</p>
  <p time="557560" is_ac="true">were it was so dead in there con is the</p>
  <p time="560160" is_ac="true">pizza itself the the pizza was just kind</p>
  <p time="562279" is_ac="true">of like good pizza it wasn't out of the</p>
  <p time="564600" is_ac="true">ordinary it was better than a Pizza Hut</p>
  <p time="567120" is_ac="true">but not as good as a Pizza Express I</p>
  <p time="569560" is_ac="true">will say and I know Pizza Express isn't</p>
  <p time="571560" is_ac="true">really something to compare to but I am</p>
  <p time="573760" is_ac="true">a luren lover like pizzza Express luren</p>
  <p time="576320" is_ac="true">I feel like it's one of my favorite</p>
  <p time="577560" is_ac="true">pizzas in the world but I haven't been</p>
  <p time="579519" is_ac="true">to Italy so I can't fully comment on</p>
  <p time="581399" is_ac="true">good pizza and my my confusion with it</p>
  <p time="584240" is_ac="true">is that if it's going for like</p>
  <p time="586440" is_ac="true">affordability cheap unlimited Pizza I</p>
  <p time="589200" is_ac="true">feel like it needs to be a cheaper price</p>
  <p time="590839" is_ac="true">point for that but I will say the</p>
  <p time="593160" is_ac="true">service yet again was an exceptional</p>
  <p time="595920" is_ac="true">experience like the service I don't know</p>
  <p time="597560" is_ac="true">if Gordon Ramsey is hot on waitresses</p>
  <p time="599839" is_ac="true">and waiters being well trained but I</p>
  <p time="601720" is_ac="true">have to say exceptional exceptional time</p>
  <p time="605160" is_ac="true">now little change of tempo again from</p>
  <p time="606800" is_ac="true">the Street Pizza we're going to be going</p>
  <p time="608360" is_ac="true">for the Gordon Ramsey seavoy Grill which</p>
  <p time="612040" is_ac="true">is one of his like classic places and</p>
  <p time="615839" is_ac="true">this serves his iconic Beef Wellington</p>
  <p time="619160" is_ac="true">now his beef wellington is known by many</p>
  <p time="621519" is_ac="true">it is the dessert that Gordon Ramsey has</p>
  <p time="624079" is_ac="true">so we had to try it and see if it lived</p>
  <p time="626640" is_ac="true">up to the hype I've never been to the</p>
  <p time="628800" is_ac="true">surv before so I was so excited to</p>
  <p time="631120" is_ac="true">experience it and they still had their</p>
  <p time="632519" is_ac="true">Christmas decorations up also little fun</p>
  <p time="634920" is_ac="true">fact apparently this is the smallest</p>
  <p time="636639" is_ac="true">Circle or something that taxis can go</p>
  <p time="639320" is_ac="true">around in London I can't remember the</p>
  <p time="641000" is_ac="true">exact fact I'll put it on screen anyway</p>
  <p time="642880" is_ac="true">we got there and we were an hour early</p>
  <p time="644680" is_ac="true">so they actually took us to the American</p>
  <p time="647040" is_ac="true">Bar so we kind of got two experiences</p>
  <p time="648880" is_ac="true">for the price of one I felt a little bit</p>
  <p time="650399" is_ac="true">let down by the interior I feel like</p>
  <p time="652200" is_ac="true">it's kind of teetering on tacky I know</p>
  <p time="654720" is_ac="true">it was the art deco Vibe but it just</p>
  <p time="656279" is_ac="true">didn't feel right anyway we were welcome</p>
  <p time="658079" is_ac="true">with our olives and our cornnuts and</p>
  <p time="659959" is_ac="true">these olives were absolutely great I</p>
  <p time="661920" is_ac="true">also got my hot water um but the olives</p>
  <p time="665000" is_ac="true">honestly I don't know what olives they</p>
  <p time="667399" is_ac="true">were I've never really had ones like it</p>
  <p time="669519" is_ac="true">the color and everything they were just</p>
  <p time="671480" is_ac="true">absolutely gorgeous we had our little</p>
  <p time="673800" is_ac="true">drink and then it was ready to rock and</p>
  <p time="675760" is_ac="true">roll over to the seavoy grill we were</p>
  <p time="678399" is_ac="true">welcomed by a lovely woman who again was</p>
  <p time="680800" is_ac="true">so attentive I keep banging on about it</p>
  <p time="683040" is_ac="true">but the service at all of the Gordon</p>
  <p time="684880" is_ac="true">Ramsey restaurants so far has been fan</p>
  <p time="687240" is_ac="true">flippant tastic the at in here was</p>
  <p time="689600" is_ac="true">really lovely it was very bustly and it</p>
  <p time="691360" is_ac="true">felt like everyone was there for a treat</p>
  <p time="693600" is_ac="true">it did feel like a real occasion</p>
  <p time="695680" is_ac="true">restaurant it felt like everyone was you</p>
  <p time="697440" is_ac="true">know there for a reason there was a</p>
  <p time="699440" is_ac="true">reason for the season they have a set</p>
  <p time="701560" is_ac="true">menu but we were just going to go for a</p>
  <p time="703240" is_ac="true">starter and a main and my favorite thing</p>
  <p time="705720" is_ac="true">they bought out the bread and it was</p>
  <p time="707839" is_ac="true">gorgeous that smoked butter I've never</p>
  <p time="709720" is_ac="true">had anything like it and also it was</p>
  <p time="711680" is_ac="true">really pretty like it look stunning and</p>
  <p time="713959" is_ac="true">they just kept on bringing more bread we</p>
  <p time="715480" is_ac="true">did go through I think three buckets of</p>
  <p time="717160" is_ac="true">bread and there was no judgment which I</p>
  <p time="719079" is_ac="true">really welcomed anyway there was a bit</p>
  <p time="721040" is_ac="true">of a wait for our meal but I do think</p>
  <p time="722560" is_ac="true">that was because we went on a really</p>
  <p time="723839" is_ac="true">busy Sunday the waiter had suggested a</p>
  <p time="726240" is_ac="true">few of the most popular things on the</p>
  <p time="727880" is_ac="true">menu I didn't get the oysters cuz I'm</p>
  <p time="729480" is_ac="true">not a big oyster girl but he did suggest</p>
  <p time="731920" is_ac="true">the sule is apparently the best thing on</p>
  <p time="733920" is_ac="true">the menu it was really good the little</p>
  <p time="736079" is_ac="true">chunks of hadock in there but again it</p>
  <p time="738000" is_ac="true">was very salty kind of similar to Lucky</p>
  <p time="740160" is_ac="true">cat with the steak and the salmon there</p>
  <p time="742079" is_ac="true">wasn't much flavor to it it was my first</p>
  <p time="744720" is_ac="true">time ever having a Savory sule I've</p>
  <p time="747240" is_ac="true">never had one before so it was quite a</p>
  <p time="748720" is_ac="true">fun experience it was really light and</p>
  <p time="750880" is_ac="true">whipped and it was delicious but just a</p>
  <p time="752880" is_ac="true">touch too salty and it was nice to mop</p>
  <p time="754680" is_ac="true">up all that sauce with that gorgeous</p>
  <p time="756880" is_ac="true">bread now we had to wait a really long</p>
  <p time="759040" is_ac="true">time for our MS but they eventually came</p>
  <p time="761600" is_ac="true">this was the beef wellington which is</p>
  <p time="763079" is_ac="true">obviously the thing that Gordon is</p>
  <p time="764959" is_ac="true">praised for they recommended we get</p>
  <p time="766880" is_ac="true">mashed potato and carrots on the side</p>
  <p time="769600" is_ac="true">now we were so disappointed by our Mains</p>
  <p time="772279" is_ac="true">probably more so than any of the other</p>
  <p time="773920" is_ac="true">restaurants I just went for the Sunday</p>
  <p time="775920" is_ac="true">roast but even look at those carrots</p>
  <p time="777600" is_ac="true">there's nothing fun to them this is also</p>
  <p time="780320" is_ac="true">a personal preference but I hate it when</p>
  <p time="781959" is_ac="true">I go for a roast and they give me a jeo</p>
  <p time="784480" is_ac="true">I want proper fill on gravy these</p>
  <p time="786680" is_ac="true">potatoes were a standout item from every</p>
  <p time="789040" is_ac="true">single restaurant I went to I don't know</p>
  <p time="791000" is_ac="true">what Herby seasoning he's putting on</p>
  <p time="792800" is_ac="true">those but they were the best Rose</p>
  <p time="795079" is_ac="true">potatoes I think I have ever had in my</p>
  <p time="796519" is_ac="true">life now look at this burnt it was a</p>
  <p time="798760" is_ac="true">burnt Beef Wellington and also even the</p>
  <p time="801440" is_ac="true">Yorkshire pudding like it was all just</p>
  <p time="803519" is_ac="true">very underwhelming and a little like</p>
  <p time="805519" is_ac="true">cluster it definitely did not live up to</p>
  <p time="807519" is_ac="true">the hype and our table next us actually</p>
  <p time="809320" is_ac="true">sent their meals back but the waiter was</p>
  <p time="811519" is_ac="true">so good about it and I was kind of</p>
  <p time="813199" is_ac="true">tempted because my beef was so tough</p>
  <p time="815440" is_ac="true">like I couldn't even chew it I didn't</p>
  <p time="817320" is_ac="true">even finish it which is saying something</p>
  <p time="819040" is_ac="true">for me like look at that really gamy bit</p>
  <p time="821000" is_ac="true">of fat it was not good I tell you what I</p>
  <p time="824800" is_ac="true">went to the toilets and they were a</p>
  <p time="827199" is_ac="true">whole moment I feel like you need just a</p>
  <p time="829199" is_ac="true">moment to appreciate these absolutely</p>
  <p time="831000" is_ac="true">stunning</p>
  <p time="837759" is_ac="true">toilets</p>
  <p time="842120" is_ac="true">because there had been such a long wait</p>
  <p time="843519" is_ac="true">between each thing we didn't really want</p>
  <p time="845000" is_ac="true">to get dessert and also there was</p>
  <p time="846240" is_ac="true">nothing chocolatey on there so we just</p>
  <p time="848199" is_ac="true">went home I would not go back 100% I</p>
  <p time="852000" is_ac="true">wouldn't recommend it to a friend the</p>
  <p time="854160" is_ac="true">biggest Pro was the service we had the</p>
  <p time="856639" is_ac="true">most lovely waiter of all time he was</p>
  <p time="859320" is_ac="true">fantastic and as I mentioned the meat</p>
  <p time="861959" is_ac="true">from the table next to us got sent back</p>
  <p time="864240" is_ac="true">and he was so attentive so helpful so</p>
  <p time="866560" is_ac="true">kind to them and I will just say the</p>
  <p time="868240" is_ac="true">food was not good it just wasn't good</p>
  <p time="870519" is_ac="true">the beef wellington was burnt the meat</p>
  <p time="872320" is_ac="true">was chewy everything was really salty</p>
  <p time="875000" is_ac="true">and there was no chocolate dessert on</p>
  <p time="876959" is_ac="true">the menu which if you've watched my</p>
  <p time="878240" is_ac="true">videos for long enough there always</p>
  <p time="879560" is_ac="true">needs to be a chocolate dessert on the</p>
  <p time="880759" is_ac="true">menu okay that's just that's just what</p>
  <p time="882959" is_ac="true">needs to happen Gordon Ramsey of boy</p>
  <p time="884399" is_ac="true">Grill does not get a thumbs up from me</p>
  <p time="886800" is_ac="true">we've done Street Pizza now we're off to</p>
  <p time="889199" is_ac="true">Street Burger Street Burger had very</p>
  <p time="892079" is_ac="true">similar Vibes to Street Pizza I can</p>
  <p time="893759" is_ac="true">definitely see that they're part of the</p>
  <p time="895040" is_ac="true">same chain it was very empty just like</p>
  <p time="897720" is_ac="true">Street Pizza as well but we were there</p>
  <p time="899680" is_ac="true">on a Monday so I guess that's why now we</p>
  <p time="902199" is_ac="true">just went for the chips and the burger</p>
  <p time="904560" is_ac="true">deal which is £18 but as you can see on</p>
  <p time="906880" is_ac="true">the side they do have the same wings</p>
  <p time="908759" is_ac="true">that you can get at Street Pizza they</p>
  <p time="911120" is_ac="true">also had a few different side options we</p>
  <p time="913360" is_ac="true">thought we would get a few different</p>
  <p time="914639" is_ac="true">things to try and see if they were any</p>
  <p time="916959" is_ac="true">good or not all got this burger cuz it</p>
  <p time="919040" is_ac="true">was recommended by the waiter and I also</p>
  <p time="921079" is_ac="true">got the side curly fries and we also got</p>
  <p time="924320" is_ac="true">the onion rings and the chopped salad</p>
  <p time="926160" is_ac="true">cuz I feel like we wanted to make sure</p>
  <p time="927759" is_ac="true">that we gave it a good go this was the</p>
  <p time="930000" is_ac="true">chopped salad and oh my goodness the</p>
  <p time="932560" is_ac="true">fries that they have at Street bger are</p>
  <p time="936680" is_ac="true">unreal I haven't had a good chip like</p>
  <p time="938800" is_ac="true">that in such a long time I feel like</p>
  <p time="940560" is_ac="true">places really need to learn how to do</p>
  <p time="942360" is_ac="true">their chips again because these were</p>
  <p time="944040" is_ac="true">amazing the seasoning they were crispy</p>
  <p time="945519" is_ac="true">on the outside fluffy in the middle and</p>
  <p time="947399" is_ac="true">then we moved on to the onion rings at</p>
  <p time="948959" is_ac="true">this point we are buzzed because it was</p>
  <p time="951120" is_ac="true">such a great experience the onion rings</p>
  <p time="953319" is_ac="true">we but all said were the best onion</p>
  <p time="954920" is_ac="true">rings that we have ever had in our life</p>
  <p time="957040" is_ac="true">they were crispy they were crunchy they</p>
  <p time="959040" is_ac="true">had flavoring they had seasoning also</p>
  <p time="960920" is_ac="true">all the different sources kind of fun</p>
  <p time="963279" is_ac="true">absolutely Sublime but then we have the</p>
  <p time="965079" is_ac="true">stark contrast of the chopped salad and</p>
  <p time="967440" is_ac="true">the burger being such a let down it's</p>
  <p time="969560" is_ac="true">such a hard one to judge to go from</p>
  <p time="971199" is_ac="true">having the most delicious onion ring of</p>
  <p time="973560" is_ac="true">ever to having this weird chopped salad</p>
  <p time="975759" is_ac="true">that had a really weird seasoning on it</p>
  <p time="977880" is_ac="true">was kind of like paprika I don't know it</p>
  <p time="980079" is_ac="true">just felt wrong and then this burger I</p>
  <p time="982680" is_ac="true">mean there's a tiny bit of juice there</p>
  <p time="984440" is_ac="true">but I feel like a big tell to sign of if</p>
  <p time="986319" is_ac="true">the burger is going to be good or not is</p>
  <p time="987959" is_ac="true">if they are how you want it done but</p>
  <p time="989880" is_ac="true">they didn't ask they just cooked them</p>
  <p time="991440" is_ac="true">all like this and as you can see it's so</p>
  <p time="993399" is_ac="true">dry not juicy and it was just Bland and</p>
  <p time="996880" is_ac="true">disappointing and then to top it off</p>
  <p time="998920" is_ac="true">they didn't have any of the dessert</p>
  <p time="1000519" is_ac="true">options we wanted to try and get this</p>
  <p time="1002360" is_ac="true">edible chocolate cup because it was on</p>
  <p time="1004160" is_ac="true">all of the tables but they didn't even</p>
  <p time="1006160" is_ac="true">have it so it's a bit disappointing guys</p>
  <p time="1008680" is_ac="true">I'm really disappointed cuz Street</p>
  <p time="1010399" is_ac="true">Burger again was not good if you're a</p>
  <p time="1013160" is_ac="true">burger place you need to make sure that</p>
  <p time="1015279" is_ac="true">the burgers are fantastic absolutely</p>
  <p time="1017839" is_ac="true">mount on the mou gorgeous it was dry dry</p>
  <p time="1021399" is_ac="true">dry dry it was not good at all but the</p>
  <p time="1024439" is_ac="true">sides the sides were amazing but again</p>
  <p time="1028439" is_ac="true">they didn't have on every single table</p>
  <p time="1031240" is_ac="true">it had this little sign for the</p>
  <p time="1033280" is_ac="true">chocolate cup and ice cream so if you're</p>
  <p time="1035640" is_ac="true">going to have that on every table have</p>
  <p time="1037520" is_ac="true">it in stock they didn't even have it and</p>
  <p time="1039919" is_ac="true">they didn't have any of the other</p>
  <p time="1040880" is_ac="true">dessert options again they're doing</p>
  <p time="1042760" is_ac="true">their sides and their drinks really well</p>
  <p time="1044559" is_ac="true">but the mains are just letting them down</p>
  <p time="1047600" is_ac="true">let's see if headen Street Kitchen can</p>
  <p time="1050400" is_ac="true">wow us over headen Street Kitchen is</p>
  <p time="1053080" is_ac="true">kind of an in between it's kind of a</p>
  <p time="1055600" is_ac="true">more relaxed dining experience and it</p>
  <p time="1058320" is_ac="true">has the same menu as the bread Street</p>
  <p time="1060520" is_ac="true">Kitchen because I'd already done a lunch</p>
  <p time="1062679" is_ac="true">and a dinner at all the other</p>
  <p time="1063919" is_ac="true">restaurants I thought I would try out</p>
  <p time="1065559" is_ac="true">their breakfast menu and I have heard</p>
  <p time="1067400" is_ac="true">good things about the breakfast menu</p>
  <p time="1069200" is_ac="true">there it was a really nice vibe in there</p>
  <p time="1070840" is_ac="true">it kind of just felt like any sort of</p>
  <p time="1072679" is_ac="true">restaurant than you get in a town it</p>
  <p time="1074440" is_ac="true">didn't feel different from many places</p>
  <p time="1076360" is_ac="true">just like a leather chair classic</p>
  <p time="1078520" is_ac="true">obviously we got to check out the toilet</p>
  <p time="1080159" is_ac="true">because it's a very important part of</p>
  <p time="1081760" is_ac="true">the experience I actually got a bit lost</p>
  <p time="1083600" is_ac="true">trying to go back because it has this</p>
  <p time="1085480" is_ac="true">like bit in the middle and you can't</p>
  <p time="1087200" is_ac="true">really find the door out I was a bit</p>
  <p time="1088640" is_ac="true">lost but again it was very very quiet</p>
  <p time="1091360" is_ac="true">there was only about four other people</p>
  <p time="1093400" is_ac="true">in there the ex Florentine I mean look</p>
  <p time="1095440" is_ac="true">at it I feel like it just looks like</p>
  <p time="1097480" is_ac="true">it's been piped on there I got the</p>
  <p time="1099520" is_ac="true">pancakes with the bacon as a side and</p>
  <p time="1101400" is_ac="true">the bacon was not crispy as I like it</p>
  <p time="1104159" is_ac="true">the eggs were cooked to Perfection as</p>
  <p time="1105840" is_ac="true">you can see nice and runny but not too</p>
  <p time="1107559" is_ac="true">runny I feel like they did really well</p>
  <p time="1108919" is_ac="true">with that and the pancakes I mean the</p>
  <p time="1111159" is_ac="true">pancakes were all right I feel like</p>
  <p time="1113400" is_ac="true">bills do better I could take it or leave</p>
  <p time="1115440" is_ac="true">it if there was nowhere else to go I</p>
  <p time="1117320" is_ac="true">would go to the head and Street Kitchen</p>
  <p time="1119880" is_ac="true">my pancakes were not that fantastic and</p>
  <p time="1122320" is_ac="true">the service wasn't great and The Vibes</p>
  <p time="1124640" is_ac="true">just weren't there again I felt a bit</p>
  <p time="1126880" is_ac="true">disappointed by this one I did onto the</p>
  <p time="1130000" is_ac="true">final restaurant of all the restaurants</p>
  <p time="1131840" is_ac="true">I've saved the most fancy experience</p>
  <p time="1134159" is_ac="true">until last this was Petrus and this is</p>
  <p time="1137480" is_ac="true">like the bougie one of all it is a real</p>
  <p time="1141960" is_ac="true">fine dining experience it was £1 1220</p>
  <p time="1144720" is_ac="true">per person but they also have 150b per</p>
  <p time="1147919" is_ac="true">person menu but we went for the seasonal</p>
  <p time="1150400" is_ac="true">I will say that there are so many little</p>
  <p time="1152600" is_ac="true">hidden costs that you can have he came</p>
  <p time="1155000" is_ac="true">to us at the start he's like do you want</p>
  <p time="1156200" is_ac="true">extra truffle do you want cavat all</p>
  <p time="1158120" is_ac="true">these like little things that I was just</p>
  <p time="1159799" is_ac="true">I just felt bit overwhelmed and I also</p>
  <p time="1161440" is_ac="true">feel like in fancy places it's never</p>
  <p time="1164679" is_ac="true">nice turning something down because you</p>
  <p time="1166840" is_ac="true">feel real Cheapo and even like asking</p>
  <p time="1169240" is_ac="true">for a tap water I did feel a bit a</p>
  <p time="1171159" is_ac="true">little bit on edge by turning those</p>
  <p time="1173039" is_ac="true">things down like if it say it already</p>
  <p time="1174640" is_ac="true">says it in the menu caviat extra cost</p>
  <p time="1177360" is_ac="true">this I can see if I want caviar I'm</p>
  <p time="1179400" is_ac="true">going to get caviar but I don't want</p>
  <p time="1181320" is_ac="true">caviar so don't ask me if I want caviar</p>
  <p time="1184120" is_ac="true">because it's too expensive thank you The</p>
  <p time="1186679" is_ac="true">Vibes here were quite Immaculate</p>
  <p time="1188559" is_ac="true">actually there was something about it</p>
  <p time="1190200" is_ac="true">that kind of gave me conference room</p>
  <p time="1191840" is_ac="true">Vibe but I also felt very comfortable</p>
  <p time="1194440" is_ac="true">even considering it felt really fancy we</p>
  <p time="1196159" is_ac="true">got our little Mo B which oh my my</p>
  <p time="1198320" is_ac="true">goodness this cheese thing it tastes</p>
  <p time="1199679" is_ac="true">like a cheesee scone but miniature it</p>
  <p time="1200960" is_ac="true">was great and it was kind of like melt</p>
  <p time="1202240" is_ac="true">in the mouth it was warm it was really</p>
  <p time="1204280" is_ac="true">good so we were off to a good start then</p>
  <p time="1206320" is_ac="true">they came over and they poured this this</p>
  <p time="1208559" is_ac="true">tasted like it would have healed any</p>
  <p time="1210640" is_ac="true">sort of alien that I had it was the most</p>
  <p time="1213080" is_ac="true">delicious broth ever and then they moved</p>
  <p time="1214919" is_ac="true">in with more bread and there were a lot</p>
  <p time="1217039" is_ac="true">of things that we had these scallops</p>
  <p time="1218880" is_ac="true">were so tough and bouncy I kind of am</p>
  <p time="1222280" is_ac="true">firing through here because there were</p>
  <p time="1223640" is_ac="true">so many things but this deserves like 10</p>
  <p time="1226159" is_ac="true">minutes of appreciation this was deer</p>
  <p time="1228720" is_ac="true">and I've never had deer before but oh</p>
  <p time="1230679" is_ac="true">dear because it was one of the most</p>
  <p time="1233360" is_ac="true">amazing Meats I've ever had in such a</p>
  <p time="1235200" is_ac="true">contrast to all the other meats that I</p>
  <p time="1237120" is_ac="true">consumed at the Gordon Ramsey</p>
  <p time="1238440" is_ac="true">restaurants and then they finished with</p>
  <p time="1240000" is_ac="true">these little melines and the little</p>
  <p time="1241440" is_ac="true">chocolates so it was quite a pleasant</p>
  <p time="1243720" is_ac="true">experience I feel like for a fine dining</p>
  <p time="1246080" is_ac="true">experience the service was great the</p>
  <p time="1248000" is_ac="true">unlimited bread was fantastic and it was</p>
  <p time="1251919" is_ac="true">it was good it didn't blow me away I</p>
  <p time="1254120" is_ac="true">feel like this one deserves more credit</p>
  <p time="1256480" is_ac="true">than I gave it because I I am still</p>
  <p time="1258720" is_ac="true">thinking about like deer that I had it</p>
  <p time="1260120" is_ac="true">was the most succulent meat I've ever</p>
  <p time="1262480" is_ac="true">had in my life I've never had deer</p>
  <p time="1264120" is_ac="true">though so I haven't got much else to</p>
  <p time="1265559" is_ac="true">compare it to but the like Flavor</p>
  <p time="1267559" is_ac="true">pairings of that really was amazing but</p>
  <p time="1271039" is_ac="true">then it was such a fine dining</p>
  <p time="1273000" is_ac="true">restaurant and so expensive that I BL</p>
  <p time="1275039" is_ac="true">and hope it would be in comparison to</p>
  <p time="1276880" is_ac="true">those scallops which were so dry and</p>
  <p time="1279480" is_ac="true">bouncy probably the worst scallops I've</p>
  <p time="1281039" is_ac="true">ever had in my life so it's hard to</p>
  <p time="1282480" is_ac="true">judge cuz I feel like all the</p>
  <p time="1283840" is_ac="true">restaurants are such a contrast you have</p>
  <p time="1285480" is_ac="true">one thing that's really good like the</p>
  <p time="1287039" is_ac="true">curly fries at the burger place and then</p>
  <p time="1288799" is_ac="true">you have something really bad like the</p>
  <p time="1289919" is_ac="true">burger or the scallops it's just it's</p>
  <p time="1292120" is_ac="true">just a weird contrast so all in all we</p>
  <p time="1294400" is_ac="true">had quite a mixed bag from the golden</p>
  <p time="1296799" is_ac="true">Ramsey experience I feel like the main</p>
  <p time="1299440" is_ac="true">takeaways service fantastic the waiters</p>
  <p time="1302880" is_ac="true">and waitresses are so well trained they</p>
  <p time="1306080" is_ac="true">are so attentive and they really want to</p>
  <p time="1308080" is_ac="true">do a good job and the service of a meal</p>
  <p time="1311159" is_ac="true">is a real big part that I feel like</p>
  <p time="1313120" is_ac="true">people don't often take into</p>
  <p time="1314919" is_ac="true">consideration but honestly the service</p>
  <p time="1316640" is_ac="true">from Gordon Ramsey's restaurants big up</p>
  <p time="1319159" is_ac="true">the waiters and waitresses they know</p>
  <p time="1320400" is_ac="true">what they're doing number two I feel</p>
  <p time="1322200" is_ac="true">like the starters the drinks the</p>
  <p time="1324120" is_ac="true">desserts all of those were so good in</p>
  <p time="1326360" is_ac="true">every restaurant Mains were lacking were</p>
  <p time="1328799" is_ac="true">lacking finesse and I feel like</p>
  <p time="1331000" is_ac="true">especially the meat the burger the beef</p>
  <p time="1333559" is_ac="true">wellington the meat in my roast those</p>
  <p time="1336640" is_ac="true">sorts of things were not on point I</p>
  <p time="1338720" is_ac="true">don't know if they maybe need to get a</p>
  <p time="1340440" is_ac="true">different meat supplier maybe it's a</p>
  <p time="1341840" is_ac="true">meat Supply issue cuz for example in my</p>
  <p time="1343799" is_ac="true">roast it was cooked to Perfection but</p>
  <p time="1346120" is_ac="true">they're like it was just gamming it was</p>
  <p time="1348039" is_ac="true">was just a bad bit of beef the place I</p>
  <p time="1350200" is_ac="true">would probably go back to is Street</p>
  <p time="1351760" is_ac="true">Pizza because I just think that whole</p>
  <p time="1353400" is_ac="true">experience was really really fun and I</p>
  <p time="1355520" is_ac="true">also did quite like lucky cat I really</p>
  <p time="1357640" is_ac="true">like those starters I really did but the</p>
  <p time="1360279" is_ac="true">other ones I could take it or leave it</p>
  <p time="1362360" is_ac="true">and the one I won't be going back to is</p>
  <p time="1364279" is_ac="true">straet Burger I'm sorry I did not like</p>
  <p time="1366679" is_ac="true">that burger but the chips were really</p>
  <p time="1368880" is_ac="true">good anyway I hope you've enjoyed this</p>
  <p time="1370919" is_ac="true">video let me know your thoughts have you</p>
  <p time="1372559" is_ac="true">ever been to a Gordon Ramsey restaurant</p>
  <p time="1374039" is_ac="true">before did you like it did you not what</p>
  <p time="1376360" is_ac="true">did you think let me know if you want me</p>
  <p time="1378320" is_ac="true">to try any other celebrity Chef's</p>
  <p time="1380039" is_ac="true">Restaurant I love you all loads</p>
  <p time="1382000" is_ac="true">subscribe if you want to see more it's</p>
  <p time="1383679" is_ac="true">free to do that peace out</p>
  <p time="1388760" is_ac="true">punks</p>
</text>
