<?xml version='1.0' encoding='UTF-8'?>
<text date_d="28" date_m="1" date_y="2024" format="srv3" age_limit="0" comment_count="830" description="i was not made for fancy places&#10;&#10;Follow Me Here:&#10;http://twitter.com/DylanHyper&#10;http://instagram.com/DylanHyper" fulltitle="I Tested The World's Most Luxurious Restaurants" like_count="26445" location="na" playlist_title="na" release_date="na" upload_date="20240128" repost_count="na" tags="dylan; food; world's most luxurious restaurant; world's most expensive restaurants; I Tested The World's Most Luxurious Restaurants; restaurant reviews; " title="I Tested The World's Most Luxurious Restaurants" uploader="Dylan" view_count="975984" webpage_url="https://www.youtube.com/watch?v=N7li-6TsxMo" autocaption="true">
  <p time="80" is_ac="true">this little French restaurant has an</p>
  <p time="1360" is_ac="true">appetizer that cost $90 a 20 course</p>
  <p time="4319" is_ac="true">dinner at this gorgeous restaurant in</p>
  <p time="5920" is_ac="true">New York costed 320 bucks per person and</p>
  <p time="9320" is_ac="true">this restaurant was ranked one of the</p>
  <p time="11000" is_ac="true">best and most expensive places to eat on</p>
  <p time="13799" is_ac="true">the planet but are these super fancy</p>
  <p time="15920" is_ac="true">restaurants even that good I want to</p>
  <p time="18199" is_ac="true">know so I'll be dining at some of the</p>
  <p time="19720" is_ac="true">world's most luxurious restaurants to</p>
  <p time="21560" is_ac="true">see if they're actually worth the price</p>
  <p time="23599" is_ac="true">or if they're just a scam starting in</p>
  <p time="26519" is_ac="true">Los Alamos</p>
  <p time="28160" is_ac="true">California the uh one Michelin</p>
  <p time="30480" is_ac="true">restaurants behind me this is Bells a</p>
  <p time="33079" is_ac="true">French inspired beastro with one</p>
  <p time="34760" is_ac="true">Michelin star it's run by Chef Daisy</p>
  <p time="37040" is_ac="true">Ryan and it's got $3 signs on Google</p>
  <p time="40039" is_ac="true">that means</p>
  <p time="41160" is_ac="true">expensive okay guys seriously look at</p>
  <p time="43079" is_ac="true">this place it's adorable it's so tiny</p>
  <p time="46160" is_ac="true">now the Michelin stars supposedly</p>
  <p time="47760" is_ac="true">represent the highest level of food and</p>
  <p time="49719" is_ac="true">restaurant experience possible that's</p>
  <p time="51920" is_ac="true">why eating at these restaurants comes</p>
  <p time="53359" is_ac="true">with a very big price tag but some</p>
  <p time="55680" is_ac="true">people consider these restaurants</p>
  <p time="57559" is_ac="true">overrated there's only one way to find</p>
  <p time="59480" is_ac="true">out though so here's the thing I've</p>
  <p time="61239" is_ac="true">never actually eaten at a Michin Star</p>
  <p time="62399" is_ac="true">Restaurant before so I have no idea what</p>
  <p time="65040" is_ac="true">to</p>
  <p time="66100" is_ac="true">[Music]</p>
  <p time="68920" is_ac="true">expect morning coming so the inside of</p>
  <p time="72000" is_ac="true">the restaurant was surprisingly pretty</p>
  <p time="73680" is_ac="true">cozy and inviting this is what a fancy</p>
  <p time="76040" is_ac="true">restaurant usually looks like pretty</p>
  <p time="77799" is_ac="true">lame but here it feels like you're just</p>
  <p time="79759" is_ac="true">inside someone's</p>
  <p time="81240" is_ac="true">house so I just sat down and this place</p>
  <p time="84520" is_ac="true">is even cuter inside than it is outside</p>
  <p time="87159" is_ac="true">I ordered a cup of coffee since it was</p>
  <p time="88560" is_ac="true">11:00 in the morning I feel Fancy with</p>
  <p time="91000" is_ac="true">my</p>
  <p time="92759" is_ac="true">coffee that a good coffee I needed that</p>
  <p time="96079" is_ac="true">then I took a look at the menu and</p>
  <p time="97600" is_ac="true">noticed there was an appetizer that</p>
  <p time="99240" is_ac="true">costed</p>
  <p time="100560" is_ac="true">$90 feels a little scammy to me okay so</p>
  <p time="104439" is_ac="true">my waiter said to get the Santa Barbara</p>
  <p time="106280" is_ac="true">oi for the content so I did I also got</p>
  <p time="109680" is_ac="true">snails the price definitely threw me off</p>
  <p time="112079" is_ac="true">but it's fine what I was most worried</p>
  <p time="114000" is_ac="true">about was this review I found from De o</p>
  <p time="116759" is_ac="true">don't go here if you're hungry this</p>
  <p time="119000" is_ac="true">restaurant is stingy their Entre are</p>
  <p time="121840" is_ac="true">tiny and I mean microscopic one star it</p>
  <p time="125560" is_ac="true">didn't take long for the food to come</p>
  <p time="126920" is_ac="true">out and at first glance pretty small</p>
  <p time="129599" is_ac="true">these are just the appetizers though so</p>
  <p time="131720" is_ac="true">hopefully they taste good this is the</p>
  <p time="133879" is_ac="true">Santa Barbara oi caviar panacotta fancy</p>
  <p time="137920" is_ac="true">words but very cute spoon if you didn't</p>
  <p time="140879" is_ac="true">know oi is sea urchin this ugly guy I</p>
  <p time="143959" is_ac="true">got a big scoop with my tiny</p>
  <p time="146840" is_ac="true">spoon oh that's that's fantastic what</p>
  <p time="150640" is_ac="true">thank you for recommending this so good</p>
  <p time="152800" is_ac="true">right you try the uh snails let me know</p>
  <p time="155319" is_ac="true">forgot I ordered snails how am I</p>
  <p time="157800" is_ac="true">supposed to eat it okay so get a piece</p>
  <p time="160480" is_ac="true">of the bread I was told to eat a piece</p>
  <p time="162440" is_ac="true">of bread and dip it in here how I do</p>
  <p time="165720" is_ac="true">this the snails weren't bad they were</p>
  <p time="168400" is_ac="true">actually pretty good with the appetizers</p>
  <p time="170239" is_ac="true">out of the way I ordered a few Entre</p>
  <p time="172360" is_ac="true">that way I could</p>
  <p time="174519" is_ac="true">test all right I see the food coming out</p>
  <p time="177200" is_ac="true">it's the moment of truth is it</p>
  <p time="179920" is_ac="true">microscopic oh wo turns out this may</p>
  <p time="183000" is_ac="true">have been a mistake whoa okay I don't</p>
  <p time="185680" is_ac="true">know what that review was talking about</p>
  <p time="187360" is_ac="true">this is</p>
  <p time="188840" is_ac="true">huge I got this egg salad</p>
  <p time="192200" is_ac="true">sandwich pretty yummy and this giant pot</p>
  <p time="195319" is_ac="true">of a muscles and Fries a lot of food I</p>
  <p time="198440" is_ac="true">was told to take the fries and dip it in</p>
  <p time="200440" is_ac="true">the</p>
  <p time="202720" is_ac="true">broth that's the best dipping sauce for</p>
  <p time="204599" is_ac="true">French fries I've ever had the entire</p>
  <p time="206040" is_ac="true">meal ended up costing</p>
  <p time="208439" is_ac="true">$161.9 which wasn't too bad since I</p>
  <p time="210720" is_ac="true">ordered a lot of food very good okay now</p>
  <p time="213480" is_ac="true">that lunch is over I definitely see why</p>
  <p time="215159" is_ac="true">this place has a Michelin star my</p>
  <p time="216920" is_ac="true">favorite part was the fact that this</p>
  <p time="219120" is_ac="true">restaurant feels very cozy and very</p>
  <p time="222000" is_ac="true">inviting honestly y'all I'm expecting</p>
  <p time="224280" is_ac="true">something completely different from the</p>
  <p time="226280" is_ac="true">two and three star</p>
  <p time="230400" is_ac="true">restaurants I am now in ter town in New</p>
  <p time="233280" is_ac="true">York behind me is a 2023 Toyota Camry</p>
  <p time="236599" is_ac="true">the next restaurant that I'm going to is</p>
  <p time="237799" is_ac="true">on a hill so I have to drive there</p>
  <p time="240799" is_ac="true">I also brought my girlfriend hi Carrie</p>
  <p time="243480" is_ac="true">hello so we're driving to the restaurant</p>
  <p time="245519" is_ac="true">now and I've only seen pictures of it</p>
  <p time="247840" is_ac="true">online but the thing is it's on a huge</p>
  <p time="250920" is_ac="true">Farm which is going to be so different</p>
  <p time="253239" is_ac="true">than the tiny onear restaurant that I</p>
  <p time="255079" is_ac="true">was just at but despite this restaurant</p>
  <p time="257239" is_ac="true">supposedly being amazing there's a lot</p>
  <p time="259680" is_ac="true">of bad reviews about this place this guy</p>
  <p time="261720" is_ac="true">Frank even said the restaurant was a big</p>
  <p time="263680" is_ac="true">scam but I will be the judge of that we</p>
  <p time="266800" is_ac="true">made it</p>
  <p time="268039" is_ac="true">y'all this place is huge this is blue</p>
  <p time="270840" is_ac="true">hill at Stone Barnes a two Michelin star</p>
  <p time="273160" is_ac="true">restaurant focused on Farm totable style</p>
  <p time="275160" is_ac="true">food owned by Chef Dan Barber and it has</p>
  <p time="278400" is_ac="true">$4 signs on Google things are getting</p>
  <p time="281400" is_ac="true">more expensive our reservation actually</p>
  <p time="283479" is_ac="true">starts with a walking tour of the entire</p>
  <p time="285400" is_ac="true">property but before we get into all that</p>
  <p time="287919" is_ac="true">there's some reviews I got to look at so</p>
  <p time="289600" is_ac="true">this first review is from M smyrnov this</p>
  <p time="292080" is_ac="true">one's literally just a picture of a cat</p>
  <p time="294639" is_ac="true">um and it's one star so it also has</p>
  <p time="298240" is_ac="true">three thumbs up so I don't really know</p>
  <p time="301199" is_ac="true">what that means is this cat on like the</p>
  <p time="303160" is_ac="true">property why would you give a cat one</p>
  <p time="304759" is_ac="true">star did it like bite you or something I</p>
  <p time="306520" is_ac="true">don't really know what to expect but</p>
  <p time="309000" is_ac="true">we're going to I'm going to go walk now</p>
  <p time="311520" is_ac="true">so the walking tour begins at the</p>
  <p time="312919" is_ac="true">restaurant's green houses where they</p>
  <p time="314360" is_ac="true">actually grow all of their own</p>
  <p time="315720" is_ac="true">vegetables this was supposed to be very</p>
  <p time="318199" is_ac="true">educational but I'll be honest I was</p>
  <p time="320240" is_ac="true">focused on finding Mel's cat nothing so</p>
  <p time="322720" is_ac="true">far pretty sure that's not a cat nothing</p>
  <p time="325440" is_ac="true">in the distance either so far I'm not</p>
  <p time="329000" is_ac="true">seeing any cats there are cute pigs</p>
  <p time="332160" is_ac="true">though look at that oh wait I just</p>
  <p time="334400" is_ac="true">realized are we going to eat</p>
  <p time="336319" is_ac="true">them once the tour was over we were led</p>
  <p time="338759" is_ac="true">to an area where there was an army of</p>
  <p time="340479" is_ac="true">waiters and waitresses waiting for us</p>
  <p time="343000" is_ac="true">how does this work for yes okay okay I</p>
  <p time="346600" is_ac="true">know it's confusing a bunch of people</p>
  <p time="347880" is_ac="true">I'm</p>
  <p time="349840" is_ac="true">[Music]</p>
  <p time="351680" is_ac="true">intimidated so we just got seated and um</p>
  <p time="356039" is_ac="true">this place is crazy looking the dining</p>
  <p time="357639" is_ac="true">area was massive and very f fancy it</p>
  <p time="360120" is_ac="true">used to be an old dairy barn for the</p>
  <p time="361680" is_ac="true">Rockefellers who were one of the richest</p>
  <p time="363880" is_ac="true">families like ever just like they out of</p>
  <p time="367319" is_ac="true">place cuz I'm just a boy so at a dinner</p>
  <p time="369199" is_ac="true">like this the chef decides everything</p>
  <p time="371199" is_ac="true">you're going to eat this entire meal is</p>
  <p time="373039" is_ac="true">supposed to be 20 courses so I have no</p>
  <p time="375039" is_ac="true">idea what to expect but boy was I</p>
  <p time="377199" is_ac="true">surprised when the first dish ended up</p>
  <p time="379720" is_ac="true">being straight up raw vegetables do I</p>
  <p time="383000" is_ac="true">dip this I don't know I feel so lost now</p>
  <p time="386240" is_ac="true">look I don't hate vegetables but this is</p>
  <p time="388560" is_ac="true">not what I expect to pay a lot of money</p>
  <p time="390680" is_ac="true">for this is not off to the best start</p>
  <p time="393880" is_ac="true">but it's fine let's check out the next</p>
  <p time="395960" is_ac="true">review from Nicole s okay starting off</p>
  <p time="399120" is_ac="true">the concept is good the weight staff is</p>
  <p time="401360" is_ac="true">admittedly impeccable and the service is</p>
  <p time="403680" is_ac="true">absolutely designed to be catered to</p>
  <p time="405560" is_ac="true">your every need however all of this is a</p>
  <p time="409120" is_ac="true">little overwhelming the weight staff</p>
  <p time="410919" is_ac="true">moves in complete Unison and I'm not</p>
  <p time="413120" is_ac="true">exaggerating it's honestly kind of</p>
  <p time="415240" is_ac="true">creepy and cult likee one star for this</p>
  <p time="418919" is_ac="true">I'm just going to be observing everyone</p>
  <p time="421080" is_ac="true">all of the white stuff in the restaurant</p>
  <p time="422960" is_ac="true">I'll let you know what I think the</p>
  <p time="424080" is_ac="true">review seemed very exaggerated at first</p>
  <p time="426720" is_ac="true">but after watching for a little</p>
  <p time="432160" is_ac="true">while I know it's not just me things</p>
  <p time="435440" is_ac="true">feel a little</p>
  <p time="436919" is_ac="true">weird I mean look at this dude's posture</p>
  <p time="440039" is_ac="true">it's perfect while I was people watching</p>
  <p time="442879" is_ac="true">a few other courses came out along with</p>
  <p time="445160" is_ac="true">this dude that sliced shuder at the</p>
  <p time="446759" is_ac="true">table that was pretty cool also got this</p>
  <p time="448759" is_ac="true">interesting rainbow trout and swordfish</p>
  <p time="450840" is_ac="true">pastrami dish my girlfriend had a pretty</p>
  <p time="453160" is_ac="true">accurate description for this it tastes</p>
  <p time="455280" is_ac="true">the way that leather smells is that good</p>
  <p time="458720" is_ac="true">or very good for me I like it too so I</p>
  <p time="462759" is_ac="true">don't</p>
  <p time="463479" is_ac="true">know then a few moments later they</p>
  <p time="466319" is_ac="true">brought a dish called face bacon I'm</p>
  <p time="469000" is_ac="true">going to blur this for yall it was</p>
  <p time="470520" is_ac="true">basically pork rinds except served on a</p>
  <p time="472560" is_ac="true">pig skull the pork rindes didn't taste</p>
  <p time="474680" is_ac="true">bad but while I was eating it all I</p>
  <p time="476479" is_ac="true">could think about were the little</p>
  <p time="478000" is_ac="true">piggies and to make it even weirder you</p>
  <p time="480280" is_ac="true">are not going to believe what they</p>
  <p time="481639" is_ac="true">brought out next this is pheasant which</p>
  <p time="483720" is_ac="true">is a type of game bird it's supposed to</p>
  <p time="485680" is_ac="true">be really tasty and I was very excited</p>
  <p time="487560" is_ac="true">to try it until they brought out a dead</p>
  <p time="490039" is_ac="true">bird yeah a dead bird right so these are</p>
  <p time="492400" is_ac="true">the feathers I wish I was making this up</p>
  <p time="495599" is_ac="true">how do you feel about now eating the</p>
  <p time="500840" is_ac="true">bird after seeing</p>
  <p time="502319" is_ac="true">that I kind of feel guilty but also it</p>
  <p time="506639" is_ac="true">was already dead so I think I'd feel</p>
  <p time="508800" is_ac="true">more guilty if I didn't eat it yeah I'm</p>
  <p time="511879" is_ac="true">okay eating it but despite the</p>
  <p time="513560" is_ac="true">interesting food choices I will say the</p>
  <p time="515839" is_ac="true">service has been literally</p>
  <p time="518680" is_ac="true">perfect almost too perfect though</p>
  <p time="521240" is_ac="true">Nicole's review was spoton the staff was</p>
  <p time="523560" is_ac="true">impeccable but every single interaction</p>
  <p time="525640" is_ac="true">felt rehearsed kind of like talking to</p>
  <p time="527680" is_ac="true">an NPC in a video game if you know what</p>
  <p time="529480" is_ac="true">I mean would you say it is slightly cult</p>
  <p time="534040" is_ac="true">like honestly yeah it does kind of give</p>
  <p time="536640" is_ac="true">that Vibe they're a little</p>
  <p time="538200" is_ac="true">sneaky</p>
  <p time="540519" is_ac="true">so dinner's wrapping up we just had</p>
  <p time="542120" is_ac="true">dessert the thing</p>
  <p time="544480" is_ac="true">is now I don't know what to expect out</p>
  <p time="547399" is_ac="true">of the three star Michelin restaurant</p>
  <p time="549560" is_ac="true">the bill ended up being</p>
  <p time="552240" is_ac="true">$1,524 and while there were some dishes</p>
  <p time="554839" is_ac="true">I enjoyed I feel like spending this much</p>
  <p time="556959" is_ac="true">money on mostly vegetables and a kind of</p>
  <p time="559360" is_ac="true">uncomfortable experience was not my best</p>
  <p time="561920" is_ac="true">financial decision Goodbye Blue Hill</p>
  <p time="564000" is_ac="true">Stone</p>
  <p time="567079" is_ac="true">Barnes ooh it's cold and San Francisco</p>
  <p time="570600" is_ac="true">uh for Dylan yeah perfect so this next</p>
  <p time="573959" is_ac="true">restaurant is a pretty big deal it was</p>
  <p time="576040" is_ac="true">once ranked the 28th best restaurant in</p>
  <p time="578480" is_ac="true">the entire world but after that last</p>
  <p time="580279" is_ac="true">restaurant I have no idea if I should</p>
  <p time="582560" is_ac="true">expect good things thank you too have a</p>
  <p time="584160" is_ac="true">good</p>
  <p time="585240" is_ac="true">night all right we made it wait hold on</p>
  <p time="589000" is_ac="true">my brightness is low there it is holy</p>
  <p time="592519" is_ac="true">cow I can't believe we're here welcome</p>
  <p time="595200" is_ac="true">to benu it's a three Michelin star</p>
  <p time="597440" is_ac="true">contemporary restaurant focused on on</p>
  <p time="599320" is_ac="true">Asian Cuisine it's run by world-renowned</p>
  <p time="601600" is_ac="true">Chef Cory Lee and you guessed it it has</p>
  <p time="604079" is_ac="true">four doll signs on Google but despite</p>
  <p time="607079" is_ac="true">being one of the best restaurants in the</p>
  <p time="608320" is_ac="true">world the reviews are pretty harsh</p>
  <p time="611079" is_ac="true">kiyoka H says the seasoning was not</p>
  <p time="613519" is_ac="true">delicious the table attendant repeatedly</p>
  <p time="616000" is_ac="true">took the food in the middle of eating</p>
  <p time="618120" is_ac="true">one star or this one from ranting ya the</p>
  <p time="621040" is_ac="true">food was creative but not to the three</p>
  <p time="623279" is_ac="true">star level the service was awful you</p>
  <p time="626440" is_ac="true">have to wave to get the waiter's</p>
  <p time="627800" is_ac="true">attention to add water or change plates</p>
  <p time="629680" is_ac="true">for you one star I'm going to be honest</p>
  <p time="631360" is_ac="true">I don't know where else this guy is</p>
  <p time="632399" is_ac="true">eating but he seems picky lastly we have</p>
  <p time="634880" is_ac="true">one from Jody I made a reservation for</p>
  <p time="637079" is_ac="true">four people but had to change it they</p>
  <p time="639120" is_ac="true">got mad I had four CEOs of top Silicon</p>
  <p time="642120" is_ac="true">Valley startups with me bad service all</p>
  <p time="644639" is_ac="true">around one star she was angry when she</p>
  <p time="646880" is_ac="true">wrote this it's time for my reservation</p>
  <p time="649079" is_ac="true">uh here's the thing I actually made the</p>
  <p time="650399" is_ac="true">reservation for two people and it's just</p>
  <p time="652600" is_ac="true">me today so yeah time to see if they'll</p>
  <p time="654720" is_ac="true">get mad at</p>
  <p time="658040" is_ac="true">me</p>
  <p time="663839" is_ac="true">hello it's for two but it's just me</p>
  <p time="665920" is_ac="true">tonight is that okay I was immediately</p>
  <p time="667720" is_ac="true">taken and asked to sit in a waiting area</p>
  <p time="669800" is_ac="true">while they figured out my</p>
  <p time="672240" is_ac="true">reservation cool thank you appreciate it</p>
  <p time="674639" is_ac="true">I was a little worried this was going to</p>
  <p time="676120" is_ac="true">be a</p>
  <p time="677240" is_ac="true">problem but after a little while okay so</p>
  <p time="680839" is_ac="true">I just got seated nobody got mad so</p>
  <p time="684320" is_ac="true">we're</p>
  <p time="685680" is_ac="true">good so after being seated I was</p>
  <p time="687959" is_ac="true">immediately handed a hot towel very</p>
  <p time="690639" is_ac="true">fancy right off the bat guys this place</p>
  <p time="693079" is_ac="true">feels way less overwhelming than the two</p>
  <p time="695959" is_ac="true">star Michelin restaurant it feels kind</p>
  <p time="698120" is_ac="true">of laidback which is surprising it's</p>
  <p time="700120" is_ac="true">still fancy but like not intense fancy</p>
  <p time="704079" is_ac="true">it is a little awkward eating by myself</p>
  <p time="706360" is_ac="true">though that's the other camera now even</p>
  <p time="708880" is_ac="true">though I'm pretty happy with everything</p>
  <p time="710160" is_ac="true">so far there are three main issues with</p>
  <p time="712399" is_ac="true">this place I've already proved the first</p>
  <p time="714480" is_ac="true">one wrong they didn't get mad at me so</p>
  <p time="717040" is_ac="true">that's good we'll see if the others are</p>
  <p time="718519" is_ac="true">true though now dinner at benu starts</p>
  <p time="720279" is_ac="true">with a few small bites like this</p>
  <p time="722120" is_ac="true">thousand-year-old quail egg with ginger</p>
  <p time="724079" is_ac="true">and cabbage juice it didn't sound super</p>
  <p time="726279" is_ac="true">appetizing at first but it's plated very</p>
  <p time="731440" is_ac="true">cute my initial thoughts absolutely</p>
  <p time="734399" is_ac="true">amazing then the waitress recommended</p>
  <p time="736160" is_ac="true">some fancy sake I ordered it but it</p>
  <p time="738760" is_ac="true">turns out I don't like sake it's fine</p>
  <p time="741760" is_ac="true">though I started chugging water to get</p>
  <p time="743199" is_ac="true">rid of The Taste time to see if my water</p>
  <p time="745240" is_ac="true">is going to get</p>
  <p time="747880" is_ac="true">refilled</p>
  <p time="751360" is_ac="true">19 seconds so it seems like benu is off</p>
  <p time="753560" is_ac="true">to a great start two of the harshest</p>
  <p time="755680" is_ac="true">reviews are already busted now the next</p>
  <p time="757720" is_ac="true">course is a crispy fried frog leg</p>
  <p time="760120" is_ac="true">sauteed with chilies this is a</p>
  <p time="768360" is_ac="true">first it kind of tastes like chicken</p>
  <p time="770839" is_ac="true">it's perfectly fried and so juicy now</p>
  <p time="773839" is_ac="true">just like Blue Hill at Stone Barnes a</p>
  <p time="775360" is_ac="true">majority of the next dishes were small</p>
  <p time="777320" is_ac="true">bites but the flavors of of these were</p>
  <p time="779320" is_ac="true">on another level I especially loved</p>
  <p time="782639" is_ac="true">these pine of mushroom Xiao long bows</p>
  <p time="785120" is_ac="true">which made a wave of nostalgia just hit</p>
  <p time="788160" is_ac="true">me I used to eat these all the time as a</p>
  <p time="790800" is_ac="true">kid and it's the first dish that</p>
  <p time="792360" is_ac="true">genuinely made me a little emotional oh</p>
  <p time="795079" is_ac="true">my God those were amazing I'm pretty</p>
  <p time="797320" is_ac="true">sure they almost made me cry so now that</p>
  <p time="800000" is_ac="true">two of the bad reviews are completely</p>
  <p time="802199" is_ac="true">busted there's only one more to test so</p>
  <p time="805320" is_ac="true">this next course was very big it was a</p>
  <p time="807600" is_ac="true">variety of little dishes that that could</p>
  <p time="809079" is_ac="true">be mixed and matched together there was</p>
  <p time="811360" is_ac="true">half-dried fluke with seasonal</p>
  <p time="812680" is_ac="true">vegetables marinated raw spot prawns</p>
  <p time="815079" is_ac="true">cabbage manari kimchi rice and a bunch</p>
  <p time="817360" is_ac="true">of other stuff I get to essentially eat</p>
  <p time="819360" is_ac="true">this however I want I can make little</p>
  <p time="820800" is_ac="true">wraps I can add the rice and eat it with</p>
  <p time="822480" is_ac="true">the fish it's a it's a DIY meal of</p>
  <p time="826519" is_ac="true">course this is the best opportunity for</p>
  <p time="828880" is_ac="true">me to test kiyoko's review I spent an</p>
  <p time="831680" is_ac="true">aggressively long time eating all of the</p>
  <p time="834160" is_ac="true">food and while I was mid bit a waiter</p>
  <p time="837959" is_ac="true">actually came up to to me and said now</p>
  <p time="839880" is_ac="true">did you want some more rice there</p>
  <p time="842480" is_ac="true">um sure yeah okay I'll let Chef know</p>
  <p time="846519" is_ac="true">okay awesome thank you turns out they</p>
  <p time="848240" is_ac="true">did the exact opposite of the review</p>
  <p time="850880" is_ac="true">fantastic appreciate it and once I</p>
  <p time="852959" is_ac="true">stopped</p>
  <p time="854440" is_ac="true">eating because of the reviews I expected</p>
  <p time="856920" is_ac="true">them to take the dishes away but they</p>
  <p time="858560" is_ac="true">didn't they let me finish the food bad</p>
  <p time="860440" is_ac="true">review number three debunked the last</p>
  <p time="863279" is_ac="true">two courses were both desserts still</p>
  <p time="865480" is_ac="true">have no idea how I finished these I was</p>
  <p time="867440" is_ac="true">stuffed i s in is wrapping up soon and I</p>
  <p time="870320" is_ac="true">have some thoughts so far the experience</p>
  <p time="873920" is_ac="true">has been unreal this is dramatically</p>
  <p time="877600" is_ac="true">different than all of the other</p>
  <p time="879240" is_ac="true">restaurants I've ever been to in my</p>
  <p time="880880" is_ac="true">entire life the total cost of eating</p>
  <p time="883079" is_ac="true">here was</p>
  <p time="885279" is_ac="true">$199.95 which yes is a lot of money and</p>
  <p time="888199" is_ac="true">did stress me out I still thought the</p>
  <p time="890120" is_ac="true">creativity behind the food perfect</p>
  <p time="892079" is_ac="true">service and just overall experience was</p>
  <p time="894560" is_ac="true">definitely worth it they also took me</p>
  <p time="896160" is_ac="true">back into the kitchen to meet the chef</p>
  <p time="898199" is_ac="true">that was very cool thanks for joining us</p>
  <p time="900040" is_ac="true">yeah appreciate it thank you nice to</p>
  <p time="901360" is_ac="true">meet you likewise bye thank you yeah</p>
  <p time="903959" is_ac="true">good luck with the video thank you</p>
  <p time="905320" is_ac="true">appreciate it well there you have it</p>
  <p time="907800" is_ac="true">there's dinner at a three star Michelin</p>
  <p time="909759" is_ac="true">restaurant it turns out not all of these</p>
  <p time="911680" is_ac="true">restaurants are</p>
  <p time="912959" is_ac="true">scams but some definitely are YouTube</p>
  <p time="916519" is_ac="true">thinks you'll like this video so go</p>
  <p time="918120" is_ac="true">check it out bye</p>
</text>
