<?xml version='1.0' encoding='UTF-8'?>
<text date_d="24" date_m="8" date_y="2023" format="srv3" age_limit="0" comment_count="16000" description="I need answers" fulltitle="I Tested 1-Star Restaurants" like_count="439598" location="na" playlist_title="na" release_date="na" upload_date="20230824" repost_count="na" tags="Ryan; Trahan; review; I tested 1 star yelp reviews; funny; yelp; vacation; hotel; $1; $1 vs. $100; " title="I Tested 1-Star Restaurants" uploader="Ryan Trahan" view_count="17332014" webpage_url="https://www.youtube.com/watch?v=VIwwE1QrsWw" autocaption="true">
  <p time="0" is_ac="true">one star reviews on Yelp are insane have</p>
  <p time="2340" is_ac="true">you ever left a one star review</p>
  <p time="3540" is_ac="true">somewhere I haven't look at this one I'm</p>
  <p time="6060" is_ac="true">so sick and tired of steak never coming</p>
  <p time="8580" is_ac="true">back to the steakhouse one star what do</p>
  <p time="11519" is_ac="true">you even mean by that Diane why did you</p>
  <p time="13500" is_ac="true">go look I have collected the craziest</p>
  <p time="15179" is_ac="true">one star Yelp reviews across all of</p>
  <p time="17400" is_ac="true">America and I am gonna put them to the</p>
  <p time="19320" is_ac="true">test because these people are either</p>
  <p time="21240" is_ac="true">lying or in desperate need of a class</p>
  <p time="23699" is_ac="true">action lawsuit and that's actually one</p>
  <p time="25380" is_ac="true">of the threats of one of the one star</p>
  <p time="26880" is_ac="true">reviews we're looking at today which is</p>
  <p time="28500" is_ac="true">crazy my only rule for this challenge is</p>
  <p time="30660" is_ac="true">I have to leave a five-star review at</p>
  <p time="32460" is_ac="true">every restaurant but I can't lie I just</p>
  <p time="35340" is_ac="true">recently moved into this space too so</p>
  <p time="36960" is_ac="true">I'm looking for excuses to buy</p>
  <p time="38820" is_ac="true">decorations and stuff</p>
  <p time="41820" is_ac="true">let's go to California fortunately I'm</p>
  <p time="43559" is_ac="true">on my way to LA with an appetite for</p>
  <p time="46500" is_ac="true">Chinese food which leads me to New Panda</p>
  <p time="48960" is_ac="true">Buffet this is the Google street view of</p>
  <p time="51120" is_ac="true">the place</p>
  <p time="52079" is_ac="true">I'm excited best case scenario I enjoy</p>
  <p time="54780" is_ac="true">my evening at New Panda Buffet worst</p>
  <p time="57239" is_ac="true">case scenario I get a 20 fill up box</p>
  <p time="59520" is_ac="true">from KFC so this is the first review</p>
  <p time="61559" is_ac="true">that I stumbled upon when I found this</p>
  <p time="63359" is_ac="true">Yelp page bear with me here it's a long</p>
  <p time="65640" is_ac="true">one yes me and my lovely beautiful</p>
  <p time="67619" is_ac="true">fiance and mother of my children we were</p>
  <p time="70140" is_ac="true">kid-free today because it's Mother's Day</p>
  <p time="72060" is_ac="true">and we wanted some good food so I say</p>
  <p time="73740" is_ac="true">hey I was calling a new spot a new Panda</p>
  <p time="75479" is_ac="true">Buffet so they they come up and ask what</p>
  <p time="78060" is_ac="true">do we want to drink we both ordered</p>
  <p time="79619" is_ac="true">strawberry soda so my fiance goes get</p>
  <p time="82140" is_ac="true">her food the waitress comes back with</p>
  <p time="84180" is_ac="true">the sodas and has too much in her hand</p>
  <p time="86159" is_ac="true">and sits them down on the table and</p>
  <p time="88080" is_ac="true">Spills it all over me in my 400 clothing</p>
  <p time="90299" is_ac="true">and 200 sneakers</p>
  <p time="93540" is_ac="true">one star</p>
  <p time="95100" is_ac="true">not a single comma the ride to the</p>
  <p time="97079" is_ac="true">restaurant was quite enjoyable apart</p>
  <p time="98759" is_ac="true">from my crippling inability to not</p>
  <p time="100619" is_ac="true">create small talk you ever been to New</p>
  <p time="102479" is_ac="true">Panda Buffet</p>
  <p time="114020" is_ac="true">[Music]</p>
  <p time="117020" is_ac="true">I'm in Los Angeles California I flew</p>
  <p time="119939" is_ac="true">here specifically because this</p>
  <p time="121680" is_ac="true">restaurant's yelpage is actually the</p>
  <p time="123600" is_ac="true">most hilarious thing I have ever seen</p>
  <p time="125040" is_ac="true">Jason M said saw person legit walk out</p>
  <p time="128099" is_ac="true">of the bathroom after taking a massive</p>
  <p time="129899" is_ac="true">dump and not wash their hands only to go</p>
  <p time="132420" is_ac="true">over to the desserts and touch about</p>
  <p time="133920" is_ac="true">five to six before deciding on one</p>
  <p time="136920" is_ac="true">one star the best way to describe the</p>
  <p time="139800" is_ac="true">whole Yelp page is unhinged if you look</p>
  <p time="142140" is_ac="true">at the world's usage of the word</p>
  <p time="143760" is_ac="true">unhinged it's perfectly correlated with</p>
  <p time="146040" is_ac="true">this restaurant you've got this guy</p>
  <p time="147420" is_ac="true">saying he gets food poisoning every time</p>
  <p time="150060" is_ac="true">he comes here which to me implies you've</p>
  <p time="153120" is_ac="true">been here at least five six times</p>
  <p time="154440" is_ac="true">haven't learned your lesson you've got</p>
  <p time="156300" is_ac="true">Cody ready to eat his orange chicken and</p>
  <p time="158580" is_ac="true">maybe confusing of all you've got not</p>
  <p time="160800" is_ac="true">one</p>
  <p time="161640" is_ac="true">but dozens of car repair photos</p>
  <p time="165840" is_ac="true">what where</p>
  <p time="168300" is_ac="true">before and after is this new Panda</p>
  <p time="170400" is_ac="true">Buffet or the Chamber of Secrets</p>
  <p time="174540" is_ac="true">definitely New Panda Buffet look I don't</p>
  <p time="176640" is_ac="true">know what I'm gonna rate Five Stars</p>
  <p time="177900" is_ac="true">about this place but I know for a fact</p>
  <p time="179459" is_ac="true">I'm gonna fall in love with this</p>
  <p time="181200" is_ac="true">restaurant let's go try it</p>
  <p time="187200" is_ac="true">oh no I'm can I eat here</p>
  <p time="190200" is_ac="true">oh yes please these share prices</p>
  <p time="195239" is_ac="true">thank you</p>
  <p time="197400" is_ac="true">bye-bye</p>
  <p time="198420" is_ac="true">[Music]</p>
  <p time="204120" is_ac="true">eventually someone else brought me to my</p>
  <p time="206280" is_ac="true">booth yeah for the most part we're</p>
  <p time="208080" is_ac="true">looking at a standard buffet restaurant</p>
  <p time="209760" is_ac="true">but also some of these images feel like</p>
  <p time="212519" is_ac="true">a place that I have been trapped in in a</p>
  <p time="215400" is_ac="true">recurring nightmare like I can't escape</p>
  <p time="217200" is_ac="true">this location like I keep I have</p>
  <p time="218940" is_ac="true">recurring dreams in which I can't can I</p>
  <p time="220440" is_ac="true">get an Orange Crush thank you Hiatus</p>
  <p time="222959" is_ac="true">ordered an orange crush I never order</p>
  <p time="225120" is_ac="true">Orange Crush What's Happening Here okay</p>
  <p time="227819" is_ac="true">we've got our orange Fanta here</p>
  <p time="231840" is_ac="true">plenty of carbonation</p>
  <p time="237659" is_ac="true">I'm like 50 sure that's Oliver tree</p>
  <p time="246659" is_ac="true">I need to go get a plate all right let's</p>
  <p time="248940" is_ac="true">process what has happened so far I</p>
  <p time="251040" is_ac="true">accidentally said goodbye to the hostess</p>
  <p time="252659" is_ac="true">I ordered an orange crush and my third</p>
  <p time="255060" is_ac="true">favorite artist from 2022 is eating at a</p>
  <p time="257280" is_ac="true">booth 10 feet away from me but for now</p>
  <p time="259019" is_ac="true">my focus is on these desserts and how</p>
  <p time="261239" is_ac="true">many unwashed hands have touched them</p>
  <p time="263100" is_ac="true">this plate looks like people have</p>
  <p time="264419" is_ac="true">literally picked up slices held them and</p>
  <p time="267600" is_ac="true">put them back look I'm no expert on</p>
  <p time="269340" is_ac="true">sanitation but these suckers work good</p>
  <p time="271740" is_ac="true">yeah yeah I know I like that I grabbed</p>
  <p time="274020" is_ac="true">some potatoes some chicken and some</p>
  <p time="275759" is_ac="true">orange chicken in honor of Cody on my</p>
  <p time="277680" is_ac="true">way back I tried to inconspicuously film</p>
  <p time="279479" is_ac="true">Oliver tree I feel weird in retrospect I</p>
  <p time="282960" is_ac="true">don't know why I did this this is so</p>
  <p time="285240" is_ac="true">disrespectful guys this is a good plate</p>
  <p time="287040" is_ac="true">of food can I just cut right to the</p>
  <p time="288720" is_ac="true">chase</p>
  <p time="289979" is_ac="true">the potatoes are insane the potatoes are</p>
  <p time="292139" is_ac="true">actually delicious the chicken</p>
  <p time="294600" is_ac="true">the chicken's really good too they've</p>
  <p time="296400" is_ac="true">got good music playing here and</p>
  <p time="297600" is_ac="true">everything seems to be going well the</p>
  <p time="299040" is_ac="true">services the service is good apparently</p>
  <p time="300900" is_ac="true">this is a popular spot for La</p>
  <p time="302340" is_ac="true">celebrities I think I have enough</p>
  <p time="303960" is_ac="true">information to leave a review</p>
  <p time="309150" is_ac="true">[Music]</p>
  <p time="313979" is_ac="true">I'm on the move baby look if I'm gonna</p>
  <p time="316020" is_ac="true">do this I gotta be inconspicuous</p>
  <p time="319259" is_ac="true">I just recently learned that word I also</p>
  <p time="321180" is_ac="true">bought this silly hat and sunglasses</p>
  <p time="323340" is_ac="true">recently I don't know it makes me feel</p>
  <p time="324660" is_ac="true">fun like a fun person this is the next</p>
  <p time="327660" is_ac="true">restaurant I'm going to it literally has</p>
  <p time="329639" is_ac="true">the lowest reviews I've ever seen</p>
  <p time="331800" is_ac="true">and the crazy thing is the five star</p>
  <p time="333600" is_ac="true">reviews seem sarcastic like they don't</p>
  <p time="336780" is_ac="true">seem sincere MSC possibly Emma</p>
  <p time="339300" is_ac="true">Chamberlain said three mice crawled up</p>
  <p time="341340" is_ac="true">her shoulder and threw down five stars</p>
  <p time="343440" is_ac="true">so at this point I don't know who to</p>
  <p time="344820" is_ac="true">trust also there's only one question and</p>
  <p time="346560" is_ac="true">answer on the L page and it's this</p>
  <p time="348120" is_ac="true">question how is the sanitation answer</p>
  <p time="350580" is_ac="true">awful there are rats hanging from the</p>
  <p time="353039" is_ac="true">ceiling</p>
  <p time="355740" is_ac="true">what what does that even mean</p>
  <p time="358560" is_ac="true">let's get to Miami</p>
  <p time="360060" is_ac="true">out of the many reasons someone would</p>
  <p time="361979" is_ac="true">want to fly to Miami this is this is</p>
  <p time="363960" is_ac="true">probably not on the list</p>
  <p time="365380" is_ac="true">[Music]</p>
  <p time="367740" is_ac="true">I found myself in an Uber to Ocean's 10.</p>
  <p time="370390" is_ac="true">[Music]</p>
  <p time="373580" is_ac="true">we made it to Miami Beach</p>
  <p time="377639" is_ac="true">that's it that's the restaurant right</p>
  <p time="379620" is_ac="true">there it's it's one of the lowest rated</p>
  <p time="381120" is_ac="true">restaurants in America doesn't have a</p>
  <p time="382919" is_ac="true">sign doesn't have a sign</p>
  <p time="385139" is_ac="true">it doesn't have a sign it's so loud out</p>
  <p time="387840" is_ac="true">here I can't even the service was slow</p>
  <p time="390419" is_ac="true">and the server was manipulative the food</p>
  <p time="393360" is_ac="true">was cold and not seasoned at all a total</p>
  <p time="395940" is_ac="true">waste of time and money Sabrina didn't</p>
  <p time="397800" is_ac="true">help the situation any being such a</p>
  <p time="399720" is_ac="true">conniving server one star conniving</p>
  <p time="402620" is_ac="true">involved in conspiring to do something</p>
  <p time="405300" is_ac="true">immoral Sabrina</p>
  <p time="407940" is_ac="true">oh my goodness 44 of Sam's group got</p>
  <p time="410940" is_ac="true">food poisoning here Rosie's review is</p>
  <p time="413100" is_ac="true">basically a haiku and I've got to find a</p>
  <p time="415380" is_ac="true">way to leave a five-star review at this</p>
  <p time="417120" is_ac="true">place</p>
  <p time="419580" is_ac="true">I'm going in</p>
  <p time="423419" is_ac="true">hello</p>
  <p time="424979" is_ac="true">hey</p>
  <p time="427919" is_ac="true">are you Sabrina no my name is okay okay</p>
  <p time="430979" is_ac="true">can I get one table just for one Carrie</p>
  <p time="433380" is_ac="true">showed me to my table I'm I'm on edge a</p>
  <p time="435660" is_ac="true">little bit walking to my table right now</p>
  <p time="437520" is_ac="true">don't know why maybe it's the Hat</p>
  <p time="439080" is_ac="true">regardless I took some time to look over</p>
  <p time="440520" is_ac="true">the menu and found some mozzarella</p>
  <p time="442380" is_ac="true">sticks for 18 and a burger for 20. what</p>
  <p time="446099" is_ac="true">is going on if you thought those prices</p>
  <p time="447599" is_ac="true">were outrageous look at these what is a</p>
  <p time="449580" is_ac="true">parallada would it 325 dollars no rats</p>
  <p time="453120" is_ac="true">hanging from the ceiling</p>
  <p time="455300" is_ac="true">it's actually quite nice</p>
  <p time="458660" is_ac="true">I'm literally the only person here and</p>
  <p time="461039" is_ac="true">I've been waiting for 10 minutes</p>
  <p time="465310" is_ac="true">[Music]</p>
  <p time="467759" is_ac="true">16 minutes in I placed my order for the</p>
  <p time="469620" is_ac="true">mozzarella sticks in the burger and then</p>
  <p time="471240" is_ac="true">something from a one star review</p>
  <p time="472740" is_ac="true">happened she did just take my credit</p>
  <p time="474780" is_ac="true">card before I even</p>
  <p time="476880" is_ac="true">I ate anything before I even got water I</p>
  <p time="479940" is_ac="true">saw a few reviews say that they do that</p>
  <p time="481500" is_ac="true">because if they have your credit card</p>
  <p time="483120" is_ac="true">then you can't beg for a refund this is</p>
  <p time="485220" is_ac="true">crazy this is this is the craziest video</p>
  <p time="487440" is_ac="true">I've ever made</p>
  <p time="489120" is_ac="true">still me under here guys you might not</p>
  <p time="490740" is_ac="true">have recognized me I got a water and a</p>
  <p time="492479" is_ac="true">Sprite took a sip of my Sprite and boy</p>
  <p time="494479" is_ac="true">that is some good sprite I've got myself</p>
  <p time="497639" is_ac="true">a meal right here I mean the food looks</p>
  <p time="500400" is_ac="true">good it looks really good I'm a sucker</p>
  <p time="502860" is_ac="true">for mozzarella sticks in terms of</p>
  <p time="504720" is_ac="true">Cuisine what is it</p>
  <p time="507120" is_ac="true">this is not a good mozzarella stick the</p>
  <p time="509520" is_ac="true">menu said hand breaded there's no way</p>
  <p time="511080" is_ac="true">these are hand breaded the burger looks</p>
  <p time="512640" is_ac="true">solid kind of hard to mess up a burger</p>
  <p time="514080" is_ac="true">and it was good I it was it was yummy</p>
  <p time="516120" is_ac="true">okay I was absolutely destroying this</p>
  <p time="518159" is_ac="true">burger when a waiter came up to me and</p>
  <p time="520020" is_ac="true">said this</p>
  <p time="521180" is_ac="true">hey thank you</p>
  <p time="527399" is_ac="true">God I'm ready to leave my review</p>
  <p time="532740" is_ac="true">oh you thought this was just a photo in</p>
  <p time="534480" is_ac="true">the Yelp review no this is a</p>
  <p time="536279" is_ac="true">transitional element in the video at</p>
  <p time="538560" is_ac="true">large because I didn't know how to move</p>
  <p time="540180" is_ac="true">on to the next segment of where I'm kind</p>
  <p time="541500" is_ac="true">of not at the restaurant anymore so this</p>
  <p time="543180" is_ac="true">is what I thought would work out</p>
  <p time="545940" is_ac="true">I'm gonna cut to a clip now look at this</p>
  <p time="547860" is_ac="true">view huh get a load of this I'm actually</p>
  <p time="550680" is_ac="true">so bloated right now I just the food was</p>
  <p time="552899" is_ac="true">good I genuinely would rate that place</p>
  <p time="554459" is_ac="true">five stars for complimenting my hat and</p>
  <p time="556380" is_ac="true">look at this view this is just a walk</p>
  <p time="557700" is_ac="true">away from the restaurant I'm gonna soak</p>
  <p time="559200" is_ac="true">up these waves because I've got a crazy</p>
  <p time="561360" is_ac="true">journey ahead of me</p>
  <p time="564660" is_ac="true">yeah</p>
  <p time="567120" is_ac="true">tomorrow I'm going to</p>
  <p time="568260" is_ac="true">[Music]</p>
  <p time="572600" is_ac="true">I was gonna say Tennessee but I thought</p>
  <p time="575580" is_ac="true">it would be more interesting if we</p>
  <p time="576839" is_ac="true">abruptly cut to the next day</p>
  <p time="579899" is_ac="true">it was probably underwhelming</p>
  <p time="584880" is_ac="true">just like that I'm back at the airport</p>
  <p time="586380" is_ac="true">and I'm on my way to the next one star</p>
  <p time="588300" is_ac="true">review can you guys</p>
  <p time="590760" is_ac="true">I got the people sitting next to me to</p>
  <p time="592140" is_ac="true">get a shot of the window can we all just</p>
  <p time="593760" is_ac="true">comment thank you I got a rental car</p>
  <p time="595980" is_ac="true">because our next stop is actually across</p>
  <p time="597839" is_ac="true">state lines in Mississippi this</p>
  <p time="600360" is_ac="true">restaurant is located right outside of a</p>
  <p time="602220" is_ac="true">college campus which means it's popular</p>
  <p time="603779" is_ac="true">for graduation parties and late night</p>
  <p time="606060" is_ac="true">Hangouts with young adults I did not</p>
  <p time="608820" is_ac="true">have a college experience</p>
  <p time="614640" is_ac="true">two</p>
  <p time="616860" is_ac="true">King's Steakhouse that's a fun name I</p>
  <p time="619560" is_ac="true">thought there wasn't a sign on this one</p>
  <p time="620760" is_ac="true">either but there is there's a there's a</p>
  <p time="622080" is_ac="true">little sign is that it's a it's a really</p>
  <p time="623820" is_ac="true">small sign I'm in Oxford Mississippi</p>
  <p time="625620" is_ac="true">it's it's a really pretty town this is</p>
  <p time="627720" is_ac="true">where Ole Miss the college campus is</p>
  <p time="629880" is_ac="true">super pretty area however this</p>
  <p time="631980" is_ac="true">restaurant we need to talk about this</p>
  <p time="633899" is_ac="true">restaurant CJ's review here it might be</p>
  <p time="636120" is_ac="true">it might be the most unique review I've</p>
  <p time="638040" is_ac="true">ever read that food is so trash I</p>
  <p time="640440" is_ac="true">finished my entire portion in five</p>
  <p time="642060" is_ac="true">minutes and 11 seconds I paid 29 which</p>
  <p time="644700" is_ac="true">translates to roughly a dollar out of my</p>
  <p time="646440" is_ac="true">pocket every 10 seconds to top it all</p>
  <p time="648360" is_ac="true">off my pork chop was swamped in enough</p>
  <p time="649920" is_ac="true">pepper to harm a small child I can only</p>
  <p time="652079" is_ac="true">say that I'm disappointed to say the</p>
  <p time="654300" is_ac="true">least one star the Precision of this</p>
  <p time="656640" is_ac="true">review how did he know he finished his</p>
  <p time="658500" is_ac="true">meal in exactly five minutes and 11</p>
  <p time="660480" is_ac="true">seconds why did he calculate the amount</p>
  <p time="662579" is_ac="true">of dollars he spent per second how does</p>
  <p time="664620" is_ac="true">he know how much pepper is required to</p>
  <p time="667140" is_ac="true">harm children these are my questions</p>
  <p time="668820" is_ac="true">Melody's review is just depressing</p>
  <p time="670740" is_ac="true">really I came here twice same experience</p>
  <p time="673980" is_ac="true">they just don't care about you they</p>
  <p time="676200" is_ac="true">never will come on Star we're here for</p>
  <p time="678480" is_ac="true">you melody</p>
  <p time="679920" is_ac="true">where he we are</p>
  <p time="682500" is_ac="true">somebody check on her and finally this</p>
  <p time="684360" is_ac="true">review from Sandy is mostly crazy</p>
  <p time="686100" is_ac="true">because she said it was so loud the</p>
  <p time="688440" is_ac="true">entire time that my husband and I</p>
  <p time="690180" is_ac="true">literally had to text each other to</p>
  <p time="691860" is_ac="true">communicate one star that's insane there</p>
  <p time="695339" is_ac="true">are three cars here how loud could it be</p>
  <p time="697500" is_ac="true">in there regardless I'm going inside and</p>
  <p time="699420" is_ac="true">leaving a five-star review</p>
  <p time="702360" is_ac="true">I walked in didn't see a single person</p>
  <p time="704940" is_ac="true">nobody thought it was closed actually a</p>
  <p time="707339" is_ac="true">few minutes later somebody took me to a</p>
  <p time="708600" is_ac="true">table but no one was here again needless</p>
  <p time="711060" is_ac="true">to say this place was empty like empty</p>
  <p time="715940" is_ac="true">uh I feel like a loser in here as if it</p>
  <p time="719760" is_ac="true">didn't feel empty enough literally the</p>
  <p time="721200" is_ac="true">wall art is just more Empty Tables whose</p>
  <p time="723899" is_ac="true">idea was that what's happening I looked</p>
  <p time="725640" is_ac="true">over the menu a bit unsettled on you</p>
  <p time="727560" is_ac="true">guessed it mozzarella sticks I also</p>
  <p time="730079" is_ac="true">ordered a one pound ribeye steak okay</p>
  <p time="732540" is_ac="true">I'll get the rib eye screw it I just</p>
  <p time="734880" is_ac="true">spent so much money</p>
  <p time="737160" is_ac="true">you guys got to get a load of these</p>
  <p time="738899" is_ac="true">mozzarella sticks</p>
  <p time="740040" is_ac="true">[Music]</p>
  <p time="741120" is_ac="true">what</p>
  <p time="743100" is_ac="true">[Music]</p>
  <p time="753140" is_ac="true">now these are handmade these are</p>
  <p time="755940" is_ac="true">actually the best mozzarella sticks I've</p>
  <p time="757380" is_ac="true">ever had I've eaten mozzarella sticks</p>
  <p time="758940" is_ac="true">since I was like a baby like this is my</p>
  <p time="760560" is_ac="true">primary food source for the past 20</p>
  <p time="762180" is_ac="true">years 12 bucks for this</p>
  <p time="765240" is_ac="true">I licked the cheese straight off my</p>
  <p time="766860" is_ac="true">fingers and took a trip to the bathroom</p>
  <p time="769459" is_ac="true">toilet works that's good but when I wash</p>
  <p time="771660" is_ac="true">my hands I got absolutely blasted by the</p>
  <p time="774000" is_ac="true">water pressure of this sink</p>
  <p time="775740" is_ac="true">while I was in the bathroom all of my</p>
  <p time="777779" is_ac="true">food arrived Magic</p>
  <p time="780320" is_ac="true">[Music]</p>
  <p time="787139" is_ac="true">something crazy with you guys as my</p>
  <p time="790079" is_ac="true">Witnesses we saw that CJ was able to</p>
  <p time="792300" is_ac="true">finish his food in 5 minutes and 11</p>
  <p time="793920" is_ac="true">seconds well</p>
  <p time="795959" is_ac="true">I'm gonna try to beat that I don't think</p>
  <p time="797760" is_ac="true">I've ever finished eating a steak in my</p>
  <p time="799740" is_ac="true">life much less in a time limit</p>
  <p time="802079" is_ac="true">so with that being said roll the clock</p>
  <p time="804540" is_ac="true">I'm coming for you CJ I got off to a</p>
  <p time="807060" is_ac="true">really good start like I don't think</p>
  <p time="808079" is_ac="true">I've ever eaten a steak this fast but</p>
  <p time="810060" is_ac="true">then I started to really slow down quite</p>
  <p time="812399" is_ac="true">a bit</p>
  <p time="816839" is_ac="true">I'm out of breath</p>
  <p time="818639" is_ac="true">I gotta call it this took me 48 minutes</p>
  <p time="821160" is_ac="true">and 27 seconds to eat and I'm halfway</p>
  <p time="823560" is_ac="true">the food was so good but I spent 62</p>
  <p time="826079" is_ac="true">dollars and one cent yeah I think I'm</p>
  <p time="828660" is_ac="true">ready to go</p>
  <p time="830639" is_ac="true">to go</p>
  <p time="832440" is_ac="true">to go box to go box to go drink</p>
  <p time="835079" is_ac="true">I'm gonna leave a review now</p>
  <p time="838220" is_ac="true">[Music]</p>
  <p time="846060" is_ac="true">there's nothing like driving across</p>
  <p time="847800" is_ac="true">state lines with a belly full of steak</p>
  <p time="849540" is_ac="true">I'm still just confused how CJ ate all</p>
  <p time="851820" is_ac="true">that food in five minutes it's gonna</p>
  <p time="853500" is_ac="true">mess with me all night</p>
  <p time="855420" is_ac="true">no information why why does no one have</p>
  <p time="857940" is_ac="true">answers</p>
  <p time="859200" is_ac="true">I need answers</p>
  <p time="862800" is_ac="true">I woke up the next day and packed my</p>
  <p time="864420" is_ac="true">bags for our next stop in Montana never</p>
  <p time="866880" is_ac="true">been there before Helena I've actually</p>
  <p time="869160" is_ac="true">always wanted to go to Montana and to</p>
  <p time="871260" is_ac="true">make things better look at this View</p>
  <p time="873060" is_ac="true">are you seeing this first time to Helena</p>
  <p time="875160" is_ac="true">or Montana yes both really well really</p>
  <p time="878459" is_ac="true">welcome thank you you're welcome we're</p>
  <p time="881040" is_ac="true">just gonna need to bump you up a couple</p>
  <p time="883320" is_ac="true">of notches to a mid-sized uh SUV</p>
  <p time="886860" is_ac="true">four-wheel drive Dodge Durango amazing</p>
  <p time="889620" is_ac="true">sounds good work for you yeah I actually</p>
  <p time="891720" is_ac="true">love Dodge Durango</p>
  <p time="894260" is_ac="true">I like happy customers there we go yeah</p>
  <p time="897420" is_ac="true">where's that guys Brian from Hertz in</p>
  <p time="899760" is_ac="true">Montana Legend y'all this is crazy I'm</p>
  <p time="903420" is_ac="true">in a Dodge Durango Dodge Durango has</p>
  <p time="905399" is_ac="true">been my dream car since I was like 10.</p>
  <p time="907139" is_ac="true">this is insane shout out to Brian up</p>
  <p time="909300" is_ac="true">front with the voice it's a Durango</p>
  <p time="911459" is_ac="true">thing you wouldn't get it</p>
  <p time="914579" is_ac="true">I'm driving about an hour to an Asian</p>
  <p time="916740" is_ac="true">buffet in the middle of rural Montana</p>
  <p time="919390" is_ac="true">[Music]</p>
  <p time="930540" is_ac="true">Asia Buffet</p>
  <p time="932699" is_ac="true">if you look up the location furthest</p>
  <p time="934680" is_ac="true">from Asia I'm standing on the exact</p>
  <p time="936480" is_ac="true">coordinates I'm in Montana it smells</p>
  <p time="939180" is_ac="true">good here but listen that's not why this</p>
  <p time="940980" is_ac="true">restaurant is notorious okay it's</p>
  <p time="942899" is_ac="true">notorious because apparently the owner</p>
  <p time="944579" is_ac="true">kicks you out if you don't finish your</p>
  <p time="946019" is_ac="true">meal and if you don't leave an extra tip</p>
  <p time="947820" is_ac="true">on your way out he bans you for life</p>
  <p time="950579" is_ac="true">sorry listen to what Barb had to say got</p>
  <p time="953459" is_ac="true">kicked out because my five-year-old</p>
  <p time="954899" is_ac="true">didn't eat all the food on his plate one</p>
  <p time="957360" is_ac="true">star now that's scary I almost always</p>
  <p time="959459" is_ac="true">miscalculate my desired portion size at</p>
  <p time="961680" is_ac="true">buffets and if he has the audacity to</p>
  <p time="963480" is_ac="true">kick a five-year-old out I mean I</p>
  <p time="966839" is_ac="true">I don't know what I'm doing David said</p>
  <p time="968399" is_ac="true">we've been going here since it first</p>
  <p time="969839" is_ac="true">opened and tonight the owner tried to</p>
  <p time="971579" is_ac="true">shake my pockets for tip and got mad at</p>
  <p time="974100" is_ac="true">my baby because he didn't clear his</p>
  <p time="975660" is_ac="true">plate completely I gave him a small tip</p>
  <p time="977579" is_ac="true">because we literally serve ourselves and</p>
  <p time="979260" is_ac="true">he told us we are banned for life one</p>
  <p time="981240" is_ac="true">star</p>
  <p time="983100" is_ac="true">what do you mean the owner tried to</p>
  <p time="984600" is_ac="true">shake down your pockets David</p>
  <p time="988380" is_ac="true">what do you mean David Jan is literally</p>
  <p time="990660" is_ac="true">trying to organize a class action</p>
  <p time="992399" is_ac="true">lawsuit against them for this stuff I</p>
  <p time="994500" is_ac="true">mean these are not isolated incidents is</p>
  <p time="996540" is_ac="true">the thing about it and finally Alexander</p>
  <p time="998880" is_ac="true">said one of the worst buffets I've ever</p>
  <p time="1000560" is_ac="true">been to and just in case you missed that</p>
  <p time="1002360" is_ac="true">he said it again one star frankly this</p>
  <p time="1005000" is_ac="true">is the most scared I've been to enter an</p>
  <p time="1006620" is_ac="true">establishment</p>
  <p time="1008000" is_ac="true">ever</p>
  <p time="1009560" is_ac="true">I don't want to get banned from an Asian</p>
  <p time="1011420" is_ac="true">buffet in Montana connected to a Comfort</p>
  <p time="1013339" is_ac="true">Inn I don't want that on my resume</p>
  <p time="1014839" is_ac="true">that's why I went to an ATM before this</p>
  <p time="1017480" is_ac="true">and got a cash I got money I have to</p>
  <p time="1020180" is_ac="true">test these reviews so I'm gonna leave</p>
  <p time="1021980" is_ac="true">some food on my plate and I'm leaving</p>
  <p time="1023779" is_ac="true">the tip in the car so he thinks I didn't</p>
  <p time="1026000" is_ac="true">tip him but in reality I've got a crisp</p>
  <p time="1028939" is_ac="true">20 bill with Asia Buffet written all</p>
  <p time="1031459" is_ac="true">over it I literally wrote it on there on</p>
  <p time="1034819" is_ac="true">the bill all right guys</p>
  <p time="1037459" is_ac="true">let's do this</p>
  <p time="1038700" is_ac="true">[Music]</p>
  <p time="1041240" is_ac="true">so I'm walking into Asia Buffet with</p>
  <p time="1043520" is_ac="true">some serious fear and resentment towards</p>
  <p time="1046280" is_ac="true">whatever is going to happen in here</p>
  <p time="1052160" is_ac="true">I see the owner giving cookies to a</p>
  <p time="1054799" is_ac="true">small child can I get an instant replay</p>
  <p time="1056360" is_ac="true">on that this is the cutest thing I've</p>
  <p time="1057799" is_ac="true">ever seen it almost feels like a setup</p>
  <p time="1059780" is_ac="true">hello I'm just gonna get a table for one</p>
  <p time="1062179" is_ac="true">one yep</p>
  <p time="1064880" is_ac="true">okay I gave him a one dollar tip because</p>
  <p time="1067100" is_ac="true">there were some reviews saying that he</p>
  <p time="1068480" is_ac="true">gets upset at small tips he was so</p>
  <p time="1071240" is_ac="true">grateful but as soon as I walked to my</p>
  <p time="1072740" is_ac="true">table I started to realize the reviews</p>
  <p time="1074780" is_ac="true">might have some truth to them please</p>
  <p time="1077120" is_ac="true">take all you want but please eat what</p>
  <p time="1080600" is_ac="true">you take we reserve the right to refuse</p>
  <p time="1082640" is_ac="true">service to anyone help keep the</p>
  <p time="1084500" is_ac="true">environment a little Greener only take</p>
  <p time="1086419" is_ac="true">the napkins you need guys read between</p>
  <p time="1088880" is_ac="true">the lines everybody this owner is not</p>
  <p time="1091039" is_ac="true">tyrannical he's a a conservationist no</p>
  <p time="1093980" is_ac="true">but honestly I kind of understand what</p>
  <p time="1095600" is_ac="true">where he's coming from anyways I got a</p>
  <p time="1097400" is_ac="true">little Hong Kong beef orange chicken</p>
  <p time="1098960" is_ac="true">fried rice and this cute little cookie</p>
  <p time="1100880" is_ac="true">that's plate number one my first plate</p>
  <p time="1102679" is_ac="true">was actually really good I enjoyed the</p>
  <p time="1104539" is_ac="true">food thoroughly so I went back up for a</p>
  <p time="1106760" is_ac="true">second plate and in this moment I'm</p>
  <p time="1108260" is_ac="true">genuinely nervous I'm gonna miscalculate</p>
  <p time="1110660" is_ac="true">my portion size this time I tried the</p>
  <p time="1112400" is_ac="true">dumplings and chicken some more chicken</p>
  <p time="1114320" is_ac="true">and a bit of lo mein and yet again</p>
  <p time="1116539" is_ac="true">another yummy plate I'm going in for a</p>
  <p time="1119179" is_ac="true">third plate dessert I got a little bit</p>
  <p time="1121400" is_ac="true">more than I knew I could eat knowing</p>
  <p time="1122720" is_ac="true">that I had to leave some food on my</p>
  <p time="1124280" is_ac="true">plate to test this review the desserts</p>
  <p time="1126020" is_ac="true">were good they were now I left my cookie</p>
  <p time="1128299" is_ac="true">untouched and made sure that the owner</p>
  <p time="1130039" is_ac="true">could see it</p>
  <p time="1131600" is_ac="true">let's see what happens</p>
  <p time="1133179" is_ac="true">thank you have a good night you too</p>
  <p time="1135500" is_ac="true">bye-bye</p>
  <p time="1144919" is_ac="true">I am sprinting to get my tip I left food</p>
  <p time="1147679" is_ac="true">on my plate I only tipped one dollar and</p>
  <p time="1150620" is_ac="true">I have only seen kindness from this</p>
  <p time="1152299" is_ac="true">owner there's only one last thing to do</p>
  <p time="1154100" is_ac="true">at Asia Buffet in Montana grab a 20 with</p>
  <p time="1156440" is_ac="true">Asia Buffet written all over it</p>
  <p time="1159919" is_ac="true">okay I forgot to leave uh thank you so</p>
  <p time="1161780" is_ac="true">much no I</p>
  <p time="1166420" is_ac="true">[Music]</p>
  <p time="1176320" is_ac="true">[Music]</p>
  <p time="1183220" is_ac="true">it's okay thank you you wouldn't accept</p>
  <p time="1185900" is_ac="true">the tip</p>
  <p time="1189940" is_ac="true">that was the nicest man I've ever met</p>
  <p time="1193100" is_ac="true">everything they said about him was</p>
  <p time="1194720" is_ac="true">reversed I just put the 20 like on the</p>
  <p time="1196820" is_ac="true">counter and ran out this is why you</p>
  <p time="1198559" is_ac="true">can't always trust one star reviews okay</p>
  <p time="1200480" is_ac="true">it is probably so hard to run a buffet</p>
  <p time="1202820" is_ac="true">but that was a good one that was a good</p>
  <p time="1204860" is_ac="true">Buffet I've got I've got a review ready</p>
  <p time="1210230" is_ac="true">[Music]</p>
  <p time="1224059" is_ac="true">my stomach is actually just it's</p>
  <p time="1225799" is_ac="true">actually just it's oh I drove to the</p>
  <p time="1228799" is_ac="true">airport flew all the way home to Texas</p>
  <p time="1230539" is_ac="true">because I've got one more thing to do</p>
  <p time="1234200" is_ac="true">honey I'm home ah I don't know guys that</p>
  <p time="1237380" is_ac="true">just blew my mind that was the most</p>
  <p time="1238880" is_ac="true">wholesome thing ever almost as wholesome</p>
  <p time="1240679" is_ac="true">as this t-shirt two kittens wearing</p>
  <p time="1242539" is_ac="true">cowboy hats y'all I just did another</p>
  <p time="1244460" is_ac="true">howdy drop we've got this shirt the</p>
  <p time="1246200" is_ac="true">rules of the task force on the back and</p>
  <p time="1247700" is_ac="true">if you're a little bit more of a</p>
  <p time="1248840" is_ac="true">minimalist check out these huh yeah</p>
  <p time="1251780" is_ac="true">howdy howdy.com Link in description but</p>
  <p time="1254000" is_ac="true">guys the main reason I left to do these</p>
  <p time="1256640" is_ac="true">reviews is to get decorations for this</p>
  <p time="1259039" is_ac="true">room and I think I've got something</p>
  <p time="1260660" is_ac="true">perfect for that spot</p>
  <p time="1265340" is_ac="true">oh</p>
  <p time="1270030" is_ac="true">[Music]</p>
</text>
