<?xml version='1.0' encoding='UTF-8'?>
<text date_d="8" date_m="5" date_y="2023" format="srv3" age_limit="0" comment_count="351" description="what did you think of the restaurant? :P&#10;subscribe: https://www.youtube.com/@jamiezhu?sub_confirmation=1&#10;&#10;follow me on:&#10;instagram &amp; tiktok: @jamiezhu &#10;&#10;email: contact@jamiezhu.com" fulltitle="I Took my Dad to Shanghai's Best Reviewed Restaurant" like_count="6605" location="na" playlist_title="na" release_date="na" upload_date="20230508" repost_count="na" tags="jamie zhu; jamie zhu tiktok; jaime zhu dad; jamie zhu pranking dad; jamie; best reviewed restaurant; shanghai best restaurant; shanghai fine dining; chinas best restaurant; best reviewed restaurant in china; best reviewed restaurant in shanghai; jin xuan restaurant; jin xuan shanghai; what to eat in shanghai; shanghai restaurants; shanghai food; jamie zhu dad; jamie zhu father; jamie zhu surprising dad; fine dining china; fine dining shanghai; " title="I Took my Dad to Shanghai's Best Reviewed Restaurant" uploader="Jamie Zhu" view_count="290608" webpage_url="https://www.youtube.com/watch?v=wyPVZxkSQyE" autocaption="true">
  <p time="0" is_ac="true">today I'm taking my dad to the best</p>
  <p time="2280" is_ac="true">reviewed restaurant in Shanghai in 2021</p>
  <p time="5040" is_ac="true">a Forbes article was published that</p>
  <p time="7020" is_ac="true">ranked Shanghai as being the most</p>
  <p time="8700" is_ac="true">expensive city in the world I went onto</p>
  <p time="11099" is_ac="true">the internet and started researching the</p>
  <p time="12960" is_ac="true">best reviewed restaurants in Shanghai</p>
  <p time="14700" is_ac="true">after hours of searching I finally found</p>
  <p time="17279" is_ac="true">a restaurant that really stood out to me</p>
  <p time="18779" is_ac="true">since I haven't seen my dad for four</p>
  <p time="20340" is_ac="true">years I miss you very much I thought</p>
  <p time="22199" is_ac="true">this would be a great bonding experience</p>
  <p time="23520" is_ac="true">for us but the only problem is I don't</p>
  <p time="25859" is_ac="true">know if I'm going to be able to pay for</p>
  <p time="27180" is_ac="true">it yeah I'm screwed hi is that</p>
  <p time="28920" is_ac="true">Centrelink since arriving in Shanghai</p>
  <p time="31019" is_ac="true">it's been quite difficult trying to pay</p>
  <p time="32759" is_ac="true">for literally anything my life pretty</p>
  <p time="35460" is_ac="true">much the only way to pay for something</p>
  <p time="37020" is_ac="true">is via WeChat pay or alipay or mayor</p>
  <p time="40079" is_ac="true">wasting plumber I really hope I can pay</p>
  <p time="42059" is_ac="true">for this food because the last thing I</p>
  <p time="43739" is_ac="true">would want is for my poor Dad to have to</p>
  <p time="45660" is_ac="true">pay for our meal I've just been through</p>
  <p time="47340" is_ac="true">as much cash as I possibly could in this</p>
  <p time="49260" is_ac="true">envelope I had to make sure I prepared</p>
  <p time="50820" is_ac="true">for this dinner in the right way</p>
  <p time="52540" is_ac="true">[Music]</p>
  <p time="54000" is_ac="true">luckily for me before I left Australia</p>
  <p time="56399" is_ac="true">my good friends at Lupo Bianco pulled me</p>
  <p time="58680" is_ac="true">up with a suit and also one for my dad</p>
  <p time="60719" is_ac="true">which he could wear</p>
  <p time="63019" is_ac="true">I then decided that I needed to get a</p>
  <p time="65339" is_ac="true">haircut shave get a manicure I don't</p>
  <p time="68100" is_ac="true">know why I'm doing this</p>
  <p time="70740" is_ac="true">I then got distracted by all the Chinese</p>
  <p time="72780" is_ac="true">cake shops everywhere and I had a bit of</p>
  <p time="74820" is_ac="true">a look around</p>
  <p time="77180" is_ac="true">it was only shortly after this that I</p>
  <p time="79619" is_ac="true">remembered I probably couldn't buy</p>
  <p time="81060" is_ac="true">anything because all I had on me was</p>
  <p time="82979" is_ac="true">cash I need to get back to concentrating</p>
  <p time="84840" is_ac="true">on my dad's dinner tonight after a few</p>
  <p time="86520" is_ac="true">hours of suiting up and getting ready</p>
  <p time="87960" is_ac="true">for the bee occasion my dad came out in</p>
  <p time="90299" is_ac="true">his matching suit how's that wow very</p>
  <p time="93960" is_ac="true">nice yeah you like the suit yeah yeah</p>
  <p time="98530" is_ac="true">[Music]</p>
  <p time="100100" is_ac="true">we hopped in my dad's car and then drove</p>
  <p time="102780" is_ac="true">for 45 minutes in our matching suit and</p>
  <p time="105240" is_ac="true">arrived at the Ritz Carlton Hotel it</p>
  <p time="107159" is_ac="true">smells so nice in here like perfume oh</p>
  <p time="109560" is_ac="true">it's like jewelry just as you walk in we</p>
  <p time="112380" is_ac="true">had finally arrived at Jin shrad</p>
  <p time="114780" is_ac="true">shanghai's best reviewed restaurant the</p>
  <p time="117180" is_ac="true">interior was super nice it had an</p>
  <p time="119100" is_ac="true">amazing view of Shanghai and I couldn't</p>
  <p time="120960" is_ac="true">wait to see what the food was like all</p>
  <p time="122880" is_ac="true">right let's eat alright guys so on the</p>
  <p time="124560" is_ac="true">menu they have a bunch of stuff which is</p>
  <p time="126240" is_ac="true">pretty expensive down here I I am asking</p>
  <p time="129360" is_ac="true">what do you want to eat yeah you</p>
  <p time="131819" is_ac="true">selected restaurant you can't lose your</p>
  <p time="134459" is_ac="true">face what do you mean I pay full then</p>
  <p time="136379" is_ac="true">you pick up why you pay for its money</p>
  <p time="138540" is_ac="true">why are you coming this restaurant for</p>
  <p time="140220" is_ac="true">fancy food as my dad and I were</p>
  <p time="141840" is_ac="true">preparing to order from the menu our</p>
  <p time="143400" is_ac="true">dinner was about to be over before it</p>
  <p time="145379" is_ac="true">even started in our restaurant we cannot</p>
  <p time="147660" is_ac="true">like make the video according to the</p>
  <p time="149879" is_ac="true">cultural policy so I can't film anything</p>
  <p time="151980" is_ac="true">here no problem</p>
  <p time="155599" is_ac="true">okay okay after almost being kicked out</p>
  <p time="158340" is_ac="true">of the restaurant my dad and I ordered</p>
  <p time="160319" is_ac="true">enough food</p>
  <p time="166340" is_ac="true">I can't use any sauce</p>
  <p time="169940" is_ac="true">what does it taste like feel sweet</p>
  <p time="172860" is_ac="true">it's like a tower pineapple that's the</p>
  <p time="174840" is_ac="true">soup oh the crab and meat soup can you</p>
  <p time="179220" is_ac="true">try first</p>
  <p time="180260" is_ac="true">out of ten a bit sort of a coastal</p>
  <p time="183300" is_ac="true">Western cream test yeah I can taste the</p>
  <p time="185700" is_ac="true">cream</p>
  <p time="186720" is_ac="true">oh</p>
  <p time="190920" is_ac="true">looks nice huh I don't know what are</p>
  <p time="193920" is_ac="true">they I think it's just fish</p>
  <p time="195680" is_ac="true">very nice mmm it's regular very crispy</p>
  <p time="199379" is_ac="true">on the outside that one's right veggies</p>
  <p time="200700" is_ac="true">nice yeah very nice all right guys I'm</p>
  <p time="202440" is_ac="true">just coming to the bathroom right now I</p>
  <p time="203640" is_ac="true">think I've messed up real bad</p>
  <p time="205940" is_ac="true">so obviously you guys saw me go to the</p>
  <p time="208379" is_ac="true">ATM today to withdraw as much cash as I</p>
  <p time="210599" is_ac="true">could they might not even take out I</p>
  <p time="212580" is_ac="true">feel really bad because I feel like my</p>
  <p time="214200" is_ac="true">dad's gonna have to pay for this whole</p>
  <p time="215459" is_ac="true">thing chicken</p>
  <p time="219980" is_ac="true">what do you reckon nice Chinese sausage</p>
  <p time="223620" is_ac="true">oh it's a very Chinese style that's</p>
  <p time="226019" is_ac="true">really good what's the reason for you to</p>
  <p time="227879" is_ac="true">invite me to a high class luxurious</p>
  <p time="230879" is_ac="true">hotel to have a dinner I don't usually</p>
  <p time="232620" is_ac="true">do this you've never done that yes maybe</p>
  <p time="235560" is_ac="true">sometimes the place I've actually taken</p>
  <p time="237239" is_ac="true">you tonight is a restaurant that was</p>
  <p time="239459" is_ac="true">voted the best reviewed restaurant in</p>
  <p time="241620" is_ac="true">Shanghai oh really so I want to take you</p>
  <p time="243480" is_ac="true">here to you know experience the nice</p>
  <p time="245099" is_ac="true">food what would you give it as a rating</p>
  <p time="246480" is_ac="true">five star four stars okay okay oh</p>
  <p time="250939" is_ac="true">look at that it's like some mango</p>
  <p time="253200" is_ac="true">dessert oh that's crazy you can't have a</p>
  <p time="255540" is_ac="true">diabetes</p>
  <p time="256739" is_ac="true">thank you</p>
  <p time="257660" is_ac="true">nice yeah very sweet just fruity it's</p>
  <p time="261239" is_ac="true">kind of just like mango puree with a big</p>
  <p time="263160" is_ac="true">chunk of mango it's all right should we</p>
  <p time="265080" is_ac="true">go get the bill yeah the moment had</p>
  <p time="267540" is_ac="true">finally come it was now a time for the</p>
  <p time="269940" is_ac="true">bill to be paid I was about to see if my</p>
  <p time="272160" is_ac="true">master plan had worked or if it had</p>
  <p time="274740" is_ac="true">failed miserably will this restaurant</p>
  <p time="276360" is_ac="true">take my cash so I can do what's right or</p>
  <p time="278940" is_ac="true">will the restaurants say no and make my</p>
  <p time="281100" is_ac="true">poor dad pay for the entire thing it was</p>
  <p time="283259" is_ac="true">now a time to find out and get the</p>
  <p time="285120" is_ac="true">answer we had long been waiting for a</p>
  <p time="287759" is_ac="true">shinjin Kuma</p>
  <p time="289580" is_ac="true">whatever</p>
  <p time="291560" is_ac="true">it don't worry why don't worry don't</p>
  <p time="293940" is_ac="true">worry it's mine it's mine</p>
  <p time="297800" is_ac="true">listen listen just listen</p>
  <p time="304100" is_ac="true">let me let me ask you do you need a</p>
  <p time="307199" is_ac="true">recipe I don't need a receipt</p>
  <p time="308940" is_ac="true">[Music]</p>
  <p time="313800" is_ac="true">I wanted to pay</p>
  <p time="316919" is_ac="true">oh how much one seven three seven in</p>
  <p time="320040" is_ac="true">China you don't worry when I go go to</p>
  <p time="322440" is_ac="true">Australia you pay for me all right yeah</p>
  <p time="325740" is_ac="true">of course I will okay I guess my my</p>
  <p time="327419" is_ac="true">challenge failed guys well thanks for</p>
  <p time="329160" is_ac="true">dinner yeah that's all right yeah my</p>
  <p time="330960" is_ac="true">pleasure so what do you think good good</p>
  <p time="334080" is_ac="true">Shanghai shanghai's best reviewed</p>
  <p time="336060" is_ac="true">restaurant Jamie yes I still own us</p>
  <p time="339360" is_ac="true">the microphone yeah yeah still on right</p>
  <p time="341880" is_ac="true">yeah oh okay</p>
  <p time="343500" is_ac="true">Jamie I want to tell you if they say you</p>
  <p time="347460" is_ac="true">are not allowed to use cash that's not</p>
  <p time="349740" is_ac="true">true that's illegal saying no one can</p>
  <p time="352620" is_ac="true">deny you to use the currency so you're</p>
  <p time="354960" is_ac="true">saying I can use cash anywhere in China</p>
  <p time="356639" is_ac="true">yeah definitely</p>
  <p time="359940" is_ac="true">you stupid</p>
  <p time="360980" is_ac="true">[Music]</p>
</text>
