<?xml version='1.0' encoding='UTF-8'?>
<text date_d="7" date_m="4" date_y="2024" format="srv3" age_limit="0" comment_count="133" description="I went to a cafe that makes you feel like a baby, a Vampire themed restaurant, and even fished for my dinner indoors. Tokyo, Japan has some of the wildest and most unique restaurants in the world...&#10;&#10;&#10;SUBSCRIBE...if you want to&#10;&#10;Let's be friends!&#10;https://www.instagram.com/lexihensler/&#10;https://www.tiktok.com/@lexihensler" fulltitle="I tried the CRAZIEST restaurants in Japan" like_count="1995" location="na" playlist_title="na" release_date="na" upload_date="20240407" repost_count="na" tags="japan travel guide; things to do in tokyo; japanese food; japan food tour; best restaurants in tokyo; japan travel video; japanese food mukbang; crazy restaurant; food challenge; japan vlog; japan restaurant catch your own fish; " title="I tried the CRAZIEST restaurants in Japan" uploader="Lexi Hensler" view_count="31477" webpage_url="https://www.youtube.com/watch?v=gX-y56Jd82U" autocaption="true">
  <p time="0" is_ac="true">if you know anything about me you know</p>
  <p time="1079" is_ac="true">that I stick to my two main food groups</p>
  <p time="2600" is_ac="true">of pasta and Tacos but I feel like it</p>
  <p time="4799" is_ac="true">would actually be a crime if I didn't</p>
  <p time="6120" is_ac="true">try the absolutely crazy restaurants</p>
  <p time="8080" is_ac="true">that they have here in Tokyo this is</p>
  <p time="9559" is_ac="true">definitely a challenge for someone who's</p>
  <p time="10920" is_ac="true">a picky eater like me but we're going to</p>
  <p time="12559" is_ac="true">start with something easy and it'll only</p>
  <p time="14360" is_ac="true">get harder from here let's do it first</p>
  <p time="15920" is_ac="true">up we have a Alice in Wonderland themed</p>
  <p time="21840" is_ac="true">Cafe hey uh table for three</p>
  <p time="26920" is_ac="true">please since this is going to be a</p>
  <p time="29519" is_ac="true">pretty big challenge for me we have</p>
  <p time="31240" is_ac="true">brought in some help Sophia is going to</p>
  <p time="34239" is_ac="true">be with me today trying these crazy</p>
  <p time="36079" is_ac="true">restaurants any fish you can't handle I</p>
  <p time="38360" is_ac="true">shall cover Caesar salad with lots of</p>
  <p time="40480" is_ac="true">tomatoes or corn soup do I want Cat</p>
  <p time="44239" is_ac="true">Pasta or bunny pasta or do I want Queen</p>
  <p time="46440" is_ac="true">of Hearts recommended well the salad</p>
  <p time="48879" is_ac="true">came with cute little like hearts and</p>
  <p time="50960" is_ac="true">then here's the cheese</p>
  <p time="52719" is_ac="true">pizza it's edible reminds me of school</p>
  <p time="56000" is_ac="true">lunches I feel like a rabbit right now</p>
  <p time="58399" is_ac="true">so it's far as themed Cafe yeah on theme</p>
  <p time="60680" is_ac="true">salad's on theme all right I have good</p>
  <p time="62320" is_ac="true">news first menu they gave us didn't have</p>
  <p time="64320" is_ac="true">like anything on it but we found a</p>
  <p time="66320" is_ac="true">special menu how do I order this I want</p>
  <p time="68640" is_ac="true">it so bad I don't even think it's going</p>
  <p time="69920" is_ac="true">to taste good but I want it we were able</p>
  <p time="72080" is_ac="true">to secure this beautiful rainbow</p>
  <p time="74920" is_ac="true">surprise if anything can redeem this</p>
  <p time="77200" is_ac="true">restaurant it would be this right here</p>
  <p time="78960" is_ac="true">so let's just get in there that is</p>
  <p time="81479" is_ac="true">whipped cream that will be whipped cream</p>
  <p time="83119" is_ac="true">wait there's like cereal the next layer</p>
  <p time="85119" is_ac="true">is like cereal what nope this place</p>
  <p time="87600" is_ac="true">sucks I mean the good news is we're</p>
  <p time="89240" is_ac="true">starting at the ball bottom so it can</p>
  <p time="90560" is_ac="true">only go up from here honestly I feel</p>
  <p time="92159" is_ac="true">like this place was such a missed</p>
  <p time="93360" is_ac="true">opportunity like it could have been so</p>
  <p time="94640" is_ac="true">much better but like the food is so bad</p>
  <p time="97320" is_ac="true">and the Surfers look really sad I hope</p>
  <p time="99520" is_ac="true">they're okay okay next up we have the 2D</p>
  <p time="102640" is_ac="true">Cafe which is exactly what it sounds</p>
  <p time="104360" is_ac="true">like everything looks like you're living</p>
  <p time="106399" is_ac="true">in 2D let's go try it</p>
  <p time="110079" is_ac="true">out wait so fun wait why are these being</p>
  <p time="113600" is_ac="true">sold at a coffee shop that's such a</p>
  <p time="115640" is_ac="true">random purchase to make with your coffee</p>
  <p time="117759" is_ac="true">I got to admit this place is pretty</p>
  <p time="120320" is_ac="true">freaking cool order up oh thank you each</p>
  <p time="124200" is_ac="true">serving comes to the kiss oh really wow</p>
  <p time="127079" is_ac="true">the service here is incredible and</p>
  <p time="129520" is_ac="true">creepy this looks so cool there's a 2d</p>
  <p time="133120" is_ac="true">cake we got a charcoal latte why would I</p>
  <p time="136120" is_ac="true">drink charcoal I don't know caramel</p>
  <p time="138640" is_ac="true">macchiato and then a purple potato latte</p>
  <p time="142519" is_ac="true">tastes like something familiar but I</p>
  <p time="145080" is_ac="true">can't put my finger on it I don't love</p>
  <p time="146879" is_ac="true">it give that like a five I should know</p>
  <p time="148840" is_ac="true">the purple potato latte is not for me</p>
  <p time="150400" is_ac="true">but Justice loves it and is currently</p>
  <p time="152000" is_ac="true">chugging the entire thing that's a good</p>
  <p time="153920" is_ac="true">caramel macchiato tastes good it just</p>
  <p time="156640" is_ac="true">tastes like coffee there's no like other</p>
  <p time="158239" is_ac="true">flavor are my teeth black wait are they</p>
  <p time="161080" is_ac="true">black yeah they're darker they're tinted</p>
  <p time="163800" is_ac="true">cute bad bad</p>
  <p time="165760" is_ac="true">latte that's pretty good way better than</p>
  <p time="168159" is_ac="true">whatever we were fed at the Alice and</p>
  <p time="170120" is_ac="true">Wonderland Cafe it's like a light</p>
  <p time="172000" is_ac="true">strawberry vanilla surprise I wish they</p>
  <p time="175120" is_ac="true">had more 2D stuff this is like the only</p>
  <p time="177400" is_ac="true">2D looking thing they serve I think I'm</p>
  <p time="179519" is_ac="true">just going to going to really enjoy and</p>
  <p time="182000" is_ac="true">Savor the moments in this Cafe because</p>
  <p time="183840" is_ac="true">the next place we're going I'm not</p>
  <p time="186400" is_ac="true">looking forward</p>
  <p time="187720" is_ac="true">to for some reason this one just gives</p>
  <p time="190239" is_ac="true">me the heebie jibbies but this is child</p>
  <p time="192159" is_ac="true">for a Day Cafe where they encourage you</p>
  <p time="194799" is_ac="true">to step back into what it's like to be a</p>
  <p time="197080" is_ac="true">child here at child for a Day Cafe they</p>
  <p time="200440" is_ac="true">make things big so you feel</p>
  <p time="203800" is_ac="true">[Music]</p>
  <p time="208760" is_ac="true">small</p>
  <p time="212120" is_ac="true">there you</p>
  <p time="213519" is_ac="true">go hey my mom said if your mom says it's</p>
  <p time="217319" is_ac="true">okay that we can play after school like</p>
  <p time="220319" is_ac="true">a play date yeah do you want to like go</p>
  <p time="222439" is_ac="true">on a little play date can we hug after</p>
  <p time="224400" is_ac="true">maybe but don't ask about holding hands</p>
  <p time="226439" is_ac="true">that's second play date type of stuff I</p>
  <p time="228480" is_ac="true">got apple juice I don't remember the</p>
  <p time="229680" is_ac="true">last time I had apple juice and then I</p>
  <p time="230760" is_ac="true">got a big</p>
  <p time="233120" is_ac="true">cookie it's really just that giant baby</p>
  <p time="235640" is_ac="true">head staring at me that's upsetting me</p>
  <p time="237480" is_ac="true">that's what's looking at me while I eat</p>
  <p time="239079" is_ac="true">my lunch I'm actually surprised that</p>
  <p time="240799" is_ac="true">there are like real children here I</p>
  <p time="242400" is_ac="true">thought this was for adults get your own</p>
  <p time="244000" is_ac="true">hangout spot it's so heavy so this is</p>
  <p time="246360" is_ac="true">what it would be like if I was a baby</p>
  <p time="249239" is_ac="true">this is how big a mug looks to a baby</p>
  <p time="251120" is_ac="true">that can't be right I can't explain how</p>
  <p time="252920" is_ac="true">like weird the music and the videos of</p>
  <p time="255239" is_ac="true">babies crying like the atmosphere that</p>
  <p time="257320" is_ac="true">they have created here is so</p>
  <p time="258919" is_ac="true">uncomfortable I like the idea though</p>
  <p time="261160" is_ac="true">well um I don't know about you but I'm</p>
  <p time="263440" is_ac="true">probably going to go have a play date</p>
  <p time="265479" is_ac="true">with a very cute boy on the</p>
  <p time="267960" is_ac="true">playground you're cute</p>
  <p time="271720" is_ac="true">you're cute</p>
  <p time="276800" is_ac="true">too for this next one we have the</p>
  <p time="280360" is_ac="true">vampire Cafe I have no clue how this is</p>
  <p time="282759" is_ac="true">going to go I hope they talk like</p>
  <p time="286680" is_ac="true">this they had different menus to select</p>
  <p time="289560" is_ac="true">when you made the reservation there</p>
  <p time="291120" is_ac="true">wasn't a great translation so I couldn't</p>
  <p time="292880" is_ac="true">tell which one I picked I think I might</p>
  <p time="294919" is_ac="true">have picked girls night</p>
  <p time="296800" is_ac="true">um we will see</p>
  <p time="303520" is_ac="true">I love that the men use a</p>
  <p time="305680" is_ac="true">coffin and it squeaks when you open it</p>
  <p time="309520" is_ac="true">he just came in here and he cursed us</p>
  <p time="311680" is_ac="true">I'm pretty sure he yelled some</p>
  <p time="316479" is_ac="true">things blood on her</p>
  <p time="319080" is_ac="true">salad oh no no do it she's going to do</p>
  <p time="322400" is_ac="true">it would you like more blood with your</p>
  <p time="325479" is_ac="true">salad black bread taste</p>
  <p time="328639" is_ac="true">test</p>
  <p time="330639" is_ac="true">chewy but not not bad this is the worst</p>
  <p time="335680" is_ac="true">meal I've ever spent $200 on in my life</p>
  <p time="338919" is_ac="true">another dish has</p>
  <p time="341240" is_ac="true">arrived creamy spaghetti with Squid</p>
  <p time="343720" is_ac="true">mushrooms and Squid Ink I'm allergic to</p>
  <p time="346199" is_ac="true">fish</p>
  <p time="348479" is_ac="true">so how was it not bad but I I do not</p>
  <p time="352680" is_ac="true">want</p>
  <p time="355880" is_ac="true">more we got spider ice cream they're so</p>
  <p time="359440" is_ac="true">cute cute down down oh my God good news</p>
  <p time="363680" is_ac="true">we have escaped the vampires Lair the</p>
  <p time="366599" is_ac="true">food absolutely disgusting I have had</p>
  <p time="369319" is_ac="true">better microwaved meals from 7-Eleven</p>
  <p time="372360" is_ac="true">the atmosphere Vibe was on point my only</p>
  <p time="374479" is_ac="true">beef is with the food I feel like they</p>
  <p time="375880" is_ac="true">could have stepped it up especially for</p>
  <p time="377120" is_ac="true">the price point the Lexi scale would be</p>
  <p time="378919" is_ac="true">I'm never coming back out of 10 next up</p>
  <p time="381199" is_ac="true">though this is the one I've been most</p>
  <p time="382880" is_ac="true">excited for even though I don't eat fish</p>
  <p time="385440" is_ac="true">but you know what I do enjoy doing fish</p>
  <p time="388560" is_ac="true">ink</p>
  <p time="391430" is_ac="true">[Applause]</p>
  <p time="397759" is_ac="true">guys guys guys guys okay if you</p>
  <p time="411759" is_ac="true">feel good job I feel</p>
  <p time="415599" is_ac="true">bad</p>
  <p time="418000" is_ac="true">SM okay fish was a little crazy I'm</p>
  <p time="421360" is_ac="true">honestly really proud of myself for</p>
  <p time="423360" is_ac="true">being able to like keep that fish in the</p>
  <p time="425599" is_ac="true">net we both caught a fish this is</p>
  <p time="428319" is_ac="true">Sophia's fish they made hers into</p>
  <p time="430240" is_ac="true">sushimi and then what did we get</p>
  <p time="432879" is_ac="true">battered and battered and fried and then</p>
  <p time="436080" is_ac="true">grilled with salt Justice and Sophia</p>
  <p time="438080" is_ac="true">will be taste testing since I don't eat</p>
  <p time="440400" is_ac="true">fish take it away good fish really yep</p>
  <p time="445120" is_ac="true">can't complain I mean it's fresh not the</p>
  <p time="447440" is_ac="true">best fish I've ever had it's good taste</p>
  <p time="449520" is_ac="true">tting though but for it being fresh as</p>
  <p time="451479" is_ac="true">in like 5 minutes ago it's good</p>
  <p time="455840" is_ac="true">cheers everything tastes better fried</p>
  <p time="458360" is_ac="true">that's delicious Lexi are you having the</p>
  <p time="460639" is_ac="true">best time watching this all happen it's</p>
  <p time="462840" is_ac="true">actually a lot better grilled than</p>
  <p time="465240" is_ac="true">Sashimi big fan of my plates you can</p>
  <p time="468520" is_ac="true">have yours I'm going to eat Mine mine's</p>
  <p time="470800" is_ac="true">okay you can have</p>
  <p time="472720" is_ac="true">yours yeah that's what I thought it's</p>
  <p time="475120" is_ac="true">better than yours okay which one's the</p>
  <p time="477000" is_ac="true">best though fried or gred with salt</p>
  <p time="479599" is_ac="true">fried for</p>
  <p time="480879" is_ac="true">me so Chey on</p>
  <p time="483720" is_ac="true">three what was everyone's favorite today</p>
  <p time="486599" is_ac="true">1 2 three honestly I feel like they all</p>
  <p time="490440" is_ac="true">had something Charming about them I feel</p>
  <p time="492479" is_ac="true">like the common theme though is the food</p>
  <p time="494720" is_ac="true">was not good most places you want</p>
  <p time="496800" is_ac="true">experience and good food good luck good</p>
  <p time="500120" is_ac="true">luck I think we're going to wrap up here</p>
  <p time="501400" is_ac="true">and I'm going to go get dinner somewhere</p>
  <p time="502560" is_ac="true">else because Lexi don't eat fish hi</p>
</text>
