<?xml version='1.0' encoding='UTF-8'?>
<text date_d="25" date_m="2" date_y="2024" format="srv3" age_limit="0" comment_count="579" description="Join me in Japan, Tokyo at the best sushi restaurant, Nihonbashi Kakigara-cho Sugita. Led by master chef Takaaki Sugita, this episode explores the art of Edomai sushi and the chef's journey from apprentice to sushi virtuoso. A unique journey into the heart of Japan's best sushi destination.&#10;&#10;Do you want more content from the world's top restaurants?&#10;Instagram - https://www.instagram.com/alexandertheguest&#10;&#10;My name is Alexander. I’m the co-owner of a ONE Michelin star restaurant, and I’m on a mission - to find inspiration in gastronomy. I love fine dining, good wine and sharing what I know with other people.&#10;&#10;Check out my restaurant: &#10;https://www.instagram.com/42restaurant/&#10;&#10;#Sugita #TokyoSushi #michelinstar #BestSushiJapan #EdomaiSushi #JapaneseCuisine #SushiArt #TokyoDining #GourmetJapan #TakaakiSugita #MichelinStarSushi #SushiExperience #TokyoFood #CulinaryExcellence #JapaneseTradition #FineDiningJapan" fulltitle="I Tried the WORLD'S #1 Sushi Restaurant in JAPAN (Impossible to Book)" like_count="19760" location="TOKYO" playlist_title="na" release_date="na" upload_date="20240225" repost_count="na" tags="best sushi; sushi restaurant; sugita; japan; Authentic sushi; Japanese cuisine; Tokyo dining; Edomae sushi; Japanese seafood; best sushi in tokyo; world's best sushi; sushi chef; nigiri; sushi; No 1 restaurant; The world’s best restaurant; food; eat; Michelin Guide; Michelin star; gourmet; dining; inside a professional kitchen; inside a restaurant kitchen; michelin star restaurants; fine dining; world's best sushi chef; word's best sushi restaurant; " title="I Tried the WORLD'S #1 Sushi Restaurant in JAPAN (Impossible to Book)" uploader="Alexander The Guest" view_count="749902" webpage_url="https://www.youtube.com/watch?v=HDav7oL5qNQ" autocaption="false">
  <p time="40" is_ac="false">It’s been voted best in 
Japan for six years running.</p>
  <p time="2960" is_ac="false">That means getting a reservation 
is gonna be a pain in the ketsu,</p>
  <p time="6600" is_ac="false">if you catch my drift.</p>
  <p time="8440" is_ac="false">Say hello to Tokyo.</p>
  <p time="10320" is_ac="false">It’s a city of extremes.</p>
  <p time="12120" is_ac="false">With 37 million people, it’s the 
world’s largest city by population.</p>
  <p time="16560" is_ac="false">If you think New York never sleeps,</p>
  <p time="18800" is_ac="false">you should try this place.</p>
  <p time="20640" is_ac="false">When it comes to food, you 
cannot do much better than Tokyo.</p>
  <p time="23760" is_ac="false">There are more options here than 
you can shake a chopstick at.</p>
  <p time="26840" is_ac="false">And more michelin star restaurants 
than anywhere else on earth.</p>
  <p time="30480" is_ac="false">For me, it’s a tough decision.</p>
  <p time="32320" is_ac="false">There are so many great choices here</p>
  <p time="34600" is_ac="false">But today, I will not be 
using Michelin as my guide.</p>
  <p time="37720" is_ac="false">I’m using the Japenese restaurant 
and food guide called Tabelog.</p>
  <p time="41400" is_ac="false">The ratings come from Japanese 
customers, not inspectors.</p>
  <p time="45480" is_ac="false">And since we’ve come so far, it only 
makes sense to go straight to number one.</p>
  <p time="50040" is_ac="false">In the top spot is a place called 
Nihonbashi Kakigara-cho Sugita.</p>
  <p time="54320" is_ac="false">Or just Sugita for short.</p>
  <p time="56200" is_ac="false">This is Takaaki Sugita.</p>
  <p time="58000" is_ac="false">He’s the owner and Itamae,</p>
  <p time="59880" is_ac="false">or head sushi chef.</p>
  <p time="61000" is_ac="false">The inspiration came in high school</p>
  <p time="62640" is_ac="false">when he got hooked on a TV drama</p>
  <p time="64240" is_ac="false">about a guy who becomes an 
apprentice at a sushi restaurant.</p>
  <p time="67760" is_ac="false">It pushed him to take a 
part-time job as an apprentice,</p>
  <p time="70320" is_ac="false">and there he spent the next 12 years!</p>
  <p time="72400" is_ac="false">Working on his knife skills and learning 
Edomai sushi from the inside out.</p>
  <p time="76840" is_ac="false">It’s the traditional Tokyo style sushi 
that dates back to the 19th century.</p>
  <p time="80720" is_ac="false">It features small servings of fresh fish 
or seafood on top of small beds of rice.</p>
  <p time="85800" is_ac="false">So after apprenticing for 12 
years, something amazing happened.</p>
  <p time="89480" is_ac="false">His boss threw him the keys 
to one of his restaurants.</p>
  <p time="92680" is_ac="false">It was Sugita’s to run.</p>
  <p time="94040" is_ac="false">And he did just that for the next 10 years.</p>
  <p time="96600" is_ac="false">After a decade of running 
his own spot, he was ready.</p>
  <p time="99920" is_ac="false">At the age of 40, he took over the restaurant 
owned by his wife’s family and made it his own.</p>
  <p time="105640" is_ac="false">The name would come from his surname</p>
  <p time="107960" is_ac="false">Sugita.</p>
  <p time="108800" is_ac="false">To not confuse it with other Sugita restaurants,</p>
  <p time="111080" is_ac="false">he added the name of the neighborhood</p>
  <p time="113000" is_ac="false">Nihonbashi Kakigaracho.</p>
  <p time="115160" is_ac="false">It was an instant hit.</p>
  <p time="116600" is_ac="false">In 2017 he got the first Michelin star,</p>
  <p time="119280" is_ac="false">In 2022, the second one.</p>
  <p time="120960" is_ac="false">But in the latest Michelin guide for Japan, 
you cannot find this restaurant anywhere.</p>
  <p time="124840" is_ac="false">The fine dining community is buzzing 
about it all over the internet.</p>
  <p time="128560" is_ac="false">And it seems the reason is because 
of how difficult it is to get a seat.</p>
  <p time="132560" is_ac="false">Reservations are taken on a monthly basis</p>
  <p time="134720" is_ac="false">and open up the first Monday of each month.</p>
  <p time="137280" is_ac="false">And they do it the old-fashioned way</p>
  <p time="139440" is_ac="false">by phone.</p>
  <p time="140280" is_ac="false">Most of the seats are taken by regulars,</p>
  <p time="142640" is_ac="false">and if you know one of them, this is 
the best way to get a reservation.</p>
  <p time="146720" is_ac="false">This is how I got here.</p>
  <p time="148200" is_ac="false">Kentaro “Henry” Nakahara.</p>
  <p time="150320" is_ac="false">Henry is a chef and restaurant owner with</p>
  <p time="152480" is_ac="false">a grilled meat restaurant and 
a burger place here in Tokyo.</p>
  <p time="155880" is_ac="false">He eats at Sugita every month.</p>
  <p time="157880" is_ac="false">If you don’t know a regular, then a well-tipped 
concierge from a luxury hotel is your best bet.</p>
  <p time="163000" is_ac="false">And the best way to catch the newest Alexander 
the Guest episodes is to be a subscriber.</p>
  <p time="167480" is_ac="false">If you haven’t done that yet, go for it.</p>
  <p time="169800" is_ac="false">It will help us a lot.</p>
  <p time="171640" is_ac="false">Reservations at Sugita are so 
low in supply and high in demand,</p>
  <p time="175320" is_ac="false">it’s created it’s own black market.</p>
  <p time="177480" is_ac="false">People have paid up to 2000 euros just 
to get a seat at Sugita-san’s counter.</p>
  <p time="182280" is_ac="false">But don’t get any sneaky ideas.</p>
  <p time="184080" is_ac="false">You need to bring your ID to prove you’re you.</p>
  <p time="186800" is_ac="false">And if they catch you scalping your reservation,</p>
  <p time="189120" is_ac="false">you will never get another one.</p>
  <p time="190840" is_ac="false">All of this funny business with reservations was 
likely a turnoff for the Michelin inspectors.</p>
  <p time="195360" is_ac="false">And they simply dropped the 
restaurant from the guide.</p>
  <p time="197960" is_ac="false">Which is not uncommon here in Japan.</p>
  <p time="199840" is_ac="false">Two other famous sushi places had a similar fate</p>
  <p time="202320" is_ac="false">when they kept reservations 
away from the general public.</p>
  <p time="205400" is_ac="false">Sushi Saito is one.</p>
  <p time="207320" is_ac="false">The other is Sukiyabashi Jiro.</p>
  <p time="209440" is_ac="false">This is where Obama famously went.</p>
  <p time="212080" is_ac="false">You might remember it from the 2011 
documentary Jiro Dreams of Sushi.</p>
  <p time="216920" is_ac="false">Let’s forget about Michelin and other 
restaurants and get back to Sugita.</p>
  <p time="220760" is_ac="false">All you really need to know is 
they won a boatload of awards</p>
  <p time="223800" is_ac="false">and have been ranked number one 
sushi restaurant six years running.</p>
  <p time="227440" is_ac="false">If you manage to get yourself a reservation, 
there are some rules you need to follow.</p>
  <p time="231720" is_ac="false">They are listed on the website, 
but let me paraphrase for you.</p>
  <p time="235000" is_ac="false">First one is no surprise.</p>
  <p time="236440" is_ac="false">Dress up a bit.</p>
  <p time="237640" is_ac="false">No shorts, flip-flops, jerseys, 
or other casual clothes,</p>
  <p time="241280" is_ac="false">and for god’s sake, take your hat off.</p>
  <p time="243760" is_ac="false">And save your sprays.</p>
  <p time="245040" is_ac="false">No strong fragrances are allowed.</p>
  <p time="247360" is_ac="false">You gotta go with the flow.</p>
  <p time="249120" is_ac="false">If you have a long list of 
allergies OR food dislikes,</p>
  <p time="252120" is_ac="false">your reservation might be refused.</p>
  <p time="254280" is_ac="false">Because more than 15 minutes late means</p>
  <p time="256640" is_ac="false">no sushi for you.</p>
  <p time="258040" is_ac="false">Your reservation will be cancelled.</p>
  <p time="260640" is_ac="false">Finally put your phone away.</p>
  <p time="262400" is_ac="false">We had to ask permission very very nicely.</p>
  <p time="267280" is_ac="false">From the outside, you would 
not know this place was famous.</p>
  <p time="270360" is_ac="false">In fact, you would likely walk right by it.</p>
  <p time="273280" is_ac="false">Sugita is well hidden on a quiet side street.</p>
  <p time="276600" is_ac="false">There are no G-Wagons or Aston Martins 
outside to give it away either.</p>
  <p time="281000" is_ac="false">Only the chef’s humble Honda 
scooter waits for his return.</p>
  <p time="285480" is_ac="false">Entering through the curtains,</p>
  <p time="287000" is_ac="false">it opens up into a cozy but welcoming space.</p>
  <p time="290000" is_ac="false">It has a minimalist design which is no 
surprise for a traditional Japanese restaurant.</p>
  <p time="294520" is_ac="false">An elegant counter made of 
hinoki wood is ready for action.</p>
  <p time="298240" is_ac="false">And in front, space for 9 lucky people,</p>
  <p time="300520" is_ac="false">each with a front row seat.</p>
  <p time="302280" is_ac="false">If you want a more private experience, 
there is also a side room for four people.</p>
  <p time="306600" is_ac="false">That’s a total of 13 seats.</p>
  <p time="308440" is_ac="false">Once inside, we steady ourselves 
for the best sushi in the world.</p>
  <p time="312240" is_ac="false">5 to 8 bite size appetizers and 11 or 
12 pieces of nigiri sushi are coming.</p>
  <p time="317760" is_ac="false">All this for 340 euros.</p>
  <p time="320760" is_ac="false">Before the show,</p>
  <p time="321560" is_ac="false">we see the staff working hard to make sure 
everything is perfect and ready to go.</p>
  <p time="326880" is_ac="false">Here we see a sous chef grating 
wasabi root to go with tonight’s meal.</p>
  <p time="330960" is_ac="false">Wasabi root is insanely 
expensive for a good reason.</p>
  <p time="334080" is_ac="false">It is near impossible to grow.</p>
  <p time="336160" is_ac="false">It needs shade, rich soil 
that is moist but not wet,</p>
  <p time="339520" is_ac="false">and steady temperatures between 9 and 16 degrees.</p>
  <p time="342760" is_ac="false">It’s grows naturally in river valleys in 
Japan, South Korea and parts of Russia.</p>
  <p time="347040" is_ac="false">That means most of the 
world’s wasabi is imitation.</p>
  <p time="350240" is_ac="false">The green stuff in those little packs is</p>
  <p time="352040" is_ac="false">horseradish, mustard, food coloring 
and a tiny amount of wasabi dust.</p>
  <p time="356720" is_ac="false">Fun fact about grating wasabi root.</p>
  <p time="359040" is_ac="false">First of all, the top of the 
board must be made of shark skin.</p>
  <p time="362280" is_ac="false">And grating should be done 
with an inward movement,</p>
  <p time="364400" is_ac="false">because inward means balance.</p>
  <p time="366440" is_ac="false">The meal begins with some snacks.</p>
  <p time="368520" is_ac="false">This is like the opening act and we really 
see the chef show off his knife skills.</p>
  <p time="372960" is_ac="false">And THAT is a knife.</p>
  <p time="375440" is_ac="false">Here Sugita-san is preparing our first dish.</p>
  <p time="377920" is_ac="false">Braised abalone.</p>
  <p time="379320" is_ac="false">It’s a type of sea snail.</p>
  <p time="380920" is_ac="false">It’s also known as sea ears.</p>
  <p time="382920" is_ac="false">And that makes sense.</p>
  <p time="384360" is_ac="false">It’s buttery and salty and has the chewiness 
of calamari but the texture more like scallop.</p>
  <p time="389480" is_ac="false">It has nice earthy umami flavors.</p>
  <p time="391800" is_ac="false">As you can see, everything is 
done with beautiful precision.</p>
  <p time="395160" is_ac="false">Every slice, every motion, 
it’s mesmerizing to watch.</p>
  <p time="399120" is_ac="false">And you can tell Sugita-san has done 
this hundreds of thousands of times.</p>
  <p time="404200" is_ac="false">Up next is surf clam.</p>
  <p time="406000" is_ac="false">This is found in northern Japan 
and can live more than 30 years.</p>
  <p time="409600" is_ac="false">Even the clams live a long healthy life here!</p>
  <p time="412360" is_ac="false">You’ve probably seen this before.</p>
  <p time="414320" is_ac="false">The Japanese traditional way 
of fixing glass and pottery.</p>
  <p time="417880" is_ac="false">They use lacquer to put it back together</p>
  <p time="420160" is_ac="false">And decorate the break with 
gold,silver or platinum.</p>
  <p time="423600" is_ac="false">They do this to highlight the 
special event in its history.</p>
  <p time="426600" is_ac="false">It’s called kintsugi.</p>
  <p time="427960" is_ac="false">It’s not a quick fix.</p>
  <p time="429080" is_ac="false">The process can take up to three months.</p>
  <p time="431560" is_ac="false">It’s part of the Japanese philosophy 
of accepting what’s not perfect.</p>
  <p time="435400" is_ac="false">It reminds us that we will 
all be broken at some point.</p>
  <p time="438680" is_ac="false">But not to give up.</p>
  <p time="439960" is_ac="false">These events become scars in our lives.</p>
  <p time="442440" is_ac="false">And we shouldn’t try to hide them.</p>
  <p time="445160" is_ac="false">The chef’s is preparing his signature maki roll.</p>
  <p time="447845" is_ac="false">Each piece was a party of 
textures with crisp seaweed paper,</p>
  <p time="449400" is_ac="false">soft rice, the delicate crunch of 
fresh chives and ultra tender sardine.</p>
  <p time="453920" is_ac="false">Together with the fresh wasabi and salty soy 
they created a beautiful harmony of flavors</p>
  <p time="458640" is_ac="false">I understand why it’s a signature dish.</p>
  <p time="461160" is_ac="false">It was incomparable.</p>
  <p time="463920" is_ac="false">Next we have sea urchin and salmon roe</p>
  <p time="466440" is_ac="false">We also try monkfish liver with hinotori sake</p>
  <p time="469320" is_ac="false">Sugita has 30 different kinds of 
sake here, from all over Japan.</p>
  <p time="473360" is_ac="false">Without question only the best 
quality ever makes it to my cup.</p>
  <p time="476680" is_ac="false">Can you mix champagne and sake?</p>
  <p time="478480" is_ac="false">Not in the same glass of course.</p>
  <p time="480440" is_ac="false">I found the sake made my palette more sensitive.</p>
  <p time="482960" is_ac="false">So when I went back to champagne, 
I saw a totally new side of it.</p>
  <p time="486560" is_ac="false">Such a bonus!</p>
  <p time="488120" is_ac="false">Coming shortly after is 
grilled seabass with citrus.</p>
  <p time="491280" is_ac="false">It’s so delicious that Henry is moved to tears.</p>
  <p time="494400" is_ac="false">I reach out with a bit of support.</p>
  <p time="496560" is_ac="false">Our final appetiser is 
chawanmushi with herring roe.</p>
  <p time="499880" is_ac="false">This looks like soup but 
it’s actually steamed egg.</p>
  <p time="503040" is_ac="false">It’s umami-rich and the texture is luxurious.</p>
  <p time="506200" is_ac="false">Appetisers done.</p>
  <p time="507360" is_ac="false">Now it’s time for nigiri.</p>
  <p time="509240" is_ac="false">balls of rice topped with raw fish.</p>
  <p time="512960" is_ac="false">Our first one is Iwashi, or Japanese sardine.</p>
  <p time="516080" is_ac="false">Sugita-san is so elegant.</p>
  <p time="518600" is_ac="false">He has rhythm like he is dancing</p>
  <p time="520320" is_ac="false">and every move he makes 
seems to be in slow motion.</p>
  <p time="524600" is_ac="false">As you can see, we are eating 
nigiri the traditional way</p>
  <p time="527720" is_ac="false">with our hands.</p>
  <p time="529400" is_ac="false">When it hits my plate I reach confidently…</p>
  <p time="532320" is_ac="false">And I fumble it.</p>
  <p time="533720" is_ac="false">Shit.</p>
  <p time="534920" is_ac="false">I hope Sugita-san didn’t see!</p>
  <p time="536760" is_ac="false">Although the presentation was ruined, the 
nigiri itself was still absolutely perfect.</p>
  <p time="541640" is_ac="false">Warm tangy rice and the most tender, delicious 
fish you ever tasted, with a hint of saltiness.</p>
  <p time="547600" is_ac="false">This is a fascinating world, but 
there are many things I don’t know.</p>
  <p time="551240" is_ac="false">Like what exactly this is.</p>
  <p time="553080" is_ac="false">Or this.</p>
  <p time="554000" is_ac="false">And I can’t really describe 
what is happening on my tongue.</p>
  <p time="557400" is_ac="false">So I silently respect the depth of this cuisine</p>
  <p time="560080" is_ac="false">to which I can no longer see.</p>
  <p time="562520" is_ac="false">What I do know is that each of 
these is gorgeous in many ways.</p>
  <p time="566720" is_ac="false">The delicate flavors,</p>
  <p time="568200" is_ac="false">the elegant textures,</p>
  <p time="569960" is_ac="false">the careful presentation will be 
seared into my memory for life.</p>
  <p time="574320" is_ac="false">It’s as close to tradition 
and perfection as you can get.</p>
  <p time="578240" is_ac="false">The fact that this sushi has been made exactly 
this way for over 200 years is really special.</p>
  <p time="584080" is_ac="false">Every move, every cut has been 
passed down for generations.</p>
  <p time="588000" is_ac="false">Here I can connect with it through the food.</p>
  <p time="591080" is_ac="false">On a personal level, this is important.</p>
  <p time="594240" is_ac="false">I was also lucky to share 
the table with an expert.</p>
  <p time="597000" is_ac="false">Henry not only translated but 
filled in the knowledge gaps.</p>
  <p time="600800" is_ac="false">Making it a history lesson 
and food experience in one.</p>
  <p time="604240" is_ac="false">I loved unlocking a new side of champagne 
using the sake to loosen up my tastebuds.</p>
  <p time="609240" is_ac="false">It was great fun to experiment 
with these two magical potions.</p>
  <p time="613360" is_ac="false">In this traditional, quiet place, 
I actually had a lot of fun.</p>
  <p time="617440" is_ac="false">At times I felt like a fish out of water, 
but still I was very comfortable here.</p>
  <p time="623040" is_ac="false">Maybe because I knew I was in such good hands.</p>
  <p time="626200" is_ac="false">The result was a wonderful experience.</p>
  <p time="628840" is_ac="false">And memories I will treasure for years.</p>
</text>
