<?xml version='1.0' encoding='UTF-8'?>
<text date_d="27" date_m="12" date_y="2023" format="srv3" age_limit="0" comment_count="8600" description="Does America have the best pizza in the world? &#10;&#10;Get My Cookbook: https://bit.ly/TextureOverTaste&#10;&#10;Additional Cookbook Options (other stores, international, etc.): https://bit.ly/WeissmanCookbook&#10;&#10;FOLLOW ME:&#10;Instagram: https://www.instagram.com/joshuaweissman&#10;Tik Tok: https://www.tiktok.com/@flakeysalt&#10;Twitter: https://twitter.com/therealweissman&#10;Facebook: https://www.facebook.com/thejoshuaweissman&#10;Subreddit: https://www.reddit.com/r/JoshuaWeissman/&#10;Discord Server: https://discord.gg/joshuaweissman&#10;---------------------------------------------------------------&#10;Ingredients Needed: A pizza place that loves you as much as you love it." fulltitle="I Tried The Best Pizza In America" like_count="87678" location="na" playlist_title="na" release_date="na" upload_date="20231227" repost_count="na" tags="sat bawl pro; joshua weissman; pizza; new york pizza; chicago deep dish; pizza in new york; nyc pizza; homemade pizza; joshua pizza; joshua pizza recipe; joshua weissman pizza recipe; chicago pizza; detroit pizza; detroit style pizza; sicilian pizza; pan pizza; dominos pizza; dominos; pizza hut; papa johns; order pizza; delivery pizza; pizza recipe; scarrs pizza; lindustrie; buddys pizza; lou malnatis; pepperoni pizza; best pizza in new york; best nyc pizza; best pizza; " title="I Tried The Best Pizza In America" uploader="Joshua Weissman" view_count="3189932" webpage_url="https://www.youtube.com/watch?v=0w8YpBjsW6Y" autocaption="true">
  <p time="40" is_ac="true">Pizza is one of the biggest food</p>
  <p time="1439" is_ac="true">businesses in the world it's valued at</p>
  <p time="3839" is_ac="true">$141 billion and America alone owns $3</p>
  <p time="8920" is_ac="true">of all of that and half of that third is</p>
  <p time="11480" is_ac="true">spent on Pizza Hut Papa John's Little</p>
  <p time="14480" is_ac="true">Caesars but what about the other half</p>
  <p time="16880" is_ac="true">this is where things get a little</p>
  <p time="17880" is_ac="true">interesting America's done a pretty good</p>
  <p time="19439" is_ac="true">job of adapting this European invention</p>
  <p time="21800" is_ac="true">into something of its very own while</p>
  <p time="24080" is_ac="true">still giving respect to the traditional</p>
  <p time="26000" is_ac="true">art form that's why today we're going to</p>
  <p time="27320" is_ac="true">try to find the best pizza in America</p>
  <p time="30000" is_ac="true">there's only one problem there's over</p>
  <p time="31599" is_ac="true">80,000 pizza restaurants that exist here</p>
  <p time="34200" is_ac="true">so how do we narrow that down we're</p>
  <p time="35640" is_ac="true">using a rigorous three-step process step</p>
  <p time="37680" is_ac="true">one we asked you on my Instagram what's</p>
  <p time="40200" is_ac="true">the best American style of pizza and</p>
  <p time="42360" is_ac="true">what's the best restaurant that</p>
  <p time="43440" is_ac="true">represents that style to make this Fair</p>
  <p time="45559" is_ac="true">our control is pepperoni cheese and</p>
  <p time="48000" is_ac="true">sauce that's it step two we're going to</p>
  <p time="50039" is_ac="true">take your top three Pizza cities and</p>
  <p time="52120" is_ac="true">restaurants go to them and rate them</p>
  <p time="53960" is_ac="true">because I have to try them for myself</p>
  <p time="55239" is_ac="true">and finally step three the most</p>
  <p time="57480" is_ac="true">important the city that wins we will go</p>
  <p time="59519" is_ac="true">to find a local pizza expert to take us</p>
  <p time="61320" is_ac="true">to all of the most influential pizza</p>
  <p time="63519" is_ac="true">shops in that area the highest scored</p>
  <p time="65680" is_ac="true">pizza from our tour will be crowned the</p>
  <p time="67640" is_ac="true">greatest Pizza in America thousands of</p>
  <p time="70320" is_ac="true">you voted for this and the top three</p>
  <p time="72360" is_ac="true">were New York City second place Detroit</p>
  <p time="74600" is_ac="true">style and Chicago deep dish third place</p>
  <p time="77280" is_ac="true">New Haven so close but unfortunately did</p>
  <p time="79439" is_ac="true">not make the top three based on our vote</p>
  <p time="81920" is_ac="true">all that being said we're starting off</p>
  <p time="83159" is_ac="true">in Chicago the land of the Italian beef</p>
  <p time="85479" is_ac="true">something that I love but let's see how</p>
  <p time="86960" is_ac="true">their Pizza stands we at the original</p>
  <p time="89400" is_ac="true">Lumina in Chicago maybe the most iconic</p>
  <p time="92159" is_ac="true">Chicago deep dish there are a lot of</p>
  <p time="94439" is_ac="true">styles of pizza here but deep dish three</p>
  <p time="96479" is_ac="true">times as many votes as pan pizza and two</p>
  <p time="98560" is_ac="true">times as many as thin crust and 10 times</p>
  <p time="100840" is_ac="true">as many as stuff so here we are classic</p>
  <p time="102840" is_ac="true">famous buttercrust pepperoni and cheese</p>
  <p time="104439" is_ac="true">marinara</p>
  <p time="108119" is_ac="true">simple I'm like suffocating right now</p>
  <p time="110840" is_ac="true">that was a fight you ever go into water</p>
  <p time="112680" is_ac="true">and even take enough of a breath and you</p>
  <p time="113920" is_ac="true">start to panic that's what just happened</p>
  <p time="115159" is_ac="true">to me appearance-wise looks great I like</p>
  <p time="116840" is_ac="true">seeing the whole tomato I like seeing</p>
  <p time="118240" is_ac="true">the cheese sauce is good texturally it's</p>
  <p time="120159" is_ac="true">tough for me to get through the crust</p>
  <p time="121439" is_ac="true">itself crunchy crumbly not really what I</p>
  <p time="123399" is_ac="true">want in a pizza at all I thought the</p>
  <p time="125079" is_ac="true">crust would be something special this is</p>
  <p time="126399" is_ac="true">more of like a dessert style pie with</p>
  <p time="128080" is_ac="true">cheese in it instead of a pizza I don't</p>
  <p time="129679" is_ac="true">think it needs that much cheese then</p>
  <p time="130920" is_ac="true">again it does help with that unsalted</p>
  <p time="132280" is_ac="true">crust when I think of pizza I think</p>
  <p time="133840" is_ac="true">Chewy crust has good structural</p>
  <p time="135400" is_ac="true">Integrity Fair saua cheese ratio not a</p>
  <p time="137440" is_ac="true">ton of cheese not a ton of sauce and</p>
  <p time="138879" is_ac="true">then everything should come together as</p>
  <p time="140000" is_ac="true">a singular Crescendo I'm biting down in</p>
  <p time="141879" is_ac="true">a piece of food and I'm getting</p>
  <p time="142840" is_ac="true">everything I want in one little bite</p>
  <p time="144160" is_ac="true">this one like you don't know what's</p>
  <p time="145080" is_ac="true">going to happen at best I can give this</p>
  <p time="146879" is_ac="true">5.5 quick pause cuz I know Chicagoans</p>
  <p time="149280" is_ac="true">are going to be piss off on this take</p>
  <p time="150680" is_ac="true">but I have a real chicagoan here to</p>
  <p time="151959" is_ac="true">share his opinion Mr Beef himself I a</p>
  <p time="154360" is_ac="true">chicagoan deep dish is a garbage Pizza</p>
  <p time="156879" is_ac="true">this gross it's like going to McDonald's</p>
  <p time="159720" is_ac="true">just being honest with love and respect</p>
  <p time="161640" is_ac="true">to Chicago We're moving on all right</p>
  <p time="163400" is_ac="true">Chicago that left me wanting more but</p>
  <p time="165280" is_ac="true">it's not over yet on a Detroit we are at</p>
  <p time="167800" is_ac="true">the original buddies location if you</p>
  <p time="169879" is_ac="true">don't know buddies it's essentially the</p>
  <p time="171440" is_ac="true">pioneer of the Detroit style pizza</p>
  <p time="173800" is_ac="true">everybody in my close Circle has been</p>
  <p time="174959" is_ac="true">hyping this place up to me for a long</p>
  <p time="176959" is_ac="true">time and you the audience picked it so</p>
  <p time="179200" is_ac="true">it better be good they've got a lot of</p>
  <p time="180480" is_ac="true">Awards in there I've never seen that</p>
  <p time="181720" is_ac="true">much verified flexing in one room in my</p>
  <p time="183760" is_ac="true">entire life but I respect it but I</p>
  <p time="187040" is_ac="true">respect it we moved we have this</p>
  <p time="189920" is_ac="true">beautiful Pizza without further Ado</p>
  <p time="191519" is_ac="true">cheers the pepperonis under the cheese</p>
  <p time="193920" is_ac="true">really weird it doesn't really develop a</p>
  <p time="195159" is_ac="true">nice myard reaction I don't really like</p>
  <p time="196840" is_ac="true">that looks wise it looks great the</p>
  <p time="198480" is_ac="true">texture is really good you got this</p>
  <p time="200200" is_ac="true">crazy Crunch and it's soft on the</p>
  <p time="201720" is_ac="true">insides but the flavor is super missing</p>
  <p time="203920" is_ac="true">I'm a little</p>
  <p time="205879" is_ac="true">underwhelmed you saw how good that looks</p>
  <p time="208000" is_ac="true">doesn't taste as good as it looks this</p>
  <p time="209400" is_ac="true">pizza right here in front of me is a</p>
  <p time="210560" is_ac="true">solid 5.8 but I will say the hospitality</p>
  <p time="213080" is_ac="true">here is truly unmatched so I have a lot</p>
  <p time="215239" is_ac="true">of respect and love for that the pizza</p>
  <p time="216840" is_ac="true">didn't do it for me just being honest I</p>
  <p time="218640" is_ac="true">love you Detroit I'm sorry okay last</p>
  <p time="220640" is_ac="true">stop New York City we are at Joe's this</p>
  <p time="223439" is_ac="true">was by far the most voted for four times</p>
  <p time="226280" is_ac="true">as much as placement number two on the</p>
  <p time="228239" is_ac="true">list it's one of the main pioneers of</p>
  <p time="230439" is_ac="true">the New York City slice culture so if</p>
  <p time="232720" is_ac="true">you're in Manhattan late at night this</p>
  <p time="234159" is_ac="true">is where the you go the size the</p>
  <p time="236000" is_ac="true">foldability the cheese pole the sauce</p>
  <p time="238319" is_ac="true">it's all what makes the New York City</p>
  <p time="241120" is_ac="true">slice it's really good super thin as it</p>
  <p time="243879" is_ac="true">tapers down like paper we got the cheese</p>
  <p time="245560" is_ac="true">we got the pepperoni sauce is really</p>
  <p time="247640" is_ac="true">nice I love you I love you what's your</p>
  <p time="250640" is_ac="true">name pleasure to meet you Sam of course</p>
  <p time="253319" is_ac="true">you can you look awesome and you who</p>
  <p time="255400" is_ac="true">this awesome this pizza is awesome you</p>
  <p time="257799" is_ac="true">heard that crunch the dough is chewy</p>
  <p time="259359" is_ac="true">it's super crisp and crunchy on the</p>
  <p time="260720" is_ac="true">outside here's one thing that people</p>
  <p time="261959" is_ac="true">don't talk about salt level in the dough</p>
  <p time="263680" is_ac="true">just about perfect I almost want a</p>
  <p time="264960" is_ac="true">little more salt in the dough just a</p>
  <p time="266240" is_ac="true">little bit that being said this is damn</p>
  <p time="267720" is_ac="true">near Perfect Pizza I'm give this a solid</p>
  <p time="270000" is_ac="true">powerful standing seven this pizza is</p>
  <p time="272800" is_ac="true">the perfect bar Setter which is why New</p>
  <p time="275320" is_ac="true">York City is the winner that means we're</p>
  <p time="276840" is_ac="true">going to do our Deep dive here but with</p>
  <p time="278720" is_ac="true">over 2,000 pizzerias five burrow it's</p>
  <p time="281960" is_ac="true">nearly impossible to eat at every single</p>
  <p time="284400" is_ac="true">one so to tell me all the right spots to</p>
  <p time="286520" is_ac="true">hit I'm handing over the rigns to the</p>
  <p time="288160" is_ac="true">one and only person I ever would do this</p>
  <p time="290160" is_ac="true">with the New York City Pizza expert</p>
  <p time="292240" is_ac="true">Scott weiner he's eaten at every</p>
  <p time="294880" is_ac="true">noteworthy New York City pizza shop</p>
  <p time="296479" is_ac="true">while leading his pizza tour business</p>
  <p time="298080" is_ac="true">Scott's Pizza tours and he holds the</p>
  <p time="299840" is_ac="true">Guinness record for world's biggest</p>
  <p time="301720" is_ac="true">pizza box collection shout out to Scott</p>
  <p time="303759" is_ac="true">for doing the majority of the research</p>
  <p time="305280" is_ac="true">for us and has whittel it down to a</p>
  <p time="306880" is_ac="true">concise list this man bleeds pizza sauce</p>
  <p time="309880" is_ac="true">all right Scott how can to make this</p>
  <p time="310840" is_ac="true">count well we're just going to cut to</p>
  <p time="312120" is_ac="true">the chase by doing the most</p>
  <p time="313280" is_ac="true">quintessential and influential slice</p>
  <p time="315240" is_ac="true">shops so these are the ones that are</p>
  <p time="316680" is_ac="true">classic old school historic places and</p>
  <p time="318960" is_ac="true">some of the new school places that are</p>
  <p time="320120" is_ac="true">challenging convention I know you like</p>
  <p time="321560" is_ac="true">scars that's going to fit right into the</p>
  <p time="323199" is_ac="true">pocket of what we're doing last time I</p>
  <p time="324360" is_ac="true">voted scars the best I'm curious to see</p>
  <p time="326199" is_ac="true">if it holds up so let's begin but if</p>
  <p time="328360" is_ac="true">we're going to do this sort of an</p>
  <p time="329560" is_ac="true">Expedition we're going to need a tried</p>
  <p time="331039" is_ac="true">to intrude Ste to get this</p>
  <p time="333300" is_ac="true">[Music]</p>
  <p time="342919" is_ac="true">done ready hop in this makes me feel</p>
  <p time="345520" is_ac="true">awkward so we're at John's Pizza one of</p>
  <p time="348240" is_ac="true">New York City's oldest coal oven pizza</p>
  <p time="350000" is_ac="true">shops opened in</p>
  <p time="351319" is_ac="true">1929 we said pepperoni but now we have</p>
  <p time="353639" is_ac="true">cheese why cheese because this is New</p>
  <p time="355280" is_ac="true">York style pizza and I know with other</p>
  <p time="357160" is_ac="true">styles toppings are a big part of it but</p>
  <p time="359000" is_ac="true">with New York style pizza it's all about</p>
  <p time="360880" is_ac="true">the Holy Trinity the cheese sauce crust</p>
  <p time="363199" is_ac="true">and if they're making good pizza it's</p>
  <p time="364600" is_ac="true">got to come across in this format we</p>
  <p time="366400" is_ac="true">have new data so moving forward all</p>
  <p time="368240" is_ac="true">pizzas will be cheese only according to</p>
  <p time="370520" is_ac="true">Scott that is the only way to make this</p>
  <p time="372280" is_ac="true">decision as focused and fair as possible</p>
  <p time="374840" is_ac="true">I'm ready are you ready yeah I see my</p>
  <p time="376440" is_ac="true">slice elegant it is elegant it's sliced</p>
  <p time="379360" is_ac="true">low moisture mozzarella topped with</p>
  <p time="381440" is_ac="true">tomato sauce above the cheese and this</p>
  <p time="383520" is_ac="true">is a variation that a lot of coal</p>
  <p time="384840" is_ac="true">fireplaces were doing back in the day</p>
  <p time="386520" is_ac="true">because the sauce acted as a protective</p>
  <p time="388720" is_ac="true">element that prevented the cheese from</p>
  <p time="390400" is_ac="true">drying out in this really bone dry cold</p>
  <p time="392599" is_ac="true">fired oven it's a very delicate</p>
  <p time="394000" is_ac="true">melt-in-your mouth dough there's not a</p>
  <p time="395400" is_ac="true">lot of chewing the dough in a good way</p>
  <p time="396919" is_ac="true">super crisp crust the sauce you kind of</p>
  <p time="398840" is_ac="true">wish there was a little more salt in</p>
  <p time="400000" is_ac="true">this this is straight up California</p>
  <p time="402240" is_ac="true">tomato it's just a All Over clean nice</p>
  <p time="404440" is_ac="true">to eat pizza it's a great pizza I'm</p>
  <p time="406039" is_ac="true">going to give it a solid six and a half</p>
  <p time="408000" is_ac="true">I want you guys to understand something</p>
  <p time="409400" is_ac="true">I rate aggressively five is good 10 is</p>
  <p time="413000" is_ac="true">nothing is better than what I'm eating</p>
  <p time="415240" is_ac="true">right now ever and one is I don't want</p>
  <p time="417400" is_ac="true">to eat this again we're going to have to</p>
  <p time="418599" is_ac="true">go back to Joe's for a cheese one and</p>
  <p time="420440" is_ac="true">see where this lands we backc at Joe's</p>
  <p time="422680" is_ac="true">this time I want the bigger slice you</p>
  <p time="424000" is_ac="true">earned it you can really smell the</p>
  <p time="425360" is_ac="true">cheese you don't have to lean on the</p>
  <p time="426599" is_ac="true">crutch of pepperoni listen I really like</p>
  <p time="428479" is_ac="true">pepperoni all</p>
  <p time="430039" is_ac="true">right totally different not as good oh I</p>
  <p time="433440" is_ac="true">think it's way better that's why they</p>
  <p time="434879" is_ac="true">call it opinion folks New Yorkers are on</p>
  <p time="436800" is_ac="true">the go they grab a slice of this a</p>
  <p time="438639" is_ac="true">pepperoni slice you need more time to</p>
  <p time="440400" is_ac="true">sip it is a lot cleaner to eat without</p>
  <p time="442080" is_ac="true">the pepperoni I feel like the pepperoni</p>
  <p time="443560" is_ac="true">weighs down the pizza a bit this is</p>
  <p time="445400" is_ac="true">really like sustaining its structural</p>
  <p time="447000" is_ac="true">Integrity I do like that I get this puff</p>
  <p time="448960" is_ac="true">of CR at the back</p>
  <p time="451160" is_ac="true">end it's a 6.4 moving on JN and Joe's</p>
  <p time="455080" is_ac="true">are ranked neck and neck but we're now</p>
  <p time="456479" is_ac="true">moving on to pis in Harlem one of New</p>
  <p time="458360" is_ac="true">York City's oldest and most iconic</p>
  <p time="460160" is_ac="true">pizzerias ever old school 1930s Coal</p>
  <p time="463080" is_ac="true">Oven Pizzeria unlike John's pis sells</p>
  <p time="465680" is_ac="true">its pizza by the slice so this has</p>
  <p time="467199" is_ac="true">become a New York institution coal is a</p>
  <p time="469479" is_ac="true">very dry heat and you can see that on</p>
  <p time="471520" is_ac="true">the crust it looks pretty crisp and you</p>
  <p time="473560" is_ac="true">were talking about excess flour what's</p>
  <p time="474919" is_ac="true">that about what they'll do here is</p>
  <p time="476199" is_ac="true">they'll partially stretch out do's and</p>
  <p time="477960" is_ac="true">then they'll leave them stacked with FL</p>
  <p time="479280" is_ac="true">flour in between the dough sheets so</p>
  <p time="480840" is_ac="true">they don't stick to each other but that</p>
  <p time="482159" is_ac="true">excess flour can get stuck to the dough</p>
  <p time="484120" is_ac="true">burn a little bit in the oven and that's</p>
  <p time="485560" is_ac="true">when you get burn on the bottom and you</p>
  <p time="486840" is_ac="true">get a little bit of dustiness on the</p>
  <p time="488240" is_ac="true">crust it just means you might get a</p>
  <p time="489479" is_ac="true">bitter flavor on your tongue I want that</p>
  <p time="491319" is_ac="true">little that I'm a little nervous about</p>
  <p time="493440" is_ac="true">that's beyond Char that's into the burn</p>
  <p time="495159" is_ac="true">territory I'm okay with it on this one</p>
  <p time="498360" is_ac="true">it does have a really nice crunch which</p>
  <p time="499800" is_ac="true">I enjoy you get a traditional New York</p>
  <p time="501800" is_ac="true">Pizza flavor this is a very Ordinary</p>
  <p time="504120" is_ac="true">Pizza to me and when I say ordinary I</p>
  <p time="505599" is_ac="true">don't mean bad I would come back and eat</p>
  <p time="507000" is_ac="true">it but I wouldn't go out of my way for</p>
  <p time="508120" is_ac="true">it I think it deserves a solid standing</p>
  <p time="510479" is_ac="true">five very middle of the ground we now</p>
  <p time="512760" is_ac="true">make our way to Luigi's yet another</p>
  <p time="514880" is_ac="true">Pizza icon been open since 1973 still</p>
  <p time="517599" is_ac="true">run by the same family that opened it</p>
  <p time="519279" is_ac="true">New York Pizza moved on from coal fired</p>
  <p time="521479" is_ac="true">that we had at John's and pis when</p>
  <p time="523240" is_ac="true">natural gas became the economical choice</p>
  <p time="524920" is_ac="true">for pizzer is so the gas fueled deck</p>
  <p time="527120" is_ac="true">oven is what makes this style pizza</p>
  <p time="529320" is_ac="true">possible it's a longer bake because it's</p>
  <p time="531000" is_ac="true">a lower temperature and that leaves for</p>
  <p time="532600" is_ac="true">a really crisp but even not charred</p>
  <p time="535399" is_ac="true">crust and I mean look at this it's</p>
  <p time="537080" is_ac="true">classic New York slice I already took a</p>
  <p time="538959" is_ac="true">bite this is a saucy pizza and I love it</p>
  <p time="541839" is_ac="true">and this is super simple crushed tomato</p>
  <p time="543760" is_ac="true">light oregano I like that the oregano is</p>
  <p time="545480" is_ac="true">not in my face I almost don't even</p>
  <p time="546760" is_ac="true">detect it which is exactly how I think</p>
  <p time="548839" is_ac="true">it should be used in Pizza Salt lovers</p>
  <p time="550680" is_ac="true">look great normally I like a saltier</p>
  <p time="552360" is_ac="true">dough but the toppings and the sauce are</p>
  <p time="553959" is_ac="true">salty enough to balance it out I'm</p>
  <p time="555560" is_ac="true">picking up a little bit of pepper which</p>
  <p time="556680" is_ac="true">is diversifying the flavor profile</p>
  <p time="558680" is_ac="true">really like that if you're coming to New</p>
  <p time="559959" is_ac="true">York and you have an idea in your head</p>
  <p time="561839" is_ac="true">imagining New York Pizza this is that</p>
  <p time="563720" is_ac="true">pizza I'm going to give it a really</p>
  <p time="565360" is_ac="true">strong</p>
  <p time="566640" is_ac="true">6.99 I'm leaving room but I love this</p>
  <p time="569200" is_ac="true">gives me everything I could possibly</p>
  <p time="570640" is_ac="true">want and without relying on pepperoni I</p>
  <p time="573279" is_ac="true">wouldn't even want pepperoni on this</p>
  <p time="574360" is_ac="true">this as perfect as it is so Luigi takes</p>
  <p time="576360" is_ac="true">the first place spot welld deserved but</p>
  <p time="578000" is_ac="true">is an old school place like this really</p>
  <p time="579600" is_ac="true">going to win so we move on to see if our</p>
  <p time="581320" is_ac="true">next pizza place will Dethrone it we at</p>
  <p time="583120" is_ac="true">Tara super famous place been open since</p>
  <p time="585200" is_ac="true">1965 if you're eating a pizza has fresh</p>
  <p time="587120" is_ac="true">basil on it it's because of darara a lot</p>
  <p time="589279" is_ac="true">of the trends that are happening in New</p>
  <p time="590519" is_ac="true">York are happening because of the</p>
  <p time="592160" is_ac="true">influence of darara so if they are</p>
  <p time="593959" is_ac="true">standing on the shoulders of giants this</p>
  <p time="595760" is_ac="true">is one of those giants you y what's up</p>
  <p time="599000" is_ac="true">man</p>
  <p time="599680" is_ac="true">you're trying to bar out yeah yeah what</p>
  <p time="601360" is_ac="true">do you think of it I'm about to get my</p>
  <p time="602440" is_ac="true">review looks I love it a little flatter</p>
  <p time="604720" is_ac="true">on the crust which I don't love that</p>
  <p time="606120" is_ac="true">said the crust is really nice it's got a</p>
  <p time="607279" is_ac="true">good crunch and it's got chew I do like</p>
  <p time="609519" is_ac="true">the juiciness one thing I noticed is</p>
  <p time="611120" is_ac="true">different about this place there's</p>
  <p time="612120" is_ac="true">little bits of whole tomato it's like a</p>
  <p time="613720" is_ac="true">little pop of freshness but it's not</p>
  <p time="615440" is_ac="true">super super super remarkably different</p>
  <p time="617440" is_ac="true">from a few of the other good ones that</p>
  <p time="618959" is_ac="true">I've had I'm going to give this a solid</p>
  <p time="620880" is_ac="true">6.6 nice traditional it's not shaking me</p>
  <p time="623560" is_ac="true">to my core it's giving me what I want I</p>
  <p time="625640" is_ac="true">finished the slice so let's move</p>
  <p time="628040" is_ac="true">on</p>
  <p time="630839" is_ac="true">what the with thear taking second place</p>
  <p time="632839" is_ac="true">in the current rankings we move on to LC</p>
  <p time="634720" is_ac="true">col in Brooklyn which is actually</p>
  <p time="636200" is_ac="true">Beyonce and jz's favorite spot it's kind</p>
  <p time="637959" is_ac="true">of a bridge between those old school</p>
  <p time="639959" is_ac="true">places and the modern revisionist pizza</p>
  <p time="642560" is_ac="true">style darara influence host oven</p>
  <p time="644639" is_ac="true">parmesano post oven basil and a pretty</p>
  <p time="647000" is_ac="true">looking pie I want this charred bit so</p>
  <p time="648680" is_ac="true">I'm going to go for it I'm glad you took</p>
  <p time="650000" is_ac="true">that one cuz I wanted this one over here</p>
  <p time="652320" is_ac="true">more juicy I do like the juicy pizzas</p>
  <p time="654320" is_ac="true">when I say juicy it's Saucy but the</p>
  <p time="656200" is_ac="true">cheese kind of cradles and encapsulates</p>
  <p time="658240" is_ac="true">it texture it does doesn't have the chew</p>
  <p time="659600" is_ac="true">I want it has crunch little chew I don't</p>
  <p time="661360" is_ac="true">think this tastes any different than any</p>
  <p time="663240" is_ac="true">of the pizzas I've had today I know that</p>
  <p time="664720" is_ac="true">this has a lot of hype I know a lot of</p>
  <p time="665920" is_ac="true">people love it I know Beyonce loves it</p>
  <p time="667360" is_ac="true">shout out to Beyonce I'm just saying</p>
  <p time="668880" is_ac="true">that it's maybe potentially overhyped a</p>
  <p time="672160" is_ac="true">little this is not Scott this is me look</p>
  <p time="674480" is_ac="true">I like the pizza it's slightly above ven</p>
  <p time="676440" is_ac="true">ground it's tasty I want more and it</p>
  <p time="679040" is_ac="true">feels like it doesn't have that for me</p>
  <p time="680839" is_ac="true">it's just a okay good experience so for</p>
  <p time="683560" is_ac="true">that 6'2 we're judging this in a vacuum</p>
  <p time="685519" is_ac="true">we're not including the Ambiance of the</p>
  <p time="687000" is_ac="true">restaurant we're isolating this as Pizza</p>
  <p time="689240" is_ac="true">and pizza only moving on o a low rank</p>
  <p time="692040" is_ac="true">for lucali our last true old school</p>
  <p time="694320" is_ac="true">inspired stop now time for day two and</p>
  <p time="696320" is_ac="true">our first new school spot we're at best</p>
  <p time="698519" is_ac="true">pizza in Williamsburg Brooklyn open in</p>
  <p time="700639" is_ac="true">2010 and it was really first place to</p>
  <p time="703000" is_ac="true">kick off this artisanal approach to the</p>
  <p time="704720" is_ac="true">New York slice they bake the pizza in a</p>
  <p time="706160" is_ac="true">wood fired oven there's like oregano in</p>
  <p time="707680" is_ac="true">this pizza there is visually it's</p>
  <p time="710120" is_ac="true">beautiful the crust is nice the crunch</p>
  <p time="711920" is_ac="true">is great texture is good cheese is</p>
  <p time="713760" is_ac="true">pretty typical it's the oregano that's</p>
  <p time="715160" is_ac="true">killing it for me it was the first thing</p>
  <p time="716279" is_ac="true">you said when you smelled it it's</p>
  <p time="717519" is_ac="true">Sicilian oregano it's bright it's punchy</p>
  <p time="719639" is_ac="true">so a little of it goes a long way here's</p>
  <p time="721320" is_ac="true">the thing every single Mass manufactured</p>
  <p time="724040" is_ac="true">pizza sauce or tomato sauce tends to</p>
  <p time="725959" is_ac="true">have oregano and an Exquisite amount of</p>
  <p time="728160" is_ac="true">sugar in it so because of that the</p>
  <p time="729720" is_ac="true">oregano reminds me of these Mass</p>
  <p time="731839" is_ac="true">manufactured sauces even though there's</p>
  <p time="733320" is_ac="true">this nice floral herbaceous oregano</p>
  <p time="735839" is_ac="true">quality to this it's taking me away from</p>
  <p time="738120" is_ac="true">this pizza and transporting me to that</p>
  <p time="740720" is_ac="true">oregano abused you when you were young</p>
  <p time="742160" is_ac="true">oregano abused me I have emotional scars</p>
  <p time="744279" is_ac="true">from it I like this because it's so</p>
  <p time="746120" is_ac="true">light it's like this gentle Whisper of a</p>
  <p time="748079" is_ac="true">pizza the one thing that's not subtle is</p>
  <p time="749760" is_ac="true">that oregano if it weren't for the</p>
  <p time="750920" is_ac="true">oregano this would be about a seven I</p>
  <p time="752399" is_ac="true">think I could give it a six we're moving</p>
  <p time="754040" is_ac="true">on best pizzas joining the bottom of the</p>
  <p time="755720" is_ac="true">pack while we head to our next stop</p>
  <p time="757160" is_ac="true">which has deep Staten Island Roots Ruby</p>
  <p time="759440" is_ac="true">Rosa is a new school place but it pays</p>
  <p time="761839" is_ac="true">tribute to the old school cuz it's the</p>
  <p time="763360" is_ac="true">same family that's been in the pizza</p>
  <p time="764639" is_ac="true">game in New York since the 60s so it's</p>
  <p time="766760" is_ac="true">got this classic old school New York</p>
  <p time="768720" is_ac="true">Vibe but it's a thin crust pizza cheers</p>
  <p time="770839" is_ac="true">yeah massive step up in my opinion I</p>
  <p time="773639" is_ac="true">talk about salt a lot but really what</p>
  <p time="774880" is_ac="true">I'm talking about is balance the salt</p>
  <p time="776800" is_ac="true">the acidity the sweetness just sauce</p>
  <p time="779120" is_ac="true">alone perfect this is one of the best if</p>
  <p time="781760" is_ac="true">not the best thin crust pizza I've ever</p>
  <p time="783240" is_ac="true">had in my entire life the crust has this</p>
  <p time="785519" is_ac="true">really deep toasted flavor which I love</p>
  <p time="787760" is_ac="true">thin crust pizza usually is one texture</p>
  <p time="789480" is_ac="true">which is just the cracker this has like</p>
  <p time="791160" is_ac="true">a plushness just beneath the surface I</p>
  <p time="792800" is_ac="true">want to slap myself in the face with</p>
  <p time="794120" is_ac="true">this it's a perfect amount of cheese for</p>
  <p time="795839" is_ac="true">this style of pizza I'm going to give</p>
  <p time="797160" is_ac="true">this one a 7.2 it's a big Josh number</p>
  <p time="799480" is_ac="true">it's a big Josh number I have nothing to</p>
  <p time="801360" is_ac="true">say this is Awesome Moving On not only</p>
  <p time="803680" is_ac="true">did Ruby Rasta snatch first place away</p>
  <p time="805160" is_ac="true">from Luigi's but new school Pizza takes</p>
  <p time="807240" is_ac="true">over the lead on top of old school we</p>
  <p time="809199" is_ac="true">only have a few more stops left is this</p>
  <p time="810800" is_ac="true">actually going to be our highest score</p>
  <p time="812240" is_ac="true">there's only one way to find out on to</p>
  <p time="813839" is_ac="true">Mama's 2 which as soon as I got there</p>
  <p time="815680" is_ac="true">they immediately put me to work Frank's</p>
  <p time="817320" is_ac="true">parents have owned a pizzeria for</p>
  <p time="819040" is_ac="true">decades two blocks away called mamas</p>
  <p time="821199" is_ac="true">both places coexist making slightly</p>
  <p time="823120" is_ac="true">different things mamas with the classic</p>
  <p time="824800" is_ac="true">New York Pizza m is to with the more</p>
  <p time="826880" is_ac="true">thought out like the more intentional</p>
  <p time="828680" is_ac="true">pizza for the people yeah moving quick</p>
  <p time="831120" is_ac="true">because it's very cold and this is going</p>
  <p time="832560" is_ac="true">to go cold instantaneously the one that</p>
  <p time="834240" is_ac="true">I made is not the one that we rank look</p>
  <p time="835560" is_ac="true">at that this is a really good slice this</p>
  <p time="838199" is_ac="true">one is crunchy and it melts instantly</p>
  <p time="840320" is_ac="true">aside from the basil the sauce is very</p>
  <p time="842079" is_ac="true">mellow it's a fresh pie it makes you</p>
  <p time="843880" is_ac="true">feel like that freshness of a neopolitan</p>
  <p time="845800" is_ac="true">pizza but the like anxiousness of a New</p>
  <p time="847480" is_ac="true">York pizza I like that this pizza is</p>
  <p time="848920" is_ac="true">more substantial I like that there's</p>
  <p time="850199" is_ac="true">layering to the different ingredients</p>
  <p time="851639" is_ac="true">that are on here that little bit of</p>
  <p time="852800" is_ac="true">fresh parmesano it adds the Umami and</p>
  <p time="854880" is_ac="true">the depth of flavor that this pizza I</p>
  <p time="856199" is_ac="true">feel like makes a little bit special do</p>
  <p time="857639" is_ac="true">you think of this as being classic</p>
  <p time="859320" is_ac="true">traditional New York pizza or does this</p>
  <p time="860959" is_ac="true">fit New Wave for you to me this feels</p>
  <p time="863000" is_ac="true">like classic the only New Wave Element</p>
  <p time="865040" is_ac="true">Fresh graded parm basil but to me it</p>
  <p time="866920" is_ac="true">just feels like a more thoughtful</p>
  <p time="868240" is_ac="true">version of traditionality I really like</p>
  <p time="869880" is_ac="true">it I'm going to give it a</p>
  <p time="871040" is_ac="true">7.35 minua oh it was really really good</p>
  <p time="874360" is_ac="true">it was supposed to be round I it up okay</p>
  <p time="876399" is_ac="true">and just like that Mama's 2 takes first</p>
  <p time="878199" is_ac="true">place one after the other just keeps</p>
  <p time="879959" is_ac="true">dethroning are we going to see another</p>
  <p time="881720" is_ac="true">first place after this upside Pizza is</p>
  <p time="884160" is_ac="true">New York's rebuttal against its own</p>
  <p time="886360" is_ac="true">dollar slice culture there were all</p>
  <p time="888000" is_ac="true">these pizzerias around the city that had</p>
  <p time="889759" is_ac="true">a dollar slice admittedly not high</p>
  <p time="892040" is_ac="true">quality but in 2019 some of the owners</p>
  <p time="894560" is_ac="true">decided to open up a place that would do</p>
  <p time="896440" is_ac="true">high quality ingredients full sourdough</p>
  <p time="898399" is_ac="true">crust and that is upside Pizza this is</p>
  <p time="900480" is_ac="true">very much of a style I enjoyed there's</p>
  <p time="902839" is_ac="true">some moisture from this cheese you can</p>
  <p time="904240" is_ac="true">see it it's low moisture and fresh</p>
  <p time="906000" is_ac="true">mozzarella it's like its own beverage</p>
  <p time="907639" is_ac="true">this slice yeah I love this texturally</p>
  <p time="909560" is_ac="true">it has a crispy crunch that not every</p>
  <p time="912320" is_ac="true">puffy crust pizza has this one's super</p>
  <p time="914440" is_ac="true">crisp and then you get the softness on</p>
  <p time="916079" is_ac="true">the inside flavor-wise it's less in the</p>
  <p time="918360" is_ac="true">sour toasty range more in the creamy</p>
  <p time="920560" is_ac="true">buttery nice French bread kind of vibe</p>
  <p time="923000" is_ac="true">when you say sourdough pizza I think a</p>
  <p time="924399" is_ac="true">lot of people think eh I'll stay away</p>
  <p time="926199" is_ac="true">this reveals the truth about sourdough</p>
  <p time="928399" is_ac="true">which is is that it very often not sour</p>
  <p time="930240" is_ac="true">and there's some Umami that I'm picking</p>
  <p time="931560" is_ac="true">up too that I really really enjoy this</p>
  <p time="933079" is_ac="true">is like a roasted tomato and they roast</p>
  <p time="935120" is_ac="true">it with like a thick layer of oil on top</p>
  <p time="936920" is_ac="true">and then they throw in what do you call</p>
  <p time="938279" is_ac="true">it when you take a bunch of herbs and</p>
  <p time="939399" is_ac="true">you wrap them bouquet garne a bouquet</p>
  <p time="941160" is_ac="true">gar in appearance it's beautiful I'm</p>
  <p time="942880" is_ac="true">going to give it a seven High Praise</p>
  <p time="944720" is_ac="true">moving on upside joins the top three as</p>
  <p time="946759" is_ac="true">we make our drive to our next spot in</p>
  <p time="948240" is_ac="true">Queens you know I I could be dreaming</p>
  <p time="950040" is_ac="true">about so many things probably not pizza</p>
  <p time="952199" is_ac="true">mono's pizza it's a classic Pizza Joint</p>
  <p time="954839" is_ac="true">run by this guy Nick he wants to push</p>
  <p time="956600" is_ac="true">more water in the dough so we can get a</p>
  <p time="958079" is_ac="true">lighter air area crust sometimes people</p>
  <p time="960000" is_ac="true">think like oh it's going to be too bre I</p>
  <p time="961440" is_ac="true">feel like I've got a handlebar to hold</p>
  <p time="962880" is_ac="true">on to before I eat my pizza it's 95% air</p>
  <p time="965720" is_ac="true">which one do you think I'm going to oh I</p>
  <p time="967120" is_ac="true">know you're going for that you like a</p>
  <p time="968399" is_ac="true">life with some blemishes wait listen to</p>
  <p time="969920" is_ac="true">this that's</p>
  <p time="971720" is_ac="true">nice oh my God I just bit into a piece</p>
  <p time="974759" is_ac="true">of heaven it was like a potato chip</p>
  <p time="976440" is_ac="true">level crispiness around into this cloud</p>
  <p time="979000" is_ac="true">of salty yeasty air the salt level on</p>
  <p time="981480" is_ac="true">this dough is so good not as much chew</p>
  <p time="983240" is_ac="true">as I'm looking for I'm not complaining</p>
  <p time="984680" is_ac="true">though I like it this is definitely on</p>
  <p time="986360" is_ac="true">the new school side because Nick treats</p>
  <p time="988360" is_ac="true">the Pizza like a bread you don't get a</p>
  <p time="990360" is_ac="true">crumb structure like this with big open</p>
  <p time="992040" is_ac="true">air pockets without knowing what you're</p>
  <p time="993560" is_ac="true">doing this is like a perfect combination</p>
  <p time="995360" is_ac="true">of everything everything I said about</p>
  <p time="996639" is_ac="true">this pizza puts it at a solid 7.1 monos</p>
  <p time="1000600" is_ac="true">moving on I was shocked with monos but</p>
  <p time="1003440" is_ac="true">our work doesn't end here are we going</p>
  <p time="1005319" is_ac="true">to see another dethroning with one of my</p>
  <p time="1007639" is_ac="true">favorite pizza stops in New York City</p>
  <p time="1009519" is_ac="true">let's find out so we're at scars one of</p>
  <p time="1011440" is_ac="true">my personal favorites in the second most</p>
  <p time="1013319" is_ac="true">highly voted pizza shop in New York City</p>
  <p time="1015800" is_ac="true">scar is a super important place they</p>
  <p time="1017240" is_ac="true">opened in 2016 the whole idea of scars</p>
  <p time="1019600" is_ac="true">is to do a classic quintessential New</p>
  <p time="1021360" is_ac="true">York slice and make you feel like you're</p>
  <p time="1022920" is_ac="true">in a classic quintessential New York</p>
  <p time="1024360" is_ac="true">Pizzeria but to upgrade the components</p>
  <p time="1026760" is_ac="true">they're using some of their own hous</p>
  <p time="1028280" is_ac="true">miled flour they're using much less of a</p>
  <p time="1030240" is_ac="true">higher quality cheese and organic</p>
  <p time="1032079" is_ac="true">tomatoes in the pizza sauce I don't know</p>
  <p time="1033919" is_ac="true">man I'm</p>
  <p time="1035720" is_ac="true">nervous extremely good you get a little</p>
  <p time="1038079" is_ac="true">bit of the puppy crust but you got a lot</p>
  <p time="1040120" is_ac="true">more crunch than you did at upside the</p>
  <p time="1042240" is_ac="true">do season a little under what I want it</p>
  <p time="1044720" is_ac="true">to be but the cheese is really salty</p>
  <p time="1047600" is_ac="true">which I love it's a whole picture you</p>
  <p time="1048960" is_ac="true">know you're not just eating crust I will</p>
  <p time="1050600" is_ac="true">say this is a tapered experience it</p>
  <p time="1052080" is_ac="true">starts out thin it gets a little thicker</p>
  <p time="1053840" is_ac="true">and thicker and thicker as you get</p>
  <p time="1054880" is_ac="true">towards the edge is that a flaw or a</p>
  <p time="1056280" is_ac="true">positive no it's a positive cuz you get</p>
  <p time="1057720" is_ac="true">multiple experiences of texture in this</p>
  <p time="1059400" is_ac="true">which you know how I feel about that</p>
  <p time="1060840" is_ac="true">flavor is perfect sauce perfect it's a</p>
  <p time="1063160" is_ac="true">little sweet but it's not too sweet it's</p>
  <p time="1064640" is_ac="true">a little acidic but it's not too acidic</p>
  <p time="1066039" is_ac="true">it's got depth of flavor but it's not</p>
  <p time="1067240" is_ac="true">too deep it's not like overcooked</p>
  <p time="1068960" is_ac="true">there's a lot of umami in it this gets a</p>
  <p time="1070720" is_ac="true">solid</p>
  <p time="1072039" is_ac="true">7.8 I didn't know if you were going to</p>
  <p time="1073919" is_ac="true">go that high I really love this SP I</p>
  <p time="1075640" is_ac="true">would eat this whole pizza and I</p>
  <p time="1076760" is_ac="true">wouldn't stop and I don't care if it</p>
  <p time="1077919" is_ac="true">hurts my body my feelings it's fine what</p>
  <p time="1079880" is_ac="true">can I say scars has been my favorite</p>
  <p time="1081640" is_ac="true">pizza place in New York but it's not</p>
  <p time="1083240" is_ac="true">over yet we have one last stop to go BL</p>
  <p time="1085520" is_ac="true">topple my longstanding favorite pizza</p>
  <p time="1087559" is_ac="true">place in New York or is our final spot</p>
  <p time="1089440" is_ac="true">going to snatch the crown let's find out</p>
  <p time="1091600" is_ac="true">industry is owned by a guy from Tuscany</p>
  <p time="1093320" is_ac="true">who is making New York style pizza with</p>
  <p time="1095360" is_ac="true">this Italian mentality the pizza that</p>
  <p time="1097080" is_ac="true">they're making now is the result of</p>
  <p time="1099000" is_ac="true">constant progress and constant learning</p>
  <p time="1100799" is_ac="true">so this is really the definition of a</p>
  <p time="1102400" is_ac="true">new school Place basil parmesano and</p>
  <p time="1104960" is_ac="true">olive oil post baked great Char cheers</p>
  <p time="1108000" is_ac="true">this has both of my favorite things</p>
  <p time="1109559" is_ac="true">about a pizza together you got a crispy</p>
  <p time="1111200" is_ac="true">crunch right away you know almost like a</p>
  <p time="1112520" is_ac="true">cracker style but as you chew you're</p>
  <p time="1114200" is_ac="true">like wait a minute this Dough's got some</p>
  <p time="1115679" is_ac="true">tensile strength it's a little chewy in</p>
  <p time="1117559" is_ac="true">a good way it stick to your teeth kind</p>
  <p time="1118880" is_ac="true">of chew which I really like you can't</p>
  <p time="1120799" is_ac="true">have a good pizza without a good crust</p>
  <p time="1122320" is_ac="true">cuz you can have a bite that has less</p>
  <p time="1123640" is_ac="true">cheese or less sauce or no basil or</p>
  <p time="1125320" is_ac="true">whatever but to me it's the base of this</p>
  <p time="1126880" is_ac="true">pie and then they just don't screw it up</p>
  <p time="1128679" is_ac="true">and the dough seasoned perfectly sauce</p>
  <p time="1130440" is_ac="true">perfectly seasoned perfectly mous the</p>
  <p time="1132159" is_ac="true">flavor it's deep but it's not</p>
  <p time="1133600" is_ac="true">overwhelming it's still clean I love the</p>
  <p time="1135440" is_ac="true">amount of cheese this is not a goopy</p>
  <p time="1136919" is_ac="true">cheese pull slice it doesn't need to be</p>
  <p time="1138600" is_ac="true">you ever eat a pizza that has too much</p>
  <p time="1140120" is_ac="true">cheese and you chew and it's great and</p>
  <p time="1141679" is_ac="true">about 50% of the way through the chewing</p>
  <p time="1143320" is_ac="true">it goes hard and rubbery that doesn't</p>
  <p time="1145200" is_ac="true">happen with this it disintegrates I mean</p>
  <p time="1146679" is_ac="true">this is a great pizza the best pizza in</p>
  <p time="1148720" is_ac="true">America crown comes down to this I think</p>
  <p time="1151320" is_ac="true">it's going to get a 785 wo only a 0.05</p>
  <p time="1155400" is_ac="true">difference a marginal increase means a</p>
  <p time="1157880" is_ac="true">big win for theindustry look I have a</p>
  <p time="1160400" is_ac="true">big respect for old school things you</p>
  <p time="1162039" is_ac="true">know that I grew up and worked in old</p>
  <p time="1164360" is_ac="true">school traditional restaurants but I'm a</p>
  <p time="1166360" is_ac="true">new school guy I like the idea of taking</p>
  <p time="1168600" is_ac="true">the old learning from it and applying</p>
  <p time="1170480" is_ac="true">new to then elevate it standing on the</p>
  <p time="1172480" is_ac="true">shoulders of giants and I feel like</p>
  <p time="1174360" is_ac="true">lustry did a great job the moral of the</p>
  <p time="1176520" is_ac="true">story here is that Pizza in America</p>
  <p time="1178360" is_ac="true">deserves a seat at the culinary table</p>
  <p time="1180520" is_ac="true">and I think Scott you might agree with</p>
  <p time="1181799" is_ac="true">that 100% so thank you Scott for making</p>
  <p time="1183840" is_ac="true">this possible it would not have been</p>
  <p time="1185039" is_ac="true">able to do this without you your endless</p>
  <p time="1186600" is_ac="true">Fountain of pizza knowledge is truly</p>
  <p time="1188520" is_ac="true">remarkable anywhere you are whether it's</p>
  <p time="1190120" is_ac="true">in New York or anywhere in America go</p>
  <p time="1191720" is_ac="true">try a local pizza spot have an</p>
  <p time="1193200" is_ac="true">experience do it for me if not do it for</p>
  <p time="1195320" is_ac="true">Scott I want you to do it</p>
  <p time="1197240" is_ac="true">bye</p>
  <p time="1204030" is_ac="true">[Music]</p>
</text>
