<?xml version='1.0' encoding='UTF-8'?>
<text date_d="9" date_m="10" date_y="2022" format="srv3" age_limit="0" comment_count="124" description="Incredible Top 10 Most Popular Italy Foods | Italy Street Foods | Traditional Italian Cuisine&#10;&#10;If someone asks you, why you would like to take a trip to Italy? Probably your first response would be to try the delicious cuisine including their infamous pizza. Italy is a beautiful country with breathtaking scenery and architecture, a rich culture, and impressive history, but Italian cuisine is a source of national pride. Italy’s fragrant and fresh gastronomy is known and loved around the world. Today we know about the best traditional foods in Italy. &#10;&#10;Best Foods List in Italy:&#10;⏱ Timestamps&#10;0:00 - Intro&#10;0:33 - No.10 Gelato&#10;1:17 - No.9 Truffles&#10;2:12 - No.8 Risotto&#10;2:54 - No.7 Ossobuco&#10;3:45 - No.6 Lasagna&#10;4:27 - No.5 Italian Cheese&#10;5:17 - No.4 Focaccia&#10;5:59 - No.3 Pasta (Spaghetti)&#10;6:57 - No.2 Pizza&#10;7:40 - No.1 Ragu Alla Bolognese&#10;8:27 - Outtro&#10;&#10;You may join us by-&#10;FB: https://www.facebook.com/OnAir24BD&#10;Blog: http://onair24bd.blogspot.com&#10;&#10;Music Credit:&#10;Track: Syn Cole - Need Ya [NCS Release]&#10;Music provided by NoCopyrightSounds.&#10;Watch: https://youtu.be/QGsxW6m5Dec&#10;Free Download / Stream: http://NCS.io/NeedYa&#10;&#10;Disclaimer:&#10;=========&#10;This channel may use some copyrighted materials without specific authorization of the owner but the contents used here falls under the “Fair Use” Copyright Disclaimer under Section 107 of the Copyright Act 1976, allowance is made for &quot;fair use&quot; for purposes such as criticism, comment, news reporting, teaching, scholarship, and research. Fair use is a use permitted by copyright statutes that might otherwise be infringing. Non-profit, educational, or personal use tips the balance in favor of fair use." fulltitle="Incredible Top 10 Most Popular Italy Foods || Italy Street Foods || Traditional Italian Cuisine" like_count="3916" location="ITALY" playlist_title="na" release_date="na" upload_date="20221009" repost_count="na" tags="Top 10 Italian dishes; Popular Italian Foods; Best Italian Recipes; italian best pizza; iconic foods to eat in italy; popular italian foods &amp; dishes; best italian foods; italian food recipes; italian food tour; italian food vlog; italian food shorts; italian food name; italian food review; italian food challenge; top 10 italian dishes; italian; american italian food; best italian food; italian food; italy travel guide; italy travel; street food; italian street food; italy; " title="Incredible Top 10 Most Popular Italy Foods || Italy Street Foods || Traditional Italian Cuisine" uploader="OnAir24" view_count="139915" webpage_url="https://www.youtube.com/watch?v=60emxG2n8Jg" autocaption="true">
  <p time="60" is_ac="true">if someone asks you why would you like</p>
  <p time="2159" is_ac="true">to take a trip to Italy probably your</p>
  <p time="4380" is_ac="true">first response would be to try the</p>
  <p time="5819" is_ac="true">delicious Cuisine including their</p>
  <p time="7379" is_ac="true">Infamous Pizza Italy is a beautiful</p>
  <p time="9480" is_ac="true">country with breathtaking scenery and</p>
  <p time="11400" is_ac="true">architecture a rich culture and an</p>
  <p time="13620" is_ac="true">impressive history but Italian cuisine</p>
  <p time="15719" is_ac="true">is a source of national pride Italy's</p>
  <p time="18119" is_ac="true">fragrant and fresh Gastronomy is known</p>
  <p time="20160" is_ac="true">and loved around the world today we know</p>
  <p time="22380" is_ac="true">about the best traditional foods in</p>
  <p time="24180" is_ac="true">Italy let's begin it's</p>
  <p time="28279" is_ac="true">thank you</p>
  <p time="33840" is_ac="true">number 10. gelato</p>
  <p time="36480" is_ac="true">no gelato is not just ice cream although</p>
  <p time="39360" is_ac="true">it may look similar it is quite</p>
  <p time="40980" is_ac="true">different to what is commonly known as</p>
  <p time="42660" is_ac="true">ice cream gelato has way less fat than</p>
  <p time="45239" is_ac="true">ice cream and a stronger taste since</p>
  <p time="47100" is_ac="true">it's not mixed with water and air gelato</p>
  <p time="49500" is_ac="true">is made with fresh ingredients only</p>
  <p time="51180" is_ac="true">making it unable to store for long</p>
  <p time="53160" is_ac="true">periods of time also it is stored and</p>
  <p time="55800" is_ac="true">served less cold than ice cream giving</p>
  <p time="57719" is_ac="true">the gelato a smoother texture and making</p>
  <p time="59820" is_ac="true">it more refreshing while enjoying it</p>
  <p time="61440" is_ac="true">walking through the streets of Rome one</p>
  <p time="63420" is_ac="true">of the best desserts to enjoy during the</p>
  <p time="65339" is_ac="true">summer and even during the winter</p>
  <p time="69119" is_ac="true">foreign</p>
  <p time="70920" is_ac="true">[Music]</p>
  <p time="78320" is_ac="true">truffles</p>
  <p time="80100" is_ac="true">one of the best gifts Italy has given</p>
  <p time="81960" is_ac="true">the world even though it is possible to</p>
  <p time="83820" is_ac="true">find truffles in a few other places no</p>
  <p time="86040" is_ac="true">other country produces them with such</p>
  <p time="87840" is_ac="true">quality and volume truffles are a highly</p>
  <p time="90360" is_ac="true">aromatic fungus that are found near the</p>
  <p time="92220" is_ac="true">tree roots in the forests of Piedmont</p>
  <p time="93900" is_ac="true">and Umbria between the months of</p>
  <p time="95520" is_ac="true">November and March they are found by</p>
  <p time="97619" is_ac="true">trained dogs and maybe white truffles</p>
  <p time="99479" is_ac="true">which are stronger or black truffles</p>
  <p time="101579" is_ac="true">with a lighter taste and smell both of</p>
  <p time="103799" is_ac="true">them are among the most expensive Foods</p>
  <p time="105600" is_ac="true">in the world with a pasta dish a salad</p>
  <p time="108240" is_ac="true">or even a breakfast egg truffles will</p>
  <p time="110700" is_ac="true">add a strong but delicious special</p>
  <p time="112799" is_ac="true">fragrance to your food</p>
  <p time="114590" is_ac="true">[Music]</p>
  <p time="125600" is_ac="true">thank you</p>
  <p time="129600" is_ac="true">[Music]</p>
  <p time="132420" is_ac="true">number eight risotto</p>
  <p time="135480" is_ac="true">this classic rice dish is prepared with</p>
  <p time="137640" is_ac="true">various meat fish or vegetable broths</p>
  <p time="139980" is_ac="true">with onion olive oil or butter white</p>
  <p time="142379" is_ac="true">wine and parmesan cheese all over Italy</p>
  <p time="145140" is_ac="true">you can indulge in various risotto</p>
  <p time="146940" is_ac="true">dishes made traditionally of arborio</p>
  <p time="148800" is_ac="true">rice or carnaroli rice popular menu</p>
  <p time="151440" is_ac="true">items include chicken and pea risotto</p>
  <p time="153720" is_ac="true">mushroom risotto Seafood risotto shrimp</p>
  <p time="156599" is_ac="true">risotto and beef mince risotto</p>
  <p time="161280" is_ac="true">[Music]</p>
  <p time="169459" is_ac="true">thank you</p>
  <p time="170970" is_ac="true">[Music]</p>
  <p time="174360" is_ac="true">number seven asaboko</p>
  <p time="177120" is_ac="true">asaboko is a dish from Milan and is the</p>
  <p time="179760" is_ac="true">best example of elaborate Italian</p>
  <p time="181200" is_ac="true">cuisine it is slowly cooked and may take</p>
  <p time="183599" is_ac="true">up to three hours to be ready but that</p>
  <p time="185760" is_ac="true">results in a meat so delicious and</p>
  <p time="187379" is_ac="true">tender that it's going to be worth the</p>
  <p time="188760" is_ac="true">wait asaboko is veal Shanks with a red</p>
  <p time="191519" is_ac="true">or white wine sauce vegetables garlic</p>
  <p time="194220" is_ac="true">lemon zest lemon juice and other spices</p>
  <p time="197099" is_ac="true">the best part of the dish is when it's</p>
  <p time="199379" is_ac="true">all finished and you get to taste the</p>
  <p time="201000" is_ac="true">delicious bone marrow that's where its</p>
  <p time="202980" is_ac="true">name comes from asabuko means hollow</p>
  <p time="204959" is_ac="true">bone the name itself invites people to</p>
  <p time="207060" is_ac="true">try the entire thing making it one of</p>
  <p time="208680" is_ac="true">the most traditional foods in Italy</p>
  <p time="211140" is_ac="true">[Music]</p>
  <p time="221780" is_ac="true">thank you</p>
  <p time="224300" is_ac="true">[Music]</p>
  <p time="225720" is_ac="true">number six lasagna</p>
  <p time="228780" is_ac="true">a Meal made up of layers of pasta meat</p>
  <p time="231299" is_ac="true">cheese and tomato sauce is as close as</p>
  <p time="233640" is_ac="true">it can get to culinary Perfection</p>
  <p time="235140" is_ac="true">there's also a vegetarian version where</p>
  <p time="237599" is_ac="true">meat is substituted with vegetables that</p>
  <p time="239879" is_ac="true">way everyone has the chance to try the</p>
  <p time="241739" is_ac="true">amazing Italian Dish lasagna is from the</p>
  <p time="244379" is_ac="true">Naples region and it was originally</p>
  <p time="245879" is_ac="true">cooked with bechamel sauce Ragu and</p>
  <p time="248640" is_ac="true">cheese but over the years with more</p>
  <p time="250739" is_ac="true">International ingredients available</p>
  <p time="252140" is_ac="true">lasagna transformed into what we know</p>
  <p time="254340" is_ac="true">today</p>
  <p time="254740" is_ac="true">[Music]</p>
  <p time="265100" is_ac="true">thank you</p>
  <p time="267720" is_ac="true">number five Italian cheese there's so</p>
  <p time="271259" is_ac="true">much in the Italian cheese culture that</p>
  <p time="273060" is_ac="true">it needs its own list cheese has been</p>
  <p time="275040" is_ac="true">around the Italian Peninsula for</p>
  <p time="276780" is_ac="true">centuries ancient Romans created a vast</p>
  <p time="279419" is_ac="true">variety of cheeses and experimented with</p>
  <p time="281520" is_ac="true">them by smoking melting and aging them</p>
  <p time="283860" is_ac="true">giving us the basis of many famous</p>
  <p time="285660" is_ac="true">cheeses found today strong soft creamy</p>
  <p time="289020" is_ac="true">grained sweet or salty how can anyone</p>
  <p time="291960" is_ac="true">say no to a good piece of cheese as is</p>
  <p time="294419" is_ac="true">common with every Italian food each</p>
  <p time="296460" is_ac="true">region has mastered a specific type of</p>
  <p time="298320" is_ac="true">cheese but all are equally good</p>
  <p time="304600" is_ac="true">[Music]</p>
  <p time="315560" is_ac="true">thank you</p>
  <p time="317340" is_ac="true">number four Focaccia Italian dough is so</p>
  <p time="321120" is_ac="true">good that it needed a special bread to</p>
  <p time="322860" is_ac="true">Homage it Focaccia is an oven baked</p>
  <p time="325320" is_ac="true">Italian bread in between flatbread and</p>
  <p time="327300" is_ac="true">pizza depending on the region it may</p>
  <p time="329639" is_ac="true">look different it may have different</p>
  <p time="331080" is_ac="true">ingredients and toppings and even a</p>
  <p time="333180" is_ac="true">different name in The Tuscan area it is</p>
  <p time="335460" is_ac="true">known as sciacchiata in basilicata</p>
  <p time="338039" is_ac="true">strazata and crescia in Umbria it is</p>
  <p time="340979" is_ac="true">typically a bread with herb toppings and</p>
  <p time="342840" is_ac="true">olive oil perfect for a starter or just</p>
  <p time="345419" is_ac="true">as an afternoon snack</p>
  <p time="349940" is_ac="true">[Music]</p>
  <p time="356780" is_ac="true">thank you</p>
  <p time="359220" is_ac="true">number three pasta</p>
  <p time="361620" is_ac="true">spaghetti is the most popular Italian</p>
  <p time="363539" is_ac="true">pasta the perfect example of the beauty</p>
  <p time="366240" is_ac="true">of Simplicity the simple combination of</p>
  <p time="368520" is_ac="true">eggs flour water olive oil and salt</p>
  <p time="371400" is_ac="true">gives us more than 400 styles of pasta</p>
  <p time="373740" is_ac="true">some of the most popular types of pasta</p>
  <p time="376080" is_ac="true">are fettuccine spaghetti penne and</p>
  <p time="378720" is_ac="true">tagliatelle each region in Italy has its</p>
  <p time="381360" is_ac="true">own signature style Tuscany houses the</p>
  <p time="383639" is_ac="true">best pappardelle in Rome the fettuccine</p>
  <p time="385500" is_ac="true">pasta may be prepared in a variety of</p>
  <p time="387840" is_ac="true">ways creamy with pesto with fresh tomato</p>
  <p time="390720" is_ac="true">sauce or even stuffed but certainly one</p>
  <p time="393840" is_ac="true">of the most popular pasta dishes in</p>
  <p time="395639" is_ac="true">Italy especially in Rome is spaghetti a</p>
  <p time="398160" is_ac="true">la carbonara made with guanciale egg</p>
  <p time="400560" is_ac="true">pecorino cheese and black pepper</p>
  <p time="407960" is_ac="true">I need you</p>
  <p time="413830" is_ac="true">[Music]</p>
  <p time="417120" is_ac="true">number two Pizza</p>
  <p time="420000" is_ac="true">traditional Italian pizza is made of</p>
  <p time="422160" is_ac="true">flattened round dough topped with cheese</p>
  <p time="423840" is_ac="true">and tomato and garnished with basil</p>
  <p time="426000" is_ac="true">olives and oregano the most famous</p>
  <p time="428100" is_ac="true">traditional Italian pizzas are Margarita</p>
  <p time="430380" is_ac="true">all napolitana Maple style pizza with</p>
  <p time="432720" is_ac="true">tomatoes mozzarella cheese and Basil</p>
  <p time="435360" is_ac="true">Pizza marinara with tomatoes garlic and</p>
  <p time="438000" is_ac="true">oregano Pizza cuatro stagioni for</p>
  <p time="440520" is_ac="true">Seasons Pizza with four sections of four</p>
  <p time="442380" is_ac="true">different toppings and pizza Quattro for</p>
  <p time="444599" is_ac="true">Maggie pizza with four different cheeses</p>
  <p time="448920" is_ac="true">[Music]</p>
  <p time="453980" is_ac="true">[Music]</p>
  <p time="460819" is_ac="true">number one Ragu ala Bolognese</p>
  <p time="464759" is_ac="true">known in English as bolognese sauce Ragu</p>
  <p time="467460" is_ac="true">ala Bolognese is considered the national</p>
  <p time="469380" is_ac="true">dish of Italy the traditional recipe is</p>
  <p time="471960" is_ac="true">time consuming but not overly difficult</p>
  <p time="473940" is_ac="true">requiring patience as you add</p>
  <p time="475800" is_ac="true">ingredients including a characteristics</p>
  <p time="477660" is_ac="true">of Frito of onion celery and carrot</p>
  <p time="479880" is_ac="true">different types of minced or finely</p>
  <p time="481560" is_ac="true">chopped beef often alongside small</p>
  <p time="483599" is_ac="true">amounts of fatty pork white wine milk</p>
  <p time="486120" is_ac="true">and a small amount of tomato paste or</p>
  <p time="488220" is_ac="true">tomatoes are added and the dish is then</p>
  <p time="490319" is_ac="true">gently simmered at length to produce a</p>
  <p time="492120" is_ac="true">thick sauce</p>
  <p time="497980" is_ac="true">[Music]</p>
  <p time="502759" is_ac="true">here we go</p>
  <p time="507720" is_ac="true">thank you so much for visiting our</p>
  <p time="509400" is_ac="true">Channel which country foods do you</p>
  <p time="511259" is_ac="true">prefer most just leave in the comment</p>
  <p time="513120" is_ac="true">section below to get more video updates</p>
  <p time="515520" is_ac="true">don't forget to subscribe to our Channel</p>
  <p time="517440" is_ac="true">thank you for supporting us see you in</p>
  <p time="519719" is_ac="true">the next video very soon till then bye</p>
  <p time="523740" is_ac="true">foreign</p>
</text>
