<?xml version='1.0' encoding='UTF-8'?>
<text date_d="11" date_m="3" date_y="2024" format="srv3" age_limit="0" comment_count="328" description="In this video we are looking for an answer. Can Classic French cuisine still be that good?&#10;Welcome to Hong Kong. One of the most unique cities in the world.&#10;Our restaurant for today is Caprice. The head chef is Guillaume Galliot. The restaurant is located in The Four Seasons hotel.&#10;&#10;Do you want more content from the world's top restaurants?&#10;Instagram - https://www.instagram.com/alexandertheguest&#10;&#10;My name is Alexander. I’m the co-owner of a ONE Michelin star restaurant, and I’m on a mission - to find inspiration in gastronomy. I love fine dining, good wine and sharing what I know with other people.&#10;&#10;Check out my restaurant: &#10;https://www.instagram.com/42restaurant/" fulltitle="Is Classic French Cuisine Still Relevant? - 3 Michelin Star Restaurant Review" like_count="6430" location="HONG KONG" playlist_title="na" release_date="na" upload_date="20240311" repost_count="na" tags="3 michelin star; french cuisine; french food; french cooking; hong kong; Caprice; Guillaume Galliot; four seasons hotel; michelin star; three michelin star; restaurant; hong kong restaurants; hong kong food; relevant; four seasons restaurant; best restaurant; best restaurant in hong kong; best places to eat in hong kong; fine dining; world's best restaurant; hong kong best restaurants; " title="Is Classic French Cuisine Still Relevant? - 3 Michelin Star Restaurant Review" uploader="Alexander The Guest" view_count="190663" webpage_url="https://www.youtube.com/watch?v=gbbXEZbbD5M" autocaption="false">
  <p time="80" is_ac="false">Some say you can’t beat the French in the kitchen.</p>
  <p time="2840" is_ac="false">But with the shifting sands of 
time, the old makes way for the new.</p>
  <p time="6680" is_ac="false">From molecular gastronomy to sustainable kitchens.</p>
  <p time="9880" is_ac="false">In this video we are looking for an answer,</p>
  <p time="12120" is_ac="false">Can old time French cuisine still be that good?</p>
  <p time="15320" is_ac="false">Welcome to Hong Kong.</p>
  <p time="16600" is_ac="false">One of the most unique cities in the world.</p>
  <p time="19040" is_ac="false">It’s made up of263 islands,</p>
  <p time="21360" is_ac="false">but all the action is 
concentrated in three places.</p>
  <p time="24800" is_ac="false">First, the Kowloon peninsula.</p>
  <p time="26680" is_ac="false">It’s one of the most densely 
populated places in the world,</p>
  <p time="29400" is_ac="false">and Hong Kong’s biggest residential area.</p>
  <p time="32200" is_ac="false">Then, there is Hong Kong island,</p>
  <p time="33880" is_ac="false">home to the financial district with the iconic 
skyscrapers and the historic Victoria park.</p>
  <p time="39040" is_ac="false">Finally, the biggest island - Lantau.</p>
  <p time="42000" is_ac="false">Here you’ll find Hong Kong Disney 
as well as the Giant Buddha.</p>
  <p time="45640" is_ac="false">Officially, the city is called Hong Kong 
SAR, or Special Administrative Region.</p>
  <p time="50720" is_ac="false">Technically, it’s Chinese,</p>
  <p time="52040" is_ac="false">but in this area they have separate legal 
systems from the rest of the country.</p>
  <p time="56400" is_ac="false">They have their own currency, their own passport,</p>
  <p time="59040" is_ac="false">and much of the official 
business here is done in English.</p>
  <p time="62160" is_ac="false">How did that happen?</p>
  <p time="63360" is_ac="false">Basically, China and Britain had a rift.</p>
  <p time="65480" is_ac="false">In 1898, China agreed to lease 
Hong Kong to Britain for 99 years.</p>
  <p time="70400" is_ac="false">In that time, Hong Kong grew into a major 
trading port and economic hub for Asia.</p>
  <p time="74880" is_ac="false">In 1997, it was handed back under a 
‘one country, two systems’ principle.</p>
  <p time="79560" is_ac="false">Full of both natural and man-made 
beauty, Hong Kong is a tourist hotspot.</p>
  <p time="84480" is_ac="false">In 2019, over 56 million people came to visit.</p>
  <p time="88360" is_ac="false">For that reason, hotels are everywhere.</p>
  <p time="90880" is_ac="false">And there is no shortage of high end options.</p>
  <p time="93640" is_ac="false">Including The Four Seasons.</p>
  <p time="96240" is_ac="false">This hotel is massive.</p>
  <p time="97880" is_ac="false">It’s a 45-storey building with almost 400 rooms,</p>
  <p time="100960" is_ac="false">including 54 luxury suites.</p>
  <p time="103400" is_ac="false">In the restaurant department, they score big.</p>
  <p time="106240" is_ac="false">With three Michelin starred 
restaurants under one roof.</p>
  <p time="109440" is_ac="false">One of them is our restaurant for today.</p>
  <p time="111680" is_ac="false">Caprice.</p>
  <p time="114760" is_ac="false">I head to the sixth floor and bump 
into Victor Petiot straight away.</p>
  <p time="118840" is_ac="false">The director of Caprice.</p>
  <p time="120640" is_ac="false">Just the man I want to see.</p>
  <p time="122600" is_ac="false">He gives me a table overlooking Victoria Harbour</p>
  <p time="125560" is_ac="false">and a lovely welcome drink from 
a small batch producer in France.</p>
  <p time="129720" is_ac="false">The interior here is a mix of 
antiques from France and China,</p>
  <p time="133600" is_ac="false">as well as custom pieces designed for this space.</p>
  <p time="136880" is_ac="false">It’s stunning and almost 
as beautiful as this view.</p>
  <p time="140560" is_ac="false">I’m a big fan of open kitchens, 
and here its all on display.</p>
  <p time="144480" is_ac="false">25 chefs are buzzing around in organized chaos.</p>
  <p time="147680" is_ac="false">It looks amazing.</p>
  <p time="154240" is_ac="false">I’m here today for lunch.</p>
  <p time="155520" is_ac="false">And I have 3 options.</p>
  <p time="157280" is_ac="false">The Set Lunch, the Signature 
menu and the Connaisseur.</p>
  <p time="160240" is_ac="false">I go for the signature for 350 euro (2,980 HKD).</p>
  <p time="163480" is_ac="false">It kicks off with a bread service.</p>
  <p time="165600" is_ac="false">Made from scratch of course.</p>
  <p time="168040" is_ac="false">I’ll take a sesame roll and a mini-baguette.</p>
  <p time="172200" is_ac="false">The wine list is magnifique and 
spans most of the Old and New World.</p>
  <p time="176040" is_ac="false">The wine pairing with lunch is four glasses</p>
  <p time="178240" is_ac="false">and goes for just over a 100 
euro, and I go with that.</p>
  <p time="182040" is_ac="false">The first wine in the pairing is a pinot 
gris from biodynamic Swiss producer,</p>
  <p time="186240" is_ac="false">Klus 177.</p>
  <p time="187440" is_ac="false">More and more, Switzerland is becoming 
a player in the wine industry.</p>
  <p time="191400" is_ac="false">That might not be the first 
thing that comes to mind,</p>
  <p time="193560" is_ac="false">but when you see it on a 
map, it totally makes sense.</p>
  <p time="196800" is_ac="false">This is probably the first 
time I try a swiss wine.</p>
  <p time="200480" is_ac="false">Our first course is a Chef’s signature dish.</p>
  <p time="203080" is_ac="false">Alaskan King Crab</p>
  <p time="204480" is_ac="false">Jelly mixed with fennel cream 
and Oscietra caviar from Kaviari.</p>
  <p time="207920" is_ac="false">With a bit of gold to jazz it up.</p>
  <p time="210240" is_ac="false">Salty, a tiny bit sweet, and there is 
just enough acid to balance it out.</p>
  <p time="215040" is_ac="false">Gold or no gold, it’s hard to 
go wrong with a signature dish.</p>
  <p time="218560" is_ac="false">And of course the chef nailed it.</p>
  <p time="220880" is_ac="false">Speaking of the chef, who is he?</p>
  <p time="223600" is_ac="false">That would be Guillaume Galliot.</p>
  <p time="225720" is_ac="false">When he was 12, he was 
already cooking for himself,</p>
  <p time="228200" is_ac="false">because he didn’t like the 
food at the school canteen.</p>
  <p time="231120" is_ac="false">Inspired by Ducasse and Röbuchon, 
he decided to become a chef.</p>
  <p time="234960" is_ac="false">He started by volunteering at local 
restaurants, offering to peel vegetables.</p>
  <p time="239240" is_ac="false">In return he just wanted to 
watch the magic in the kitchen.</p>
  <p time="242680" is_ac="false">After culinary school came a big jump.</p>
  <p time="245440" is_ac="false">Working for twin chefs 
Jacques and Laurent Pourcel.</p>
  <p time="248360" is_ac="false">At the Michelin-starred Jardin 
des Sens in Montpellier.</p>
  <p time="251920" is_ac="false">By the age of 23, he had seen the 
world from Europe to the Caribbean,</p>
  <p time="255520" is_ac="false">and started his journey in Asia.</p>
  <p time="257600" is_ac="false">In 2012, he got an opportunity in Macau.</p>
  <p time="260480" is_ac="false">He took over a steakhouse, and rebuilt 
it into a fine dining restaurant.</p>
  <p time="264520" is_ac="false">It was called “The Tasting Room”.</p>
  <p time="266600" is_ac="false">It took just 7 months to get the first star here.</p>
  <p time="269680" is_ac="false">In three years, they had two.</p>
  <p time="271760" is_ac="false">In 2013, Vincent Thierry, the 
head chef of Caprice resigned.</p>
  <p time="276160" is_ac="false">Caprice approached him with the 
opportunity, but it was a No from Galliot.</p>
  <p time="280720" is_ac="false">Four years later, things had changed, 
and Galliot accepted the position.</p>
  <p time="285200" is_ac="false">With an ambitious and competitive 
attitude, he set himself a goal.</p>
  <p time="289320" is_ac="false">In just two years, Caprice 
earned the ultimate accolade:</p>
  <p time="293000" is_ac="false">3 Michelin stars.</p>
  <p time="295200" is_ac="false">I’m in the best hands possible.</p>
  <p time="297840" is_ac="false">I capitalize on the wine list 
and order a special bottle.</p>
  <p time="301480" is_ac="false">Krug Grand Cuvee 161.</p>
  <p time="303840" is_ac="false">It’s a blend of 134 wines from 12 different years.</p>
  <p time="307800" is_ac="false">With the youngest from 2005, 
and the oldest from 1990.</p>
  <p time="311600" is_ac="false">Once it's bottled, It's stays in 
the Krug wine cellar for 7 years.</p>
  <p time="315160" is_ac="false">Now that this one has been in the 
bottle for 10 years, it’s perfect.</p>
  <p time="319480" is_ac="false">This channel is like a fine wine.</p>
  <p time="321160" is_ac="false">It gets better with age.</p>
  <p time="322840" is_ac="false">Hit subscribe so you don’t miss a drop.</p>
  <p time="325320" is_ac="false">Our next wine is a 2017 
chardonnay from Domaine Valette.</p>
  <p time="329080" is_ac="false">Notice the red seal on the label.</p>
  <p time="331360" is_ac="false">It’s French for Old Vines, and 
speaks to the quality of the grape.</p>
  <p time="334800" is_ac="false">Grape vines don’t last forever.</p>
  <p time="337240" is_ac="false">As they age, their output decreases 
but the quality gets better.</p>
  <p time="342040" is_ac="false">Just like us.</p>
  <p time="343080" is_ac="false">The oldest vines still used in wine production</p>
  <p time="345760" is_ac="false">are around a hundred and fifty years 
old, in Australia’s Barossa Valley.</p>
  <p time="351640" is_ac="false">What’s in there?</p>
  <p time="352600" is_ac="false">We will know in a second,</p>
  <p time="354200" is_ac="false">but the thing next to it gives it away.</p>
  <p time="356930" is_ac="false">Do you know what this tool is?
It’s called a truffle shaver.</p>
  <p time="359480" is_ac="false">Our next course is langoustine</p>
  <p time="360920" is_ac="false">seared in butter with mushroom and mint</p>
  <p time="363080" is_ac="false">in a signature yellow wine sauce.</p>
  <p time="365360" is_ac="false">and of course topped with lots and lots 
of precious white Piedmonte truffle.</p>
  <p time="369840" is_ac="false">The langoustine is just right and this sauce is 
so good I could drink it straight from a glass.</p>
  <p time="375360" is_ac="false">A rare Madiera wine is next.</p>
  <p time="377720" is_ac="false">It’s from 1875 but still has lots of life in it.</p>
  <p time="381360" is_ac="false">How can a wine that old still be good?</p>
  <p time="383760" is_ac="false">A combination of quality, process and storage.</p>
  <p time="386400" is_ac="false">and of course a big amount of 
sugar and acid helps a lot.</p>
  <p time="389480" is_ac="false">Winemaking on the Portuguese islands of Madeira 
dates back to the end of the 15th century.</p>
  <p time="394480" is_ac="false">Before heading to the New World or East Indies,</p>
  <p time="396880" is_ac="false">this was a common place for 
ships to stock up on supplies.</p>
  <p time="400240" is_ac="false">One of them was wine.</p>
  <p time="401640" is_ac="false">But not just any wine.</p>
  <p time="403520" is_ac="false">This was fortified with grape spirits.</p>
  <p time="405720" is_ac="false">And for good reason.</p>
  <p time="407560" is_ac="false">First, it kept the wine from 
spoiling over the long voyages.</p>
  <p time="411000" is_ac="false">Second, it boosted the alcohol, so the 
ships didn't have to store as much.</p>
  <p time="415720" is_ac="false">Later, they discovered the heat and movement 
of the ship gave the wine a unique flavor.</p>
  <p time="421160" is_ac="false">The sailors loved it, and by the end of 
the 17th century, so did everybody else.</p>
  <p time="426520" is_ac="false">This madeira is a malvazia so 
it’s sweeter but just as nice.</p>
  <p time="430720" is_ac="false">The server tells me this is the 
paired special for the next course.</p>
  <p time="434800" is_ac="false">Believe it or not, this is French onion soup.</p>
  <p time="438000" is_ac="false">Both hot and cold.</p>
  <p time="439720" is_ac="false">Hot soup, cold ice cream. One bowl.</p>
  <p time="442600" is_ac="false">My tastebuds go wild.</p>
  <p time="444400" is_ac="false">It reminds me of comfort food, but it’s not.</p>
  <p time="447040" is_ac="false">It’s fine-tuned to the max but 
the soul is still in there.</p>
  <p time="450760" is_ac="false">With the Madiera, it really comes alive.</p>
  <p time="453400" is_ac="false">Amazing dish.</p>
  <p time="454680" is_ac="false">The server says this next one is a show stopper.</p>
  <p time="457520" is_ac="false">Mashed potato and caviar.</p>
  <p time="459320" is_ac="false">Surrounded with the chef’s 
signature champagne sauce.</p>
  <p time="462680" is_ac="false">He tells us this is our one way ticket to heaven.</p>
  <p time="465520" is_ac="false">Interesting choice of words.</p>
  <p time="467480" is_ac="false">I’ve heard this before.</p>
  <p time="468720" is_ac="false">At another classic French 
restaurant with 3 Michelin stars.</p>
  <p time="472280" is_ac="false">Inside another Four Seasons Hotel.</p>
  <p time="474560" is_ac="false">Can you guess where?</p>
  <p time="476080" is_ac="false">That’s right.</p>
  <p time="478800" is_ac="false">Le Cinq.</p>
  <p time="482280" is_ac="false">And these two gentlemen came straight from there.</p>
  <p time="484840" is_ac="false">Every person I met who trained 
at Hotel George Fifth Paris</p>
  <p time="488680" is_ac="false">has been ultra-professional with 
elegance, movement and sophistication.</p>
  <p time="493200" is_ac="false">Without exception.</p>
  <p time="494680" is_ac="false">It’s more than a hotel.</p>
  <p time="496000" is_ac="false">It’s an educational institute in my opinion.</p>
  <p time="499040" is_ac="false">Some might not care about the little 
details, but I really admire them.</p>
  <p time="502880" is_ac="false">Take for example, how they dress.</p>
  <p time="505120" is_ac="false">Well dressed people.</p>
  <p time="506360" is_ac="false">Nice accessories here and there,</p>
  <p time="508280" is_ac="false">And bespoke shoes, which colors 
were inspired by Chateu D’Yquem</p>
  <p time="512600" is_ac="false">Turns out, it was true.</p>
  <p time="514920" is_ac="false">This is heaven.</p>
  <p time="516480" is_ac="false">The pairing of potatoes and caviar is a classic,</p>
  <p time="519760" is_ac="false">but its the sauce that made me swoon.</p>
  <p time="522400" is_ac="false">The ingredients are simple,</p>
  <p time="524160" is_ac="false">but they find balance in the champagne 
sauce, without overpowering the caviar.</p>
  <p time="528640" is_ac="false">I also enjoy the simpicity of the potato.</p>
  <p time="531120" is_ac="false">I’m not sure if they can top this.</p>
  <p time="533280" is_ac="false">To go with this course we enjoy a 
nice wine from the island of Corsica.</p>
  <p time="536920" is_ac="false">This one is a 2019 vermentino 
from Domaine de Vaccelli.</p>
  <p time="540560" is_ac="false">It has bright minerality and gentle spicyness</p>
  <p time="543240" is_ac="false">that works well with the 
creaminess in the heavenly dish.</p>
  <p time="546680" is_ac="false">I had a chance to visit the attached Caprice 
Bar and it has an amazing atmosphere.</p>
  <p time="551160" is_ac="false">Just like the restaurant, they 
are serious in what they do.</p>
  <p time="554640" is_ac="false">The cocktail menu changes every three months 
to represent the season’s best ingredients.</p>
  <p time="559480" is_ac="false">Next is wild caught sea bass in a light 
seafood consummé, with ginger and coriander.</p>
  <p time="564360" is_ac="false">Such beautiful presentation.</p>
  <p time="566240" is_ac="false">The wine is a 2011 riesling from 
the Alsace region of France.</p>
  <p time="570600" is_ac="false">Together they make a nice light pair.</p>
  <p time="573160" is_ac="false">With the main course coming, I am 
served a glass of Chateau d’Yquem.</p>
  <p time="576400" is_ac="false">One of the biggest wines in the world.</p>
  <p time="578720" is_ac="false">But this is a lush dessert wine.</p>
  <p time="580360" is_ac="false">So why is it served with our main course?</p>
  <p time="582640" is_ac="false">Often, a wine is chosen to 
complement a certain dish.</p>
  <p time="585920" is_ac="false">Here, they flipped the script.</p>
  <p time="587720" is_ac="false">Our server explains that the Chef created 
this duck dish to play with Chateau d’Yquem.</p>
  <p time="592040" is_ac="false">And he changes the dish to according 
to the vintage of the wine.</p>
  <p time="595400" is_ac="false">This one is from 1987.</p>
  <p time="598160" is_ac="false">The duck comes all the way from France,</p>
  <p time="600200" is_ac="false">and is cooked using a French technique</p>
  <p time="602400" is_ac="false">which keeps in the blood so 
the meat stays fresh and juicy.</p>
  <p time="606120" is_ac="false">Before carving we take a look.</p>
  <p time="608160" is_ac="false">It’s served with baby carrots, 
saffron and fresh mandarin.</p>
  <p time="612000" is_ac="false">It comes with a duck sauce dressed up with 
a special honey from the Sultan region.</p>
  <p time="616440" is_ac="false">More wine arrives well suited to duck.</p>
  <p time="619200" is_ac="false">This one is a 2021 Chambolle Musingy pinot noir.</p>
  <p time="622360" is_ac="false">The meat is succulent and tender and the 
vegetables keep it fresh and balanced.</p>
  <p time="626840" is_ac="false">This is as perfect as it can be.</p>
  <p time="629120" is_ac="false">Before dessert, another rich 
and warming dessert wine.</p>
  <p time="632480" is_ac="false">At this point, I’m full, and so is my table.</p>
  <p time="635480" is_ac="false">Look at all this wine!</p>
  <p time="637200" is_ac="false">But we aren’t done.</p>
  <p time="638640" is_ac="false">Next is a classic French cheese service.</p>
  <p time="641080" is_ac="false">From Creamy and extra creamy to strong 
and stinky and everything in between.</p>
  <p time="645880" is_ac="false">With dried apricots and 
walnuts to refresh the palette.</p>
  <p time="648720" is_ac="false">Looks delicious but it’s just too much for me.</p>
  <p time="651960" is_ac="false">The pastry team here at Caprice 
is made up of seven people.</p>
  <p time="655600" is_ac="false">So you know they are serious about sweets.</p>
  <p time="658400" is_ac="false">Let’s see if I can squeeze some in.</p>
  <p time="661320" is_ac="false">Here it is.</p>
  <p time="662160" is_ac="false">6 layers of sweet indulgence.</p>
  <p time="664640" is_ac="false">I love chocolate, so I make 
a little room for this one.</p>
  <p time="667680" is_ac="false">I love how they cap this cocoa sorbet 
with a bit of gold leaf luxury.</p>
  <p time="672440" is_ac="false">Amazing dessert.</p>
  <p time="675160" is_ac="false">As we are getting ready to go, 
we have a guest at our table.</p>
  <p time="678920" is_ac="false">Chef Galliot himself!</p>
  <p time="680720" is_ac="false">I always like a good chat with people like him.</p>
  <p time="683520" is_ac="false">He is in good humor, but you can tell 
he is serious about what he does.</p>
  <p time="687680" is_ac="false">With today’s lunch he’s proved it.</p>
  <p time="690040" is_ac="false">A true professional.</p>
  <p time="691840" is_ac="false">As the petit fours come, we know 
the end of our meal is really here.</p>
  <p time="696200" is_ac="false">Another home run from the pastry team.</p>
  <p time="698600" is_ac="false">These look more like ornaments than food.</p>
  <p time="701240" is_ac="false">The bill arrives, and my wallet becomes 
lighter to the tune of r 1400 euro.</p>
  <p time="706480" is_ac="false">So can an old time French 
restaurant still be THAT good?</p>
  <p time="708880" is_ac="false">From the service side, absolutely.</p>
  <p time="711480" is_ac="false">This was serious, precise, and 
fantastic service that you rarely see.</p>
  <p time="716360" is_ac="false">You can tell the local people were also 
trained on professional French hospitality.</p>
  <p time="721160" is_ac="false">They have created a perfect system.</p>
  <p time="723760" is_ac="false">Many try, but only a few really can.</p>
  <p time="726720" is_ac="false">And those who can will always 
have a place in gastronomy.</p>
  <p time="730120" is_ac="false">In my opinion, a classic, elegant French 
restaurant will never go out of fashion.</p>
  <p time="735720" is_ac="false">And Chef Galliot just confirmed it.</p>
  <p time="738680" is_ac="false">And that does it for this episode.</p>
  <p time="740120" is_ac="false">Thank you for joining me!</p>
  <p time="741280" is_ac="false">If you like this video,</p>
  <p time="742480" is_ac="false">hit subscribe.</p>
  <p time="743640" is_ac="false">See you next time.</p>
</text>
