<?xml version='1.0' encoding='UTF-8'?>
<text date_d="30" date_m="7" date_y="2023" format="srv3" age_limit="0" comment_count="447" description="Gordon Ramsay is one of the most famous chefs in the world. He has amassed several Michelin stars throughout his career, built a successful reality TV career with shows like Boiling Point, the F Word, Hell's Kitchen, and Kitchen Nightmares, and opened several successful Gordon Ramsay fast casual restaurants, such as Gordon Ramsay Burger, Gordon Ramsay Pub and Grill, Ramsay's Kitchen, and Gordon Ramsay Fish and Chips. In this video, we will review the fanciest of all these restaurants, Gordon Ramsay steak.&#10;&#10;Gordon Ramsay's recipes are all well-known, but Gordon Ramsay's steak recipe video is one of his most viewed vids. Gordon Ramsay's career is mostly highlighted by his achievements in the haute cuisine world, as evidenced by his Michelin stars. Most notably, Gordon Ramsay's flagship restaurant Restaurant Gordon Ramsay has held three Michelin stars for over 20 years straight. While his other restaurants may have been more casual food, steak is more close to his expertise. It is a simple dish, but its taste is entirely dependent upon the details of its preparation.&#10;&#10;Will Gordon Ramsay's steakhouse live up to the hype? Is Gordon Ramsay legit or is Gordon Ramsay overrated and just a celebrity chef coasting off his name now? Watch my video as we review his restaurant and determine if his recipes truly are as good as they are made out to be. We won't only be trying Gordon Ramsay's steak, but we will also be trying the famous Gordon Ramsay beef wellington and seeing if the Gordon Ramsay beef wellington recipe lives up to the hype.&#10;&#10;Like and Subscribe if you like my vids!&#10;&#10;Restaurant Deets:&#10;Gordon Ramsay Steak&#10;777 Harrah's Blvd, Atlantic City, NJ 08401" fulltitle="Is GORDON RAMSAY STEAK Worth the Hype? Honest Review in Atlantic City" like_count="2754" location="GORDON RAMSAY STEAK" playlist_title="na" release_date="20230730" upload_date="20230730" repost_count="na" tags="gordon ramsay; gordon ramsay steak; gordon ramsay steak recipe; gordon ramsay steak atlantic city; gordon ramsay steak las vegas; gordon ramsay steak vegas; gordon ramsay pub and grill; gordon ramsay burger; gordon ramsay fish and chips; is gordon ramsay overrated; is gordon ramsay a good chef; gordon ramsay beef wellington; gordon ramsay beef wellington recipe; gordon ramsay review; gordon ramsay restaurant review; gordon ramsay hell's kitchen; kitchen nightmares; ua eats; " title="Is GORDON RAMSAY STEAK Worth the Hype? Honest Review in Atlantic City" uploader="UA Eats" view_count="117037" webpage_url="https://www.youtube.com/watch?v=KSzJujp3P2A" autocaption="true">
  <p time="0" is_ac="true">hey guys and welcome to another episode</p>
  <p time="1740" is_ac="true">of UAE eats I'm UA and I am currently in</p>
  <p time="4860" is_ac="true">Atlantic City New Jersey now I spent a</p>
  <p time="7560" is_ac="true">few weeks abroad in Beijing China and I</p>
  <p time="10559" is_ac="true">had some great eats there but after a</p>
  <p time="12540" is_ac="true">while I started to get homesick and the</p>
  <p time="14580" is_ac="true">one thing that I craved more than</p>
  <p time="16199" is_ac="true">anything else was a delicious juicy</p>
  <p time="19080" is_ac="true">steak when I got back home though I had</p>
  <p time="21480" is_ac="true">to head to the South Jersey Philly area</p>
  <p time="23220" is_ac="true">to run some errands and while Googling I</p>
  <p time="25740" is_ac="true">actually found out that in South Jersey</p>
  <p time="27359" is_ac="true">Gordon Ramsay has a steak restaurant</p>
  <p time="29460" is_ac="true">called Gordon Ramsay Steak in Atlantic</p>
  <p time="32099" is_ac="true">City now Gordon Ramsay is hands down the</p>
  <p time="35160" is_ac="true">most famous chef in the U.S and probably</p>
  <p time="37739" is_ac="true">the most famous chef in the world but</p>
  <p time="39840" is_ac="true">just in case you don't know Gordon</p>
  <p time="41760" is_ac="true">Ramsay not only is he famous for reality</p>
  <p time="44219" is_ac="true">TV shows but he is on paper one of the</p>
  <p time="46680" is_ac="true">most accomplished Chefs of all time he</p>
  <p time="49620" is_ac="true">has seven Michelin stars to his name and</p>
  <p time="52320" is_ac="true">if my research is correct he had at 1.17</p>
  <p time="55980" is_ac="true">Michelin stars pretty wild as great as</p>
  <p time="58860" is_ac="true">Gordon's fine dining accomplishments are</p>
  <p time="60840" is_ac="true">though some people think that he's kind</p>
  <p time="62699" is_ac="true">of overrated now after all he's really</p>
  <p time="64920" is_ac="true">transitioned more towards reality TV and</p>
  <p time="67979" is_ac="true">also more towards opening casual</p>
  <p time="69840" is_ac="true">restaurants we actually ate out a few of</p>
  <p time="71880" is_ac="true">those on this channel the most recent</p>
  <p time="74040" is_ac="true">Gordon Ramsay restaurant we ate at was</p>
  <p time="76439" is_ac="true">Gordon Ramsay plain food in Hong Kong</p>
  <p time="78780" is_ac="true">and I gotta say it was kind of</p>
  <p time="80759" is_ac="true">disappointing it wasn't bad but it</p>
  <p time="83340" is_ac="true">wasn't great it was kind of just your</p>
  <p time="85259" is_ac="true">typical Airport Restaurant but I'm not</p>
  <p time="87900" is_ac="true">going to conclude that Gordon Ramsay is</p>
  <p time="89340" is_ac="true">overrated because we ate at two other</p>
  <p time="91200" is_ac="true">restaurants of his</p>
  <p time="93060" is_ac="true">hey what's up what up what up and</p>
  <p time="96000" is_ac="true">actually both of those hey what's up and</p>
  <p time="99119" is_ac="true">actually I found both of them pretty</p>
  <p time="100500" is_ac="true">good I mean maybe a little bit</p>
  <p time="102299" is_ac="true">overpriced but he's a celebrity chef so</p>
  <p time="104820" is_ac="true">overpriced aside they were pretty good</p>
  <p time="106920" is_ac="true">today though comes the ultimate test now</p>
  <p time="109680" is_ac="true">we've eaten steak loads of times on this</p>
  <p time="111659" is_ac="true">channel I would actually say steak is</p>
  <p time="113640" is_ac="true">one of my favorite foods if this guy</p>
  <p time="115500" is_ac="true">really is all he's cracked up to be his</p>
  <p time="117420" is_ac="true">steak restaurant should be pretty good</p>
  <p time="119100" is_ac="true">out of all the restaurants we've been to</p>
  <p time="120840" is_ac="true">for Gordon Ramsay I would say this is</p>
  <p time="123299" is_ac="true">probably the most akin to his natural</p>
  <p time="125579" is_ac="true">ability as a fine dining Chef so come on</p>
  <p time="128759" is_ac="true">let's go</p>
  <p time="130080" is_ac="true">[Music]</p>
  <p time="136460" is_ac="true">[Music]</p>
  <p time="142620" is_ac="true">yeah</p>
  <p time="143640" is_ac="true">foreign</p>
  <p time="148200" is_ac="true">guys so we're inside Gordon Ramsay Steak</p>
  <p time="150720" is_ac="true">we made a reservation so there was a</p>
  <p time="153180" is_ac="true">pretty decent line outside but for us we</p>
  <p time="155280" is_ac="true">slid right in because of our res and let</p>
  <p time="157379" is_ac="true">me tell you what's a really really cool</p>
  <p time="158580" is_ac="true">atmosphere lighting is nice a little bit</p>
  <p time="160920" is_ac="true">mood lighting so apologies if my</p>
  <p time="162780" is_ac="true">lighting is not always the best but it's</p>
  <p time="164580" is_ac="true">a nice atmosphere the color schemes just</p>
  <p time="166560" is_ac="true">nice in my opinion the music is a tad</p>
  <p time="169319" is_ac="true">loud but not unbearably so let's take a</p>
  <p time="171959" is_ac="true">look at the menu</p>
  <p time="177120" is_ac="true">all right so what's interesting is that</p>
  <p time="179040" is_ac="true">there's a pretty robust Seafood section</p>
  <p time="181140" is_ac="true">here there's a whole shellfish Tower</p>
  <p time="183420" is_ac="true">there's oysters and clams as well as</p>
  <p time="186360" is_ac="true">Chilean sea bass then they have like a</p>
  <p time="188700" is_ac="true">bunch of salad options but</p>
  <p time="190860" is_ac="true">this whole second page is our bread and</p>
  <p time="192780" is_ac="true">butter all the steaks and I gotta say I</p>
  <p time="195239" is_ac="true">know Gordon Ramsay is a famous guy but</p>
  <p time="197340" is_ac="true">these prices are quite steep I mean 70</p>
  <p time="201239" is_ac="true">bucks for filet I know filet mignon is a</p>
  <p time="203640" is_ac="true">really good cut but it's quite small</p>
  <p time="205140" is_ac="true">eight ounces so 70 bucks is a little bit</p>
  <p time="208140" is_ac="true">steep Del Monaco is basically steak</p>
  <p time="210720" is_ac="true">named after Delmonico Steakhouse in New</p>
  <p time="213000" is_ac="true">York so steak that's in the form of</p>
  <p time="214800" is_ac="true">Delmonico's usually it's boneless ribeye</p>
  <p time="217319" is_ac="true">but it could also be chukai 82 bucks</p>
  <p time="219659" is_ac="true">though for a boneless rib eye is really</p>
  <p time="221940" is_ac="true">steep I would say 60 bucks is very fair</p>
  <p time="224159" is_ac="true">that is quite a markup for his name the</p>
  <p time="226680" is_ac="true">bone-in ribeye is 90 bucks and even</p>
  <p time="228900" is_ac="true">though it's bigger that might mostly be</p>
  <p time="230940" is_ac="true">because of the bone 99 bucks for T-Bone</p>
  <p time="233280" is_ac="true">I guess isn't so bad unless that's per</p>
  <p time="235200" is_ac="true">person honestly I'm gonna go with the</p>
  <p time="237780" is_ac="true">New York strip not just because of price</p>
  <p time="239700" is_ac="true">but also because I feel like rib eye is</p>
  <p time="242400" is_ac="true">easier to cook because it's fattier it's</p>
  <p time="244739" is_ac="true">kind of like easy mode steak New York</p>
  <p time="246780" is_ac="true">strip is fatty but not extremely fatty</p>
  <p time="249120" is_ac="true">like ribeye so New York's triple be a</p>
  <p time="251400" is_ac="true">good way to test the skill of the chef</p>
  <p time="253080" is_ac="true">so we're gonna go with the New York</p>
  <p time="254819" is_ac="true">strip and we of course cannot leave a</p>
  <p time="257579" is_ac="true">Gordon Ramsay restaurant without trying</p>
  <p time="259680" is_ac="true">the beef wellington now we tried this</p>
  <p time="261900" is_ac="true">once at Gordon Ramsay Pub and Grill it</p>
  <p time="263940" is_ac="true">was great let's see how it is here</p>
  <p time="266840" is_ac="true">all right let's order I'm gonna do the</p>
  <p time="270600" is_ac="true">um uh New York strip uh medium rare as</p>
  <p time="274080" is_ac="true">warm red Center all the way too sounds</p>
  <p time="276419" is_ac="true">good and then I want to also try the uh</p>
  <p time="278940" is_ac="true">Beef Wellington if I can't finish I'll</p>
  <p time="280979" is_ac="true">just take it off</p>
  <p time="282440" is_ac="true">medium rare wrapped in Brazil big sauce</p>
  <p time="285740" is_ac="true">uh is it extra yes okay we do have a</p>
  <p time="289380" is_ac="true">house the house one is is complimentary</p>
  <p time="291479" is_ac="true">at the house okay</p>
  <p time="292759" is_ac="true">thank you the house steak sauce is</p>
  <p time="295139" is_ac="true">complimentary so I usually think that a</p>
  <p time="297720" is_ac="true">good steak doesn't need sauce but I</p>
  <p time="300120" is_ac="true">guess we'll see how his steak sauce is</p>
  <p time="303300" is_ac="true">so they actually just sent an appetizer</p>
  <p time="305820" is_ac="true">some complimentary what I think is</p>
  <p time="308220" is_ac="true">focaccio bread on the house and I gotta</p>
  <p time="310620" is_ac="true">say this Focaccia is looking not bad</p>
  <p time="313259" is_ac="true">it's looking pretty buttery pretty</p>
  <p time="315000" is_ac="true">fluffy pretty good it's got some what I</p>
  <p time="317580" is_ac="true">think is poppy seed studded butter at</p>
  <p time="320220" is_ac="true">the bottom there now I'm just gonna try</p>
  <p time="322560" is_ac="true">a little bit of this I read some reviews</p>
  <p time="325020" is_ac="true">on Yelp that said that the bread you got</p>
  <p time="327840" is_ac="true">to be careful because the bread will</p>
  <p time="329580" is_ac="true">fill you up so let's just try a little</p>
  <p time="331919" is_ac="true">bit</p>
  <p time="336000" is_ac="true">all right apologies for the lighting but</p>
  <p time="338220" is_ac="true">let's try this focaccia bread</p>
  <p time="344120" is_ac="true">hey actually that's pretty good honestly</p>
  <p time="347520" is_ac="true">I had tempered my expectations but it's</p>
  <p time="349979" is_ac="true">quite nice it's really fluffy it's a</p>
  <p time="352199" is_ac="true">little crispy on the outside but also</p>
  <p time="353880" is_ac="true">buttery I mean just look at how fluffy</p>
  <p time="356220" is_ac="true">it is like you push it and it bounces</p>
  <p time="358020" is_ac="true">right back like a Tempur-Pedic mattress</p>
  <p time="360360" is_ac="true">or something</p>
  <p time="364199" is_ac="true">yeah</p>
  <p time="366840" is_ac="true">now let's try it with some butter</p>
  <p time="371100" is_ac="true">oh oh man hmm</p>
  <p time="374280" is_ac="true">I tell you that butter is just</p>
  <p time="376800" is_ac="true">absolutely Divine that poppy seed</p>
  <p time="379320" is_ac="true">studded butter the poppy seeds really</p>
  <p time="381360" is_ac="true">give it like some texture like almost a</p>
  <p time="383460" is_ac="true">little bit of crunch but more like a</p>
  <p time="385020" is_ac="true">seedy texture it kind of reminds me of</p>
  <p time="387479" is_ac="true">the Amish butter that I had when I was</p>
  <p time="389280" is_ac="true">in Amish Country in Pennsylvania I was</p>
  <p time="391259" is_ac="true">expecting just like a random bread and</p>
  <p time="393300" is_ac="true">butter above that's one of the top three</p>
  <p time="394860" is_ac="true">Butters I have I'm being serious about</p>
  <p time="396539" is_ac="true">that</p>
  <p time="398060" is_ac="true">oh my butter is so unbelievably rich and</p>
  <p time="401639" is_ac="true">creamy like just look at how rich and</p>
  <p time="404220" is_ac="true">creamy this butter is just look look at</p>
  <p time="406800" is_ac="true">how like spreadable it is just so rich</p>
  <p time="409259" is_ac="true">and creamy uh I want to eat more but</p>
  <p time="411419" is_ac="true">it's definitely oily and fatty and</p>
  <p time="413580" is_ac="true">filling so let's save our stomach for</p>
  <p time="415440" is_ac="true">the steak all right guys our steaks are</p>
  <p time="417780" is_ac="true">here our Beef Wellington and our New</p>
  <p time="419699" is_ac="true">York strip now the steak looks pretty</p>
  <p time="421620" is_ac="true">good the New York's drip steak it looks</p>
  <p time="423780" is_ac="true">like it's grilled and not cooked on a</p>
  <p time="425220" is_ac="true">flat top or a cast iron this looks</p>
  <p time="427740" is_ac="true">pretty good and then of course we got</p>
  <p time="429780" is_ac="true">the famous Gordon Ramsay Beef Wellington</p>
  <p time="432000" is_ac="true">now Gordon Ramsay pretty much put this</p>
  <p time="433919" is_ac="true">dish on map he kind of made it like a</p>
  <p time="435840" is_ac="true">household name and uh yeah this one</p>
  <p time="437819" is_ac="true">looks a little bit different from the</p>
  <p time="439259" is_ac="true">beef wellington I had at Gordon Ramsay</p>
  <p time="440940" is_ac="true">Pub and Grill the Gordon Ramsay Pub and</p>
  <p time="442740" is_ac="true">Grill one looked a little bit more</p>
  <p time="444060" is_ac="true">rustic almost more country-like this one</p>
  <p time="446880" is_ac="true">looks similar but the crust looks</p>
  <p time="449099" is_ac="true">thinner it looks a little bit more</p>
  <p time="450599" is_ac="true">elegant almost although the way they</p>
  <p time="452699" is_ac="true">have both of them like vomiting out like</p>
  <p time="454740" is_ac="true">the mashed potatoes is a little bit</p>
  <p time="456660" is_ac="true">strange but you know I don't know much</p>
  <p time="458940" is_ac="true">about plating so maybe it's actually</p>
  <p time="460259" is_ac="true">pretty nice let's try the New York strip</p>
  <p time="462840" is_ac="true">steak first though</p>
  <p time="474330" is_ac="true">[Music]</p>
  <p time="478099" is_ac="true">not bad</p>
  <p time="485900" is_ac="true">oh man wow that is excellent honestly</p>
  <p time="489360" is_ac="true">guys I was ready to write this place off</p>
  <p time="491400" is_ac="true">especially after the whole Gordon Ramsay</p>
  <p time="493380" is_ac="true">plane food disappointing experience I</p>
  <p time="495539" is_ac="true">know it was just an airport but still I</p>
  <p time="497520" is_ac="true">was willing to call it out as it is if</p>
  <p time="499620" is_ac="true">the steak was underwhelming but this</p>
  <p time="502080" is_ac="true">steak is just so tender on the inside I</p>
  <p time="505440" is_ac="true">mean just look when I push down only</p>
  <p time="506879" is_ac="true">just look at how tender it is a good</p>
  <p time="509639" is_ac="true">thing is that that fat is really well</p>
  <p time="512219" is_ac="true">rendered and it just made this whole</p>
  <p time="514080" is_ac="true">steak so juicy and so moist and so</p>
  <p time="517560" is_ac="true">tender and they also properly rested it</p>
  <p time="519659" is_ac="true">look when I press it the juices don't</p>
  <p time="521640" is_ac="true">come out so it's perfectly rested so all</p>
  <p time="523860" is_ac="true">you have is that fatty tender delicious</p>
  <p time="525779" is_ac="true">New York strip flavor uh amazing more</p>
  <p time="528839" is_ac="true">bites</p>
  <p time="535260" is_ac="true">just look at that delicious pink Center</p>
  <p time="538640" is_ac="true">deliciously pink nice char</p>
  <p time="541620" is_ac="true">on both sides of the steak sometimes I</p>
  <p time="544680" is_ac="true">don't like that grilled steaks don't</p>
  <p time="546000" is_ac="true">have enough of a crust but this is</p>
  <p time="547740" is_ac="true">definitely robust enough of a crust in</p>
  <p time="549600" is_ac="true">my opinion</p>
  <p time="555180" is_ac="true">very very good</p>
  <p time="557000" is_ac="true">I almost forgot about the steak sauce I</p>
  <p time="559800" is_ac="true">mean the steak is good enough that I</p>
  <p time="561120" is_ac="true">don't think it really needs it but let's</p>
  <p time="563279" is_ac="true">try the steak sauce why don't we</p>
  <p time="567959" is_ac="true">thank you</p>
  <p time="569640" is_ac="true">okay let's try it with the house steak</p>
  <p time="572519" is_ac="true">sauce now</p>
  <p time="579959" is_ac="true">okay so I'll be honest about the steak</p>
  <p time="581880" is_ac="true">sauce the steak sauce isn't really for</p>
  <p time="583800" is_ac="true">me like it's a solid steak sauce it's</p>
  <p time="586260" is_ac="true">one of the more okay ones I've had I</p>
  <p time="588899" is_ac="true">find it a little bit too vinegary a</p>
  <p time="591060" is_ac="true">little bit too mustardy almost like the</p>
  <p time="593700" is_ac="true">mustard flavor in it is a little bit</p>
  <p time="595920" is_ac="true">overpowering and I think the mustard</p>
  <p time="597899" is_ac="true">flavor and the vinegar flavor is so</p>
  <p time="600839" is_ac="true">strong that it kind of masks the natural</p>
  <p time="602760" is_ac="true">flavor of the steak like this meat that</p>
  <p time="605040" is_ac="true">Gordon is using is good enough</p>
  <p time="607200" is_ac="true">it's already juicy enough and fatty</p>
  <p time="609240" is_ac="true">enough it doesn't really need any sauce</p>
  <p time="611040" is_ac="true">and it really is cooked well as you can</p>
  <p time="613140" is_ac="true">see by the nice even sear on the back so</p>
  <p time="616080" is_ac="true">you don't really want to cover up this</p>
  <p time="618300" is_ac="true">taste at all you don't want to mask it</p>
  <p time="620100" is_ac="true">with the steak sauce so forget the steak</p>
  <p time="622380" is_ac="true">sauce I've had some good steak sauces</p>
  <p time="624420" is_ac="true">throughout my life Gallagher's makes a</p>
  <p time="626640" is_ac="true">mean steak sauce Peter Luger well I</p>
  <p time="628860" is_ac="true">found it overrated Peter Luger makes a</p>
  <p time="630720" is_ac="true">good steak sauce as well this steak</p>
  <p time="632220" is_ac="true">sauce though I'm sorry Gordon it just</p>
  <p time="634080" is_ac="true">doesn't really do it for me but the</p>
  <p time="636240" is_ac="true">steak is excellent</p>
  <p time="638040" is_ac="true">is</p>
  <p time="639480" is_ac="true">is</p>
  <p time="647820" is_ac="true">now we rubbed it in plenty of that sauce</p>
  <p time="649740" is_ac="true">on the plate</p>
  <p time="654680" is_ac="true">now that was some sort of Gravy Sauce</p>
  <p time="657839" is_ac="true">like thing they had to pair with the</p>
  <p time="659820" is_ac="true">steak it wasn't just juices that dripped</p>
  <p time="661920" is_ac="true">out of the steak it almost gives the</p>
  <p time="663540" is_ac="true">steak like a French food kind of flavor</p>
  <p time="665459" is_ac="true">but once again I don't think the steak</p>
  <p time="667200" is_ac="true">needs it it's good enough on its own</p>
  <p time="668880" is_ac="true">there's just one more thing that I have</p>
  <p time="671279" is_ac="true">to address though now this steak is</p>
  <p time="673440" is_ac="true">excellent but 70 plus dollars is a</p>
  <p time="677160" is_ac="true">little bit steep for a New York strip</p>
  <p time="679140" is_ac="true">steak I'm not sure if I've ever seen a</p>
  <p time="681480" is_ac="true">New York strip steak that expensive</p>
  <p time="683220" is_ac="true">before like I know Gordon Ramsay is a</p>
  <p time="685500" is_ac="true">big name I know there's going to be a</p>
  <p time="687240" is_ac="true">surcharge for his name but in Manhattan</p>
  <p time="689399" is_ac="true">there's also tons of great steakhouses</p>
  <p time="691260" is_ac="true">some of them are also really famous and</p>
  <p time="693720" is_ac="true">some of them are in Prime real estate</p>
  <p time="695279" is_ac="true">like Times Square so there's markups</p>
  <p time="697500" is_ac="true">there as well I'll say this the food is</p>
  <p time="700140" is_ac="true">objectively great we're at ten dollars</p>
  <p time="702540" is_ac="true">less I would be singing Only its praises</p>
  <p time="705060" is_ac="true">and nothing else but it is a little bit</p>
  <p time="707399" is_ac="true">overpriced even for the location and</p>
  <p time="709500" is_ac="true">even for the guy's name so not overrated</p>
  <p time="712320" is_ac="true">but still over surprised Let's uh put</p>
  <p time="715260" is_ac="true">this aside for now though and let's try</p>
  <p time="719579" is_ac="true">the famous Beef Wellington</p>
  <p time="728339" is_ac="true">let's take a bite</p>
  <p time="735180" is_ac="true">not bad</p>
  <p time="741260" is_ac="true">once again nice and pink on the inside</p>
  <p time="744120" is_ac="true">although it's annoying that beef</p>
  <p time="745680" is_ac="true">wellingtons are always falling apart so</p>
  <p time="747600" is_ac="true">they should invent some sort of like</p>
  <p time="749160" is_ac="true">edible rubber bands to like tie the</p>
  <p time="751380" is_ac="true">whole thing together so this doesn't</p>
  <p time="753180" is_ac="true">happen</p>
  <p time="759300" is_ac="true">pretty good but while the beef</p>
  <p time="761760" is_ac="true">wellington here is good uh I don't think</p>
  <p time="764160" is_ac="true">it's great I don't think all the beef</p>
  <p time="766019" is_ac="true">wellingtons at Gordon's restaurants are</p>
  <p time="767820" is_ac="true">created equal I thought the one that I</p>
  <p time="769800" is_ac="true">had at Gordon Ramsay Pub and Grill at</p>
  <p time="771720" is_ac="true">least a year or two ago when I went in</p>
  <p time="773519" is_ac="true">that video I thought that one was better</p>
  <p time="775440" is_ac="true">this this meat is great this meat is</p>
  <p time="778079" is_ac="true">just so tender it is so oh unbelievably</p>
  <p time="781620" is_ac="true">tender unfortunately though I think that</p>
  <p time="784200" is_ac="true">this puff pastry could use some more I</p>
  <p time="786360" is_ac="true">think the puff pastry could be a little</p>
  <p time="788220" is_ac="true">bit thicker like if you look at the puff</p>
  <p time="789899" is_ac="true">pastry it is rather thin I think they</p>
  <p time="792240" is_ac="true">could make the puff pastry a little bit</p>
  <p time="794220" is_ac="true">thicker and it would make this a more</p>
  <p time="795959" is_ac="true">hearty meal and I actually think that it</p>
  <p time="798899" is_ac="true">could stand to be a little bit saltier I</p>
  <p time="801240" is_ac="true">feel like it's a little bit too thin and</p>
  <p time="803160" is_ac="true">a little bit under salted but once again</p>
  <p time="805440" is_ac="true">no complaints at all about the meat</p>
  <p time="808320" is_ac="true">itself because the meat is just perfect</p>
  <p time="810300" is_ac="true">nice and medium rare a little bit more</p>
  <p time="813300" is_ac="true">rare on this side but I actually don't</p>
  <p time="815160" is_ac="true">mind that but Gordon tell your staff</p>
  <p time="817320" is_ac="true">here to make this a thicker puff pastry</p>
  <p time="819720" is_ac="true">and you're going to be golden let's try</p>
  <p time="822120" is_ac="true">the mashed potatoes</p>
  <p time="829620" is_ac="true">mmm</p>
  <p time="833040" is_ac="true">oh the mashed potato was so silky and</p>
  <p time="836100" is_ac="true">soft and oh</p>
  <p time="840180" is_ac="true">and buttery and creamy it's like you're</p>
  <p time="842519" is_ac="true">eating a nice buttery creamy delicious</p>
  <p time="845279" is_ac="true">cloud and then I think this is some sort</p>
  <p time="848100" is_ac="true">of like red wine sauce you pair it with</p>
  <p time="850320" is_ac="true">the red wine sauce and it just makes it</p>
  <p time="853260" is_ac="true">more like savory</p>
  <p time="855420" is_ac="true">foreign</p>
  <p time="857839" is_ac="true">oh wow that red wine sauce oh it kind of</p>
  <p time="861420" is_ac="true">like elevates it it pairs perfectly with</p>
  <p time="863579" is_ac="true">the creamy Rich mashed potatoes it turns</p>
  <p time="866220" is_ac="true">it into Like An Elegant French dish</p>
  <p time="869300" is_ac="true">let's try one of the carrots</p>
  <p time="875720" is_ac="true">okay it's just a normal carrot</p>
  <p time="880019" is_ac="true">I think this is like a shallot</p>
  <p time="887100" is_ac="true">the vegetables are nothing to write home</p>
  <p time="888660" is_ac="true">about they're just normal vegetables</p>
  <p time="890160" is_ac="true">overall this Beef Wellington dish not</p>
  <p time="892800" is_ac="true">bad it had its ups and downs the beef</p>
  <p time="894839" is_ac="true">wellington itself good but held back by</p>
  <p time="897779" is_ac="true">the pastry and the mashed potatoes and</p>
  <p time="899699" is_ac="true">the sauce was good vegetables were</p>
  <p time="901620" is_ac="true">forgettable overall this Beef Wellington</p>
  <p time="903959" is_ac="true">dish not bad though not great but</p>
  <p time="909320" is_ac="true">I need to finish this stick because this</p>
  <p time="912480" is_ac="true">steak is amazing and I cannot let this</p>
  <p time="914699" is_ac="true">go to waste</p>
  <p time="918720" is_ac="true">thank you</p>
  <p time="928320" is_ac="true">foreign</p>
  <p time="933440" is_ac="true">wow guys I think this is gonna be my</p>
  <p time="936060" is_ac="true">last bite of steak I'm not sure if I can</p>
  <p time="937560" is_ac="true">eat much more than this I definitely</p>
  <p time="939660" is_ac="true">wanted this steak to be in the clean</p>
  <p time="941760" is_ac="true">play club and as you can see I finished</p>
  <p time="944699" is_ac="true">most of it but I'm not sure what it was</p>
  <p time="947160" is_ac="true">maybe it was taking an extra bite of the</p>
  <p time="949740" is_ac="true">Focaccia especially with butter maybe it</p>
  <p time="952620" is_ac="true">was that I ate some of the mashed potato</p>
  <p time="954420" is_ac="true">as well as some of the beef wellington</p>
  <p time="956519" is_ac="true">but for whatever reason I'm not able to</p>
  <p time="959339" is_ac="true">finish off the New York strip but I</p>
  <p time="961680" is_ac="true">guess I'll just have to take it to go</p>
  <p time="962880" is_ac="true">getting a little bit full also I want to</p>
  <p time="965459" is_ac="true">leave some room for dessert so let's</p>
  <p time="967500" is_ac="true">finish this and let's order Gordon's</p>
  <p time="970019" is_ac="true">signature dessert the sticky toffee</p>
  <p time="972060" is_ac="true">pudding and I also ordered the sticky</p>
  <p time="974399" is_ac="true">Tuffy pudding sure you want to wait a</p>
  <p time="976380" is_ac="true">few minutes</p>
  <p time="977480" is_ac="true">I think I'm running out of the room yeah</p>
  <p time="981740" is_ac="true">also guys I gotta say this isn't one of</p>
  <p time="984899" is_ac="true">Gordon's Flagship Michelin star</p>
  <p time="986760" is_ac="true">restaurants but service here A Plus</p>
  <p time="991880" is_ac="true">thank you</p>
  <p time="1000560" is_ac="true">thank you all right guys the famous</p>
  <p time="1003800" is_ac="true">Gordon Ramsay sticky toffee pudding</p>
  <p time="1007279" is_ac="true">looks pretty good now we've had this</p>
  <p time="1009980" is_ac="true">once at Gordon Ramsay Pub and Grill also</p>
  <p time="1012740" is_ac="true">in Atlantic City although that location</p>
  <p time="1014480" is_ac="true">is at Caesar's Palace we're currently at</p>
  <p time="1017060" is_ac="true">harass now the two sticky toffee</p>
  <p time="1019220" is_ac="true">puddings look a little bit similar only</p>
  <p time="1021199" is_ac="true">that one was a little bit lighter in</p>
  <p time="1023300" is_ac="true">color the presentation style was a</p>
  <p time="1025339" is_ac="true">little bit more rustic at that place you</p>
  <p time="1027620" is_ac="true">pour the sauce yourself but at this</p>
  <p time="1029720" is_ac="true">place they pour it on top for you and</p>
  <p time="1032540" is_ac="true">the vanilla ice cream is shaped like a</p>
  <p time="1034760" is_ac="true">stick of butter here which is kind of</p>
  <p time="1036260" is_ac="true">interesting nothing to it but to do it</p>
  <p time="1045199" is_ac="true">now first a bite on its own</p>
  <p time="1051860" is_ac="true">oh</p>
  <p time="1054679" is_ac="true">wow so deliciously sweet and spongy nice</p>
  <p time="1058820" is_ac="true">and warm on the inside sticky on the</p>
  <p time="1061700" is_ac="true">outside amazing let's try the ice cream</p>
  <p time="1064280" is_ac="true">on its own</p>
  <p time="1065740" is_ac="true">[Music]</p>
  <p time="1066940" is_ac="true">looks like it's melting let's act fast</p>
  <p time="1072500" is_ac="true">right now</p>
  <p time="1078559" is_ac="true">the ice cream is okay like it's a little</p>
  <p time="1080539" is_ac="true">bit icically it kind of reminds me of</p>
  <p time="1082700" is_ac="true">like a richer snow cone or like you know</p>
  <p time="1084980" is_ac="true">when like your store-bought ice cream</p>
  <p time="1086539" is_ac="true">pints you put them in the freezer for</p>
  <p time="1088400" is_ac="true">too long and they kind of become a</p>
  <p time="1089900" is_ac="true">little bit icically in a bad way it kind</p>
  <p time="1092120" is_ac="true">of tastes like that but it's time now to</p>
  <p time="1095419" is_ac="true">combine them</p>
  <p time="1104900" is_ac="true">oh</p>
  <p time="1120559" is_ac="true">wow when you combine them it's perfect</p>
  <p time="1122780" is_ac="true">like that warm sponge cake very sweet</p>
  <p time="1125600" is_ac="true">and sticky almost slightly too sweet and</p>
  <p time="1129020" is_ac="true">the date flavor is rather strong</p>
  <p time="1130880" is_ac="true">combined with that cool ice cream that</p>
  <p time="1133820" is_ac="true">more mild ice cream vanilla flavor the</p>
  <p time="1136820" is_ac="true">cool ice cream</p>
  <p time="1139100" is_ac="true">perfect my only complaint they didn't</p>
  <p time="1141620" is_ac="true">give us enough ice cream the last time I</p>
  <p time="1143720" is_ac="true">had this at Gordon Ramsay Pub and Grill</p>
  <p time="1145280" is_ac="true">they gave us more they need to give a</p>
  <p time="1147200" is_ac="true">little bit more focus more on</p>
  <p time="1149299" is_ac="true">practicality and less on presentation</p>
  <p time="1162380" is_ac="true">excellent the only problem now though I</p>
  <p time="1164960" is_ac="true">got a whole huge chunk of half of my</p>
  <p time="1167780" is_ac="true">cake left and not quite enough ice cream</p>
  <p time="1170120" is_ac="true">to eat it with but it is what it is I'll</p>
  <p time="1172340" is_ac="true">just have to chip at this slowly but</p>
  <p time="1173900" is_ac="true">slowly before I head out but I gotta say</p>
  <p time="1177260" is_ac="true">guys I think we're gonna wrap up the</p>
  <p time="1178880" is_ac="true">video now I was really craving steak</p>
  <p time="1180740" is_ac="true">from being abroad for so long and eating</p>
  <p time="1183140" is_ac="true">a Gordon Ramsay restaurant I'll buy an</p>
  <p time="1185299" is_ac="true">airport restaurant in Hong Kong kinda</p>
  <p time="1187640" is_ac="true">piqued my interest in trying the Gordon</p>
  <p time="1189620" is_ac="true">Ramsay Steak restaurant here in Atlantic</p>
  <p time="1191720" is_ac="true">City we came here though not only</p>
  <p time="1193520" is_ac="true">looking for a great meal but we also</p>
  <p time="1195500" is_ac="true">came here to try to answer the question</p>
  <p time="1197120" is_ac="true">of is Gordon Ramsay legit is Gordon</p>
  <p time="1199700" is_ac="true">Ramsay just overrated and posting all</p>
  <p time="1201919" is_ac="true">his celebrity chef status or does he</p>
  <p time="1204440" is_ac="true">still make good food and does he live up</p>
  <p time="1205940" is_ac="true">to his reputation and I gotta say guys</p>
  <p time="1208100" is_ac="true">so far my experiences with his</p>
  <p time="1210500" is_ac="true">restaurants have all been positive well</p>
  <p time="1212720" is_ac="true">besides the Hong Kong airport restaurant</p>
  <p time="1214460" is_ac="true">that was not great if you're a Gordon</p>
  <p time="1217220" is_ac="true">Ramsay fan try this place you won't be</p>
  <p time="1219320" is_ac="true">disappointed if you're not a Gordon</p>
  <p time="1220940" is_ac="true">Ramsay fan I think you should give this</p>
  <p time="1223039" is_ac="true">place a shot because it's objectively a</p>
  <p time="1224600" is_ac="true">good restaurant it's just a little bit</p>
  <p time="1227000" is_ac="true">overpriced even taking into account</p>
  <p time="1228799" is_ac="true">Gordon's name and the Atlantic City</p>
  <p time="1230840" is_ac="true">location Gordon you need to drop the</p>
  <p time="1233299" is_ac="true">prices by about 10 bucks but anyways</p>
  <p time="1235760" is_ac="true">guys I think that's gonna be it for this</p>
  <p time="1237380" is_ac="true">video we're gonna knock out our amazing</p>
  <p time="1240380" is_ac="true">Gordon Ramsay desserts and then head</p>
  <p time="1242539" is_ac="true">home with our delicious leftovers thank</p>
  <p time="1245059" is_ac="true">you guys so much for watching have you</p>
  <p time="1246919" is_ac="true">eaten at Gordon Ramsay Steak before at</p>
  <p time="1248840" is_ac="true">any of his locations or have you eaten</p>
  <p time="1250880" is_ac="true">at any Gordon Ramsay restaurant at all</p>
  <p time="1252620" is_ac="true">and what do you think of Gordon Ramsay</p>
  <p time="1254179" is_ac="true">do you think he's great or do you think</p>
  <p time="1255620" is_ac="true">he's overrated let me know in the</p>
  <p time="1257299" is_ac="true">comments because great lines eat a like</p>
  <p time="1258919" is_ac="true">if you like my videos make sure you like</p>
  <p time="1260720" is_ac="true">And subscribe that way you stay up to</p>
  <p time="1262460" is_ac="true">date whenever I post another video</p>
  <p time="1266240" is_ac="true">until next time I'll see you later</p>
  <p time="1270560" is_ac="true">[Music]</p>
</text>
