<?xml version='1.0' encoding='UTF-8'?>
<text date_d="21" date_m="5" date_y="2023" format="srv3" age_limit="0" comment_count="946" description="Out of all the internet famous people out there, there are few people as well-known and divisive as Nusret Gökçe, more commonly known as Salt Bae. Love him or hate him, there are few people who have not heard of him or seen the original viral 2017 Salt Bae video, of him sprinkling salt in his Salt Bae salt pose.&#10;&#10;Salt Bae was already a restauranteur before his internet fame, but he capitalized on his viral Saltbae video to open several restaurants. Not just limited to the Nusr-Et Instanbul location, but Nusr-Et Dubai, Nusr-Et London, Nusr-Et Miami, Nusr-Et Beverly Hills, Nusr-Et Dallas, Nusr-Et Las Vegas, Nusr-Et Abi Dhabi, and Nusr-Et NYC are all popular locations. NYC actually has two Nusr-Et locations, so we wound up eating at the Nusr-Et Times Square location.&#10;&#10;Ask anyone around you and they will say Nusr-Et is overpriced. The steaks are often thousands of dollars, with the Nusr-Et gold steak being $2,500! But is Nusr-Et overrated? We didn't order any of the exorbitantly priced Salt Bae gold steak items and we will only fairly evaluate his more reasonably priced $95 wagyu steak.&#10;&#10;Tag along on this journey as we find out if Salt Bae is overrated or if Salt Bae is actually a good chef! Let's see how Salt Bae's restaurant fares in an honest review! Is Salt Bae's food good or will Salt Bae be exposed?&#10;&#10;Like and Subscribe if you like my vids!&#10;&#10;Restaurant Deets:&#10;Nusr-Et Steakhouse New York&#10;60 W 53rd St, New York, NY 10019" fulltitle="Is Salt Bae's Steakhouse a TOURIST TRAP? Nusr-Et Steakhouse Review" like_count="4614" location="NUSR-ET STEAKHOUSE NEW YORK" playlist_title="na" release_date="20230521" upload_date="20230521" repost_count="na" tags="Nusret Gökçe; Nusr-Et New York; Nusr-Et NYC; Nusr-Et Times Square; Nusr-Et Las Vegas; Nusr-Et London; Nusr-Et Dallas; Nusr-Et Instanbul; Nusr-Et Abu Dhabi; Nusr-Et Beverly Hills; Nusr-Et Miami; Nusr-Et Dubai; Nusr-Et overpriced; Nusr-Et overrated; Nusr-Et Steakhouse review; salt bae steak; salt bae restaurant; salt bae gold steak; salt bae; salt bae meme; salt bae exposed; salt bae restaurant review; salt bae steak review; is salt bae overrated; is salt bae a good cook; " title="Is Salt Bae's Steakhouse a TOURIST TRAP? Nusr-Et Steakhouse Review" uploader="UA Eats" view_count="387284" webpage_url="https://www.youtube.com/watch?v=BJrjN2Sffqo" autocaption="true">
  <p time="0" is_ac="true">hey guys and welcome to another episode</p>
  <p time="1680" is_ac="true">of UAE eats I'm UA and today we're back</p>
  <p time="4560" is_ac="true">in Times Square in Manhattan New York</p>
  <p time="7020" is_ac="true">now we've eaten loads of steak on this</p>
  <p time="9059" is_ac="true">channel and Times Square is actually a</p>
  <p time="11400" is_ac="true">great place for steak even though it's a</p>
  <p time="13200" is_ac="true">touristy location both Gallaghers and</p>
  <p time="15480" is_ac="true">Spark Steakhouse are both around this</p>
  <p time="17160" is_ac="true">area both regarded as two of the best</p>
  <p time="19199" is_ac="true">steakhouses in the whole world however</p>
  <p time="21180" is_ac="true">today we're going to the most touristy</p>
  <p time="23400" is_ac="true">and the most divisive of steakhouses in</p>
  <p time="26640" is_ac="true">all of New York we're going to Salt Bay</p>
  <p time="28800" is_ac="true">steakhouse restaurant aptly called news</p>
  <p time="31260" is_ac="true">red now back in 2014 or 15 Salt Bay was</p>
  <p time="34980" is_ac="true">on top of the world pretty much everyone</p>
  <p time="37020" is_ac="true">in the whole world has seen his Salt Bay</p>
  <p time="38940" is_ac="true">videos of him you know doing this with</p>
  <p time="41700" is_ac="true">his salt but it kind of seems like the</p>
  <p time="43860" is_ac="true">dust has kind of settled on Salt Bay now</p>
  <p time="45780" is_ac="true">and for whatever reason it seems like a</p>
  <p time="48120" is_ac="true">lot of people aren't really fond of</p>
  <p time="49320" is_ac="true">newsread anymore and a lot of people are</p>
  <p time="51300" is_ac="true">kind of sick of him and he's not really</p>
  <p time="52559" is_ac="true">well liked at least by a lot of people</p>
  <p time="54300" is_ac="true">part of the reason is probably because</p>
  <p time="56039" is_ac="true">news red wanted to cash in on his Fame</p>
  <p time="58320" is_ac="true">and he opened a ton of rest restaurants</p>
  <p time="60360" is_ac="true">a ton of steakhouses and burger joints</p>
  <p time="63000" is_ac="true">all over the world and they've kind of</p>
  <p time="64920" is_ac="true">received mixed reviews some people say</p>
  <p time="66659" is_ac="true">they're pretty good other people say</p>
  <p time="68159" is_ac="true">that they're not really that great and</p>
  <p time="70080" is_ac="true">they're overpriced tourist traps I think</p>
  <p time="72000" is_ac="true">when it comes to someone like salt Bay</p>
  <p time="73680" is_ac="true">though he's such a divisive figure and</p>
  <p time="75780" is_ac="true">people tend to have strong opinions on</p>
  <p time="77340" is_ac="true">him it's kind of hard to separate the</p>
  <p time="79200" is_ac="true">bias if you know what I mean like it's</p>
  <p time="81119" is_ac="true">hard to find people who are purely</p>
  <p time="82740" is_ac="true">judging his restaurants by the food</p>
  <p time="84420" is_ac="true">especially considering that he actually</p>
  <p time="86400" is_ac="true">is a trained Chef now we always try to</p>
  <p time="88920" is_ac="true">stay objective on this channel and we</p>
  <p time="90780" is_ac="true">actually went to Salt Bay burger here in</p>
  <p time="92880" is_ac="true">New York and we felt like it was pretty</p>
  <p time="94500" is_ac="true">good but it seems like news Red</p>
  <p time="96479" is_ac="true">Steakhouse is the real divisive place so</p>
  <p time="98400" is_ac="true">we're here in Times Square to see if it</p>
  <p time="100500" is_ac="true">actually is good or if it's just a</p>
  <p time="102299" is_ac="true">tourist trap once again we promise to be</p>
  <p time="104280" is_ac="true">objective so let's go check it out</p>
  <p time="118500" is_ac="true">yeah</p>
  <p time="120860" is_ac="true">okay so I'm here inside Salt Bay steak</p>
  <p time="123600" is_ac="true">named after a Salt Bay himself new</p>
  <p time="125520" is_ac="true">threats music is a little bit loud so I</p>
  <p time="127680" is_ac="true">apologize if uh it's hard to hear my</p>
  <p time="129959" is_ac="true">voice but there's some nice music</p>
  <p time="131459" is_ac="true">playing in the background so this is a</p>
  <p time="133800" is_ac="true">really nice Atmosphere Restaurant</p>
  <p time="135239" is_ac="true">everyone is dressed in like Tuxedos and</p>
  <p time="137700" is_ac="true">ties a really really nice atmosphere</p>
  <p time="140400" is_ac="true">really nice music really really clean</p>
  <p time="143160" is_ac="true">restaurants I mean just look at the</p>
  <p time="144900" is_ac="true">table really really clean no dust at all</p>
  <p time="147239" is_ac="true">really really clean and Immaculate as</p>
  <p time="149280" is_ac="true">you can see a big poster of Salt Bay in</p>
  <p time="151680" is_ac="true">the back internet Fame kind of went to</p>
  <p time="153180" is_ac="true">his head he's got a big portrait in both</p>
  <p time="155220" is_ac="true">of his restaurants both the burger and</p>
  <p time="156959" is_ac="true">the steakhouse also I gotta say one more</p>
  <p time="158879" is_ac="true">thing this place</p>
  <p time="161060" is_ac="true">it's got some really comfy chairs now</p>
  <p time="164099" is_ac="true">that might seem like a really minor</p>
  <p time="165420" is_ac="true">thing and it is but I wanted to point it</p>
  <p time="167459" is_ac="true">out I mean these are some really nice</p>
  <p time="168900" is_ac="true">chairs some of the best chairs I've had</p>
  <p time="170580" is_ac="true">in any restaurant</p>
  <p time="174120" is_ac="true">oh</p>
  <p time="175440" is_ac="true">so they have a pretty extensive menu</p>
  <p time="177900" is_ac="true">some starters some salads prices a bit</p>
  <p time="181680" is_ac="true">on the high end but not quite unusual</p>
  <p time="183959" is_ac="true">for Times Square the server actually</p>
  <p time="186060" is_ac="true">recommended the meat Sushi to me it's</p>
  <p time="188400" is_ac="true">just me by myself so he said this was a</p>
  <p time="190980" is_ac="true">good portion for just one person but you</p>
  <p time="192959" is_ac="true">know we're all about steak on this</p>
  <p time="194159" is_ac="true">channel so let's look at the steak</p>
  <p time="195300" is_ac="true">options now they have the same news rep</p>
  <p time="197459" is_ac="true">Burger as at Salt base restaurant so I'm</p>
  <p time="199860" is_ac="true">not gonna get that I mean the appetizers</p>
  <p time="202200" is_ac="true">were expensive but okay for Times Square</p>
  <p time="204720" is_ac="true">but some of these prices are definitely</p>
  <p time="207599" is_ac="true">high like 80 bucks for filet mignon I</p>
  <p time="211260" is_ac="true">mean even at good steakhouses that's</p>
  <p time="213239" is_ac="true">more like 40 to 60 bucks so that's quite</p>
  <p time="215459" is_ac="true">a markup for his name 95 for a Wagyu</p>
  <p time="218940" is_ac="true">steak I guess that's okay considering</p>
  <p time="221879" is_ac="true">it's wagyu it really could be more than</p>
  <p time="223500" is_ac="true">that but still expensive Tomahawk Steak</p>
  <p time="226080" is_ac="true">expensive as expected but just look at</p>
  <p time="228540" is_ac="true">these petite strip loins I mean 50 five</p>
  <p time="231239" is_ac="true">bucks but only three and a half ounces</p>
  <p time="233760" is_ac="true">three and a half ounces is really small</p>
  <p time="235799" is_ac="true">that's literally like this big and then</p>
  <p time="238739" is_ac="true">let's look at some of these other menu</p>
  <p time="240659" is_ac="true">items some of these prices are just</p>
  <p time="242819" is_ac="true">insane 550 bucks for a tomahawk 750 for</p>
  <p time="247680" is_ac="true">a grilled strip loin 2 500 bucks for a</p>
  <p time="251220" is_ac="true">golden state I think most things on this</p>
  <p time="253319" is_ac="true">menu are beyond my price range so let's</p>
  <p time="255599" is_ac="true">just go with the wagyu single stick it's</p>
  <p time="257280" is_ac="true">expensive but at least it's Wagyu steak</p>
  <p time="258959" is_ac="true">and for one person it might not be too</p>
  <p time="261180" is_ac="true">bad ready</p>
  <p time="271680" is_ac="true">okay</p>
  <p time="280139" is_ac="true">oh wait</p>
  <p time="282060" is_ac="true">foreign</p>
  <p time="287360" is_ac="true">steak is here and the presentation was</p>
  <p time="290280" is_ac="true">really cool they sliced it right in</p>
  <p time="292080" is_ac="true">front of you just like in the original</p>
  <p time="293340" is_ac="true">viral video the guy yells Salt Bay as he</p>
  <p time="296280" is_ac="true">salts it at the end in the signature</p>
  <p time="298280" is_ac="true">selfie pose but let's take a look at the</p>
  <p time="301020" is_ac="true">steak now in terms of the way the steak</p>
  <p time="303000" is_ac="true">is cooked it definitely looks cooked</p>
  <p time="305220" is_ac="true">well I asked for a medium rare I guess</p>
  <p time="307500" is_ac="true">some pieces are a little bit more rare</p>
  <p time="309300" is_ac="true">than medium uh but you know I don't mind</p>
  <p time="311520" is_ac="true">that I don't mind my steak a little bit</p>
  <p time="313139" is_ac="true">more rare the steak has some nice grill</p>
  <p time="315419" is_ac="true">marks although I kind of prefer more of</p>
  <p time="317639" is_ac="true">a crust than grill marks I kind of like</p>
  <p time="320100" is_ac="true">that crunchy texture to go with a nice</p>
  <p time="322020" is_ac="true">soft juicy steak on the inside I gotta</p>
  <p time="325680" is_ac="true">say overall the steak doesn't look bad</p>
  <p time="327240" is_ac="true">it's actually a pretty decent portion</p>
  <p time="329039" is_ac="true">too for Wagyu steak but uh let's dig in</p>
  <p time="331680" is_ac="true">you know let's see if it's good let's</p>
  <p time="333419" is_ac="true">see if Salt Bay knows this stuff or or</p>
  <p time="335580" is_ac="true">if this is all just a big cash grab</p>
  <p time="340910" is_ac="true">[Music]</p>
  <p time="343880" is_ac="true">you know the steak is cooked to a really</p>
  <p time="346500" is_ac="true">good doneness it's a pretty good medium</p>
  <p time="348240" is_ac="true">rare more on the rare side than medium</p>
  <p time="350460" is_ac="true">but you know for me it's a good doneness</p>
  <p time="352500" is_ac="true">it is rather tender but I would say that</p>
  <p time="355560" is_ac="true">the steak is kind of lacking in very</p>
  <p time="357300" is_ac="true">strong flavor it's Wagyu steak so I was</p>
  <p time="359639" is_ac="true">expecting it to be more fatty and</p>
  <p time="362400" is_ac="true">therefore the fat really making it melt</p>
  <p time="364860" is_ac="true">in your mouth and giving it nice juicy</p>
  <p time="366840" is_ac="true">flavor like a rib eye on steroids</p>
  <p time="369060" is_ac="true">ironically I find the steak to be a</p>
  <p time="372120" is_ac="true">little bit Bland a little bit almost</p>
  <p time="373800" is_ac="true">lean tasting it's kind of a bummer</p>
  <p time="376020" is_ac="true">because we ate at Salt Bay Burger in New</p>
  <p time="378419" is_ac="true">York and I thought sulfate Burger was</p>
  <p time="380820" is_ac="true">excellent a little bit pricey but still</p>
  <p time="383580" is_ac="true">good this steak I don't know is it Wagyu</p>
  <p time="386580" is_ac="true">steak it probably is wagyu beef but it's</p>
  <p time="389520" is_ac="true">definitely not Texas A5 wagyu or real</p>
  <p time="391860" is_ac="true">Japanese Wagyu it kind of just tastes</p>
  <p time="394020" is_ac="true">like joystick that you get from the</p>
  <p time="395880" is_ac="true">supermarket it's a very average steak</p>
  <p time="399479" is_ac="true">no</p>
  <p time="406259" is_ac="true">the benefit of the dowel let's see if</p>
  <p time="408300" is_ac="true">other pizzas taste better</p>
  <p time="415620" is_ac="true">some pieces definitely</p>
  <p time="418259" is_ac="true">I think the piece that we just ate</p>
  <p time="419880" is_ac="true">tasted especially good because I had a</p>
  <p time="421560" is_ac="true">nice sear on it it had a bit of a crust</p>
  <p time="423600" is_ac="true">on some other steak pieces though as you</p>
  <p time="426060" is_ac="true">can see the crust is inconsistent which</p>
  <p time="428759" is_ac="true">kind of makes the steak more rubbery and</p>
  <p time="430620" is_ac="true">it doesn't really give it much crunch or</p>
  <p time="432360" is_ac="true">good texture I guess grill marks can</p>
  <p time="434340" is_ac="true">look cool sometimes and when you grill</p>
  <p time="436020" is_ac="true">over charcoal you can Infuse the steak</p>
  <p time="437699" is_ac="true">with some nice Smoky flavor</p>
  <p time="443099" is_ac="true">okay I detect a hint of smokiness but</p>
  <p time="446039" is_ac="true">the real thing that made that bite good</p>
  <p time="447720" is_ac="true">was the crust so I'm gonna try to focus</p>
  <p time="450960" is_ac="true">in more on these nice crust charred</p>
  <p time="453479" is_ac="true">pieces of steak and less on these pieces</p>
  <p time="455460" is_ac="true">that don't have as much crust or Sear</p>
  <p time="462180" is_ac="true">also really ironically for a restaurant</p>
  <p time="464520" is_ac="true">named after salte and all about sope in</p>
  <p time="468120" is_ac="true">presentation name decoration everything</p>
  <p time="470880" is_ac="true">it is kind of ironic that I also find</p>
  <p time="473580" is_ac="true">the steak to be a little bit under</p>
  <p time="475259" is_ac="true">seasoned it could stand to be more salty</p>
  <p time="477539" is_ac="true">and also have more pepper could I get a</p>
  <p time="479819" is_ac="true">little more salt more salt</p>
  <p time="483840" is_ac="true">thank you</p>
  <p time="490940" is_ac="true">actually hey that did it just get some</p>
  <p time="493380" is_ac="true">crust more salt and it's a pretty good</p>
  <p time="495539" is_ac="true">steak also I think some pieces of the</p>
  <p time="497220" is_ac="true">steak are fattier than others some have</p>
  <p time="499500" is_ac="true">nice fattiness and nice juiciness in</p>
  <p time="501240" is_ac="true">everybody other pieces like the first</p>
  <p time="503099" is_ac="true">piece we ate surprisingly lean and not</p>
  <p time="505740" is_ac="true">too flavorful</p>
  <p time="515459" is_ac="true">now the summary of the stake is it's</p>
  <p time="518880" is_ac="true">kind of uneven that's kind of</p>
  <p time="520440" is_ac="true">inconsistent some pieces are great and</p>
  <p time="523260" is_ac="true">Juicy and Delicious other pieces a</p>
  <p time="526440" is_ac="true">little Bland not too juicy not too fatty</p>
  <p time="528959" is_ac="true">tender yes but flavor and seasoning</p>
  <p time="532260" is_ac="true">lacking let's finish eating the steak</p>
  <p time="534899" is_ac="true">and we'll go outside for some final</p>
  <p time="536100" is_ac="true">thoughts</p>
  <p time="537470" is_ac="true">[Music]</p>
  <p time="541500" is_ac="true">all right guys so we just stepped</p>
  <p time="543060" is_ac="true">outside Salt Bay steak news red steak I</p>
  <p time="545519" is_ac="true">meant so we're outside the restaurant</p>
  <p time="546959" is_ac="true">and I kind of want to share my honest</p>
  <p time="548700" is_ac="true">opinion and not have staff here or</p>
  <p time="551339" is_ac="true">customers around me here and influence</p>
  <p time="553080" is_ac="true">their dining experience so overall I</p>
  <p time="555720" is_ac="true">think I had a pretty solid meal I kind</p>
  <p time="558360" is_ac="true">of take back what I said at the start of</p>
  <p time="559740" is_ac="true">the video I wouldn't say that the steak</p>
  <p time="561660" is_ac="true">was bad quality I think maybe I just got</p>
  <p time="564180" is_ac="true">unlucky at first with a few Bland pieces</p>
  <p time="566279" is_ac="true">a few more dry less fatty pieces it was</p>
  <p time="569100" is_ac="true">a solid steak although slightly</p>
  <p time="571140" is_ac="true">inconsistent but the tasty parts of the</p>
  <p time="573240" is_ac="true">steak weren't indeed tasty I would say</p>
  <p time="575040" is_ac="true">that it was probably a solid Steakhouse</p>
  <p time="577019" is_ac="true">maybe even depending on where you live</p>
  <p time="578940" is_ac="true">maybe even an above average one but here</p>
  <p time="581760" is_ac="true">in New York especially in Midtown and</p>
  <p time="583860" is_ac="true">Times Square when there's so many</p>
  <p time="585839" is_ac="true">legendary and so many great steakhouses</p>
  <p time="588120" is_ac="true">around us I would say that you could</p>
  <p time="589740" is_ac="true">definitely do better than newsread</p>
  <p time="591180" is_ac="true">especially for the money the quality per</p>
  <p time="594060" is_ac="true">dollar not the best out of every</p>
  <p time="596339" is_ac="true">restaurant I've been to that being said</p>
  <p time="598320" is_ac="true">I will say one thing the restaurant was</p>
  <p time="601019" is_ac="true">a lot of fun it was a great atmosphere</p>
  <p time="603480" is_ac="true">they played great trendy music both</p>
  <p time="606000" is_ac="true">western music both older music and some</p>
  <p time="609000" is_ac="true">Turkish music they sliced the steak</p>
  <p time="611160" is_ac="true">right in front of your eyes they do all</p>
  <p time="613320" is_ac="true">that salt Bay stuff it's a lot of fun</p>
  <p time="615959" is_ac="true">what I call news Red Steakhouse a</p>
  <p time="617760" is_ac="true">tourist trap I'm not so sure I mean</p>
  <p time="620399" is_ac="true">maybe I just have a specific definition</p>
  <p time="622080" is_ac="true">of tourist trap because what are you</p>
  <p time="624180" is_ac="true">doing as a tourist you're having fun</p>
  <p time="625980" is_ac="true">right you'll want fun exciting unique</p>
  <p time="628980" is_ac="true">experiences and at news red you</p>
  <p time="631260" is_ac="true">definitely are kind of getting that I</p>
  <p time="632760" is_ac="true">mean they're giving you a very fun</p>
  <p time="634500" is_ac="true">flamboyant very high energy experience</p>
  <p time="637019" is_ac="true">if you're a fan of Salt Bay you'll love</p>
  <p time="639180" is_ac="true">this restaurant you'll think it's super</p>
  <p time="641279" is_ac="true">fun but I guess if I have to give my</p>
  <p time="643740" is_ac="true">honest opinion I would say that it's</p>
  <p time="646260" is_ac="true">definitely overpriced even me getting</p>
  <p time="648420" is_ac="true">one of the cheapest things on the menu</p>
  <p time="650180" is_ac="true">95 bucks it's a little intense all the</p>
  <p time="654120" is_ac="true">gold items that cost like thousands of</p>
  <p time="656339" is_ac="true">dollars that is just absolutely</p>
  <p time="658380" is_ac="true">ridiculous and price gouging and kind of</p>
  <p time="660779" is_ac="true">taking advantage of people who love salt</p>
  <p time="663000" is_ac="true">base so much that they're going to spend</p>
  <p time="664560" is_ac="true">however much money you ask just for fun</p>
  <p time="666540" is_ac="true">experiences so okay I guess I'll say in</p>
  <p time="669600" is_ac="true">my opinion it's a fun restaurant it's</p>
  <p time="672000" is_ac="true">relatively tasty but I would probably</p>
  <p time="674160" is_ac="true">still consider it a tourist trap just</p>
  <p time="676019" is_ac="true">based on the unreasonable price but that</p>
  <p time="678480" is_ac="true">being said salt base restaurants are a</p>
  <p time="680279" is_ac="true">lot of fun they do have fun Vibes and</p>
  <p time="682380" is_ac="true">they really really know how to cater to</p>
  <p time="683820" is_ac="true">Salt Bay fans so if you're a Salt Bay</p>
  <p time="686459" is_ac="true">fan and you really want to have this</p>
  <p time="687959" is_ac="true">experience I recommend going to Salt Bay</p>
  <p time="690360" is_ac="true">Burger further downtown anyways guys I</p>
  <p time="692760" is_ac="true">think that's going to be it for this</p>
  <p time="693720" is_ac="true">video thank you so much for watching if</p>
  <p time="696000" is_ac="true">you've been to newsread Steakhouse</p>
  <p time="697500" is_ac="true">sulfate burger or any of news Red's</p>
  <p time="699779" is_ac="true">restaurants let me know in the comments</p>
  <p time="701339" is_ac="true">because great minds eat a like if you</p>
  <p time="703140" is_ac="true">like my videos make sure you like And</p>
  <p time="704820" is_ac="true">subscribe that way you stay up to date</p>
  <p time="706380" is_ac="true">whenever I post another video I need to</p>
  <p time="708180" is_ac="true">head out now so until next time I'll see</p>
  <p time="711120" is_ac="true">you later</p>
  <p time="711880" is_ac="true">[Music]</p>
</text>
