<?xml version='1.0' encoding='UTF-8'?>
<text date_d="8" date_m="1" date_y="2024" format="srv3" age_limit="0" comment_count="205" description="Subscribe: https://tinyurl.com/swydjazp | Website: https://www.FoodReviewClub.co.uk/&#10;&#10;Follow Food Review Club&#10;Instagram: https://tinyurl.com/584w6r8c&#10;TikTok: https://tinyurl.com/39mhw585&#10;Facebook: https://tinyurl.com/3a6ktzm3&#10;Twitter: https://tinyurl.com/3hvdffa9&#10;&#10;Watch more videos!&#10;Newest Videos: https://tinyurl.com/57hhzn2c&#10;Food Reviews: https://tinyurl.com/fuw5xh3v&#10;Fish &amp; Chip Reviews: https://tinyurl.com/dztaacd6&#10;Most Popular Videos: https://tinyurl.com/h377f2p6&#10;&#10;About Food Review Club:&#10;Welcome to the official Food Review Club YouTube channel, a UK based Food Review Channel!&#10;&#10;We are on a quest to cover these wonderful shores reviewing the UK’s best restaurants, street food, fish and chips, Sunday roasts, takeaways &amp; pubs with honest, real opinions. We will be hunting down those secret hot spots and local favorites! If you run an establishment and think your food is ‘Good enough for a review’ get in touch and let’s find out.&#10;&#10;Make sure to subscribe and turn on ALL notifications!&#10;&#10;“THAT’S A REVIEW…”&#10;&#10;Business Enquires: foodreviewclub@zodiacglobal.com&#10;&#10;#FoodReviewClub #Food #London #fallow #cod #fish #steak #restaurant" fulltitle="Is This London's BEST Restaurant?" like_count="1405" location="na" playlist_title="na" release_date="na" upload_date="20240108" repost_count="na" tags="food review club; food review club youtube; youtube food review club; frc; food review club uk; food review uk; food review; food review show; food channel; food channel youtube; food blogger; best food; food market; food festival 2021; best food in the uk; christmas food; cheap food uk; expensive food; takeout food; take away food; restaurant reviews; pizza review; kebab review; fish and chip review; burger review; fried chicken review; takeaway review; foodie; food; " title="Is This London's BEST Restaurant?" uploader="Food Review Club" view_count="59228" webpage_url="https://www.youtube.com/watch?v=sRg33njusrU" autocaption="true">
  <p time="40" is_ac="true">you are not going to want to miss this</p>
  <p time="2000" is_ac="true">one phow restaurant The Talk of the</p>
  <p time="6000" is_ac="true">Town it doesn't get a lot bigger than</p>
  <p time="8000" is_ac="true">this 3 month waiting list and we're here</p>
  <p time="11480" is_ac="true">today's the day Rich yes hello hello</p>
  <p time="16600" is_ac="true">here co-host back in town talk to about</p>
  <p time="18960" is_ac="true">this place this is good I I have had the</p>
  <p time="22560" is_ac="true">pleasure of eating it before this is</p>
  <p time="25279" is_ac="true">good what I haven't had is the cod's</p>
  <p time="28320" is_ac="true">head they do a cod's head in like a</p>
  <p time="30279" is_ac="true">Sriracha source which is meant to be</p>
  <p time="32439" is_ac="true">their thing I've not had that we should</p>
  <p time="35280" is_ac="true">have that we in for a treat yeah oh yeah</p>
  <p time="38719" is_ac="true">the biggest this is good this is good to</p>
  <p time="41440" is_ac="true">a lot of people those in the know this</p>
  <p time="43920" is_ac="true">is the spot if you haven't already like</p>
  <p time="46800" is_ac="true">And subscribe we're put an effort in as</p>
  <p time="48520" is_ac="true">you can tell for a change</p>
  <p time="50480" is_ac="true">yeah fellow let's do this good luck</p>
  <p time="54600" is_ac="true">getting this in 10</p>
  <p time="57079" is_ac="true">minutes we just put a bit of respect on</p>
  <p time="59239" is_ac="true">Dan's name right now I'm not sure if</p>
  <p time="60600" is_ac="true">this is going to be in the YouTube or</p>
  <p time="61640" is_ac="true">the vertical this this this piece of</p>
  <p time="64159" is_ac="true">camera is not helping the situation at</p>
  <p time="65720" is_ac="true">all we tried to get our verticals into</p>
  <p time="68759" is_ac="true">10 minutes oh we have to we have no</p>
  <p time="70040" is_ac="true">choice we have to yeah we have to that's</p>
  <p time="71400" is_ac="true">for Instagram right yeah for Instagram</p>
  <p time="72920" is_ac="true">Tik Tok and Facebook good luck Dan we</p>
  <p time="75240" is_ac="true">got 2our dining session if you want</p>
  <p time="77840" is_ac="true">Central if you want to see the full</p>
  <p time="79240" is_ac="true">video make sure you worked on YouTube</p>
  <p time="81320" is_ac="true">yeah after you rich come on here we</p>
  <p time="84320" is_ac="true">go oh</p>
  <p time="87640" is_ac="true">nervous oh</p>
  <p time="90720" is_ac="true">hello how are you really excited to be</p>
  <p time="93320" is_ac="true">here</p>
  <p time="94040" is_ac="true">actually only man here in a trackit Hell</p>
  <p time="97399" is_ac="true">my friend how you</p>
  <p time="99000" is_ac="true">doing yeah I'm</p>
  <p time="101040" is_ac="true">good we we've come to the main event now</p>
  <p time="103840" is_ac="true">good to see you guys excited to be here</p>
  <p time="105600" is_ac="true">actually so immediate First Impressions</p>
  <p time="109040" is_ac="true">very clean very smart look you see quite</p>
  <p time="111840" is_ac="true">an impressive uh looking feel wow it's</p>
  <p time="117320" is_ac="true">fany</p>
  <p time="118840" is_ac="true">amazing First Impressions we sat at the</p>
  <p time="121880" is_ac="true">sort of counter here overlooking the</p>
  <p time="123320" is_ac="true">kitchen nowhere to hide is that the head</p>
  <p time="126240" is_ac="true">oh my God look at that there go</p>
  <p time="132890" is_ac="true">[Music]</p>
  <p time="134720" is_ac="true">that's oh my God is that's a Cod yeah</p>
  <p time="138599" is_ac="true">that's pres how huge is that I didn't</p>
  <p time="140959" is_ac="true">know Cod was so big did</p>
  <p time="142319" is_ac="true">yous did so obviously the cheeks there</p>
  <p time="144920" is_ac="true">but then there's just meat all over it</p>
  <p time="146160" is_ac="true">you just pick apart dude and underneath</p>
  <p time="148560" is_ac="true">it there there's a</p>
  <p time="150319" is_ac="true">what's oh wow</p>
  <p time="153270" is_ac="true">[Music]</p>
  <p time="154519" is_ac="true">look immediately just</p>
  <p time="156920" is_ac="true">overwhelmed C's head that's huge one</p>
  <p time="159800" is_ac="true">away I was expecting a head to be like</p>
  <p time="161159" is_ac="true">this the smell of that was outrageous</p>
  <p time="163640" is_ac="true">it's like a like a a sauce PL and then</p>
  <p time="166120" is_ac="true">once they drown it in sauce how are you</p>
  <p time="169159" is_ac="true">going to tackle a head like that</p>
  <p time="173200" is_ac="true">well both</p>
  <p time="178280" is_ac="true">hands how have you been anyway yeah good</p>
  <p time="181080" is_ac="true">yeah wingfest um bit bit of plugging now</p>
  <p time="184519" is_ac="true">the uniforms back on now wingfest</p>
  <p time="186680" is_ac="true">tickets are back on sale so every time</p>
  <p time="188840" is_ac="true">you see me on on these videos the next 6</p>
  <p time="191080" is_ac="true">months I'll just be wearing this jumper</p>
  <p time="193519" is_ac="true">um London wingfest tickets are on sale</p>
  <p time="196239" is_ac="true">and then we've got uh going out at the</p>
  <p time="197720" is_ac="true">end of this month this Sheffield</p>
  <p time="199120" is_ac="true">wingfest new to the</p>
  <p time="201120" is_ac="true">lineup Bristol wingfest Derby wingfest</p>
  <p time="205239" is_ac="true">and still to be confirmed our dates and</p>
  <p time="207080" is_ac="true">timings for Manchester wingfest firming</p>
  <p time="210080" is_ac="true">and wingfest and potentially Norwich</p>
  <p time="213480" is_ac="true">wingfest that's a new one did a lot of</p>
  <p time="215879" is_ac="true">applauding there thank you wow so just</p>
  <p time="217959" is_ac="true">quickly those that don't know Wing first</p>
  <p time="219360" is_ac="true">is a chicken wing Festival you get the</p>
  <p time="221080" is_ac="true">best of the best Traders turning out</p>
  <p time="222840" is_ac="true">it's rich and Dance Festival the best</p>
  <p time="224920" is_ac="true">day out ever family friendly sometimes</p>
  <p time="227159" is_ac="true">boozy lot of fun check it out if you</p>
  <p time="229239" is_ac="true">haven't already we'll put a link to the</p>
  <p time="230599" is_ac="true">website in the description box that how</p>
  <p time="232799" is_ac="true">out for plug that's a wonderful plug</p>
  <p time="234480" is_ac="true">thank you I'll send you the invoice</p>
  <p time="235599" is_ac="true">later on now will you talk us through</p>
  <p time="239200" is_ac="true">highlight</p>
  <p time="240439" is_ac="true">the must have</p>
  <p time="243159" is_ac="true">everything all the menu yeah Chef yeah</p>
  <p time="246360" is_ac="true">no but I think very popular is the</p>
  <p time="248200" is_ac="true">mushroom parit yeah at the moment well</p>
  <p time="250360" is_ac="true">the corn R absolutely try one of them</p>
  <p time="253599" is_ac="true">they're dangerous and the same dangerous</p>
  <p time="256479" is_ac="true">I love that for a descriptive T if the</p>
  <p time="258479" is_ac="true">food is dangerous I want it in my mouth</p>
  <p time="260400" is_ac="true">definitely want to try the the C the C</p>
  <p time="262320" is_ac="true">is very interesting okay very very</p>
  <p time="265120" is_ac="true">interesting you know I really love the C</p>
  <p time="268080" is_ac="true">they cook in a very particular way so</p>
  <p time="270039" is_ac="true">it's very very interesting and</p>
  <p time="271080" is_ac="true">definitely if you want to try something</p>
  <p time="272680" is_ac="true">funny the Cabbage or the CIF flower on</p>
  <p time="274520" is_ac="true">the plants or all the meat you know we</p>
  <p time="276639" is_ac="true">have the life barbecue so whatever you</p>
  <p time="278680" is_ac="true">incredible yeah the live barbecue is for</p>
  <p time="280960" is_ac="true">your steaks yeah for all the steaks in</p>
  <p time="282759" is_ac="true">the mid the cooking on the live fire of</p>
  <p time="284960" is_ac="true">course is um have I read somewhere that</p>
  <p time="287840" is_ac="true">the mushroom parfait is made of</p>
  <p time="290240" is_ac="true">mushrooms that are grown in here yes</p>
  <p time="292400" is_ac="true">you're right part of the mushroom that</p>
  <p time="294160" is_ac="true">growing out we have some mushroom on</p>
  <p time="296039" is_ac="true">display on the on the on the top one</p>
  <p time="298639" is_ac="true">should we got have a look have a look</p>
  <p time="300639" is_ac="true">can we see can</p>
  <p time="303800" is_ac="true">see all we can go down yeah let's do it</p>
  <p time="306479" is_ac="true">can we go yeah is all right absolutely I</p>
  <p time="309560" is_ac="true">love your by</p>
  <p time="310800" is_ac="true">way Wicked mushroom room here we go F's</p>
  <p time="315080" is_ac="true">about to get Wy there's not mushroom</p>
  <p time="316680" is_ac="true">here oh not bad for you Dad stop trying</p>
  <p time="320360" is_ac="true">to steal my he's he's a fun guy he's</p>
  <p time="323080" is_ac="true">such a fun guy thank you yeah all right</p>
  <p time="325360" is_ac="true">oh this way that way</p>
  <p time="328479" is_ac="true">follow</p>
  <p time="330110" is_ac="true">[Music]</p>
  <p time="333840" is_ac="true">wow Jesus this is dark it does break now</p>
  <p time="336759" is_ac="true">don't worry oh there we</p>
  <p time="340120" is_ac="true">go oh my</p>
  <p time="342740" is_ac="true">[Music]</p>
  <p time="344479" is_ac="true">God mushroom room so down this</p>
  <p time="350680" is_ac="true">way the mushroom room time for a couple</p>
  <p time="353120" is_ac="true">minutes so I just got to move us a</p>
  <p time="354800" is_ac="true">couple of things out this way just to be</p>
  <p time="356639" is_ac="true">able to access it in the corner he's a</p>
  <p time="358400" is_ac="true">secret room the grow hey if you haven't</p>
  <p time="362319" is_ac="true">subscribed already things are changing</p>
  <p time="364360" is_ac="true">around there like And subscribe</p>
  <p time="367479" is_ac="true">please I didn't expect this did you this</p>
  <p time="369720" is_ac="true">is good this is really exive yeah I</p>
  <p time="371680" is_ac="true">don't think many people have seen this</p>
  <p time="373160" is_ac="true">this is great I've heard a tale on it so</p>
  <p time="375360" is_ac="true">you you've only like sort of read about</p>
  <p time="377120" is_ac="true">that you yeah yeah no I just I read that</p>
  <p time="378880" is_ac="true">they they grew them here I've read a lot</p>
  <p time="380360" is_ac="true">about the par uh but yeah I mean that</p>
  <p time="383000" is_ac="true">was that was all I knew it's excited I</p>
  <p time="385639" is_ac="true">feel that energy in the air it's like</p>
  <p time="387000" is_ac="true">smells amazing amazing</p>
  <p time="390039" is_ac="true">so you can see you got to pull it out</p>
  <p time="391319" is_ac="true">towards you yeah yeah there you go there</p>
  <p time="394360" is_ac="true">you go</p>
  <p time="395960" is_ac="true">way yeah D yeah all right and then you</p>
  <p time="399360" is_ac="true">can film them least if he falls at least</p>
  <p time="401400" is_ac="true">if he falls it'll be get on</p>
  <p time="405720" is_ac="true">camera you're all good it's in there</p>
  <p time="408160" is_ac="true">let's get his cck cam</p>
  <p time="410000" is_ac="true">oh one for the</p>
  <p time="411960" is_ac="true">ladies oh we're not</p>
  <p time="414960" is_ac="true">hungry</p>
  <p time="418400" is_ac="true">wow well</p>
  <p time="422199" is_ac="true">yeah what are we looking at you good</p>
  <p time="425960" is_ac="true">there's not much there's kilos I don't</p>
  <p time="428599" is_ac="true">think I don't</p>
  <p time="434360" is_ac="true">think shaky after oh wow Jesus what are</p>
  <p time="438879" is_ac="true">these so these are it's not much room</p>
  <p time="441520" is_ac="true">for you up here is yeah we we normally</p>
  <p time="444160" is_ac="true">send the later chefs up</p>
  <p time="446360" is_ac="true">there oh W may we may we you can uh what</p>
  <p time="450759" is_ac="true">we sort of need you up here to talk us</p>
  <p time="452240" is_ac="true">through it otherwise we're just standing</p>
  <p time="453639" is_ac="true">in a room full of musroom absolutely I</p>
  <p time="455520" is_ac="true">can come up there if you</p>
  <p time="458440" is_ac="true">want my God behind the scenes in fell up</p>
  <p time="462280" is_ac="true">in the back cupboard did you expect this</p>
  <p time="464360" is_ac="true">no all right so are we going to fall</p>
  <p time="466840" is_ac="true">through this ceiling no it's uh you sure</p>
  <p time="469720" is_ac="true">it's been reinforced I mean famous last</p>
  <p time="472039" is_ac="true">words but yeah hope not</p>
  <p time="475159" is_ac="true">where we're in a uh this is magnificent</p>
  <p time="478639" is_ac="true">right talk us through it so basically</p>
  <p time="480120" is_ac="true">this is our mushroom growing room we</p>
  <p time="482599" is_ac="true">keep it completely controlled with uh</p>
  <p time="484400" is_ac="true">air conditioning in here to keep it at a</p>
  <p time="486039" is_ac="true">nice temperature the the mushrooms are</p>
  <p time="487400" is_ac="true">happy and then also we have a buil-in uh</p>
  <p time="490280" is_ac="true">humidification that's it so that's</p>
  <p time="492240" is_ac="true">already kind of water will lead into</p>
  <p time="494240" is_ac="true">that goes off during the course of the</p>
  <p time="495759" is_ac="true">day keeps a certain humidity and that</p>
  <p time="497800" is_ac="true">way we keep all the mushrooms nice and</p>
  <p time="499159" is_ac="true">happy while they're growing does does</p>
  <p time="501080" is_ac="true">this room allow you to get enough crop</p>
  <p time="503280" is_ac="true">for your restaurant or is this an</p>
  <p time="504800" is_ac="true">additional it's an additional so</p>
  <p time="506400" is_ac="true">basically what it is is we use this a</p>
  <p time="507599" is_ac="true">lot in our garnish and stuff and then</p>
  <p time="509280" is_ac="true">through the kind of picking process we</p>
  <p time="510639" is_ac="true">end up with a lot of the mushroom trim</p>
  <p time="512440" is_ac="true">so some of that will get dried out going</p>
  <p time="513839" is_ac="true">into a seasoning powder some of it will</p>
  <p time="515839" is_ac="true">go back into like the puree for the for</p>
  <p time="517599" is_ac="true">the mushroom parfait wow uh and then it</p>
  <p time="520080" is_ac="true">kind of just gets used up throughout</p>
  <p time="521800" is_ac="true">different dishes in the restaurant but</p>
  <p time="523120" is_ac="true">then the main lion Mains what gets</p>
  <p time="525000" is_ac="true">picked and the raw ones on top and this</p>
  <p time="527279" is_ac="true">that was my next question this is lion's</p>
  <p time="528360" is_ac="true">made mushroom these are lion's made</p>
  <p time="529560" is_ac="true">mushrooms yeah yeah what's the what's</p>
  <p time="531080" is_ac="true">the written the the reason for using</p>
  <p time="532519" is_ac="true">this particular mushroom so they're</p>
  <p time="533680" is_ac="true">actually just a quite easy mushroom to</p>
  <p time="535080" is_ac="true">kind of control in their environments</p>
  <p time="536519" is_ac="true">we've tried different ones gray oysters</p>
  <p time="538040" is_ac="true">is another one that kind of work out out</p>
  <p time="539440" is_ac="true">really well a lot of them tend to be a</p>
  <p time="541160" is_ac="true">little bit finicky with their</p>
  <p time="542200" is_ac="true">environment and stuff and we just found</p>
  <p time="543560" is_ac="true">that the Lion's man tend to thrive in a</p>
  <p time="546160" is_ac="true">bit more of a a larger range of kind of</p>
  <p time="548399" is_ac="true">temperature and humidity if you will so</p>
  <p time="550000" is_ac="true">it just kind of allows you to might get</p>
  <p time="551720" is_ac="true">a good crop yeah it's the best yield</p>
  <p time="553200" is_ac="true">that we've kind of had we uh done some</p>
  <p time="554880" is_ac="true">different experiments with some</p>
  <p time="556079" is_ac="true">different mushrooms we tried to do myi</p>
  <p time="558440" is_ac="true">at one point didn't work out but you</p>
  <p time="560360" is_ac="true">know had to try for it cuz it's one of</p>
  <p time="561880" is_ac="true">the more expensive mushrooms out there</p>
  <p time="563399" is_ac="true">so what I've got you cornered up in the</p>
  <p time="565399" is_ac="true">mushroom room and I ask you what makes</p>
  <p time="569240" is_ac="true">he can't go anywhere now you can't avoid</p>
  <p time="571360" is_ac="true">you can't you can avoid no questions</p>
  <p time="573480" is_ac="true">here now you're in the hot seat what</p>
  <p time="575480" is_ac="true">makes phow so special from someone who's</p>
  <p time="577640" is_ac="true">working on the inside to be honest it's</p>
  <p time="579440" is_ac="true">just the way that we treat all of our</p>
  <p time="580600" is_ac="true">ingredients like it doesn't even matter</p>
  <p time="582240" is_ac="true">that it has to be like say a meat</p>
  <p time="583519" is_ac="true">product where we're doing like a nose to</p>
  <p time="584839" is_ac="true">tail thing but also like our veg so</p>
  <p time="587120" is_ac="true">we're trying to utilize every last bit</p>
  <p time="588720" is_ac="true">of that veg every single like you know</p>
  <p time="591040" is_ac="true">way that we can possible if we could</p>
  <p time="592480" is_ac="true">transform it into something new whether</p>
  <p time="593720" is_ac="true">it be like the ends of the mushrooms</p>
  <p time="595399" is_ac="true">drying them off turning them into like a</p>
  <p time="597200" is_ac="true">seasoning you know again those end muss</p>
  <p time="599399" is_ac="true">going into purees even all the veg the</p>
  <p time="601320" is_ac="true">way we process it um a lot of our uh</p>
  <p time="603760" is_ac="true">Sunday roast stuff they were trying to</p>
  <p time="605240" is_ac="true">transform into something new so all of</p>
  <p time="606600" is_ac="true">our potato trim actually goes into our</p>
  <p time="608680" is_ac="true">fermented potato flatbread now so we</p>
  <p time="610839" is_ac="true">really try and have zero waste even when</p>
  <p time="613040" is_ac="true">it comes to like veg as well excellent</p>
  <p time="615120" is_ac="true">magnificent that is magnificent well</p>
  <p time="617040" is_ac="true">appreciate that that's</p>
  <p time="618360" is_ac="true">amazing we've heard so much great stuff</p>
  <p time="620480" is_ac="true">about you guys here um I thought i' ask</p>
  <p time="623320" is_ac="true">you when you can't run away up here</p>
  <p time="624640" is_ac="true">should we have the N from pafa oh</p>
  <p time="626240" is_ac="true">absolutely yeah yeah there we go mad the</p>
  <p time="629120" is_ac="true">hardest food content right now on the</p>
  <p time="631320" is_ac="true">Internet is here if you don't know get</p>
  <p time="634600" is_ac="true">to</p>
  <p time="635959" is_ac="true">know don't care what you are you ain't</p>
  <p time="638760" is_ac="true">getting in the mushroom room the fellow</p>
  <p time="640920" is_ac="true">mushroom room it's EAS for me got come</p>
  <p time="644600" is_ac="true">down the ladder is</p>
  <p time="648880" is_ac="true">pucking this actually makes me laugh a</p>
  <p time="651560" is_ac="true">lot lad this is the hardest working</p>
  <p time="654560" is_ac="true">ladder you've ever seen but that's why</p>
  <p time="658000" is_ac="true">we have more people</p>
  <p time="664360" is_ac="true">we're like the clown car we just keep</p>
  <p time="665760" is_ac="true">coming out</p>
  <p time="670440" is_ac="true">now</p>
  <p time="675680" is_ac="true">comate yeah you're welcome let's go</p>
  <p time="679120" is_ac="true">thank you very much don't worry welome</p>
  <p time="681079" is_ac="true">enjoy your</p>
  <p time="683160" is_ac="true">day</p>
  <p time="685880" is_ac="true">sorry wrong sorry sorry sorry sorry</p>
  <p time="689079" is_ac="true">sorry sorry guys have a me not yet not</p>
  <p time="694279" is_ac="true">yet what are you having everything I</p>
  <p time="696279" is_ac="true">think</p>
  <p time="699240" is_ac="true">everything head this is brilliant right</p>
  <p time="702440" is_ac="true">is brilliant uh completely magnificent</p>
  <p time="704560" is_ac="true">brilliant I don't know what I was</p>
  <p time="705720" is_ac="true">expecting with the menu but there's a</p>
  <p time="707480" is_ac="true">little like closeup for you</p>
  <p time="710200" is_ac="true">guys like a lot of rare breed and I</p>
  <p time="713560" is_ac="true">think I think the uh well so the whole</p>
  <p time="715279" is_ac="true">their ethos on their steak and their</p>
  <p time="716519" is_ac="true">burgers is dairy cow so it's a cow</p>
  <p time="719560" is_ac="true">that's obviously been used to produce</p>
  <p time="721079" is_ac="true">milk that's now been retired turned into</p>
  <p time="723240" is_ac="true">meat what a what a magnificent kitchen</p>
  <p time="725160" is_ac="true">as well like all open plan everyone can</p>
  <p time="726720" is_ac="true">see each other the communication here</p>
  <p time="728600" is_ac="true">will be second tonight there's no</p>
  <p time="730440" is_ac="true">nothing blocking anyone well did you see</p>
  <p time="731920" is_ac="true">how many they had downstairs in the prep</p>
  <p time="733760" is_ac="true">kitchen that's just the prep kitchen and</p>
  <p time="735639" is_ac="true">these are obviously the this is the</p>
  <p time="737000" is_ac="true">service kitchen I just want to also put</p>
  <p time="739880" is_ac="true">so much respect on Chefs the hour the</p>
  <p time="744320" is_ac="true">passion the attention to detail the long</p>
  <p time="746040" is_ac="true">hours on social hours there something</p>
  <p time="748440" is_ac="true">about Chef</p>
  <p time="749600" is_ac="true">wanting to provide good food for us the</p>
  <p time="751519" is_ac="true">public that I just absolutely love that</p>
  <p time="753399" is_ac="true">sort of caring nature what you going you</p>
  <p time="755519" is_ac="true">go in your n's house when you're a kid</p>
  <p time="756680" is_ac="true">or something and and she used to make</p>
  <p time="758480" is_ac="true">food for you that cuz she loved you and</p>
  <p time="760600" is_ac="true">you could take and you could taste that</p>
  <p time="762240" is_ac="true">I think that's what you're going to get</p>
  <p time="763160" is_ac="true">for someone like this oh definitely that</p>
  <p time="765240" is_ac="true">that's the magic for</p>
  <p time="766920" is_ac="true">me yeah awesome Christmas special so</p>
  <p time="770079" is_ac="true">good you never know really with a with a</p>
  <p time="771959" is_ac="true">head people get funny about it I I</p>
  <p time="774240" is_ac="true">thought it camera I thought it wasant</p>
  <p time="776240" is_ac="true">yeah awesome</p>
  <p time="777839" is_ac="true">respect good yeah nice to see you yeah</p>
  <p time="780639" is_ac="true">good yeah it was a pleasure to have you</p>
  <p time="781880" is_ac="true">back anyway pleasure me this this like</p>
  <p time="785160" is_ac="true">the next level of excitement for us yeah</p>
  <p time="787040" is_ac="true">yeah yeah it's good more to try it's</p>
  <p time="789639" is_ac="true">like a it's like a games room can I just</p>
  <p time="791399" is_ac="true">can you just answer one question what is</p>
  <p time="792680" is_ac="true">your background with the team when you</p>
  <p time="794519" is_ac="true">first where where have you come from so</p>
  <p time="796320" is_ac="true">my um so Jack who's my business part we</p>
  <p time="798800" is_ac="true">both worked at dinner by hon right so we</p>
  <p time="800920" is_ac="true">worked there for I did about 4 and a</p>
  <p time="803360" is_ac="true">half years there Jack was there for</p>
  <p time="804880" is_ac="true">about 8 years and we just you know when</p>
  <p time="808040" is_ac="true">we were there we just literally had our</p>
  <p time="809519" is_ac="true">heads down so and you know know dinners</p>
  <p time="812440" is_ac="true">and the whole H group is quite a quite a</p>
  <p time="814199" is_ac="true">strange little world cuz you can't post</p>
  <p time="816000" is_ac="true">about anything you can't do anything</p>
  <p time="817560" is_ac="true">it's very s yeah yeah so then we came</p>
  <p time="819320" is_ac="true">out of that and then just we did about</p>
  <p time="821680" is_ac="true">four residencies and then like four</p>
  <p time="823839" is_ac="true">popups and then opened up on heading the</p>
  <p time="825720" is_ac="true">street and then yeah it's just me and</p>
  <p time="827720" is_ac="true">Jack two Chef owners um right we got</p>
  <p time="830639" is_ac="true">another business partner as well that's</p>
  <p time="832000" is_ac="true">about it but yeah now we just got some</p>
  <p time="833320" is_ac="true">great sounds like a good story just got</p>
  <p time="835040" is_ac="true">a good team awesome all right I'm going</p>
  <p time="836440" is_ac="true">to</p>
  <p time="837759" is_ac="true">cat</p>
  <p time="839440" is_ac="true">um one thing to report the water is ice</p>
  <p time="841440" is_ac="true">cold ice cold good cuz I am</p>
  <p time="844600" is_ac="true">sweating restaurant talk immediate</p>
  <p time="846759" is_ac="true">reaction you've got three or four guys</p>
  <p time="849000" is_ac="true">hosts coming over checking you're okay</p>
  <p time="851959" is_ac="true">you're good are you okay this you feel</p>
  <p time="854880" is_ac="true">waited on they can't do enough for you</p>
  <p time="856480" is_ac="true">no that's an immediate and's and let's</p>
  <p time="858560" is_ac="true">make that isn't just because we're here</p>
  <p time="860279" is_ac="true">with the camera I have been here before</p>
  <p time="862880" is_ac="true">without a camera as a as a nobody</p>
  <p time="864839" is_ac="true">without that and the service is still</p>
  <p time="866680" is_ac="true">except exceptional absolutely</p>
  <p time="868040" is_ac="true">exceptional great question for Rich what</p>
  <p time="870480" is_ac="true">percentage of a meal would you put down</p>
  <p time="873480" is_ac="true">to Ambiance five and service quite High</p>
  <p time="876759" is_ac="true">actually it's a number yeah quite High</p>
  <p time="879120" is_ac="true">um so I actually think that you can save</p>
  <p time="882000" is_ac="true">a bad food</p>
  <p time="883560" is_ac="true">meal uh some of the way with great</p>
  <p time="886199" is_ac="true">service and great Ambience So based on</p>
  <p time="889199" is_ac="true">that like maybe even the highest 40% I I</p>
  <p time="892320" is_ac="true">would</p>
  <p time="893800" is_ac="true">yeah yeah really not saying bad meal but</p>
  <p time="897000" is_ac="true">like if I've had great the vibe is great</p>
  <p time="900160" is_ac="true">the ambience is fantastic service</p>
  <p time="901880" is_ac="true">everyone's brilliant I'm happy as long</p>
  <p time="904279" is_ac="true">as the food ticks a lot the boxes</p>
  <p time="905839" is_ac="true">walking away with a smile yeah yeah yeah</p>
  <p time="907680" is_ac="true">I mean it's to be the best the</p>
  <p time="909399" is_ac="true">restaurants that are the best they have</p>
  <p time="910880" is_ac="true">the full package right the emphasis is</p>
  <p time="912759" is_ac="true">not is on every element of it Seas L</p>
  <p time="916680" is_ac="true">squee on top I had a I had a go uh of</p>
  <p time="920040" is_ac="true">making corn ribs during lockdown</p>
  <p time="922440" is_ac="true">successful no not really I'm expecting</p>
  <p time="924839" is_ac="true">big</p>
  <p time="927600" is_ac="true">things</p>
  <p time="929759" is_ac="true">Fantastic look at that so yeah so we</p>
  <p time="931759" is_ac="true">have our cheese and leak cets here as</p>
  <p time="933160" is_ac="true">well cheese and onion sorry cheese and</p>
  <p time="934720" is_ac="true">leak cheese and leak yeah cheese and</p>
  <p time="936199" is_ac="true">leak so yeah again utilizing the whole</p>
  <p time="938160" is_ac="true">part of the leak so we got some of the</p>
  <p time="939560" is_ac="true">white that's cooked down in there the</p>
  <p time="941000" is_ac="true">green is kind of part of the top of the</p>
  <p time="942959" is_ac="true">crumb so again utilizing every part of</p>
  <p time="944759" is_ac="true">that LE and then here we have our pet</p>
  <p time="947240" is_ac="true">parfait wow comes from the mushroom room</p>
  <p time="949519" is_ac="true">as you guys just saw it's a bit of fresh</p>
  <p time="952040" is_ac="true">truff to for you guys</p>
  <p time="954680" is_ac="true">lovely look at this levelo come on</p>
  <p time="958660" is_ac="true">[Music]</p>
  <p time="959800" is_ac="true">wow there we</p>
  <p time="962920" is_ac="true">goti yeah enjoy thank</p>
  <p time="968000" is_ac="true">you that is Elite something that is</p>
  <p time="970600" is_ac="true">Elite level something gets me wildly</p>
  <p time="972639" is_ac="true">aroused about any type of fresh tr get</p>
  <p time="975959" is_ac="true">way great in is the</p>
  <p time="977759" is_ac="true">motion we know Matt we know oh God I'm</p>
  <p time="980880" is_ac="true">getting so fancy I used to like kebabs</p>
  <p time="983560" is_ac="true">now look at</p>
  <p time="985880" is_ac="true">me G in go in come we also remember to</p>
  <p time="989240" is_ac="true">try and save some fruit of D today yeah</p>
  <p time="990959" is_ac="true">well there's there's three so leave him</p>
  <p time="995240" is_ac="true">half ladies and gents thank you for</p>
  <p time="997959" is_ac="true">still being here all jokes aside this is</p>
  <p time="1001279" is_ac="true">culinary magic right now so hopefully we</p>
  <p time="1003600" is_ac="true">can Port tra in the right way that's why</p>
  <p time="1004920" is_ac="true">I brought professional along well</p>
  <p time="1008639" is_ac="true">sorry that's why profession but they</p>
  <p time="1010720" is_ac="true">wasn't available so I got</p>
  <p time="1013600" is_ac="true">R is he late is he so let's go yeah</p>
  <p time="1016920" is_ac="true">let's go yeah here we go it's cheese and</p>
  <p time="1019279" is_ac="true">leak nice sauce underneath look bit of</p>
  <p time="1022560" is_ac="true">delicate bits on top not even sure what</p>
  <p time="1024679" is_ac="true">that is let's</p>
  <p time="1028640" is_ac="true">[Music]</p>
  <p time="1032600" is_ac="true">go oh</p>
  <p time="1035480" is_ac="true">man need a bit of time to think about</p>
  <p time="1037880" is_ac="true">how to describe that</p>
  <p time="1040160" is_ac="true">[Music]</p>
  <p time="1045439" is_ac="true">one that is a bomb of flavor</p>
  <p time="1049080" is_ac="true">the texture on it it's um holds together</p>
  <p time="1052799" is_ac="true">perfectly until you bite into it and</p>
  <p time="1054360" is_ac="true">then it just explodes explodes a bom of</p>
  <p time="1057000" is_ac="true">flavor it's</p>
  <p time="1058760" is_ac="true">amazing</p>
  <p time="1060520" is_ac="true">wow that's a Crocket very cheesy very</p>
  <p time="1064520" is_ac="true">creamy it has that sort of strong flavor</p>
  <p time="1067799" is_ac="true">to it as well that's not a great dish</p>
  <p time="1071320" is_ac="true">black and white big flavor Mitch is</p>
  <p time="1073520" is_ac="true">playing juggling with his KN wow</p>
  <p time="1077400" is_ac="true">sensational let's move on to these shall</p>
  <p time="1079520" is_ac="true">we yes</p>
  <p time="1080679" is_ac="true">sir look at</p>
  <p time="1083320" is_ac="true">those dare I say it look at they look</p>
  <p time="1085960" is_ac="true">something youd see in a lot of different</p>
  <p time="1087120" is_ac="true">places so these really for me have got</p>
  <p time="1089000" is_ac="true">to try and W right well why don't you</p>
  <p time="1090679" is_ac="true">squeeze the lime on yeah</p>
  <p time="1092820" is_ac="true">[Music]</p>
  <p time="1096000" is_ac="true">okay lime Jesus is back just when you</p>
  <p time="1099159" is_ac="true">think it's done it comes back for</p>
  <p time="1102000" is_ac="true">more wow very soft you eat them like a</p>
  <p time="1105159" is_ac="true">spare rib</p>
  <p time="1106799" is_ac="true">right m</p>
  <p time="1109799" is_ac="true">oh</p>
  <p time="1112240" is_ac="true">my they the on you made no no no no</p>
  <p time="1115760" is_ac="true">that's like</p>
  <p time="1116600" is_ac="true">magic they're so good they're so</p>
  <p time="1120679" is_ac="true">good I'm easily pleased but n stop that</p>
  <p time="1125400" is_ac="true">what's this what is this where they</p>
  <p time="1127559" is_ac="true">getting these from the Flavor the</p>
  <p time="1129679" is_ac="true">seasoning on these is</p>
  <p time="1135039" is_ac="true">outstanding</p>
  <p time="1137320" is_ac="true">what there's a delicate season in that</p>
  <p time="1140840" is_ac="true">that does something in your mouth that</p>
  <p time="1143280" is_ac="true">Umami sweet</p>
  <p time="1146150" is_ac="true">[Music]</p>
  <p time="1151520" is_ac="true">spicy</p>
  <p time="1153250" is_ac="true">[Music]</p>
  <p time="1155360" is_ac="true">what still laughing over there it it is</p>
  <p time="1158640" is_ac="true">so good Dan it is so good it's laab it's</p>
  <p time="1162120" is_ac="true">so good they're like um very meaty but</p>
  <p time="1165240" is_ac="true">there's a sweetness and a deep warmth</p>
  <p time="1168960" is_ac="true">that balances perfectly was also kind of</p>
  <p time="1171360" is_ac="true">Juicy and like a little bit crunchy and</p>
  <p time="1173480" is_ac="true">a little bit meaty and a little bit like</p>
  <p time="1175600" is_ac="true">you you you've taken the words out of my</p>
  <p time="1177440" is_ac="true">mouth that everything he says there does</p>
  <p time="1180120" is_ac="true">a lot that seasoning any CH you just</p>
  <p time="1182480" is_ac="true">give me a tub and I can not tell anyone</p>
  <p time="1185120" is_ac="true">we do s it</p>
  <p time="1187480" is_ac="true">online pick up B sriracha and our seon</p>
  <p time="1191080" is_ac="true">it online there you go little sales plug</p>
  <p time="1193000" is_ac="true">well done we we discerned off camera</p>
  <p time="1195159" is_ac="true">that that is exceptional season not been</p>
  <p time="1197320" is_ac="true">thrown together by any sort of di that</p>
  <p time="1198880" is_ac="true">is very very delicate super special</p>
  <p time="1201679" is_ac="true">super special I don't mean they did a Dr</p>
  <p time="1203280" is_ac="true">say but it's not a sort of thing you're</p>
  <p time="1204960" is_ac="true">going to make at home bit paprika G is</p>
  <p time="1208760" is_ac="true">bit of B right let's get into this</p>
  <p time="1211760" is_ac="true">ladies and gent I'm so excited this is</p>
  <p time="1213240" is_ac="true">the mushroom</p>
  <p time="1215080" is_ac="true">C so we've got it looks like we've got</p>
  <p time="1217039" is_ac="true">some onions there some truffle bit of</p>
  <p time="1218480" is_ac="true">mushroom on top and go generous really</p>
  <p time="1221000" is_ac="true">go greedy on your</p>
  <p time="1222960" is_ac="true">PA I'd certainly</p>
  <p time="1225210" is_ac="true">[Music]</p>
  <p time="1227159" is_ac="true">will</p>
  <p time="1228840" is_ac="true">so this is this is um one of the</p>
  <p time="1231799" is_ac="true">flagship dishes yes right yes wow bro</p>
  <p time="1237159" is_ac="true">here we go perfectly toasted striped up</p>
  <p time="1239840" is_ac="true">toast just how we like it here we go</p>
  <p time="1242000" is_ac="true">Rich you go first come</p>
  <p time="1245360" is_ac="true">on you going to I thought you're going</p>
  <p time="1247159" is_ac="true">to nail the whole</p>
  <p time="1247840" is_ac="true">[Music]</p>
  <p time="1250880" is_ac="true">lot it just creamy I've got to go get in</p>
  <p time="1254919" is_ac="true">there a perf it should be</p>
  <p time="1262020" is_ac="true">[Music]</p>
  <p time="1264559" is_ac="true">mushroom</p>
  <p time="1266440" is_ac="true">Jam creamy mushroom</p>
  <p time="1271480" is_ac="true">Jam the consistency of it is off the</p>
  <p time="1277480" is_ac="true">jar this is how food should taste you've</p>
  <p time="1281480" is_ac="true">got texture from the mushroom on top</p>
  <p time="1285320" is_ac="true">very</p>
  <p time="1287039" is_ac="true">subtle</p>
  <p time="1289480" is_ac="true">try that mushroom by</p>
  <p time="1291880" is_ac="true">itself just like it's just like you</p>
  <p time="1295039" is_ac="true">think that the mushroom that from</p>
  <p time="1296400" is_ac="true">upstairs what do they say that maybe</p>
  <p time="1298400" is_ac="true">Lion's man is that a bit of lion's man</p>
  <p time="1300520" is_ac="true">you got some sweetness from the</p>
  <p time="1302400" is_ac="true">caramelized onion I believe you've also</p>
  <p time="1304480" is_ac="true">got that strong truffle flavor from the</p>
  <p time="1306919" is_ac="true">Truffle shavings on</p>
  <p time="1310040" is_ac="true">[Music]</p>
  <p time="1313760" is_ac="true">top everything I expected a</p>
  <p time="1316640" is_ac="true">more and actually not something I would</p>
  <p time="1320600" is_ac="true">order wow we we had a par in um handed</p>
  <p time="1324640" is_ac="true">flowers didn't we we' had a couple of</p>
  <p time="1326159" is_ac="true">pares now in these videos can you recall</p>
  <p time="1328840" is_ac="true">that one they're they're quite different</p>
  <p time="1330400" is_ac="true">in um texture that was a duck that was a</p>
  <p time="1333000" is_ac="true">duck p a duck PA wasn't it yeah it's</p>
  <p time="1335640" is_ac="true">great to see mushroom yeah presented</p>
  <p time="1338080" is_ac="true">like that as well yeah definitely yeah</p>
  <p time="1339760" is_ac="true">yeah wow starters I'm going to I'm going</p>
  <p time="1342520" is_ac="true">to save a bit for you now Dan thank you</p>
  <p time="1344799" is_ac="true">yeah I forgot about that first second</p>
  <p time="1346840" is_ac="true">course third day forgot about Dan</p>
  <p time="1348799" is_ac="true">already yeah I do actually see quite a</p>
  <p time="1351080" is_ac="true">lot of comments saying oh I hope Dan</p>
  <p time="1352360" is_ac="true">gets a bit of the food I I don't ever</p>
  <p time="1354240" is_ac="true">see those comments no you missed those</p>
  <p time="1357799" is_ac="true">on the people that are commenting that</p>
  <p time="1359799" is_ac="true">I'll see you thank you Dan can we get</p>
  <p time="1362919" is_ac="true">some love in the comments now Dan star</p>
  <p time="1364679" is_ac="true">of the show hardest working man in the</p>
  <p time="1366400" is_ac="true">game there you are it's very kind thank</p>
  <p time="1368159" is_ac="true">you so that was a blinding start I'm</p>
  <p time="1371520" is_ac="true">excited for What's Next price point cett</p>
  <p time="1376960" is_ac="true">£7 cor ribs £8 and the parfait</p>
  <p time="1383240" is_ac="true">£18 cool so crab saled guys oh wow it's</p>
  <p time="1387120" is_ac="true">a new dish we have that we put on for</p>
  <p time="1388559" is_ac="true">New Year that we just kept around cuz</p>
  <p time="1389880" is_ac="true">it's so so delicious the base of this is</p>
  <p time="1391760" is_ac="true">a a ponzu crab oil so we get all the</p>
  <p time="1394279" is_ac="true">shells cook them down with a lot of</p>
  <p time="1395520" is_ac="true">spices Infuse it and we get our oil</p>
  <p time="1397799" is_ac="true">Infuse it even more to get more flavor</p>
  <p time="1399320" is_ac="true">through it we make a ponzu so kind of a</p>
  <p time="1401559" is_ac="true">soy based Japanese Sauce mix it together</p>
  <p time="1403520" is_ac="true">to this nice crab ponzu base you have</p>
  <p time="1406320" is_ac="true">like a nice mixed crab salad in the</p>
  <p time="1408080" is_ac="true">Middle with a bit of garlic lemon mayil</p>
  <p time="1410000" is_ac="true">going through it and you have a fresh um</p>
  <p time="1412240" is_ac="true">cabbage salad which has been pickled</p>
  <p time="1413559" is_ac="true">pickle cabbage on top for a bit of</p>
  <p time="1415080" is_ac="true">acidity and freshness pickled lemon some</p>
  <p time="1417880" is_ac="true">fresh sea egge there and a bit of caviar</p>
  <p time="1420000" is_ac="true">as well for that decadence then you have</p>
  <p time="1421960" is_ac="true">your crab waffle it's a crab waffle yeah</p>
  <p time="1424960" is_ac="true">well it's it's a it's a homemade moled</p>
  <p time="1426320" is_ac="true">waffle um which we put a nice crab glaze</p>
  <p time="1428520" is_ac="true">on with a bit of crab seasoning so it's</p>
  <p time="1430440" is_ac="true">like literally like essence of crab this</p>
  <p time="1432840" is_ac="true">is one of my favorite things ever it's a</p>
  <p time="1435000" is_ac="true">kind of like Arte on a taramasalata</p>
  <p time="1437480" is_ac="true">there's a few greet guys who would have</p>
  <p time="1438600" is_ac="true">a go at me for saying that but it's</p>
  <p time="1440360" is_ac="true">essentially like a whipped cadro um</p>
  <p time="1442840" is_ac="true">really nice and smoked so whipped smoked</p>
  <p time="1445080" is_ac="true">cadro with a bit of garlic in there a</p>
  <p time="1447080" is_ac="true">bit of lemon and then to finish off with</p>
  <p time="1448640" is_ac="true">a bit more oil as well wow kind of just</p>
  <p time="1450520" is_ac="true">eat it all together on top and just go</p>
  <p time="1452360" is_ac="true">for it all together so I'll put that on</p>
  <p time="1454880" is_ac="true">that and then have a bite or maybe you</p>
  <p time="1456400" is_ac="true">can put that on that however you want</p>
  <p time="1458360" is_ac="true">freestyle um can I ask you're also well</p>
  <p time="1460760" is_ac="true">known for your breakfast aren't you are</p>
  <p time="1462520" is_ac="true">does the waffle dish maker onto it does</p>
  <p time="1465000" is_ac="true">it does in another way but you have to</p>
  <p time="1466240" is_ac="true">come for that don'tu different to this</p>
  <p time="1468880" is_ac="true">absolutely it's a different waffle it's</p>
  <p time="1470320" is_ac="true">done in a different way we also have a</p>
  <p time="1472200" is_ac="true">another waffle that we have on a dessert</p>
  <p time="1473960" is_ac="true">with a nice English cheese the bar and</p>
  <p time="1475720" is_ac="true">Bard on there with a nice uh few little</p>
  <p time="1478039" is_ac="true">bits and bobs for yeah wow rich is very</p>
  <p time="1481960" is_ac="true">well versed in Waffle not this but not</p>
  <p time="1484520" is_ac="true">this sort of waffle CS lots of waffle</p>
  <p time="1487080" is_ac="true">lots of waffle okay thank you brother</p>
  <p time="1490240" is_ac="true">I'm going be honest be really honest I</p>
  <p time="1491840" is_ac="true">didn't understand a lot of what he was</p>
  <p time="1493440" is_ac="true">saying that was just like layer upon</p>
  <p time="1495960" is_ac="true">layer layer of of uh intricate stuff I</p>
  <p time="1499960" is_ac="true">can't wait to eat that yeah this is just</p>
  <p time="1501440" is_ac="true">about us appreciating it isn't it that</p>
  <p time="1503520" is_ac="true">we could never no create we just have to</p>
  <p time="1506919" is_ac="true">just eat this this is what so exciting</p>
  <p time="1509000" is_ac="true">right how you meant to break that down</p>
  <p time="1510679" is_ac="true">wow okay let's should we have this and</p>
  <p time="1512360" is_ac="true">this to start with and then have that</p>
  <p time="1513480" is_ac="true">yeah yeah sure that might be a bit</p>
  <p time="1514720" is_ac="true">stronger yeah okay</p>
  <p time="1517760" is_ac="true">cool what a spoon okay I I probably use</p>
  <p time="1521399" is_ac="true">a knife to cut it different techniques</p>
  <p time="1524120" is_ac="true">in ity hey</p>
  <p time="1526679" is_ac="true">hey</p>
  <p time="1528600" is_ac="true">here we</p>
  <p time="1529919" is_ac="true">go here we go</p>
  <p time="1532880" is_ac="true">wow it's like a crab waffle strong smell</p>
  <p time="1536000" is_ac="true">is it oh it smells all crap</p>
  <p time="1538050" is_ac="true">[Music]</p>
  <p time="1542799" is_ac="true">yeah shut up no really watch his</p>
  <p time="1549200" is_ac="true">face shut that's around in my</p>
  <p time="1552930" is_ac="true">[Music]</p>
  <p time="1556679" is_ac="true">life</p>
  <p time="1560320" is_ac="true">that</p>
  <p time="1562000" is_ac="true">is the WAFF is</p>
  <p time="1564320" is_ac="true">Sensational who have thought T Salata</p>
  <p time="1567440" is_ac="true">would make it even better there's a</p>
  <p time="1569240" is_ac="true">there's a an oil there crab prous you</p>
  <p time="1573000" is_ac="true">get the crab from that CRA very subtle</p>
  <p time="1575320" is_ac="true">but it's also super sweet and like</p>
  <p time="1577080" is_ac="true">syrupy yeah yeah I'm not ready for this</p>
  <p time="1580880" is_ac="true">I'm just not ready for it that is that</p>
  <p time="1582480" is_ac="true">is that is really good my mind my mind</p>
  <p time="1585399" is_ac="true">is not ready for this I need to go back</p>
  <p time="1587919" is_ac="true">to KFC we get go get a kebab after I</p>
  <p time="1591120" is_ac="true">need a kebab just to bring me back down</p>
  <p time="1592440" is_ac="true">to</p>
  <p time="1593159" is_ac="true">earth incredible like delic but very</p>
  <p time="1596960" is_ac="true">powerful you know you're eating that so</p>
  <p time="1599399" is_ac="true">everything he said when he was</p>
  <p time="1600480" is_ac="true">describing it which we were like okay</p>
  <p time="1602240" is_ac="true">what's going on here when you bite into</p>
  <p time="1604360" is_ac="true">it you you start realizing it you taste</p>
  <p time="1606840" is_ac="true">all the different bits of it it's</p>
  <p time="1608640" is_ac="true">amazing amazing that is</p>
  <p time="1613720" is_ac="true">amazing what the is this right so so</p>
  <p time="1617240" is_ac="true">there's the that's the</p>
  <p time="1620760" is_ac="true">crab sort of</p>
  <p time="1623200" is_ac="true">just I think I've done really well</p>
  <p time="1625799" is_ac="true">though I'm going to go</p>
  <p time="1629870" is_ac="true">[Music]</p>
  <p time="1633000" is_ac="true">in no I'm not not sure I'm ready for</p>
  <p time="1635080" is_ac="true">this here we</p>
  <p time="1640320" is_ac="true">go this place is a</p>
  <p time="1643039" is_ac="true">joke place is an absolute</p>
  <p time="1646520" is_ac="true">joke</p>
  <p time="1649130" is_ac="true">[Music]</p>
  <p time="1658060" is_ac="true">[Music]</p>
  <p time="1666200" is_ac="true">just if you're in the in the food</p>
  <p time="1668440" is_ac="true">business just pack up your [ __ ] off home</p>
  <p time="1671840" is_ac="true">it's over H is the king that good he's</p>
  <p time="1675240" is_ac="true">good's the best good is it it's life</p>
  <p time="1677600" is_ac="true">they've got a brilliant understanding of</p>
  <p time="1681360" is_ac="true">what people actually</p>
  <p time="1683240" is_ac="true">want I've been to a few places where</p>
  <p time="1685240" is_ac="true">they just make this absolute nonsense</p>
  <p time="1687039" is_ac="true">that you just you don't understand it it</p>
  <p time="1688519" is_ac="true">doesn't resonate this is sorry Dan yours</p>
  <p time="1692640" is_ac="true">go go on watch Dan go on go on just eat</p>
  <p time="1696360" is_ac="true">my food cuz what I'm going to do is what</p>
  <p time="1698360" is_ac="true">he said oh he said um take a bit of this</p>
  <p time="1702279" is_ac="true">didn't he crab on top of your uh said</p>
  <p time="1705320" is_ac="true">take you're going to get conscious sweet</p>
  <p time="1707720" is_ac="true">there</p>
  <p time="1709240" is_ac="true">now wa here we</p>
  <p time="1712240" is_ac="true">go best</p>
  <p time="1716870" is_ac="true">[Music]</p>
  <p time="1719240" is_ac="true">ever that is one of the best mouth BS</p>
  <p time="1722320" is_ac="true">I've ever</p>
  <p time="1723360" is_ac="true">had an elite level M Dan do you mind a</p>
  <p time="1726799" is_ac="true">new scale just a little I do a little</p>
  <p time="1728840" is_ac="true">bit off the end you go do you mind a</p>
  <p time="1731200" is_ac="true">little bit you got to do that a little</p>
  <p time="1732880" is_ac="true">bit Dan tin little bit yeah go on Dan</p>
  <p time="1735440" is_ac="true">has still got one mouthful yeah right</p>
  <p time="1737519" is_ac="true">each other chatting other yeah get loads</p>
  <p time="1741000" is_ac="true">on</p>
  <p time="1742080" is_ac="true">it get a load of juice on it get a bit</p>
  <p time="1744320" is_ac="true">more juice on it big caval get a bit</p>
  <p time="1747640" is_ac="true">more juice on it</p>
  <p time="1754440" is_ac="true">juice so that's how you eat</p>
  <p time="1760880" is_ac="true">this I don't know if I'm going to be</p>
  <p time="1762600" is_ac="true">vulgar</p>
  <p time="1763720" is_ac="true">now it feels like a straight</p>
  <p time="1766320" is_ac="true">Leo</p>
  <p time="1771120" is_ac="true">do you know that's like a climax for the</p>
  <p time="1773200" is_ac="true">mouth you know when your eyes are</p>
  <p time="1774600" is_ac="true">rolling back in your head and you just</p>
  <p time="1776799" is_ac="true">release pure ecstasy ecstasy you've</p>
  <p time="1781240" is_ac="true">reached the Secret Gardens of culinary</p>
  <p time="1784640" is_ac="true">Babylon it's over</p>
  <p time="1789480" is_ac="true">wow I never thought this was possible</p>
  <p time="1791600" is_ac="true">man that's just done something again not</p>
  <p time="1794600" is_ac="true">something I would ever ever consider</p>
  <p time="1796399" is_ac="true">ordering</p>
  <p time="1797960" is_ac="true">the guy said it was</p>
  <p time="1799960" is_ac="true">dangerous that's lifethreatening</p>
  <p time="1802720" is_ac="true">you're not coming back from this food is</p>
  <p time="1805120" is_ac="true">ruined now food is ruined it's</p>
  <p time="1809720" is_ac="true">over Dan you've got to try this come</p>
  <p time="1813600" is_ac="true">on Wow ah head the big boy are you</p>
  <p time="1818480" is_ac="true">talking about are you talking about the</p>
  <p time="1821159" is_ac="true">Cod ladies and G present to you fish and</p>
  <p time="1825360" is_ac="true">chips so cont signature dishes basically</p>
  <p time="1829760" is_ac="true">it started off when um Jack and R the</p>
  <p time="1831720" is_ac="true">two uh co-owners used to work at dinner</p>
  <p time="1833559" is_ac="true">by hon and for star food sometimes they</p>
  <p time="1835559" is_ac="true">had C heads because um often the</p>
  <p time="1837840" is_ac="true">fisherman just threw threw them away or</p>
  <p time="1839880" is_ac="true">use them as bait for the next uh next</p>
  <p time="1841880" is_ac="true">trip the whole idea behind it is you get</p>
  <p time="1843760" is_ac="true">a lot of different styles of fish in</p>
  <p time="1845240" is_ac="true">kind of one plate so the collor is um</p>
  <p time="1847760" is_ac="true">kind of normal white flaky cby but you</p>
  <p time="1850480" is_ac="true">mean like here so that so that's the</p>
  <p time="1852279" is_ac="true">head and this is the collar okay so that</p>
  <p time="1853840" is_ac="true">collar is like normal flesh that You' be</p>
  <p time="1855840" is_ac="true">used to eating right when you get down</p>
  <p time="1857039" is_ac="true">to the the head that's when it gets a</p>
  <p time="1858799" is_ac="true">bit funkier and a bit different so you</p>
  <p time="1860679" is_ac="true">have the cheek which is a very very</p>
  <p time="1862159" is_ac="true">juicy that be I'm that bit there yeah</p>
  <p time="1864720" is_ac="true">that bit there you have the eye which</p>
  <p time="1866799" is_ac="true">you can't eat I wouldn't recommend it it</p>
  <p time="1868159" is_ac="true">doesn't taste bad just a weird texture</p>
  <p time="1869840" is_ac="true">to honest it's not we're not on a bush</p>
  <p time="1871799" is_ac="true">no but under the eye you have a really</p>
  <p time="1873799" is_ac="true">soft fatty fish is under the eye under</p>
  <p time="1876559" is_ac="true">the eye right behind the eye so it's</p>
  <p time="1877760" is_ac="true">amazing would you have to go in just FP</p>
  <p time="1879760" is_ac="true">FP the whole thing a</p>
  <p time="1881399" is_ac="true">turn go in from the back my</p>
  <p time="1884760" is_ac="true">man my parents are going to watch this</p>
  <p time="1886880" is_ac="true">so</p>
  <p time="1888000" is_ac="true">I'm Jing so</p>
  <p time="1890080" is_ac="true">um uh get into the</p>
  <p time="1894840" is_ac="true">throat this meant to be a fancy</p>
  <p time="1896639" is_ac="true">restaurant brother so get into the</p>
  <p time="1898240" is_ac="true">throat this a</p>
  <p time="1899399" is_ac="true">PG really really nice the throat did you</p>
  <p time="1902720" is_ac="true">say this PG please</p>
  <p time="1907080" is_ac="true">get so the the throat um is really nice</p>
  <p time="1909720" is_ac="true">and gelatinous and um really soft so</p>
  <p time="1911919" is_ac="true">it's a different sign of meat so you can</p>
  <p time="1913399" is_ac="true">just attack it there's a few bones in</p>
  <p time="1914880" is_ac="true">there but they're all nice large bones</p>
  <p time="1916559" is_ac="true">nothing small nothing uh nothing small</p>
  <p time="1918200" is_ac="true">and horrible this is a Sriracha butter</p>
  <p time="1920360" is_ac="true">emultion so we make Sriracha in the</p>
  <p time="1922200" is_ac="true">house ferment chilies and garlic for a</p>
  <p time="1923519" is_ac="true">few months then we make a butter emotion</p>
  <p time="1925880" is_ac="true">from that sauce just go for it attack it</p>
  <p time="1927960" is_ac="true">flip upside down one question sorry I</p>
  <p time="1930480" is_ac="true">saw you putting a green uh oil on there</p>
  <p time="1933039" is_ac="true">what is that so that's a green oil</p>
  <p time="1934080" is_ac="true">that's pretty much all our green herb</p>
  <p time="1935799" is_ac="true">trim and waste we turn into a nice green</p>
  <p time="1937600" is_ac="true">oil a bit more flavored it looks Nic</p>
  <p time="1939679" is_ac="true">well um really Matt should eat the eye</p>
  <p time="1942399" is_ac="true">though shouldn't he I think so I think</p>
  <p time="1945159" is_ac="true">110% should eat the eye yeah</p>
  <p time="1948240" is_ac="true">why such a large number maybe like a 68%</p>
  <p time="1951240" is_ac="true">I think 100% you should eat I'll</p>
  <p time="1954519" is_ac="true">do thank you so much these fries comu</p>
  <p time="1956960" is_ac="true">fries crazy comu is a type of seaweed</p>
  <p time="1959679" is_ac="true">naturally occurs naturally Umami so so</p>
  <p time="1962360" is_ac="true">delicious it's got like a bit of Paprika</p>
  <p time="1964039" is_ac="true">in there a lot of flavors but go for it</p>
  <p time="1965760" is_ac="true">guys enjoy it right Rich before we start</p>
  <p time="1969159" is_ac="true">price point on this the Cod said 28</p>
  <p time="1972279" is_ac="true">chips £7 don't know about the the</p>
  <p time="1974399" is_ac="true">sausage yet but I think for the head</p>
  <p time="1976840" is_ac="true">rich we should probably go cheek I've</p>
  <p time="1978279" is_ac="true">heard a lot about cheek yeah well we</p>
  <p time="1979480" is_ac="true">know where it is so let's start that's a</p>
  <p time="1981440" is_ac="true">good start I don't have to attack this</p>
  <p time="1983760" is_ac="true">from the back now here we go ah so first</p>
  <p time="1987399" is_ac="true">of all guys very very soft Under the</p>
  <p time="1993440" is_ac="true">Skin beautiful man beautiful here we go</p>
  <p time="1996559" is_ac="true">that was nicely done well done mate well</p>
  <p time="1999080" is_ac="true">done that's the cheat and look can you</p>
  <p time="2001760" is_ac="true">just like just show you oh wow look</p>
  <p time="2004720" is_ac="true">there's more white meat yeah yeah like</p>
  <p time="2006600" is_ac="true">face</p>
  <p time="2010220" is_ac="true">[Music]</p>
  <p time="2011480" is_ac="true">yes please yeah love</p>
  <p time="2012500" is_ac="true">[Music]</p>
  <p time="2014399" is_ac="true">some just a bit of obv thing there's so</p>
  <p time="2017120" is_ac="true">much meat in the head already you can</p>
  <p time="2018440" is_ac="true">see under Hill like look can go look at</p>
  <p time="2020880" is_ac="true">that look it's literally</p>
  <p time="2022630" is_ac="true">[Music]</p>
  <p time="2024000" is_ac="true">more don't ruin the eye you got to eat</p>
  <p time="2026279" is_ac="true">out of it another piece of meat out oh</p>
  <p time="2028639" is_ac="true">thank you that's I'll give him all like</p>
  <p time="2030039" is_ac="true">the random face fish the face giblet</p>
  <p time="2034039" is_ac="true">Matt can I sauce you please oh please oh</p>
  <p time="2036840" is_ac="true">the than me yes so</p>
  <p time="2040399" is_ac="true">wow so let's cut this up to Rich yeah oh</p>
  <p time="2044440" is_ac="true">wow here you go rich brother sorry mate</p>
  <p time="2047679" is_ac="true">there you</p>
  <p time="2048639" is_ac="true">go this is the cheat guys now long-term</p>
  <p time="2052599" is_ac="true">viewers of the the channel will know</p>
  <p time="2053960" is_ac="true">that we love fish and chips Cod is</p>
  <p time="2056119" is_ac="true">probably my alltime favorite I'm really</p>
  <p time="2058480" is_ac="true">excited to try this cheek meat is very</p>
  <p time="2061200" is_ac="true">very well known in most animals never</p>
  <p time="2063720" is_ac="true">had this short cheap before going to</p>
  <p time="2065520" is_ac="true">throw in a couple chips too way describe</p>
  <p time="2067879" is_ac="true">these chips while away I know</p>
  <p time="2070480" is_ac="true">seawing so going to go quick CH my</p>
  <p time="2073760" is_ac="true">second bite cheers</p>
  <p time="2077989" is_ac="true">[Music]</p>
  <p time="2086919" is_ac="true">everyone that grows in your mouth you</p>
  <p time="2089679" is_ac="true">got that initial Char on the skin yeah</p>
  <p time="2092159" is_ac="true">the very very buttery sauce that's</p>
  <p time="2095560" is_ac="true">buttery is anything with a slight bit of</p>
  <p time="2098240" is_ac="true">warm do you know what I wasn't expecting</p>
  <p time="2101520" is_ac="true">how meaty is that cheap it's it's like</p>
  <p time="2104640" is_ac="true">it's not flaky like a traditional like</p>
  <p time="2107160" is_ac="true">cod and a bit of fish and chip that was</p>
  <p time="2108520" is_ac="true">actually there was a bit not in a bad</p>
  <p time="2110440" is_ac="true">way there was a bit of fight to it was</p>
  <p time="2111640" is_ac="true">great analis you had to you had to like</p>
  <p time="2114119" is_ac="true">into it but in a pleasant</p>
  <p time="2115800" is_ac="true">way more cheek here as</p>
  <p time="2118040" is_ac="true">well let's have some of</p>
  <p time="2121480" is_ac="true">these oh my God the</p>
  <p time="2125800" is_ac="true">chip</p>
  <p time="2127800" is_ac="true">oh no so I'm going have to attack it</p>
  <p time="2129839" is_ac="true">from the back now I think oh my go get</p>
  <p time="2133119" is_ac="true">the other Che out no I can't eat that I</p>
  <p time="2136800" is_ac="true">think I think your fans your subscribers</p>
  <p time="2139000" is_ac="true">will be disappointed if you don't eat</p>
  <p time="2140320" is_ac="true">that M it's got fluid in it bro bro go</p>
  <p time="2143440" is_ac="true">on then here we go put a bit of sauce on</p>
  <p time="2144920" is_ac="true">it hang onang put a bit of sauce on it</p>
  <p time="2147040" is_ac="true">now here we</p>
  <p time="2152980" is_ac="true">[Music]</p>
  <p time="2155800" is_ac="true">go</p>
  <p time="2159359" is_ac="true">that's not that</p>
  <p time="2160850" is_ac="true">[Music]</p>
  <p time="2165640" is_ac="true">bad it's a massive fish ey as</p>
  <p time="2182359" is_ac="true">well did the source</p>
  <p time="2184480" is_ac="true">[Music]</p>
  <p time="2185720" is_ac="true">help that beyond</p>
  <p time="2190079" is_ac="true">disgusting talk about the eye not the</p>
  <p time="2199000" is_ac="true">fish what have we</p>
  <p time="2202720" is_ac="true">done have the other one as well just</p>
  <p time="2205200" is_ac="true">make sure you don't like it it might the</p>
  <p time="2206839" is_ac="true">second bite might be tasty it might have</p>
  <p time="2208520" is_ac="true">just been a bad one it might have just</p>
  <p time="2209599" is_ac="true">been a bad</p>
  <p time="2213310" is_ac="true">[Music]</p>
  <p time="2215680" is_ac="true">one</p>
  <p time="2220590" is_ac="true">[Music]</p>
  <p time="2226079" is_ac="true">no no just have a swing of</p>
  <p time="2230420" is_ac="true">[Music]</p>
  <p time="2232640" is_ac="true">go it's really</p>
  <p time="2240440" is_ac="true">nice right that I was an experience</p>
  <p time="2243760" is_ac="true">[ __ ] just whisper to me I did that 20</p>
  <p time="2245560" is_ac="true">years ago never do it again it pops in</p>
  <p time="2247280" is_ac="true">my mouth the outer Co of the eye is</p>
  <p time="2250200" is_ac="true">really really solid and all I can think</p>
  <p time="2252720" is_ac="true">about it was pretty gross but I did it</p>
  <p time="2255079" is_ac="true">and it was a bit of fun right but back</p>
  <p time="2256760" is_ac="true">to the main fish you summed it up really</p>
  <p time="2259440" is_ac="true">perfectly very meaty not flaky like You'</p>
  <p time="2261800" is_ac="true">get a fillet traditionally from Cod very</p>
  <p time="2265560" is_ac="true">interesting flavor this is from the cola</p>
  <p time="2268160" is_ac="true">and I think a little bit more what I'm</p>
  <p time="2271240" is_ac="true">used</p>
  <p time="2272359" is_ac="true">to wow look at</p>
  <p time="2275599" is_ac="true">that</p>
  <p time="2277440" is_ac="true">buttery yeah I would say the texture on</p>
  <p time="2280359" is_ac="true">the head is more comparative to like a</p>
  <p time="2283119" is_ac="true">monk fish sorry just a bit heavier a bit</p>
  <p time="2286640" is_ac="true">meater um if you're trying to picture it</p>
  <p time="2289240" is_ac="true">at home what this it tastes like picture</p>
  <p time="2291280" is_ac="true">more like a Monkish you've also got that</p>
  <p time="2293760" is_ac="true">Char flavor on the outside which brings</p>
  <p time="2296400" is_ac="true">again another texture to it really</p>
  <p time="2299040" is_ac="true">really interesting like nothing I've had</p>
  <p time="2301760" is_ac="true">yeah works for</p>
  <p time="2303640" is_ac="true">me I'll be honest is this my favorite</p>
  <p time="2306119" is_ac="true">thing I've ever</p>
  <p time="2307200" is_ac="true">no it's not chip Sensational wow factor</p>
  <p time="2311920" is_ac="true">delicious tasty I'm not sure I I</p>
  <p time="2314480" is_ac="true">understand it but that's okay we've got</p>
  <p time="2315960" is_ac="true">different opinions right yeah definitely</p>
  <p time="2318920" is_ac="true">they did say though as well podhe head</p>
  <p time="2321839" is_ac="true">is a bit more adventurous it splits the</p>
  <p time="2324280" is_ac="true">crowd but again use him as part of the</p>
  <p time="2327680" is_ac="true">fish with some different kinds of meat</p>
  <p time="2330280" is_ac="true">this is we got in the bin and they're</p>
  <p time="2332160" is_ac="true">using it as a as a as a Starline product</p>
  <p time="2335359" is_ac="true">I think the ey tainted me there a little</p>
  <p time="2337280" is_ac="true">bit I can't deny it if I just remember</p>
  <p time="2339960" is_ac="true">the cheek before I love the cheek then</p>
  <p time="2342240" is_ac="true">the eye just put me into into death zone</p>
  <p time="2344560" is_ac="true">one does love the</p>
  <p time="2348040" is_ac="true">cheat which is back on the</p>
  <p time="2351720" is_ac="true">waffle I wanted to spit it out a lot</p>
  <p time="2354599" is_ac="true">yeah there was a moment halfway through</p>
  <p time="2356599" is_ac="true">then it crunched again I got the inner</p>
  <p time="2359079" is_ac="true">actual ball which felt really hard like</p>
  <p time="2361440" is_ac="true">a a tissue</p>
  <p time="2363520" is_ac="true">marble like a tenderness when you get</p>
  <p time="2366119" is_ac="true">the knock</p>
  <p time="2367400" is_ac="true">chicken wing or something yeah like that</p>
  <p time="2369040" is_ac="true">but hard ball and it was just like quite</p>
  <p time="2372599" is_ac="true">not for me not for me but a lot of</p>
  <p time="2374640" is_ac="true">cultures they celebrate their head the</p>
  <p time="2376400" is_ac="true">eyeball the brains is the best part I'm</p>
  <p time="2378880" is_ac="true">not going to stop my nose at this at all</p>
  <p time="2381119" is_ac="true">fantastic</p>
  <p time="2382880" is_ac="true">bravy uh I'm I'm all for it C head you</p>
  <p time="2387280" is_ac="true">got to get it but yeah so this is our</p>
  <p time="2390359" is_ac="true">dairy cow so typically we've we've been</p>
  <p time="2393160" is_ac="true">using dairy cow for a while we found</p>
  <p time="2394720" is_ac="true">it's quite hard to get a really good</p>
  <p time="2396480" is_ac="true">product cuz it's different grading</p>
  <p time="2398680" is_ac="true">system um but basically this is 12 years</p>
  <p time="2401359" is_ac="true">old and then fat fattened and matured on</p>
  <p time="2405040" is_ac="true">on grass in Ireland it's got super</p>
  <p time="2407560" is_ac="true">beautiful developed fat but it's the</p>
  <p time="2409520" is_ac="true">texture of the meats you know slightly</p>
  <p time="2411119" is_ac="true">it's a little bit firmer but it's got</p>
  <p time="2412240" is_ac="true">such a like an abundant flavoring saying</p>
  <p time="2415119" is_ac="true">it's rich as long as it's flavorsome I</p>
  <p time="2416800" is_ac="true">don't mind having a CH a little bit of</p>
  <p time="2418520" is_ac="true">texture exactly yeah no yeah and then we</p>
  <p time="2421440" is_ac="true">we take the bones off um because always</p>
  <p time="2424520" is_ac="true">I was F with the said always lack of the</p>
  <p time="2425800" is_ac="true">Bon Al be T it when there's loads of</p>
  <p time="2428560" is_ac="true">good meat on there as well so we bra</p>
  <p time="2430440" is_ac="true">them separately cover them in red wine</p>
  <p time="2432040" is_ac="true">sauce these are like some little pickle</p>
  <p time="2434000" is_ac="true">smoke Peppers we've got a horse Rish gel</p>
  <p time="2435760" is_ac="true">on the side I'm just going to put a</p>
  <p time="2437200" is_ac="true">little bit of truffle on</p>
  <p time="2440839" is_ac="true">there and and what what's the cut again</p>
  <p time="2443599" is_ac="true">so this is a RI ey this is the rib in</p>
  <p time="2447000" is_ac="true">and and also quite a large piece of</p>
  <p time="2449040" is_ac="true">steak there as well it's a big beautiful</p>
  <p time="2451520" is_ac="true">got a little bit comy cabbage here so we</p>
  <p time="2453000" is_ac="true">smoke it and then we serve it with a Meo</p>
  <p time="2454760" is_ac="true">Emulsion we got um really intense black</p>
  <p time="2457160" is_ac="true">gu as well pickle walnuts smoke chest on</p>
  <p time="2460440" is_ac="true">there as well SP awesome thank you very</p>
  <p time="2463359" is_ac="true">much fantastic well amazing wow uh in</p>
  <p time="2467319" is_ac="true">case you haven't noticed table change</p>
  <p time="2469000" is_ac="true">yeah we' got we got upgraded actually so</p>
  <p time="2471359" is_ac="true">will the owner just he dumped us at the</p>
  <p time="2473000" is_ac="true">bar and forgot and then someone else</p>
  <p time="2474640" is_ac="true">came but we've got this table now</p>
  <p time="2476280" is_ac="true">apparently it's the best seat in the</p>
  <p time="2477200" is_ac="true">house we got it till 7 so we're we're</p>
  <p time="2479040" is_ac="true">good basically after Matt at the eye</p>
  <p time="2481720" is_ac="true">yeah and rolled around made such a big</p>
  <p time="2484160" is_ac="true">scene they told Corner who who's this</p>
  <p time="2488079" is_ac="true">pleb in the</p>
  <p time="2490359" is_ac="true">trackit</p>
  <p time="2491920" is_ac="true">steak that</p>
  <p time="2494319" is_ac="true">looks it just look Sensational I think</p>
  <p time="2497200" is_ac="true">the one second one second</p>
  <p time="2499440" is_ac="true">one that might be the best looking steak</p>
  <p time="2501480" is_ac="true">I've ever seen honest it's certainly got</p>
  <p time="2503359" is_ac="true">a lot going on on top isn't it 12y old</p>
  <p time="2506760" is_ac="true">ex dairy cow so it's served its time</p>
  <p time="2510800" is_ac="true">back to the past J Irish be F back up on</p>
  <p time="2513920" is_ac="true">grass he said it can be a bit chewy but</p>
  <p time="2516240" is_ac="true">loads of flavor so let's see how she's</p>
  <p time="2520319" is_ac="true">been cooked</p>
  <p time="2522600" is_ac="true">[Music]</p>
  <p time="2523920" is_ac="true">God come</p>
  <p time="2525880" is_ac="true">on Rich are you in yeah I'm in mate</p>
  <p time="2528960" is_ac="true">nicely carved too by the way trule on</p>
  <p time="2531280" is_ac="true">top hello</p>
  <p time="2534480" is_ac="true">hello that looks</p>
  <p time="2536580" is_ac="true">[Applause]</p>
  <p time="2539680" is_ac="true">incredible yeah I got that</p>
  <p time="2543599" is_ac="true">too</p>
  <p time="2545160" is_ac="true">flavor</p>
  <p time="2547359" is_ac="true">that's a that is a bit of me that's just</p>
  <p time="2549640" is_ac="true">everything you want in a</p>
  <p time="2553319" is_ac="true">steak got that</p>
  <p time="2555520" is_ac="true">crust very intense flavor there's a</p>
  <p time="2558680" is_ac="true">there's a there's a deep and</p>
  <p time="2562119" is_ac="true">beefy</p>
  <p time="2565360" is_ac="true">[Music]</p>
  <p time="2567800" is_ac="true">beefy so those that I didn't see there</p>
  <p time="2570760" is_ac="true">was</p>
  <p time="2572319" is_ac="true">a live fire this is a which actually</p>
  <p time="2576440" is_ac="true">engulf the steak with look at this you</p>
  <p time="2578920" is_ac="true">know it's like very very charred off oh</p>
  <p time="2583520" is_ac="true">God literally open fire smoke Flames</p>
  <p time="2590260" is_ac="true">[Music]</p>
  <p time="2595280" is_ac="true">salt on the bone steak the best in the</p>
  <p time="2598880" is_ac="true">business here</p>
  <p time="2601520" is_ac="true">fellow the fat is actually sweet is the</p>
  <p time="2605640" is_ac="true">fat pretty tasty as well</p>
  <p time="2608000" is_ac="true">they it's cooked so well it's</p>
  <p time="2611599" is_ac="true">melting for the fat I'm salivating over</p>
  <p time="2614880" is_ac="true">it the fat the Fat's melting the fat is</p>
  <p time="2616800" is_ac="true">where it needs to be but how easy would</p>
  <p time="2618720" is_ac="true">it be for the team here to not use x</p>
  <p time="2623000" is_ac="true">Dairy yeah but every other restaurant</p>
  <p time="2626040" is_ac="true">they still put their own</p>
  <p time="2627440" is_ac="true">twist they put their flag PED in the</p>
  <p time="2629800" is_ac="true">ground go this is who we are this is the</p>
  <p time="2631680" is_ac="true">sort of meat we want to celebrate this</p>
  <p time="2633520" is_ac="true">is how we're going to cook it and this</p>
  <p time="2634839" is_ac="true">is why we think is better what you're</p>
  <p time="2637520" is_ac="true">serving and you can taste it it is</p>
  <p time="2641079" is_ac="true">delicious um look at this look at this</p>
  <p time="2644040" is_ac="true">so we've just been doing the meat look</p>
  <p time="2645480" is_ac="true">at this this Jew in here this Rich beef</p>
  <p time="2648400" is_ac="true">gravy whatever it is coming in here</p>
  <p time="2650960" is_ac="true">right look oh look at that bind to the</p>
  <p time="2653720" is_ac="true">meat oh my</p>
  <p time="2656320" is_ac="true">[Music]</p>
  <p time="2658520" is_ac="true">God it's almost like a like a</p>
  <p time="2665000" is_ac="true">soy</p>
  <p time="2667440" is_ac="true">wow it's just mind bending Le special</p>
  <p time="2670680" is_ac="true">high-end Bal gravy yeah high-end Bal</p>
  <p time="2674040" is_ac="true">yeah I love B so that's a</p>
  <p time="2676800" is_ac="true">compliment that is delicious try some of</p>
  <p time="2679040" is_ac="true">this um this is like a horseradish puree</p>
  <p time="2681119" is_ac="true">or something as well here on the right</p>
  <p time="2682400" is_ac="true">on the left it's like a horseradish</p>
  <p time="2684240" is_ac="true">puree wow it's nice with the beef as</p>
  <p time="2688430" is_ac="true">[Music]</p>
  <p time="2691400" is_ac="true">well these guys got such an</p>
  <p time="2694200" is_ac="true">understanding of flavors yep texture</p>
  <p time="2696960" is_ac="true">flavor the</p>
  <p time="2699000" is_ac="true">animal just using every part of the the</p>
  <p time="2702680" is_ac="true">not only the animal but also the the off</p>
  <p time="2704760" is_ac="true">cuts the veg the potato the broths the</p>
  <p time="2707520" is_ac="true">stews the sauces the emulsions phow what</p>
  <p time="2711079" is_ac="true">an amazing</p>
  <p time="2712920" is_ac="true">concept this is very</p>
  <p time="2716359" is_ac="true">good the color of that meat that is</p>
  <p time="2718640" is_ac="true">something else isn't it largely</p>
  <p time="2719720" is_ac="true">considered London's most exciting and</p>
  <p time="2721720" is_ac="true">best restaurant can I see why</p>
  <p time="2724880" is_ac="true">yes</p>
  <p time="2726680" is_ac="true">oh</p>
  <p time="2731599" is_ac="true">[ __ ] and then also you</p>
  <p time="2735060" is_ac="true">[Music]</p>
  <p time="2737880" is_ac="true">get</p>
  <p time="2739640" is_ac="true">woo I didn't take much COA in no just</p>
  <p time="2743160" is_ac="true">have to look here with a Stern set of</p>
  <p time="2744520" is_ac="true">eyes and it falls</p>
  <p time="2748440" is_ac="true">[Music]</p>
  <p time="2753640" is_ac="true">off kings and queens I'm not eating</p>
  <p time="2757359" is_ac="true">better than</p>
  <p time="2759440" is_ac="true">this sorry</p>
  <p time="2764319" is_ac="true">Charles I can't get enough of this look</p>
  <p time="2766599" is_ac="true">at that look where it moves around the</p>
  <p time="2768280" is_ac="true">plate look at the viscosity of</p>
  <p time="2772520" is_ac="true">it</p>
  <p time="2775640" is_ac="true">woo c um the yeah talk to me about this</p>
  <p time="2782240" is_ac="true">so V that is</p>
  <p time="2787599" is_ac="true">bit</p>
  <p time="2788880" is_ac="true">you so the whole idea behind like fow is</p>
  <p time="2791760" is_ac="true">like whole animal bit so we got all our</p>
  <p time="2793559" is_ac="true">animals downstairs so we get half a cow</p>
  <p time="2795720" is_ac="true">half a pig Etc so we break it all down</p>
  <p time="2798240" is_ac="true">we use all the trim for our stocks we</p>
  <p time="2800040" is_ac="true">use all our all our nice heat for our</p>
  <p time="2802079" is_ac="true">burgers and sausages pork shm that kind</p>
  <p time="2803640" is_ac="true">of stuff right we always end up with</p>
  <p time="2805240" is_ac="true">loads of Bones so those bones we roast</p>
  <p time="2807200" is_ac="true">in the oven get really nice and dark get</p>
  <p time="2808640" is_ac="true">a lot of color on it a lot of flavor</p>
  <p time="2810240" is_ac="true">then the trim the seny bits we get from</p>
  <p time="2812160" is_ac="true">the but tree we also put into the stock</p>
  <p time="2814800" is_ac="true">sweat it all over the bit of carrot</p>
  <p time="2816079" is_ac="true">onion then you add in all your bones</p>
  <p time="2818119" is_ac="true">water cook it down then you get your</p>
  <p time="2820440" is_ac="true">stock you get a massive pot of stock you</p>
  <p time="2822640" is_ac="true">reduce down to literally nothing and</p>
  <p time="2825079" is_ac="true">that's your flavor redu from that to</p>
  <p time="2827760" is_ac="true">make that one you then reduce red wine</p>
  <p time="2829760" is_ac="true">oh my goodness even more add that to the</p>
  <p time="2831839" is_ac="true">reduced St and you Mont with butter to</p>
  <p time="2833960" is_ac="true">get a nice finish season it up with a</p>
  <p time="2835800" is_ac="true">bit of vinegar all that kind of stuff</p>
  <p time="2837000" is_ac="true">and that's the finished sauce that</p>
  <p time="2840000" is_ac="true">is Flavor comes from it's very powerful</p>
  <p time="2843920" is_ac="true">very powerful how long does that process</p>
  <p time="2845880" is_ac="true">take probably like two two days wow if</p>
  <p time="2848400" is_ac="true">you want to do it properly two yeah two</p>
  <p time="2849680" is_ac="true">days two two full days delicious and you</p>
  <p time="2853160" is_ac="true">enjoy it tast all also we enjoyed you as</p>
  <p time="2855440" is_ac="true">well you and the team it's a it's a</p>
  <p time="2858359" is_ac="true">great team</p>
  <p time="2860000" is_ac="true">to you guys really interesting to have</p>
  <p time="2862599" is_ac="true">you chatting with us as well because</p>
  <p time="2863920" is_ac="true">obviously you all do know everything</p>
  <p time="2865440" is_ac="true">about the issues that's the thing and</p>
  <p time="2866559" is_ac="true">it's just like when people like you guys</p>
  <p time="2868040" is_ac="true">who are passionate about it get to see</p>
  <p time="2869440" is_ac="true">it right it's just like it's great to be</p>
  <p time="2872599" is_ac="true">able to explain it to you guys right cuz</p>
  <p time="2874240" is_ac="true">we we come in we comeing at what 8 um</p>
  <p time="2876559" is_ac="true">work hard so people would appreciate it</p>
  <p time="2878640" is_ac="true">explain it Mak better well you've</p>
  <p time="2880200" is_ac="true">explained it very well thank</p>
  <p time="2882480" is_ac="true">you I mean uh get some desserts and</p>
  <p time="2884920" is_ac="true">stuff yeah you might as well you might</p>
  <p time="2889079" is_ac="true">one yeah I'll get I'll get i'll now</p>
  <p time="2894200" is_ac="true">thank you so much can I take I'll take</p>
  <p time="2895680" is_ac="true">that</p>
  <p time="2897280" is_ac="true">home yeah not I'm absolutely price point</p>
  <p time="2901480" is_ac="true">on that those that want to know that</p>
  <p time="2903440" is_ac="true">worked out at</p>
  <p time="2904640" is_ac="true">£92</p>
  <p time="2906200" is_ac="true">but fed all three of fed three of us and</p>
  <p time="2908119" is_ac="true">there's less yeah I can't eat anymore</p>
  <p time="2910839" is_ac="true">haded so much food I've got some on my</p>
  <p time="2912400" is_ac="true">plate too there well I can't leave</p>
  <p time="2917040" is_ac="true">that more than reasonable completely so</p>
  <p time="2921160" is_ac="true">to finish you off we have our one of our</p>
  <p time="2923119" is_ac="true">signatures here this a Chelsea tart Serv</p>
  <p time="2925599" is_ac="true">with a milk ice cream a little dusting</p>
  <p time="2927559" is_ac="true">of mold and salt Terrible by the way</p>
  <p time="2930000" is_ac="true">that looks awful we have uh salted</p>
  <p time="2932359" is_ac="true">vanilla soft Serv served an apple compt</p>
  <p time="2934520" is_ac="true">and crispy Apple</p>
  <p time="2937040" is_ac="true">that's Chelsea</p>
  <p time="2941520" is_ac="true">chel the style of like a cost T um a</p>
  <p time="2945079" is_ac="true">little bit of salted caramel in there we</p>
  <p time="2946680" is_ac="true">actually Source um whe which is a</p>
  <p time="2948280" is_ac="true">byproduct of cheese making from a local</p>
  <p time="2950240" is_ac="true">cheese maker and we reduce it from 60 L</p>
  <p time="2952760" is_ac="true">right down to 1 lit so super</p>
  <p time="2954200" is_ac="true">concentrated Rich um yeah enjoy thank</p>
  <p time="2958160" is_ac="true">you thank you if you if you ever read a</p>
  <p time="2960400" is_ac="true">CH to</p>
  <p time="2963079" is_ac="true">um no that's that's</p>
  <p time="2968280" is_ac="true">IG I'm out a few</p>
  <p time="2972359" is_ac="true">um this is a nice place boys please yeah</p>
  <p time="2975760" is_ac="true">I'm in a I me I answered it nicely I</p>
  <p time="2978280" is_ac="true">think shall</p>
  <p time="2980400" is_ac="true">we yes please</p>
  <p time="2983640" is_ac="true">do so 60 L down to</p>
  <p time="2987400" is_ac="true">[Music]</p>
  <p time="2989920" is_ac="true">one I haven't got a good ratio</p>
  <p time="2994520" is_ac="true">there</p>
  <p time="2995700" is_ac="true">[Music]</p>
  <p time="2999000" is_ac="true">I'm just going in this straight that now</p>
  <p time="3001400" is_ac="true">hang on a minute going to save the rest</p>
  <p time="3003319" is_ac="true">for you hang on a</p>
  <p time="3010839" is_ac="true">minute shut</p>
  <p time="3015720" is_ac="true">up right it's deep it's filthy it's</p>
  <p time="3021839" is_ac="true">silky it's strong but nicely creamy and</p>
  <p time="3025520" is_ac="true">balance it's like sucking on a W's</p>
  <p time="3027960" is_ac="true">original Oh yes yes yes exactly what it</p>
  <p time="3033079" is_ac="true">tastes like that smooth and gentle silky</p>
  <p time="3037160" is_ac="true">Sweetness in your mouth Yes replicated</p>
  <p time="3040400" is_ac="true">in a physical food form on a plate here</p>
  <p time="3044440" is_ac="true">in central</p>
  <p time="3046520" is_ac="true">London I can't stand up</p>
  <p time="3049640" is_ac="true">now wow magnificent what do you</p>
  <p time="3052440" is_ac="true">think the um I don't know if the texture</p>
  <p time="3056280" is_ac="true">or consistency whichever way you want to</p>
  <p time="3057720" is_ac="true">describe it is so heavy and Rich and</p>
  <p time="3061880" is_ac="true">amazing but like know something you</p>
  <p time="3065680" is_ac="true">can't eat too much easily exactly yeah</p>
  <p time="3068400" is_ac="true">it's not like just going to sit on you</p>
  <p time="3069839" is_ac="true">and you're going to be that you could</p>
  <p time="3071160" is_ac="true">you could eat a whole one of those</p>
  <p time="3072200" is_ac="true">yourself</p>
  <p time="3073640" is_ac="true">I really</p>
  <p time="3076160" is_ac="true">good this place is special though this</p>
  <p time="3079559" is_ac="true">place is so special I know we've had</p>
  <p time="3082200" is_ac="true">like crab cabbage and stuff and a fish</p>
  <p time="3084520" is_ac="true">head</p>
  <p time="3086520" is_ac="true">but the flavors all feel very</p>
  <p time="3089119" is_ac="true">nostalgic it feels very like homely in</p>
  <p time="3092040" is_ac="true">here very homely yeah it doesn't feel</p>
  <p time="3094359" is_ac="true">obscure welcome comfortable it doesn't</p>
  <p time="3096359" is_ac="true">feel obscure I don't feel out of place</p>
  <p time="3099079" is_ac="true">or insignificant it just like make you</p>
  <p time="3101720" is_ac="true">feel like you could come back and go</p>
  <p time="3103319" is_ac="true">yeah I really like that place that's</p>
  <p time="3105720" is_ac="true">probably the best review I could give</p>
  <p time="3107119" is_ac="true">this like feel comfortable someone who's</p>
  <p time="3109760" is_ac="true">not particularly comfortable in this sub</p>
  <p time="3111520" is_ac="true">environment I feel comfortable oh great</p>
  <p time="3113359" is_ac="true">manate isn't it yeah it's really nice</p>
  <p time="3115480" is_ac="true">yeah feels very normal right going oh</p>
  <p time="3118839" is_ac="true">wow that's very soft I was expecting I</p>
  <p time="3122040" is_ac="true">shouldn't have gone in</p>
  <p time="3123830" is_ac="true">[Music]</p>
  <p time="3130720" is_ac="true">twice what is that</p>
  <p time="3133720" is_ac="true">Bumble there's Apple in</p>
  <p time="3141100" is_ac="true">[Music]</p>
  <p time="3143240" is_ac="true">there that's a wicked bit of</p>
  <p time="3147000" is_ac="true">soft got Apple</p>
  <p time="3149079" is_ac="true">mhm R</p>
  <p time="3151080" is_ac="true">[Music]</p>
  <p time="3154359" is_ac="true">Bar this is your Classic Soft</p>
  <p time="3157760" is_ac="true">Serve crunchy crumble Apple salt of</p>
  <p time="3161359" is_ac="true">caramel sweet cold</p>
  <p time="3165000" is_ac="true">warm</p>
  <p time="3167160" is_ac="true">home hard hitting hearty romantic</p>
  <p time="3171280" is_ac="true">food executed to the 10th</p>
  <p time="3174240" is_ac="true">degree</p>
  <p time="3175450" is_ac="true">[Music]</p>
  <p time="3177760" is_ac="true">yeah this is</p>
  <p time="3180760" is_ac="true">wicked we we smoked before we came in</p>
  <p time="3183079" is_ac="true">right it's a top draw shout out amazing</p>
  <p time="3186079" is_ac="true">Channel got Social Media stuff they've</p>
  <p time="3188359" is_ac="true">doing at the moment interviewing people</p>
  <p time="3190400" is_ac="true">a lot of very</p>
  <p time="3192720" is_ac="true">influential highly regarded chefs and</p>
  <p time="3195440" is_ac="true">people in this sector say this is their</p>
  <p time="3197359" is_ac="true">favorite</p>
  <p time="3198200" is_ac="true">restaurant you can see why right you can</p>
  <p time="3200319" is_ac="true">see why yeah London is a metropolis of</p>
  <p time="3203760" is_ac="true">food and it's is Untold answers to that</p>
  <p time="3207119" is_ac="true">one question where's your favorite place</p>
  <p time="3209359" is_ac="true">you've got hundreds of styles places</p>
  <p time="3213160" is_ac="true">variations and for a lot of people all</p>
  <p time="3215760" is_ac="true">to say this place it's quite a big claim</p>
  <p time="3219200" is_ac="true">and I can see why</p>
  <p time="3221640" is_ac="true">yeah that's so nostalgic and</p>
  <p time="3226200" is_ac="true">delicious you w that from J</p>
  <p time="3231040" is_ac="true">Raina yeah I couldn't put it back myself</p>
  <p time="3233119" is_ac="true">maning amazing getting the bill yeah PID</p>
  <p time="3236880" is_ac="true">for it already actually I paid for it in</p>
  <p time="3238920" is_ac="true">tickets to the</p>
  <p time="3241079" is_ac="true">Wi those vouchers what should do is just</p>
  <p time="3243680" is_ac="true">leg it I'll go</p>
  <p time="3245599" is_ac="true">first let's go that way is that way</p>
  <p time="3252280" is_ac="true">yeah Dan please try that right</p>
  <p time="3257000" is_ac="true">now there we have it that's an</p>
  <p time="3259160" is_ac="true">incredible meal uh fell thanks for</p>
  <p time="3261520" is_ac="true">joining us rich oh M thank you I</p>
  <p time="3263359" is_ac="true">honestly think I honestly think that was</p>
  <p time="3264680" is_ac="true">my favorite ever read very largely</p>
  <p time="3267680" is_ac="true">largely because of how comfortable they</p>
  <p time="3269960" is_ac="true">made us feel in that restaurant it felt</p>
  <p time="3271720" is_ac="true">like your front room weirdly they were</p>
  <p time="3273880" is_ac="true">young with a soft Edge to them that made</p>
  <p time="3276559" is_ac="true">you feel part of the family really weird</p>
  <p time="3279200" is_ac="true">vibe about the place in a positive way</p>
  <p time="3281799" is_ac="true">what' you be oh I'm going to be dreaming</p>
  <p time="3283799" is_ac="true">about that uh brother's original tart we</p>
  <p time="3286359" is_ac="true">had at the end I mean the whole menu was</p>
  <p time="3288000" is_ac="true">incredible but that tart at the end I'm</p>
  <p time="3290200" is_ac="true">dreaming about her it already</p>
  <p time="3293040" is_ac="true">oh he loves the Chelsea TP he does but</p>
  <p time="3297000" is_ac="true">on a chef level it's technical smart</p>
  <p time="3300839" is_ac="true">flavorsome very very moist after you off</p>
  <p time="3303599" is_ac="true">you technical smart brilliant uh</p>
  <p time="3307760" is_ac="true">extravagant and the way they using the</p>
  <p time="3311200" is_ac="true">whole plant and animal the same equal</p>
  <p time="3314760" is_ac="true">respect love it it's just time for a</p>
  <p time="3318200" is_ac="true">score oh it's hard 10 hard 10 one of the</p>
  <p time="3321680" is_ac="true">hardest 10 hard 10 is it yeah new new</p>
  <p time="3324319" is_ac="true">scale 10 off the chart and what what are</p>
  <p time="3327000" is_ac="true">you going to do about it you'll do</p>
  <p time="3328160" is_ac="true">nothing best restaurant in London quite</p>
  <p time="3330200" is_ac="true">possibly and of course I hope you have</p>
  <p time="3333200" is_ac="true">enjoyed this video one more time if you</p>
  <p time="3335280" is_ac="true">want to hit up wingfest there's a link</p>
  <p time="3337680" is_ac="true">to that Disneyland of food in the</p>
  <p time="3341079" is_ac="true">comments below or the description oh</p>
  <p time="3344200" is_ac="true">there it is let how you spell it</p>
  <p time="3346359" is_ac="true">w.co put a link on the screen right now</p>
  <p time="3348359" is_ac="true">underneath me is the website more</p>
  <p time="3350119" is_ac="true">editing work for you Dan thanks very</p>
  <p time="3351440" is_ac="true">much you're welcome but don't forget to</p>
  <p time="3353960" is_ac="true">give us a thumbs up sub you haven't</p>
  <p time="3355440" is_ac="true">already and we'll see you again very</p>
  <p time="3357039" is_ac="true">very soon but that that's the standard</p>
  <p time="3359319" is_ac="true">of what we're going to be doing this</p>
  <p time="3360280" is_ac="true">year</p>
</text>
