<?xml version='1.0' encoding='UTF-8'?>
<text date_d="5" date_m="1" date_y="2024" format="srv3" age_limit="0" comment_count="1600" description="🇮🇹 Best Italian Food in Milan: https://youtu.be/De0IIm3XXMw&#10;👕 T-shirts: https://store.migrationology.com/ &#10;🌶 Ghost Chili: https://amzn.to/3PNTvNQ &#10;&#10;FLORENCE, ITALY - Today we’re going on an ultimate Italian food tour in Florence, Italy. We’ll eat some of the most legendary street food, iconic dishes, and then end with a truly authentic and rare Florentine meal for dinner. Get ready to eat your way through Florence! &#10;&#10;Friends in the video: &#10;Edoardo Celadon (@MostOfItaly https://www.mostofitaly.com/) - Edoardo can arrange you the best and most authentic food experiences throughout Italy!  &#10;Jeffrey Merrihue: https://www.instagram.com/xtremefoodies_/ &#10;Hamid Sepidnam: https://www.instagram.com/mr.taster/ &#10;&#10;Here’s all the Italian food we ate in Florence: &#10;&#10;All’Antico Vinaio, Florence, Italy (https://maps.app.goo.gl/DYuKWMcZYo2a9ih78) - We’re starting off this Italian street food tour with what is easily one of the world’s most famous sandwiches from All’Antico Vinaio. Their bread is immaculate, right out of the oven. I tried three different sandwiches, all of which were outstanding:&#10;Sandwich 1: Favolosa - Sbriciolona salami, cream of pecorino cheese, artichokes, spicy eggplants&#10;Sandwich 2: La Inferno - Roast suckling pig, spicy cream, spicy eggplant, rocket &#10;Sandwich 3: La Paradiso - Mortadella, stracciatella cheese, pistachios &#10;&#10;Tripperia Pollini Lampredotto - You can visit Florence without trying their beloved lampredetto, a sandwich made with the cow’s 4th stomach (abomasum). Traditionally it’s just served with salt and pepper, but with some herb oil and chili oil it really bumps up the flavor. &#10;&#10;Vivoli Gelato - Continuing with this Italian food tour with had a Gran Crema Caffè Vivoli (Affogato) - Cream gelato with coffee, at one of the original and historical gelato shops - it was delicious! &#10;&#10;Tripe sandwich: Da' Vinattieri - Edoardo next brought us into an alley to eat Trippa alla Fiorentina - Florence style tripe sandwich, which is slightly different from the lampredetto we had already eaten earlier. &#10;&#10;La Sorbettiera - After trying the original and old style gelato affogato, we then needed to try a modern gelato spot.&#10;&#10;Cibrèo Ristorante, Florence, Italy (https://maps.app.goo.gl/riMyoyB2x3RbrS5EA) - Finally, along with all the street food, we decided to sit down for a massive higher end dinner to highlight some of the true and nearly forgotten Italian dishes of Florence. We tried the massive Antipasto, Collo di pollo ripieno - stuffed chicken neck, Tagliolini cacio e burro - pasta with cheese and butter, Roastbeef del Cibrèo Caffè - roast beef with butter sauce, and finally Cibrèo - chicken and rooster organs in egg and lemon sauce! What a meal, highly recommended and thank you again for Edoardo for arranging it.&#10;&#10;Thank you again to Edoardo Celadon (@MostOfItaly https://www.mostofitaly.com/) for arranging this incredible day of food in Florence! He can arrange authentic Italian food tours throughout Italy. &#10;&#10;Social Media:&#10;Facebook: https://www.facebook.com/markwiensfoodvideos &#10;Instagram: https://www.instagram.com/migrationology/ &#10;Tiktok: https://www.tiktok.com/@markwiens &#10;&#10;👕 T-shirts: https://store.migrationology.com/ &#10;🌶 Ghost Chili: https://amzn.to/3PNTvNQ&#10;🎥 Camera gear I use: https://amzn.to/3FVdBUd &#10;(some of these are Amazon affiliate links)" fulltitle="Italian Street Food!! 🥪 🇮🇹 World’s Most Famous Sandwich - Florence, Italy!!" like_count="40856" location="na" playlist_title="na" release_date="na" upload_date="20240105" repost_count="na" tags="street food; Italian food; Italian street food; best Italian food; Italian food Florence; Florence street food; Florentine street food; Mark Wiens street food; Italian best food; Italy street food; Italy street food Florence; Italian street food florence; Mark Wiens Italy; Tuscany; Tuscany street food; All’Antico Vinaio; what to eat in Florence; best food florence; best restaurants Florence; best Italian food Florence; restaurants Florence Italy; " title="Italian Street Food!! 🥪 🇮🇹 World’s Most Famous Sandwich - Florence, Italy!!" uploader="Mark Wiens" view_count="2624260" webpage_url="https://www.youtube.com/watch?v=UIct1iwOqEY" autocaption="true">
  <p time="40" is_ac="true">today we're going on an Italian food</p>
  <p time="1839" is_ac="true">tour in Florence</p>
  <p time="7160" is_ac="true">Italy if you haven't come here if you</p>
  <p time="9400" is_ac="true">haven't eaten the sandwich you haven't</p>
  <p time="11000" is_ac="true">fully experienced</p>
  <p time="14160" is_ac="true">Florence it gets the dip oh the</p>
  <p time="18380" is_ac="true">[Music]</p>
  <p time="21560" is_ac="true">dip we're in the birthplace of galato</p>
  <p time="24400" is_ac="true">take a little bit of the espresso with</p>
  <p time="25800" is_ac="true">some of the gelato standing in an alley</p>
  <p time="28400" is_ac="true">in Florence stuff chicken neck by far</p>
  <p time="31960" is_ac="true">the grandest most luxurious anti Pasto</p>
  <p time="34280" is_ac="true">I've ever experienced in my life</p>
  <p time="36399" is_ac="true">life-changing roast</p>
  <p time="37640" is_ac="true">[Music]</p>
  <p time="39160" is_ac="true">beef get ready for street food</p>
  <p time="41800" is_ac="true">sandwiches gelato and some of the best</p>
  <p time="44719" is_ac="true">traditional Florentine</p>
  <p time="49360" is_ac="true">food hey everyone hope you're having an</p>
  <p time="51760" is_ac="true">amazing day it's marqueen and welcome to</p>
  <p time="54079" is_ac="true">the beautiful City of</p>
  <p time="58920" is_ac="true">Florence</p>
  <p time="60879" is_ac="true">which is the capital of Tuscany in</p>
  <p time="65159" is_ac="true">Italy it's a UNESCO world heritage site</p>
  <p time="68400" is_ac="true">and the center of medieval and</p>
  <p time="70560" is_ac="true">Renaissance history and</p>
  <p time="73439" is_ac="true">culture and of course there is some</p>
  <p time="75720" is_ac="true">amazing food here and so we're beginning</p>
  <p time="78720" is_ac="true">with probably what is one of the most</p>
  <p time="80960" is_ac="true">famous sandwiches in the</p>
  <p time="86200" is_ac="true">world welcome to Alano Veno most</p>
  <p time="90400" is_ac="true">legendary famous sandwich in Florence in</p>
  <p time="92640" is_ac="true">Italy one of the most famous sandwiches</p>
  <p time="94720" is_ac="true">in the entire world step inside they</p>
  <p time="98320" is_ac="true">have all the menu up on the wall you can</p>
  <p time="100280" is_ac="true">just feel the legendary status here I</p>
  <p time="102399" is_ac="true">mean so many people celebrities this is</p>
  <p time="104680" is_ac="true">one of those places that people say if</p>
  <p time="106520" is_ac="true">you haven't come here if you haven't</p>
  <p time="107880" is_ac="true">eaten the sandwich you haven't fully</p>
  <p time="109719" is_ac="true">experienced and visited Florence okay</p>
  <p time="112079" is_ac="true">guys next please that's for the kids oh</p>
  <p time="114920" is_ac="true">man and I think part of the thing here</p>
  <p time="116240" is_ac="true">is that the the staff are really</p>
  <p time="117680" is_ac="true">friendly welcoming and just so</p>
  <p time="120079" is_ac="true">passionate about what they do yes okay</p>
  <p time="122640" is_ac="true">cool come on guys that's</p>
  <p time="126119" is_ac="true">our wow best stinks for you</p>
  <p time="131120" is_ac="true">look that's wonderful look at the</p>
  <p time="133959" is_ac="true">bubbliness of that fresh bread incoming</p>
  <p time="143560" is_ac="true">incoming yeah that bread is</p>
  <p time="148400" is_ac="true">amazing and how's we</p>
  <p time="153160" is_ac="true">say oh that Aroma oh it's so bubbly and</p>
  <p time="156519" is_ac="true">Airy and crispy all at the same time</p>
  <p time="158480" is_ac="true">what is what is the type of bread called</p>
  <p time="160599" is_ac="true">the bread is called skata which means</p>
  <p time="163560" is_ac="true">press cuz it's not like really fluffy</p>
  <p time="165920" is_ac="true">like a bread but it's more like a fuka</p>
  <p time="168519" is_ac="true">bread similar to fuka buta but it's</p>
  <p time="170920" is_ac="true">crunchier okay but</p>
  <p time="172720" is_ac="true">crunchier so what what can we</p>
  <p time="176200" is_ac="true">do uh definitely I want to try the laoso</p>
  <p time="179800" is_ac="true">is the most famous one yeah it's the</p>
  <p time="181200" is_ac="true">most famous basically it's the sandwich</p>
  <p time="182879" is_ac="true">that makes sand that made you guys the</p>
  <p time="185599" is_ac="true">INF The Inferno and Inferno my favorite</p>
  <p time="189599" is_ac="true">actually the spicy</p>
  <p time="193159" is_ac="true">one oh that bread look</p>
  <p time="196879" is_ac="true">amazing so this one is the this one is</p>
  <p time="199080" is_ac="true">the one you're making salami from</p>
  <p time="201120" is_ac="true">Florence Theona salami with white</p>
  <p time="204159" is_ac="true">Channel</p>
  <p time="208120" is_ac="true">inside oh it's monstrous this is your</p>
  <p time="211879" is_ac="true">fabulosa thank you hope you like it</p>
  <p time="214239" is_ac="true">thank</p>
  <p time="215959" is_ac="true">you</p>
  <p time="218959" is_ac="true">can and can I make a special sandwich</p>
  <p time="222200" is_ac="true">for you guys yes called the Paradiso</p>
  <p time="224599" is_ac="true">which The Inferno is called is the hell</p>
  <p time="226959" is_ac="true">the parad diesel is the paradise this</p>
  <p time="229040" is_ac="true">used to be a limited edition sandwich</p>
  <p time="231480" is_ac="true">but everybody likes it so much that now</p>
  <p time="233760" is_ac="true">is like one of the most sell sandwich we</p>
  <p time="236000" is_ac="true">have it's made with a pistachio sauce</p>
  <p time="238159" is_ac="true">with a balone</p>
  <p time="242519" is_ac="true">second can you make Stella cheese you</p>
  <p time="245599" is_ac="true">know guys what's the Stella right no I</p>
  <p time="248079" is_ac="true">don't know the Bata okay basically the</p>
  <p time="251000" is_ac="true">best part of the Bata the inside and the</p>
  <p time="253959" is_ac="true">chopped pistach on top</p>
  <p time="256199" is_ac="true">wow it's the fancy sandwich</p>
  <p time="261520" is_ac="true">yeah this one is half of the size cuz</p>
  <p time="264479" is_ac="true">the entire one is bigger this is what's</p>
  <p time="266479" is_ac="true">used in The Inferno in The Inferno it's</p>
  <p time="268160" is_ac="true">a pork belly that WS all the interior</p>
  <p time="270800" is_ac="true">part of the pork the stomach all the</p>
  <p time="273280" is_ac="true">organs are stuffed inside of it these</p>
  <p time="275080" is_ac="true">are all the interior part of the pork</p>
  <p time="277160" is_ac="true">all wrapped with the pork belly it look</p>
  <p time="279400" is_ac="true">like it's like the entire Pig just</p>
  <p time="282320" is_ac="true">rearranged that's</p>
  <p time="286440" is_ac="true">correct and this is the Parma ham how</p>
  <p time="290320" is_ac="true">many sandwiches it would be more more</p>
  <p time="292520" is_ac="true">than 50 for sure roughly I cannot say</p>
  <p time="295280" is_ac="true">precisely 200 it's such an honor to be</p>
  <p time="298039" is_ac="true">in the kitchen</p>
  <p time="300720" is_ac="true">the Mastery of</p>
  <p time="302360" is_ac="true">sandwiches oh I'm going to order the</p>
  <p time="311320" is_ac="true">Inferno the meat is sliced fresh goes</p>
  <p time="313880" is_ac="true">directly onto the bread and then this</p>
  <p time="316000" is_ac="true">one is the the spicy cream like it isya</p>
  <p time="320400" is_ac="true">okay duya goes on oh man there we go</p>
  <p time="324120" is_ac="true">that just handful W of meat goes on</p>
  <p time="327600" is_ac="true">eggplant slicey spicy egg</p>
  <p time="332280" is_ac="true">PL and the arugula oh and the arugula</p>
  <p time="335520" is_ac="true">olive oil a drizzle of olive</p>
  <p time="338400" is_ac="true">oil and there you go with The Inferno</p>
  <p time="341600" is_ac="true">thank you what's inside um cream made uh</p>
  <p time="346000" is_ac="true">by the blood of pork called nuya which</p>
  <p time="348440" is_ac="true">is</p>
  <p time="349280" is_ac="true">spicy yeah sighty spicy eggplants a</p>
  <p time="352880" is_ac="true">roasted pork and AR rugula perfect oh</p>
  <p time="356479" is_ac="true">yeah that one looks amazing yeah finally</p>
  <p time="360120" is_ac="true">time to eat man there are sandwich</p>
  <p time="361800" is_ac="true">magicians just that bread you can</p>
  <p time="364039" is_ac="true">already tell is special it's so crispy</p>
  <p time="366120" is_ac="true">feeling it and then so bubbly fluffy on</p>
  <p time="368479" is_ac="true">the inside oh this one is the The</p>
  <p time="370840" is_ac="true">Inferno the spicy one with Uya with the</p>
  <p time="374479" is_ac="true">the pork with the eggplant with arugala</p>
  <p time="377520" is_ac="true">rocket on the inside and olive oil this</p>
  <p time="379479" is_ac="true">is a spectacular sandwich just look at</p>
  <p time="381240" is_ac="true">the it's huge the</p>
  <p time="388400" is_ac="true">insides</p>
  <p time="390039" is_ac="true">wo I think I</p>
  <p time="392720" is_ac="true">got a PCT of the</p>
  <p time="400039" is_ac="true">pig oh</p>
  <p time="402280" is_ac="true">man the bread is amazing the olive oil</p>
  <p time="405240" is_ac="true">the</p>
  <p time="406400" is_ac="true">crispiness the</p>
  <p time="408479" is_ac="true">bubbliness</p>
  <p time="410840" is_ac="true">Thea it's so flavorable with the</p>
  <p time="412840" is_ac="true">creaminess of the eggplant the the spice</p>
  <p time="415680" is_ac="true">of the rocket the olive</p>
  <p time="418400" is_ac="true">oil awesome that bread is something</p>
  <p time="421720" is_ac="true">special so that first bite on the</p>
  <p time="423360" is_ac="true">sandwich this is skin that's how you</p>
  <p time="425879" is_ac="true">know it's the real real pig real pork</p>
  <p time="429039" is_ac="true">everything used nothing goes to the</p>
  <p time="430720" is_ac="true">waste pieces of Skin Within it and the</p>
  <p time="432840" is_ac="true">texture is</p>
  <p time="442720" is_ac="true">amazing so good the combination the</p>
  <p time="445560" is_ac="true">fluffiness everything is in a Harmony</p>
  <p time="448319" is_ac="true">together but I love that bread oh it's</p>
  <p time="451000" is_ac="true">so good I love how you got the indya the</p>
  <p time="453599" is_ac="true">creaminess of the fried</p>
  <p time="455639" is_ac="true">eggplant</p>
  <p time="459759" is_ac="true">okay so we got another version to try</p>
  <p time="462560" is_ac="true">their most famous sandwich for this one</p>
  <p time="464319" is_ac="true">it's called brona which is uh fennel</p>
  <p time="466759" is_ac="true">seed salami pecorino cream artichoke</p>
  <p time="469440" is_ac="true">cream there's eggplant in here and</p>
  <p time="471319" is_ac="true">that's this is the foundation of they</p>
  <p time="473360" is_ac="true">said that built their sandwich Empire</p>
  <p time="476159" is_ac="true">this is the sandwich Cheers Cheers</p>
  <p time="484460" is_ac="true">[Music]</p>
  <p time="489120" is_ac="true">what a</p>
  <p time="490000" is_ac="true">sandwich wow oh</p>
  <p time="493080" is_ac="true">man what which one are you eating</p>
  <p time="496080" is_ac="true">now oh bed amazing</p>
  <p time="500319" is_ac="true">man it's like you could just Dart around</p>
  <p time="502680" is_ac="true">this entire Lane just double-handed</p>
  <p time="507199" is_ac="true">sandwiches that bread is incredible</p>
  <p time="513120" is_ac="true">and this one has a totally different</p>
  <p time="515479" is_ac="true">taste actually the ingredients the</p>
  <p time="517479" is_ac="true">salami this one is with u fennel seed</p>
  <p time="519760" is_ac="true">you really taste the flavor of that</p>
  <p time="521039" is_ac="true">fennel seed and those creams and the</p>
  <p time="523320" is_ac="true">flavor of the creamy eggplant is will</p>
  <p time="525640" is_ac="true">really just adds to it contrasting the</p>
  <p time="527800" is_ac="true">texture of the crunchy crispy bread</p>
  <p time="531120" is_ac="true">watch and you have</p>
  <p time="536200" is_ac="true">another</p>
  <p time="537760" is_ac="true">W this one's am you taste the garlic in</p>
  <p time="541040" is_ac="true">it as well the garlic</p>
  <p time="546320" is_ac="true">yeah what's amazing also is it is huge</p>
  <p time="549079" is_ac="true">and it looks huge but it goes down so</p>
  <p time="550959" is_ac="true">easily I think because of the fluffiness</p>
  <p time="552320" is_ac="true">of the bread like and The Addictive</p>
  <p time="554839" is_ac="true">taste I mean you just keep biting you</p>
  <p time="557000" is_ac="true">just keep eating all of a sudden you</p>
  <p time="558720" is_ac="true">finish it</p>
  <p time="561560" is_ac="true">off W okay we've got one more to try</p>
  <p time="564640" is_ac="true">this one is the Paradiso that he</p>
  <p time="566200" is_ac="true">specifically made for us full of</p>
  <p time="568120" is_ac="true">pistachios</p>
  <p time="577800" is_ac="true">you're definitely going to get some of</p>
  <p time="578800" is_ac="true">that on your cheek the nuttiness of the</p>
  <p time="581040" is_ac="true">pistachios in that</p>
  <p time="584959" is_ac="true">pistol the</p>
  <p time="587360" is_ac="true">creaminess I love the nuts I love the</p>
  <p time="589640" is_ac="true">pistachios this one's really rich and</p>
  <p time="591720" is_ac="true">creamy and again that like I think he</p>
  <p time="594720" is_ac="true">said it was</p>
  <p time="595600" is_ac="true">balona just totally shaved thin melts in</p>
  <p time="598680" is_ac="true">your mouth</p>
  <p time="603720" is_ac="true">Every Sandwich has a completely</p>
  <p time="605160" is_ac="true">different</p>
  <p time="606079" is_ac="true">flavor they must have thousands of</p>
  <p time="608440" is_ac="true">combinations they could make now we're</p>
  <p time="610160" is_ac="true">going out man what a sandwich shop I</p>
  <p time="612399" is_ac="true">mean I understand a little what a little</p>
  <p time="614680" is_ac="true">bit more why it's the world's most</p>
  <p time="616760" is_ac="true">famous sandwich shop I mean we got here</p>
  <p time="618320" is_ac="true">right as they opened they were already</p>
  <p time="619600" is_ac="true">busy when we got here you can only</p>
  <p time="621079" is_ac="true">imagine as you start to get towards</p>
  <p time="622560" is_ac="true">lunchtime this entire Lane filled with</p>
  <p time="625120" is_ac="true">people ordering sandwiches eating just</p>
  <p time="628040" is_ac="true">enjoying this Landmark culinary</p>
  <p time="632200" is_ac="true">destination in Florence and then just so</p>
  <p time="634480" is_ac="true">you know they kind of have this entire</p>
  <p time="635920" is_ac="true">Street this entire Alleyway here there's</p>
  <p time="637680" is_ac="true">one on this side this one is actually</p>
  <p time="638920" is_ac="true">the original where we were uh but then</p>
  <p time="640839" is_ac="true">they have this one on this side this one</p>
  <p time="642320" is_ac="true">on this side uh it's all the same place</p>
  <p time="644920" is_ac="true">uh kind of just depending on which line</p>
  <p time="646800" is_ac="true">just to spread out the lines thank you</p>
  <p time="649000" is_ac="true">really appreciate it thank you very much</p>
  <p time="651360" is_ac="true">amazing thank you thank you so much</p>
  <p time="654839" is_ac="true">thank you so much man thank you man</p>
  <p time="657600" is_ac="true">we're off to an incred rible start but</p>
  <p time="659959" is_ac="true">we have so much more to eat in</p>
  <p time="663470" is_ac="true">[Music]</p>
  <p time="671399" is_ac="true">Florence she</p>
  <p time="674560" is_ac="true">superce Eduardo what's up man good</p>
  <p time="677320" is_ac="true">morning and Eduardo is our local friend</p>
  <p time="680800" is_ac="true">here in Florence are you said you're</p>
  <p time="682760" is_ac="true">from you're from Florence I'm from</p>
  <p time="684120" is_ac="true">Florence we do things all around Italy</p>
  <p time="686800" is_ac="true">and yes I was born here all right and so</p>
  <p time="689399" is_ac="true">for the rest of the day we're going to</p>
  <p time="690519" is_ac="true">be hanging out with Eduardo he's going</p>
  <p time="691920" is_ac="true">to be showing us some of the best food</p>
  <p time="693240" is_ac="true">to eat in Florence we're in very good</p>
  <p time="695279" is_ac="true">hands yes thank you oh my God what's up</p>
  <p time="698680" is_ac="true">man yeah awesome to meet you Mark I</p>
  <p time="701399" is_ac="true">follow you all the time man I see you on</p>
  <p time="704320" is_ac="true">Facebook YouTube like to see your uh</p>
  <p time="707200" is_ac="true">videos keep doing what you're doing man</p>
  <p time="709360" is_ac="true">thank you so much you must be having a</p>
  <p time="711079" is_ac="true">serious detox going</p>
  <p time="714639" is_ac="true">too this entire setting is beautiful I</p>
  <p time="717079" is_ac="true">mean Florence is absolutely a stunning</p>
  <p time="720160" is_ac="true">city with a history Renaissance medieval</p>
  <p time="722800" is_ac="true">streets and architecture Santa Church</p>
  <p time="726519" is_ac="true">dant Florentine the most famous poet</p>
  <p time="729600" is_ac="true">probably in history div Comedia is his</p>
  <p time="732839" is_ac="true">Masterpiece and this is one of the most</p>
  <p time="735079" is_ac="true">important Gothic churches in the world</p>
  <p time="738600" is_ac="true">in English we say Florence but how do</p>
  <p time="740920" is_ac="true">how do local people say it f f f yes yes</p>
  <p time="745480" is_ac="true">that's the real</p>
  <p time="747880" is_ac="true">name</p>
  <p time="752100" is_ac="true">[Music]</p>
  <p time="755600" is_ac="true">what's in front of us Pat del d in front</p>
  <p time="758079" is_ac="true">of us is D the main Cathedral of</p>
  <p time="760360" is_ac="true">Florence one of the most beautiful</p>
  <p time="762240" is_ac="true">churches on Earth and I mean it's</p>
  <p time="765600" is_ac="true">breathtaking breathtaking an</p>
  <p time="767760" is_ac="true">unbelievable sight to see the Cathedral</p>
  <p time="770240" is_ac="true">of Florence so approximately on the dome</p>
  <p time="774279" is_ac="true">which is the world's biggest</p>
  <p time="775560" is_ac="true">self-standing Dome it's an</p>
  <p time="777120" is_ac="true">architectonical uh mystery uh there are</p>
  <p time="780399" is_ac="true">about 4 million</p>
  <p time="782079" is_ac="true">Stones wow digest that 4 million</p>
  <p time="785440" is_ac="true">self-standing Stones wow built without</p>
  <p time="789360" is_ac="true">machines it is unbelievable step into</p>
  <p time="792440" is_ac="true">this Square I mean this is the most</p>
  <p time="794480" is_ac="true">iconic site in all of Florence one of</p>
  <p time="796920" is_ac="true">the most beautiful cathedrals in all of</p>
  <p time="799079" is_ac="true">Italy and the Dome with the golden ball</p>
  <p time="802040" is_ac="true">and golden cross on the top it's</p>
  <p time="804079" is_ac="true">literally breathtaking it's an</p>
  <p time="805680" is_ac="true">unbelievable sight and so unfortunately</p>
  <p time="808079" is_ac="true">we won't be able to go inside because</p>
  <p time="809480" is_ac="true">we're here too early they haven't opened</p>
  <p time="811079" is_ac="true">yet but you can definitely check out</p>
  <p time="812680" is_ac="true">some photos the inside but the outside</p>
  <p time="814880" is_ac="true">is just unbelievably spectacular just</p>
  <p time="817199" is_ac="true">the grandness the size the detail truly</p>
  <p time="821720" is_ac="true">just Immaculate unbelievable sight in</p>
  <p time="829440" is_ac="true">Florence oh man here we are at the next</p>
  <p time="831759" is_ac="true">spot I can smell it in the</p>
  <p time="834680" is_ac="true">air we are at Tri Pini this is from</p>
  <p time="838800" is_ac="true">probably the most beautiful Lotto shop</p>
  <p time="841720" is_ac="true">in Florence and we're going to try</p>
  <p time="843240" is_ac="true">lamoto which is a typical cab basum</p>
  <p time="845800" is_ac="true">sandwich going to try two versions of it</p>
  <p time="847880" is_ac="true">the classic one with just salt and</p>
  <p time="849759" is_ac="true">pepper and then the most popular one</p>
  <p time="851839" is_ac="true">with green sauce for acidity and chili</p>
  <p time="854360" is_ac="true">oil it's called loto because that means</p>
  <p time="857199" is_ac="true">eel and because the tripe looks like an</p>
  <p time="860279" is_ac="true">eel yeah that's where the name came from</p>
  <p time="862680" is_ac="true">okay okay and I mean I'm for sure it's a</p>
  <p time="865399" is_ac="true">food that has very humble Origins but</p>
  <p time="868320" is_ac="true">it's just using every part of the animal</p>
  <p time="871320" is_ac="true">and then being able to just use it to</p>
  <p time="873320" is_ac="true">the best possible</p>
  <p time="875880" is_ac="true">[Laughter]</p>
  <p time="882320" is_ac="true">way Ohi oh with the mushrooms the</p>
  <p time="885480" is_ac="true">mushrooms and the loto oh okay oh</p>
  <p time="889279" is_ac="true">Breakfast of Champions that's a</p>
  <p time="890839" is_ac="true">breakfast of champions he's so friendly</p>
  <p time="893800" is_ac="true">chow chow breakfast</p>
  <p time="897680" is_ac="true">champion</p>
  <p time="902060" is_ac="true">[Laughter]</p>
  <p time="907399" is_ac="true">okay so begins with bread this is the</p>
  <p time="914079" is_ac="true">lumo mixed together okay also it's two</p>
  <p time="917920" is_ac="true">different two different the is just a</p>
  <p time="920920" is_ac="true">little fat this one is the Obama Su the</p>
  <p time="924560" is_ac="true">four stomach okay man it's so hot and</p>
  <p time="927600" is_ac="true">steamy really slices it</p>
  <p time="932880" is_ac="true">up then directly onto the bread salt and</p>
  <p time="937079" is_ac="true">pepper black</p>
  <p time="939639" is_ac="true">pepper oh what is that it's so parsley</p>
  <p time="942680" is_ac="true">garlic pepper onion and this one is</p>
  <p time="946560" is_ac="true">extra virgin oil and chili olive oil and</p>
  <p time="949240" is_ac="true">chili extra virgin and chili it gets the</p>
  <p time="952399" is_ac="true">dip oh the</p>
  <p time="955000" is_ac="true">dip oh the dip move is genius genus the</p>
  <p time="960959" is_ac="true">submersion</p>
  <p time="963199" is_ac="true">okay you're</p>
  <p time="972920" is_ac="true">[Music]</p>
  <p time="980639" is_ac="true">welcome salt goes on the dip what a</p>
  <p time="986839" is_ac="true">move beautiful and this one is classic</p>
  <p time="990959" is_ac="true">okay Florentine style okay two different</p>
  <p time="994959" is_ac="true">versions The Classic Florentine is just</p>
  <p time="996920" is_ac="true">salt and pepper but then the compto</p>
  <p time="998680" is_ac="true">which is the most popular version now</p>
  <p time="1000079" is_ac="true">includes the parsley oil with chili oil</p>
  <p time="1002720" is_ac="true">so we're going to try two different</p>
  <p time="1003759" is_ac="true">versions and I absolutely love how he</p>
  <p time="1006079" is_ac="true">empties out some of the bread some of</p>
  <p time="1007880" is_ac="true">that fluff of the bread to be able to</p>
  <p time="1009319" is_ac="true">load it fully fill it with the the loto</p>
  <p time="1012839" is_ac="true">aasum the variety of stomachs let's</p>
  <p time="1015560" is_ac="true">start with the traditional version</p>
  <p time="1017480" is_ac="true">First</p>
  <p time="1025360" is_ac="true">abdomen our Rel oh squeezing</p>
  <p time="1033360" is_ac="true">out wow oh that just the L the</p>
  <p time="1038720" is_ac="true">obim the tribe it just melts in your</p>
  <p time="1041039" is_ac="true">mouth it's so tender that's what I think</p>
  <p time="1043959" is_ac="true">stands out to me just it's incredibly</p>
  <p time="1045640" is_ac="true">tender going in for another their bite</p>
  <p time="1047760" is_ac="true">the classic</p>
  <p time="1049080" is_ac="true">that salt and pepper I mean when you I</p>
  <p time="1050520" is_ac="true">mean one thing I mean I I do love sauces</p>
  <p time="1054520" is_ac="true">but definitely one thing when you don't</p>
  <p time="1055840" is_ac="true">have the sauce and you you really taste</p>
  <p time="1057360" is_ac="true">the flavor of the actual Obamas some</p>
  <p time="1059640" is_ac="true">that stomach the fat in there the just</p>
  <p time="1061520" is_ac="true">the salt and</p>
  <p time="1066440" is_ac="true">pepper oh and that broth dip he dips it</p>
  <p time="1070160" is_ac="true">in the juice that is boiling in it just</p>
  <p time="1073000" is_ac="true">absorbs and increases the flavor</p>
  <p time="1075159" is_ac="true">enhances the flavor I love how it's so</p>
  <p time="1077400" is_ac="true">tender just melts in your mouth you</p>
  <p time="1079640" is_ac="true">barely need to chew and then you've got</p>
  <p time="1081080" is_ac="true">that crispy bread is incredible okay but</p>
  <p time="1082720" is_ac="true">let's try the the</p>
  <p time="1084600" is_ac="true">compto I do love sauce okay here we go</p>
  <p time="1087000" is_ac="true">for the for the compto I can't wait oh</p>
  <p time="1089080" is_ac="true">man the parsley in there the garlic the</p>
  <p time="1091600" is_ac="true">olive oil the</p>
  <p time="1099440" is_ac="true">chili oh wow yes</p>
  <p time="1103919" is_ac="true">okay I do love tradition but I also love</p>
  <p time="1107320" is_ac="true">innovation</p>
  <p time="1108880" is_ac="true">oh that sauce takes it to the next level</p>
  <p time="1111159" is_ac="true">The Parsley the garlic the chili oil</p>
  <p time="1112919" is_ac="true">that's where it's at the cetto the same</p>
  <p time="1115320" is_ac="true">just delicious tripe the four stomach</p>
  <p time="1118200" is_ac="true">that is um and then again just how it's</p>
  <p time="1120400" is_ac="true">boiled it's so tender and how they he</p>
  <p time="1121960" is_ac="true">just slices it really finely so it just</p>
  <p time="1123320" is_ac="true">it really literally just melts in your</p>
  <p time="1124760" is_ac="true">mouth sometimes you get stomach that can</p>
  <p time="1125960" is_ac="true">be very chewy rubbery in fact this one</p>
  <p time="1128919" is_ac="true">just totally melts in your</p>
  <p time="1130559" is_ac="true">mouth I mean they're experts with the</p>
  <p time="1133840" is_ac="true">stomach they know exactly what they're</p>
  <p time="1135080" is_ac="true">doing and with sausage that just takes</p>
  <p time="1136480" is_ac="true">it to the next level again that dip the</p>
  <p time="1138760" is_ac="true">top half of the bread is uh forked</p>
  <p time="1141440" is_ac="true">dipped in the broth to just absorb it</p>
  <p time="1143480" is_ac="true">and yet it Still Remains incredibly</p>
  <p time="1154520" is_ac="true">crunchy</p>
  <p time="1156679" is_ac="true">wow</p>
  <p time="1165919" is_ac="true">cool so this was the original</p>
  <p time="1169760" is_ac="true">this is how the shop</p>
  <p time="1172360" is_ac="true">was oh so how many can we get a photo</p>
  <p time="1175400" is_ac="true">how many yes yes how many years has my</p>
  <p time="1179039" is_ac="true">your family my family 25 years 25 years</p>
  <p time="1182520" is_ac="true">here okay but the activity 120 years wow</p>
  <p time="1187640" is_ac="true">on an unassuming Corner in the heart of</p>
  <p time="1191120" is_ac="true">Florence that's one of the greatest</p>
  <p time="1193000" is_ac="true">sandwiches</p>
  <p time="1194280" is_ac="true">ever that's a warming sandwich too I I</p>
  <p time="1197559" is_ac="true">feel much better after</p>
  <p time="1198920" is_ac="true">[Music]</p>
  <p time="1211600" is_ac="true">that got a little dark and rainy outside</p>
  <p time="1214320" is_ac="true">but we're stopping in what is one of the</p>
  <p time="1215840" is_ac="true">most famous gelato shops in all of</p>
  <p time="1218600" is_ac="true">Florence and I think has has has gelato</p>
  <p time="1222000" is_ac="true">is it from Northern Italy or is it they</p>
  <p time="1223720" is_ac="true">don't know exactly where it is from</p>
  <p time="1225400" is_ac="true">Florence by med family in Florence ice</p>
  <p time="1228720" is_ac="true">and fruit flavor okay ice and this is</p>
  <p time="1232000" is_ac="true">this is something native to Florence</p>
  <p time="1234200" is_ac="true">native we're in the birthplace of gelato</p>
  <p time="1236919" is_ac="true">yes worldwide famous around the world</p>
  <p time="1239400" is_ac="true">around Italy one of the most famous</p>
  <p time="1241120" is_ac="true">forms of ice cream gelato and it</p>
  <p time="1243360" is_ac="true">originates in Florence and we are at a</p>
  <p time="1245320" is_ac="true">very historical place about to try the</p>
  <p time="1247720" is_ac="true">grand Crema Cafe VII gelato cream so</p>
  <p time="1251880" is_ac="true">Crema so egg gelato with an espresso</p>
  <p time="1254360" is_ac="true">shot inside oh no mix just a little</p>
  <p time="1258159" is_ac="true">spoon of</p>
  <p time="1259679" is_ac="true">each</p>
  <p time="1263080" is_ac="true">so that's the</p>
  <p time="1267190" is_ac="true">[Music]</p>
  <p time="1278760" is_ac="true">gelata W</p>
  <p time="1284000" is_ac="true">who oh the espresso goes directly into</p>
  <p time="1287360" is_ac="true">that cup</p>
  <p time="1291040" is_ac="true">[Music]</p>
  <p time="1293159" is_ac="true">oh nice</p>
  <p time="1297159" is_ac="true">gra what's the correct method never mix</p>
  <p time="1300279" is_ac="true">take a little bit of gelato a little bit</p>
  <p time="1302720" is_ac="true">of the</p>
  <p time="1305400" is_ac="true">coffee when it's raining outside it's</p>
  <p time="1307480" is_ac="true">better we're trying this classic Italian</p>
  <p time="1309640" is_ac="true">style standing bar and you got to you</p>
  <p time="1312120" is_ac="true">don't want to take too many photos of</p>
  <p time="1313240" is_ac="true">this because that ice cream will melt as</p>
  <p time="1315279" is_ac="true">Eduardo mentioned take a little bit of</p>
  <p time="1316520" is_ac="true">the espresso with some of the gelato</p>
  <p time="1318799" is_ac="true">into your spoon but don't mix</p>
  <p time="1324320" is_ac="true">it oh</p>
  <p time="1326159" is_ac="true">man oh the sweet and the toasty</p>
  <p time="1330480" is_ac="true">bitterness of the coffee mixing together</p>
  <p time="1332159" is_ac="true">in your mouth and the the gelato starts</p>
  <p time="1334559" is_ac="true">to melt so that combines with the flavor</p>
  <p time="1336400" is_ac="true">of the coffee wa that's so good oh</p>
  <p time="1341799" is_ac="true">man the strength of the</p>
  <p time="1345279" is_ac="true">espresso the creaminess of the gelato</p>
  <p time="1348240" is_ac="true">wow what a</p>
  <p time="1353000" is_ac="true">combination I mean to me it's almost</p>
  <p time="1355840" is_ac="true">like a gelato espresso</p>
  <p time="1360039" is_ac="true">float and as you keep on eating it the</p>
  <p time="1362960" is_ac="true">espresso starts to get Fier and foamier</p>
  <p time="1364760" is_ac="true">from the as it starts to mix more with</p>
  <p time="1366360" is_ac="true">the gelato it's an amazing combination I</p>
  <p time="1369559" is_ac="true">love this place old school Heritage</p>
  <p time="1373400" is_ac="true">wonderful</p>
  <p time="1375440" is_ac="true">sorry oh man I mean this is one of those</p>
  <p time="1378159" is_ac="true">things that's not only delicious but</p>
  <p time="1379640" is_ac="true">it's an experience and it's just a a</p>
  <p time="1381760" is_ac="true">part of the culture of Florence the</p>
  <p time="1383600" is_ac="true">history The</p>
  <p time="1385039" is_ac="true">Heritage oh</p>
  <p time="1387360" is_ac="true">cheers cheers and then you can start</p>
  <p time="1389799" is_ac="true">drinking it</p>
  <p time="1391279" is_ac="true">as oh sh oh the drink is so</p>
  <p time="1396200" is_ac="true">satisfying man that's</p>
  <p time="1401159" is_ac="true">good so the gelato and espresso was</p>
  <p time="1404039" is_ac="true">incredible but from here Eduardo is</p>
  <p time="1405919" is_ac="true">leading us down an alley to a place to</p>
  <p time="1408720" is_ac="true">eat another sandwich and Florence that</p>
  <p time="1410720" is_ac="true">you can't miss they do have a little</p>
  <p time="1412679" is_ac="true">indoor section but the coolest part</p>
  <p time="1414000" is_ac="true">about this place is the Outdoor window</p>
  <p time="1415919" is_ac="true">so you can just be walking by on the go</p>
  <p time="1418200" is_ac="true">stop at the window order a sandwich and</p>
  <p time="1420240" is_ac="true">we're going to have a sandwich we</p>
  <p time="1421200" is_ac="true">haven't tried yet well we've had the</p>
  <p time="1423480" is_ac="true">fourth stomach now we're going to try</p>
  <p time="1426279" is_ac="true">the first stomach which is Tria and</p>
  <p time="1428400" is_ac="true">that's also a classic Florentine</p>
  <p time="1430080" is_ac="true">sandwich that you absolutely have to try</p>
  <p time="1431799" is_ac="true">when you come</p>
  <p time="1436880" is_ac="true">here</p>
  <p time="1441799" is_ac="true">oh</p>
  <p time="1462480" is_ac="true">nice oh the smell of that pepper yeah</p>
  <p time="1465520" is_ac="true">chili flakes yes nice</p>
  <p time="1468799" is_ac="true">oh she's on</p>
  <p time="1472799" is_ac="true">top oh the Poke</p>
  <p time="1475880" is_ac="true">oh oh what a</p>
  <p time="1482640" is_ac="true">move SP it oh baptized in the</p>
  <p time="1487600" is_ac="true">broth that's a way to put it yeah I'd</p>
  <p time="1490799" is_ac="true">like it I can sell</p>
  <p time="1494200" is_ac="true">it wow this is one okay gra you're</p>
  <p time="1498720" is_ac="true">welcome Eduardo this is house Wine House</p>
  <p time="1502679" is_ac="true">wine okay but this is what you need with</p>
  <p time="1504880" is_ac="true">this kind of food all right in the alley</p>
  <p time="1508039" is_ac="true">amazing in the alley in the darkness</p>
  <p time="1510240" is_ac="true">nobody sees you you get dirty and you</p>
  <p time="1512559" is_ac="true">drink house wine that was kind of scary</p>
  <p time="1515360" is_ac="true">Eduardo Cheers Cheers man thank you</p>
  <p time="1519520" is_ac="true">standing in an alley in Florence first</p>
  <p time="1523120" is_ac="true">ever Tria yeah la fantina Tria</p>
  <p time="1527919" is_ac="true">Fiorentina this is another classic again</p>
  <p time="1530399" is_ac="true">we've had well the fourth stomach now</p>
  <p time="1534080" is_ac="true">the first stomach yeah in a bun here</p>
  <p time="1536559" is_ac="true">Florence style Mr</p>
  <p time="1539120" is_ac="true">taster Cheers</p>
  <p time="1547500" is_ac="true">[Music]</p>
  <p time="1550240" is_ac="true">Cheers so the Tre the tripe has been</p>
  <p time="1552559" is_ac="true">cooked in tomato sauce so it has that</p>
  <p time="1554159" is_ac="true">acidity the sprinkle of cheese the salt</p>
  <p time="1556559" is_ac="true">and pepper M I love it and the bread is</p>
  <p time="1559520" is_ac="true">really nice too yeah it's like srai in</p>
  <p time="1563600" is_ac="true">Iran did you have it in chips head I</p>
  <p time="1565760" is_ac="true">think so yes yes that light tomato sauce</p>
  <p time="1568480" is_ac="true">but not not too acidic just a nice</p>
  <p time="1571390" is_ac="true">[Music]</p>
  <p time="1575880" is_ac="true">balance and it's not chewy at all it's</p>
  <p time="1578200" is_ac="true">really no really stewed down until it's</p>
  <p time="1580440" is_ac="true">tender and</p>
  <p time="1581919" is_ac="true">soft oh I love it</p>
  <p time="1584240" is_ac="true">cheers love your forance cheers</p>
  <p time="1591200" is_ac="true">what a</p>
  <p time="1593240" is_ac="true">combination another extraordinary</p>
  <p time="1595640" is_ac="true">sandwich in Florence and couldn't be</p>
  <p time="1597320" is_ac="true">happier in this environment in this</p>
  <p time="1598880" is_ac="true">place in an alley what a city Florence</p>
  <p time="1601919" is_ac="true">is man and I love I love that uh bread</p>
  <p time="1605159" is_ac="true">again the bread is nice I mean it's just</p>
  <p time="1606679" is_ac="true">is just daily average normal bread but</p>
  <p time="1608600" is_ac="true">it's so good because it's so crispy on</p>
  <p time="1609840" is_ac="true">the outside so fluffy on the</p>
  <p time="1612440" is_ac="true">inside oh yeah almost forgot which side</p>
  <p time="1616159" is_ac="true">was dipped the first side yeah it's so</p>
  <p time="1619080" is_ac="true">crispy that even he did a full dunk into</p>
  <p time="1621520" is_ac="true">the broth into the juices uh he did a</p>
  <p time="1625240" is_ac="true">full submersion and it's still crispy</p>
  <p time="1627480" is_ac="true">but that's why it's so juicy it has</p>
  <p time="1629440" is_ac="true">absorbed the the puffy part of the bread</p>
  <p time="1631760" is_ac="true">has totally absorbed all that broth from</p>
  <p time="1633279" is_ac="true">the from the boiled um</p>
  <p time="1643520" is_ac="true">stomach the</p>
  <p time="1645320" is_ac="true">pepper the cheese has just kind of melt</p>
  <p time="1647559" is_ac="true">melted into the bun into the</p>
  <p time="1650080" is_ac="true">broth what I love about this too is it's</p>
  <p time="1652240" is_ac="true">really warming it's hearty</p>
  <p time="1657559" is_ac="true">delicious I really love the sandwiches</p>
  <p time="1659640" is_ac="true">and Florence man the juiciness that just</p>
  <p time="1662360" is_ac="true">absorbs into the bread with the</p>
  <p time="1664960" is_ac="true">crispiness is is</p>
  <p time="1667039" is_ac="true">a a wonderfully warming</p>
  <p time="1669880" is_ac="true">sandwich from here we're going to go eat</p>
  <p time="1672039" is_ac="true">another gelato this is going to be more</p>
  <p time="1673559" is_ac="true">of a modern but one of the greatest</p>
  <p time="1675559" is_ac="true">gelato in Florence uh before we have</p>
  <p time="1678840" is_ac="true">dinner Mr taster how how was how was</p>
  <p time="1682159" is_ac="true">that sandwich I need number seven a</p>
  <p time="1690080" is_ac="true">stomach do we have number seven no well</p>
  <p time="1693240" is_ac="true">we need it yes oh man number one number</p>
  <p time="1697039" is_ac="true">seven number</p>
  <p time="1705360" is_ac="true">four we are at lur beter this is a more</p>
  <p time="1709279" is_ac="true">modern approach to gelato if you want to</p>
  <p time="1711000" is_ac="true">call it that way before at vivoli we saw</p>
  <p time="1713480" is_ac="true">the tradition we saw history and now we</p>
  <p time="1715679" is_ac="true">see how younger people approach the</p>
  <p time="1718039" is_ac="true">genre of gelato that was born again here</p>
  <p time="1720600" is_ac="true">in Florence and what do you think is</p>
  <p time="1722559" is_ac="true">this your one of your favorite gelato</p>
  <p time="1724799" is_ac="true">probably yes definitely yeah we cone</p>
  <p time="1728159" is_ac="true">with the Kat please I'm going for the</p>
  <p time="1732320" is_ac="true">Kat which is</p>
  <p time="1734640" is_ac="true">75% chocolate no cream oh that is one of</p>
  <p time="1738399" is_ac="true">their Specialties and then also got the</p>
  <p time="1740120" is_ac="true">Florentine</p>
  <p time="1745360" is_ac="true">cream that's</p>
  <p time="1748960" is_ac="true">you oh man so the the Florentine cream</p>
  <p time="1751600" is_ac="true">is on top but I can't wait to get to</p>
  <p time="1753120" is_ac="true">that chocolate on the bottom and again</p>
  <p time="1755399" is_ac="true">gelato originates in</p>
  <p time="1762600" is_ac="true">Florence oh</p>
  <p time="1764480" is_ac="true">yeah wow that is the complete flavor of</p>
  <p time="1768480" is_ac="true">milk yeah it's fantastic try to dig down</p>
  <p time="1771919" is_ac="true">to the katama that is the the dark</p>
  <p time="1774120" is_ac="true">chocolate oh there it is look at that</p>
  <p time="1779360" is_ac="true">color</p>
  <p time="1782440" is_ac="true">wow wow the chocolate is amazing 75%</p>
  <p time="1786480" is_ac="true">pure chocolate no cream it is perfect I</p>
  <p time="1789880" is_ac="true">mean that's the the true Taste of</p>
  <p time="1792159" is_ac="true">chocolate amazingly Rich amazing texture</p>
  <p time="1795240" is_ac="true">that's exceptional kind of you can kind</p>
  <p time="1797159" is_ac="true">of mix it up so you get chocolate plus</p>
  <p time="1798799" is_ac="true">the cream all together in a</p>
  <p time="1801680" is_ac="true">[Music]</p>
  <p time="1810240" is_ac="true">bite okay so next up on this Florence</p>
  <p time="1813039" is_ac="true">food tour we're going to one of the most</p>
  <p time="1815279" is_ac="true">legendary local restaurants in the</p>
  <p time="1817120" is_ac="true">entire</p>
  <p time="1818320" is_ac="true">city we are at chibo this is the most</p>
  <p time="1822399" is_ac="true">legendary restaurant in Florence very</p>
  <p time="1824840" is_ac="true">important for the whole Italian cuisine</p>
  <p time="1826559" is_ac="true">and we will eat a typical Florentine</p>
  <p time="1828840" is_ac="true">dinner</p>
  <p time="1830240" is_ac="true">awesome thank</p>
  <p time="1832399" is_ac="true">you</p>
  <p time="1835320" is_ac="true">okay oh it smells good</p>
  <p time="1845399" is_ac="true">immediately</p>
  <p time="1847480" is_ac="true">nice wow what a restaurant and step in</p>
  <p time="1851760" is_ac="true">here you can just feel the history the</p>
  <p time="1854600" is_ac="true">Antiques I love the the white tablecloth</p>
  <p time="1857320" is_ac="true">us the striped chairs beautiful</p>
  <p time="1859600" is_ac="true">restaurant and we're again here to eat</p>
  <p time="1861039" is_ac="true">some absolutely Classic Heritage</p>
  <p time="1863399" is_ac="true">Florentine food chairs</p>
  <p time="1866720" is_ac="true">wow what a wine dude oh okay oh so we</p>
  <p time="1871120" is_ac="true">have a beautiful</p>
  <p time="1872760" is_ac="true">golden tusin wine are you from um</p>
  <p time="1877960" is_ac="true">California Thailand Florence oh that's</p>
  <p time="1881880" is_ac="true">amazing man that is perfectly fruity and</p>
  <p time="1885440" is_ac="true">sour really nice</p>
  <p time="1887799" is_ac="true">look at the look at the color on that</p>
  <p time="1889360" is_ac="true">wine it's golden straight up</p>
  <p time="1896840" is_ac="true">gold really nice really complex oh man</p>
  <p time="1901039" is_ac="true">so all these different little side</p>
  <p time="1902320" is_ac="true">dishes and now the kapacho did you say</p>
  <p time="1904320" is_ac="true">it's it's beef or or beef okay a beef</p>
  <p time="1907120" is_ac="true">caracho a beef F sliced by hand very</p>
  <p time="1911960" is_ac="true">very good quantity of</p>
  <p time="1914240" is_ac="true">meat thicker than the usual kacha okay</p>
  <p time="1917919" is_ac="true">and salt olive oil lemon and black</p>
  <p time="1921399" is_ac="true">pepper wow that's</p>
  <p time="1923639" is_ac="true">shimmering that is gorgeous stuffed</p>
  <p time="1927279" is_ac="true">chicken neck stuffed chicken</p>
  <p time="1930000" is_ac="true">neck specialty here stuffed chicken neck</p>
  <p time="1934720" is_ac="true">what a dish I love the presentation</p>
  <p time="1937279" is_ac="true">that's a big head okay they literally</p>
  <p time="1939600" is_ac="true">brought about 20 different dishes to the</p>
  <p time="1941720" is_ac="true">table I'm completely</p>
  <p time="1944000" is_ac="true">overwhelmed Eduardo what do we do well</p>
  <p time="1947440" is_ac="true">um let's start with what we have in the</p>
  <p time="1949880" is_ac="true">plate ricotta</p>
  <p time="1952360" is_ac="true">flan tuskan chicken liver mousse with</p>
  <p time="1955440" is_ac="true">raisins bread wow then codfish okay</p>
  <p time="1959320" is_ac="true">whipped oh yeah okay with milk and</p>
  <p time="1961760" is_ac="true">that's on a little piece of bread on the</p>
  <p time="1963279" is_ac="true">bottom and then you just go wild I make</p>
  <p time="1965960" is_ac="true">sure to come here at least once a month</p>
  <p time="1968840" is_ac="true">oh I have to do you know how long this</p>
  <p time="1970880" is_ac="true">restaurant has been here for 40 years 40</p>
  <p time="1973200" is_ac="true">years okay around 40 years oh I'm going</p>
  <p time="1976320" is_ac="true">to start with that</p>
  <p time="1981080" is_ac="true">liver oh oh the liver is amazing okay</p>
  <p time="1985279" is_ac="true">Eduardo is going in to the</p>
  <p time="1996559" is_ac="true">kpacho it's melty it's the best oyster</p>
  <p time="1999679" is_ac="true">you can have from</p>
  <p time="2001760" is_ac="true">tus so</p>
  <p time="2005960" is_ac="true">yes thank you</p>
  <p time="2014960" is_ac="true">okay all the flavor the combination of</p>
  <p time="2017559" is_ac="true">the lemon and the olive oil and salt and</p>
  <p time="2020440" is_ac="true">pepper and then the meat just it melt in</p>
  <p time="2023360" is_ac="true">your mouth this is by far the grandest</p>
  <p time="2026600" is_ac="true">most luxurious anti Pasto I've ever</p>
  <p time="2028880" is_ac="true">experienced in my life okay I'm moving</p>
  <p time="2030760" is_ac="true">in for the</p>
  <p time="2035960" is_ac="true">tri</p>
  <p time="2037880" is_ac="true">the texture of</p>
  <p time="2039159" is_ac="true">that it's so soft it's jelly they're not</p>
  <p time="2043440" is_ac="true">it's not smoked pruto aged in ashes so</p>
  <p time="2046639" is_ac="true">it should have a smokiness is what they</p>
  <p time="2054399" is_ac="true">explained oh</p>
  <p time="2056839" is_ac="true">wow that is</p>
  <p time="2060280" is_ac="true">extraordinary shaved so finely so it</p>
  <p time="2062960" is_ac="true">just liquefies on your tongue with that</p>
  <p time="2065639" is_ac="true">smokiness and that complexity of meaty</p>
  <p time="2071800" is_ac="true">porkiness okay this one is VE with tuna</p>
  <p time="2075599" is_ac="true">classic finish</p>
  <p time="2080040" is_ac="true">that W it's</p>
  <p time="2082919" is_ac="true">creamy the lemon the Caper's in</p>
  <p time="2085960" is_ac="true">there it's</p>
  <p time="2087800" is_ac="true">a combination I wouldn't necessarily</p>
  <p time="2090399" is_ac="true">really think of but like the tuna just</p>
  <p time="2092919" is_ac="true">makes this</p>
  <p time="2094040" is_ac="true">creamy sauce to go over the ve</p>
  <p time="2098280" is_ac="true">excellent Mr taster and I yeah are you</p>
  <p time="2101119" is_ac="true">ready Mr tter this is one of the prised</p>
  <p time="2104240" is_ac="true">dishes of chibo w the head and that's a</p>
  <p time="2107440" is_ac="true">big head too look at look at my</p>
  <p time="2111640" is_ac="true">chicken he's a little</p>
  <p time="2114520" is_ac="true">crosy so this is the the legendary the</p>
  <p time="2117520" is_ac="true">famous uh stuffed chicken neck and what</p>
  <p time="2121480" is_ac="true">a oh yeah you see these whole slices are</p>
  <p time="2124480" is_ac="true">just full of the chicken neck and the</p>
  <p time="2126320" is_ac="true">skin is still</p>
  <p time="2127520" is_ac="true">rotating around them what a dish yeah</p>
  <p time="2130680" is_ac="true">dish and there is a sauce on the inside</p>
  <p time="2132599" is_ac="true">maybe dip in the sauce yeah I did all</p>
  <p time="2135119" is_ac="true">right all</p>
  <p time="2138240" is_ac="true">right you ready</p>
  <p time="2141119" is_ac="true">yes all</p>
  <p time="2149640" is_ac="true">right wow going neck neck to</p>
  <p time="2155640" is_ac="true">neck oh oh man the texture is incredible</p>
  <p time="2159520" is_ac="true">like really fluffy and spongy almost</p>
  <p time="2161520" is_ac="true">yeah it is it's like a spongy chicken</p>
  <p time="2163359" is_ac="true">neck</p>
  <p time="2165800" is_ac="true">M I think not heavily seasoned so just</p>
  <p time="2169839" is_ac="true">oh look at this so just kind of</p>
  <p time="2172280" is_ac="true">um it's the flavor of the chicken with a</p>
  <p time="2174760" is_ac="true">little bit of parsley maybe um you ready</p>
  <p time="2177119" is_ac="true">to have the head and if you look at the</p>
  <p time="2179079" is_ac="true">head we got the head here and on the</p>
  <p time="2181680" is_ac="true">bottom it's stuffed with sausage still</p>
  <p time="2184839" is_ac="true">deep it</p>
  <p time="2192550" is_ac="true">[Music]</p>
  <p time="2194680" is_ac="true">oh yeah so good yeah what's amazing to</p>
  <p time="2197599" is_ac="true">me is how like light yet condensed it is</p>
  <p time="2202480" is_ac="true">it's kind of like condensed chicken all</p>
  <p time="2205040" is_ac="true">stuffed within its</p>
  <p time="2206640" is_ac="true">neck I love it it is really good really</p>
  <p time="2210040" is_ac="true">good yeah classic it tastes absolutely</p>
  <p time="2215680" is_ac="true">classic Brunello de monino tus known as</p>
  <p time="2220000" is_ac="true">a super tusin they call it the wine of</p>
  <p time="2222839" is_ac="true">Kings and the king of</p>
  <p time="2233800" is_ac="true">wines the wine of Kings and the king of</p>
  <p time="2243119" is_ac="true">wines man what a wine yeah what a wine</p>
  <p time="2247920" is_ac="true">what a wine and this is going to get</p>
  <p time="2249400" is_ac="true">better in the</p>
  <p time="2275599" is_ac="true">glass</p>
  <p time="2293319" is_ac="true">cheesecake of potato and Ric cheese with</p>
  <p time="2297319" is_ac="true">meat sauce Ru on the side olive oil and</p>
  <p time="2301079" is_ac="true">Paran and when you eating that try to</p>
  <p time="2304119" is_ac="true">have cheese meat and the SE cheesecake</p>
  <p time="2307839" is_ac="true">at the same time please don't separate</p>
  <p time="2310119" is_ac="true">them I'm try that one this is the famous</p>
  <p time="2313640" is_ac="true">talini</p>
  <p time="2314880" is_ac="true">kchup one of the best pastas in the</p>
  <p time="2317800" is_ac="true">let's have it together yeah it's a tusin</p>
  <p time="2319680" is_ac="true">pasta F it's not a specifically Tuscan</p>
  <p time="2322839" is_ac="true">pasta cheese parmesano and the secret</p>
  <p time="2325400" is_ac="true">ingredient that you will have to guess</p>
  <p time="2327000" is_ac="true">cheers so this is pasta this is a pasta</p>
  <p time="2330040" is_ac="true">cake pasta oh there's pasta underneath</p>
  <p time="2332480" is_ac="true">now I get it okay pasta cake with parano</p>
  <p time="2335280" is_ac="true">parano and truffle</p>
  <p time="2338200" is_ac="true">wow and that aromatic white truffles and</p>
  <p time="2341000" is_ac="true">it has this crust around it as well it's</p>
  <p time="2343119" is_ac="true">so aromatic all right all</p>
  <p time="2346910" is_ac="true">[Music]</p>
  <p time="2353160" is_ac="true">right the cheese is so good it's</p>
  <p time="2357079" is_ac="true">indulgent it's rich man very rich that</p>
  <p time="2361400" is_ac="true">is</p>
  <p time="2363520" is_ac="true">extraordinary</p>
  <p time="2365440" is_ac="true">one and rotta flam a little parmesano</p>
  <p time="2369400" is_ac="true">and Ru this is lasagna before lasagna</p>
  <p time="2374240" is_ac="true">and with potato yes so originally with</p>
  <p time="2376760" is_ac="true">potato okay it's not but who cares free</p>
  <p time="2380960" is_ac="true">know so she said to try a little bit of</p>
  <p time="2383200" is_ac="true">everything oh it's so fluffy try a</p>
  <p time="2385640" is_ac="true">little bit of everything a little bit of</p>
  <p time="2387520" is_ac="true">everything on one bite coach into the</p>
  <p time="2390160" is_ac="true">parm okay</p>
  <p time="2393520" is_ac="true">wow it's like Silk m</p>
  <p time="2400079" is_ac="true">how is that</p>
  <p time="2401880" is_ac="true">potato perf it's a lasagna I told you</p>
  <p time="2405680" is_ac="true">it's the richest creamiest potato I've</p>
  <p time="2407800" is_ac="true">ever experienced in my life K cheese and</p>
  <p time="2412440" is_ac="true">butter but there is one secret</p>
  <p time="2414319" is_ac="true">ingredient that we will guess okay and</p>
  <p time="2416760" is_ac="true">we got to figure that</p>
  <p time="2418560" is_ac="true">out amazing I love the color of that</p>
  <p time="2422160" is_ac="true">swe cheese and</p>
  <p time="2424720" is_ac="true">butter came from</p>
  <p time="2429700" is_ac="true">[Music]</p>
  <p time="2436880" is_ac="true">that is unbelievable cheese butter</p>
  <p time="2440480" is_ac="true">pepper yeah</p>
  <p time="2443240" is_ac="true">and what's inside you'll never get look</p>
  <p time="2447040" is_ac="true">at the color you're the color</p>
  <p time="2450760" is_ac="true">termeric carrot cream carrot cream</p>
  <p time="2454520" is_ac="true">boiled carrots cream M yeah never would</p>
  <p time="2456760" is_ac="true">have guessed carrot</p>
  <p time="2458760" is_ac="true">Fon I'll cheese and butter is</p>
  <p time="2461520" is_ac="true">unbelievable this pasta is unbelievable</p>
  <p time="2464000" is_ac="true">get out of</p>
  <p time="2465359" is_ac="true">here I love</p>
  <p time="2467560" is_ac="true">this all three dishes</p>
  <p time="2470040" is_ac="true">are exceptional it's rabbit cooked with</p>
  <p time="2474280" is_ac="true">chocolate and the syrup of the mustard</p>
  <p time="2477800" is_ac="true">Crona fruits preserved in a liquid</p>
  <p time="2480599" is_ac="true">mustard w wow what a dish so much the</p>
  <p time="2483640" is_ac="true">rabbit is on the bone so it's necessary</p>
  <p time="2487040" is_ac="true">you use your fingers is it oh</p>
  <p time="2491160" is_ac="true">excellent making sure to scoop up as</p>
  <p time="2493280" is_ac="true">much of that chocolate as</p>
  <p time="2508200" is_ac="true">possible almost has a a chocolate and a</p>
  <p time="2511359" is_ac="true">coffee sweet kind of flavor to</p>
  <p time="2514440" is_ac="true">it oh that's really succulent like a</p>
  <p time="2517440" is_ac="true">sweet glaze the flavor of chocolate</p>
  <p time="2520119" is_ac="true">excellent I think what's quite amazing</p>
  <p time="2522119" is_ac="true">here is that every single dish has been</p>
  <p time="2523800" is_ac="true">totally unique from any other Italian</p>
  <p time="2526200" is_ac="true">Dish that I've ever tried before totally</p>
  <p time="2528079" is_ac="true">like blowing away any kind of</p>
  <p time="2529640" is_ac="true">stereotypes of Italian food here and</p>
  <p time="2538200" is_ac="true">Royal sticky like straight up chocolate</p>
  <p time="2540839" is_ac="true">sauce okay next one is the</p>
  <p time="2543440" is_ac="true">loto and what type of vegetable is in it</p>
  <p time="2546319" is_ac="true">it's chimira Chima Chima it's a it's a</p>
  <p time="2550680" is_ac="true">sort of broccoli a sort of Swiss chard</p>
  <p time="2553440" is_ac="true">it's something in the middle it's very</p>
  <p time="2555119" is_ac="true">interesting okay Lotto so kaab basum</p>
  <p time="2558599" is_ac="true">nice and potatoes and fenel which is the</p>
  <p time="2560800" is_ac="true">fourth stomach right fourth stomach</p>
  <p time="2562599" is_ac="true">stomach potatoes fennel this looks</p>
  <p time="2569319" is_ac="true">delicious all right the flavor of that</p>
  <p time="2572680" is_ac="true">vegetable it does taste like Swiss chard</p>
  <p time="2575880" is_ac="true">just perfectly green and flavorful and</p>
  <p time="2579000" is_ac="true">perfect chocolate sauce PS</p>
  <p time="2581400" is_ac="true">perfectly almost tastes like mustard</p>
  <p time="2583240" is_ac="true">greens and pairs perfectly with the</p>
  <p time="2585079" is_ac="true">tenderness of the the fourth stomach</p>
  <p time="2588319" is_ac="true">imag cheers that's</p>
  <p time="2591680" is_ac="true">tasty I'll fight you that is one of the</p>
  <p time="2594520" is_ac="true">most beautiful things I've ever seen</p>
  <p time="2595800" is_ac="true">I'll fight you a whole head of lettuce</p>
  <p time="2597680" is_ac="true">next up for the roast beef this is the</p>
  <p time="2599240" is_ac="true">most amazing plate of roast beef I've</p>
  <p time="2601400" is_ac="true">ever seen in my life I love the pool of</p>
  <p time="2604520" is_ac="true">juice on the bottom</p>
  <p time="2606720" is_ac="true">oh it sliced so</p>
  <p time="2611359" is_ac="true">thin so let's Let It absorb that beef</p>
  <p time="2623520" is_ac="true">juices that tastes like butter tastes</p>
  <p time="2626920" is_ac="true">like butter on the inside that is so</p>
  <p time="2630160" is_ac="true">rich oh man that is incredible there the</p>
  <p time="2633839" is_ac="true">pure Taste of the beef tastes like</p>
  <p time="2635319" is_ac="true">straight butter beef beef and I just</p>
  <p time="2636640" is_ac="true">love how it's just served cool fresh</p>
  <p time="2639119" is_ac="true">intensely beefy that's outstanding and</p>
  <p time="2642200" is_ac="true">now we're going to move directly into I</p>
  <p time="2644760" is_ac="true">love the presentation at this restaurant</p>
  <p time="2646599" is_ac="true">look at this like a whole head of</p>
  <p time="2648920" is_ac="true">lettuce on a plate we're in the heart of</p>
  <p time="2651240" is_ac="true">Florence and this is lettuce that comes</p>
  <p time="2653319" is_ac="true">1 km from 1 km</p>
  <p time="2658160" is_ac="true">away this is is real can I help</p>
  <p time="2665000" is_ac="true">you</p>
  <p time="2669280" is_ac="true">I think it's our first it's our first</p>
  <p time="2671040" is_ac="true">vegetable</p>
  <p time="2671880" is_ac="true">[Laughter]</p>
  <p time="2673839" is_ac="true">together oh man this roast</p>
  <p time="2676760" is_ac="true">beef something truly life-changing</p>
  <p time="2679280" is_ac="true">normally you get roast beef and 50/50</p>
  <p time="2682160" is_ac="true">it's like totally dried out and not that</p>
  <p time="2685280" is_ac="true">good this is life-changing roast beef</p>
  <p time="2688800" is_ac="true">drenched in butter soaked in butter</p>
  <p time="2691319" is_ac="true">transparent perfectly cooked so it's</p>
  <p time="2693119" is_ac="true">pink on the</p>
  <p time="2694960" is_ac="true">inside</p>
  <p time="2698720" is_ac="true">oh wow I'm going to call that the best</p>
  <p time="2701960" is_ac="true">roast beef I've ever had in my life it's</p>
  <p time="2704119" is_ac="true">a new perspective on roast beef and</p>
  <p time="2705680" is_ac="true">these beans I am</p>
  <p time="2707800" is_ac="true">loving these</p>
  <p time="2711920" is_ac="true">beans that's the best roast beef I've</p>
  <p time="2714040" is_ac="true">ever had in my</p>
  <p time="2717680" is_ac="true">life this one is made uh in so that</p>
  <p time="2722000" is_ac="true">means is there is egg inside egg YK oh</p>
  <p time="2725559" is_ac="true">okay okay and uh we have the interior of</p>
  <p time="2728240" is_ac="true">the chicken the liver we got the the</p>
  <p time="2730960" is_ac="true">Comba okay the Comba</p>
  <p time="2735640" is_ac="true">Thea the crust and</p>
  <p time="2739319" is_ac="true">then we got the testicles okay yes yes</p>
  <p time="2743839" is_ac="true">the yellow one and the her yes and which</p>
  <p time="2746920" is_ac="true">one is called yes the yellow one oh</p>
  <p time="2749200" is_ac="true">that's big</p>
  <p time="2751839" is_ac="true">yes in Italy we got big</p>
  <p time="2754880" is_ac="true">one chicken chicken I'm sorry and uh you</p>
  <p time="2758880" is_ac="true">should eat any way all right okay so</p>
  <p time="2762319" is_ac="true">much all right so we've already</p>
  <p time="2764280" is_ac="true">eaten 35 dishes but this might be the</p>
  <p time="2767920" is_ac="true">most important of them all the chib this</p>
  <p time="2770319" is_ac="true">is what the the entire restaurant is</p>
  <p time="2772480" is_ac="true">named after this dish all the organs the</p>
  <p time="2775440" is_ac="true">testicles the rooster comb everything</p>
  <p time="2778000" is_ac="true">from the rooster in a lemon egg yolk</p>
  <p time="2780520" is_ac="true">sauce sprinkle of parsley that it's</p>
  <p time="2783520" is_ac="true">aromatic it's it looks incredible mark</p>
  <p time="2786200" is_ac="true">this is our first time eating testicles</p>
  <p time="2787920" is_ac="true">together well roosters oh it just kind</p>
  <p time="2790400" is_ac="true">of Pops it kind of feels like a a little</p>
  <p time="2793680" is_ac="true">balloon when you poke your fork into</p>
  <p time="2796079" is_ac="true">it here we go get a little sauce yeah I</p>
  <p time="2799760" is_ac="true">want to Sauce mine sauce your</p>
  <p time="2805160" is_ac="true">bowls</p>
  <p time="2807240" is_ac="true">wow what a</p>
  <p time="2809960" is_ac="true">texture that is so good that is that is</p>
  <p time="2814640" is_ac="true">elegant yeah</p>
  <p time="2817520" is_ac="true">almost is the texture of</p>
  <p time="2821760" is_ac="true">a what is the texture like melting</p>
  <p time="2824240" is_ac="true">cheese in your</p>
  <p time="2827200" is_ac="true">mouth kind of like it also reminded me</p>
  <p time="2830400" is_ac="true">of like a a big uh Bean like a a giant</p>
  <p time="2834599" is_ac="true">Lima Bean or something lima bean exactly</p>
  <p time="2836520" is_ac="true">yeah here we</p>
  <p time="2844720" is_ac="true">go come on wow that's</p>
  <p time="2848359" is_ac="true">ridiculous that sauce is incredible oh</p>
  <p time="2852559" is_ac="true">man oh and that bite I did taste the</p>
  <p time="2854640" is_ac="true">acid of the lemon juice in there and the</p>
  <p time="2856839" is_ac="true">texture again is just so gratifying it's</p>
  <p time="2861079" is_ac="true">super attractive it's not like you look</p>
  <p time="2862880" is_ac="true">at a rooster comb you think that's going</p>
  <p time="2864119" is_ac="true">to be gross like either chewy or soggy</p>
  <p time="2867240" is_ac="true">or Tender it almost has the flavor of</p>
  <p time="2869520" is_ac="true">bacon to be honest with you flavor and</p>
  <p time="2871720" is_ac="true">texture of bacon okay</p>
  <p time="2874720" is_ac="true">liver oh that is so</p>
  <p time="2879160" is_ac="true">soft look at the inside oh cooked</p>
  <p time="2881599" is_ac="true">perfectly is it pink it</p>
  <p time="2887079" is_ac="true">is oh</p>
  <p time="2889559" is_ac="true">God I</p>
  <p time="2891240" is_ac="true">mean it's so</p>
  <p time="2893040" is_ac="true">[Music]</p>
  <p time="2894280" is_ac="true">creamy that's world</p>
  <p time="2896880" is_ac="true">class that is incredible so rich</p>
  <p time="2901760" is_ac="true">so such a just</p>
  <p time="2904640" is_ac="true">absolutely a beautiful way to prepare</p>
  <p time="2907440" is_ac="true">all the organs and all the odd bits of a</p>
  <p time="2909359" is_ac="true">rooster not letting anything go to waste</p>
  <p time="2912680" is_ac="true">so we've got some beautiful desserts I'm</p>
  <p time="2914760" is_ac="true">going to start with the panacotta with</p>
  <p time="2917480" is_ac="true">caramel</p>
  <p time="2926119" is_ac="true">oh wow the panacotta is so thick one of</p>
  <p time="2930200" is_ac="true">the thickest panac cotas I've had some</p>
  <p time="2932079" is_ac="true">some panas can be more light and fluffy</p>
  <p time="2935200" is_ac="true">this one is is just full richness full</p>
  <p time="2937760" is_ac="true">cream butter next up the fruit and nut</p>
  <p time="2942160" is_ac="true">um tart did she say yeah honey and dried</p>
  <p time="2947280" is_ac="true">fruits honey dried fruits and but ice</p>
  <p time="2955240" is_ac="true">cream the fruit nut the</p>
  <p time="2958920" is_ac="true">honey it's</p>
  <p time="2961280" is_ac="true">incredible famous their desserts are</p>
  <p time="2964119" is_ac="true">really topnotch very nice meeting</p>
  <p time="2967839" is_ac="true">you thank you very much thank you for</p>
  <p time="2971040" is_ac="true">yes</p>
  <p time="2973119" is_ac="true">incredible man Florence what an</p>
  <p time="2976240" is_ac="true">incredible City immense history</p>
  <p time="2980000" is_ac="true">delicious food and what a well-rounded</p>
  <p time="2983440" is_ac="true">tour that we've had today I want to say</p>
  <p time="2985319" is_ac="true">huge thank you to my friend Eduardo to</p>
  <p time="2987960" is_ac="true">Mr</p>
  <p time="2989240" is_ac="true">tter to Jeffrey for everyone who helped</p>
  <p time="2992599" is_ac="true">who hung out who uh just we had an</p>
  <p time="2995119" is_ac="true">incredible time eating our way through</p>
  <p time="2997040" is_ac="true">Florence and I'll have all the</p>
  <p time="2998119" is_ac="true">information in the description box below</p>
  <p time="2999960" is_ac="true">that you can check out remember to give</p>
  <p time="3001799" is_ac="true">this video a thumbs up if you enjoyed it</p>
  <p time="3003280" is_ac="true">leave a comment below I'd love to hear</p>
  <p time="3004880" is_ac="true">from you and if you're not already</p>
  <p time="3006680" is_ac="true">subscribed make sure you subscribe now</p>
  <p time="3008319" is_ac="true">because you're not going to want to miss</p>
  <p time="3010000" is_ac="true">more Italian food coming your way stay</p>
  <p time="3013000" is_ac="true">tuned good night from Florence</p>
</text>
