<?xml version='1.0' encoding='UTF-8'?>
<text date_d="14" date_m="11" date_y="2022" format="srv3" age_limit="0" comment_count="633" description="Go to https://NordVPN.com/JOLLY or use code JOLLY to save 65% on a 2-year plan - with Nord's advanced cybersecurity package and FREE anti-malware features. Plus you get FOUR MONTHS for FREE! Get your JOLLY merch at http://getjolly.store &#10;&#10;Today we take a reluctant Lord Z to experience some real Italian fast food! Veloce!&#10;&#10;Click here to buy Josh's bestselling autobiography! https://amzn.eu/d/73xtwcy&#10;&#10;Hit join and become a Jollybean member to join us in our members-only livestreams:&#10;https://www.youtube.com/jolly/join&#10;&#10;Special thanks to our Jollybean VIPs for supporting us in making this video!&#10;&#10;Nora yousef&#10;Bettie Meier&#10;AJ Villanueva&#10;Sweetzerlandia&#10;Noob_cabbageleaf&#10;Julian Leung&#10;G. J Chua&#10;Reilly Willoughby&#10;Li Winslow&#10;Yun Lim&#10;유경Ella&#10;Victor koh&#10;Anthony Jefferson&#10;Alex Kunis&#10;Koral JollyBean&#10;Uyen Ngo&#10;Diana Woon&#10;Patricia Veronica&#10;63angel&#10;Bada Choi&#10;Nurse Laykan&#10;heather owen&#10;CitrusQuill&#10;Clare&#10;Gloria Kwon&#10;lira12tan&#10;Andi526" fulltitle="Italy’s best fast food!" like_count="29181" location="na" playlist_title="na" release_date="na" upload_date="20221114" repost_count="na" tags="JOLLY; josh; ollie; British; UK; English; englishman; comedy; duo; food; react; try; tries; best; weirdest; craziest; series; online; guest; memes; Gentleman; Brits; international; spicy; spiciest; hottest; fire; noodles; snacks; fast food; best friends; infinite possibilities; gabie; kook; carrott; kendal; review; taste; test; steven lim; watcher; travel; sorted food; highschoolers; meme; tiktok; weird; rappers; actually good; paris; london; L.A.; mcdonalds; michelin; crazy; " title="Italy’s best fast food!" uploader="JOLLY" view_count="854047" webpage_url="https://www.youtube.com/watch?v=rCAX9GfdWIw" autocaption="false">
  <p time="0" is_ac="false">Okay, lovely Alfresco dining.</p>
  <p time="2400" is_ac="false">Beautiful, between all the gas 
and the pollution of the cars...</p>
  <p time="7520" is_ac="false">For the next stop on our 
neverending crescendo of a trip,</p>
  <p time="10240" is_ac="false">We convinced Lord Z to show us 
some real Italian fast food.</p>
  <p time="14200" is_ac="false">Take the sandwich!</p>
  <p time="15640" is_ac="false">He couldn’t have been more excited.</p>
  <p time="18120" is_ac="false">He does not want to be in here for long.</p>
  <p time="20560" is_ac="false">It's like seeing a fish out of water.</p>
  <p time="22120" is_ac="false">Get in, get out.</p>
  <p time="23360" is_ac="false">There is no wine cellar.</p>
  <p time="24880" is_ac="false">Not enjoying.</p>
  <p time="25680" is_ac="false">Therefore, Z doesn't know what to do.</p>
  <p time="27720" is_ac="false">Cheers guys!</p>
  <p time="28600" is_ac="false">Italy.</p>
  <p time="30120" is_ac="false">To Italian fast food.</p>
  <p time="32640" is_ac="false">We are at the side of a highway.</p>
  <p time="34200" is_ac="false">Yeah.</p>
  <p time="34720" is_ac="false">At Autogrill.</p>
  <p time="35760" is_ac="false">In Italian it's called Autogrill.</p>
  <p time="37480" is_ac="false">"Autogrill".</p>
  <p time="38400" is_ac="false">So what do we have first?</p>
  <p time="39080" is_ac="false">This looks good!</p>
  <p time="40560" is_ac="false">Actually it's not bad.</p>
  <p time="41280" is_ac="false">That looks almost as good as the one we had in…</p>
  <p time="43520" is_ac="false">- Don't say stuff like that.
 - Okay, okay, sorry.</p>
  <p time="45480" is_ac="false">I said almost. I said almost.</p>
  <p time="46880" is_ac="false">Obviously not. I mean it's not 
going to taste as good, I know that.</p>
  <p time="49120" is_ac="false">Look at the colour.</p>
  <p time="50280" is_ac="false">It's our first ciabatta bread in Italy.</p>
  <p time="51640" is_ac="false">It's only to show the mozzarella, 
so they only put it outside.</p>
  <p time="54440" is_ac="false">Ohhhh. That's cheeky.</p>
  <p time="56160" is_ac="false">And also what is this?</p>
  <p time="58320" is_ac="false">What is that?</p>
  <p time="58920" is_ac="false">The world's saddest piece of salad.</p>
  <p time="61360" is_ac="false">What do you call this?</p>
  <p time="62000" is_ac="false">Ciabatta with prosciutto and buffalo mozzarella.</p>
  <p time="64080" is_ac="false">Okay.</p>
  <p time="65320" is_ac="false">Okay. I don't know about 
buffalo mozzarella, but...</p>
  <p time="70240" is_ac="false">- Yeah?
 - It is not bad.</p>
  <p time="72160" is_ac="false">Yeah!</p>
  <p time="74160" is_ac="false">Not bad at all.</p>
  <p time="74680" is_ac="false">Better than McDonald's.</p>
  <p time="75600" is_ac="false">It's way better than McDonald's.</p>
  <p time="76800" is_ac="false">If they sold that near our office...</p>
  <p time="78480" is_ac="false">You would get them.</p>
  <p time="79480" is_ac="false">Occasionally I'd get it.</p>
  <p time="80400" is_ac="false">- Yeah.
 - If I was in a hurry.</p>
  <p time="81480" is_ac="false">I'd get it all the time!</p>
  <p time="83840" is_ac="false">That actually looks good.</p>
  <p time="85360" is_ac="false">Yeah. And then you open it...
There's a whole tomato in there.</p>
  <p time="87360" is_ac="false">Okay.</p>
  <p time="88000" is_ac="false">Wow.</p>
  <p time="89280" is_ac="false">- There's a hole in the bread!
 - There's a hole!</p>
  <p time="92200" is_ac="false">It’s like when you open a crisp 
packet and it's mostly empty!</p>
  <p time="98440" is_ac="false">So this is called a Milanese. Is this 
like a traditional Milan sandwich?</p>
  <p time="102760" is_ac="false">I guess.</p>
  <p time="104400" is_ac="false">Okay. That is horrible.</p>
  <p time="105520" is_ac="false">It's breaded chicken, how bad can it be? In a roll?</p>
  <p time="109080" is_ac="false">That is horrible.</p>
  <p time="109960" is_ac="false">No. What is that sound?</p>
  <p time="111480" is_ac="false">Oh, crusty bread?</p>
  <p time="112840" is_ac="false">Even by English standards, 
that's genuinely like...</p>
  <p time="116440" is_ac="false">An abomination.</p>
  <p time="117880" is_ac="false">I couldn't eat it I'm sorry.</p>
  <p time="119800" is_ac="false">He's actually been quite respectful to the food.</p>
  <p time="122080" is_ac="false">I've been very respectful.</p>
  <p time="123480" is_ac="false">What is this one?</p>
  <p time="124640" is_ac="false">Focaccia.</p>
  <p time="126040" is_ac="false">Looks like there's a little 
bit of pistachio in here.</p>
  <p time="127200" is_ac="false">It's not bad. It's not bad.</p>
  <p time="127960" is_ac="false">Mozzarella cheese again?</p>
  <p time="129160" is_ac="false">Yeah. It's not bad, right?</p>
  <p time="131880" is_ac="false">If you come to Autogrill, you 
need to know what to order.</p>
  <p time="134320" is_ac="false">Yes, of course.</p>
  <p time="135040" is_ac="false">Stay the heck away from the milanese.</p>
  <p time="136880" is_ac="false">This you can.</p>
  <p time="137609" is_ac="false">This is fine.</p>
  <p time="138320" is_ac="false">This you can.</p>
  <p time="139008" is_ac="false">- This is good.
 - Yeah.</p>
  <p time="140200" is_ac="false">That's actually good.</p>
  <p time="141400" is_ac="false">It's herby.</p>
  <p time="142480" is_ac="false">What is that in there? Garlic?</p>
  <p time="144040" is_ac="false">I actually want more of that.</p>
  <p time="145800" is_ac="false">That is actually delicious.</p>
  <p time="147240" is_ac="false">That’s good.</p>
  <p time="148320" is_ac="false">I mean, it's not fancy at all.</p>
  <p time="150120" is_ac="false">This has one slice of mortadella. That's it.</p>
  <p time="153560" is_ac="false">There's a hair in there. I'm 
not going to eat it. I'm sorry.</p>
  <p time="155680" is_ac="false">No, are you serious?</p>
  <p time="156920" is_ac="false">Oh yeah, that's a hair.
It's okay. Look, Italian hair.</p>
  <p time="161840" is_ac="false">Just a quick shout out to NordVPN 
for sponsoring this episode.</p>
  <p time="165160" is_ac="false">You've probably heard a lot about NordVPN 
from Ollie's songs...</p>
  <p time="175361" is_ac="false">But Nord is not just any other VPN.</p>
  <p time="177361" is_ac="false">It's the fastest VPN on the planet.</p>
  <p time="179120" is_ac="false">And uses 5000 servers worldwide to keep your  </p>
  <p time="181640" is_ac="false">data safe and give you peace of 
mind while you browse online.</p>
  <p time="184240" is_ac="false">NordVPN features an advanced cybersecurity 
package to protect you from malware and viruses,</p>
  <p time="188720" is_ac="false">And their state-of-the-art threat 
protection feature can block trackers,</p>
  <p time="192160" is_ac="false">Annoying ads and criminals 
from accessing your data.</p>
  <p time="195699" is_ac="false">But it won't protect you from your best friend making an AI clone of you...</p>
  <p time="198560" is_ac="false">Right now, if you sign up for 
a plan using the code JOLLY,</p>
  <p time="201240" is_ac="false">Nord will give you up to 69% off as well as 
four months of protection absolutely free.</p>
  <p time="205800" is_ac="false">Their refund guarantee means you can try it now  </p>
  <p time="207800" is_ac="false">completely risk free and get your 
money back if you change your mind.</p>
  <p time="210400" is_ac="false">So if you want to support the channel and our 
content and protect yourself and your data,</p>
  <p time="215400" is_ac="false">Then click the link in the description or 
go to NordVPN.com/JOLLY</p>
  <p time="219960" is_ac="false">and get the fastest VPN on the planet.</p>
  <p time="222120" is_ac="false">And now back to the video.</p>
  <p time="224680" is_ac="false">There's a hair in there.</p>
  <p time="225840" is_ac="false">I'm not going to eat it. I'm sorry.</p>
  <p time="226920" is_ac="false">No, are you serious?</p>
  <p time="228120" is_ac="false">Oh yeah, that's a hair.
Look, Italian hair.</p>
  <p time="232640" is_ac="false">Now this looks good.</p>
  <p time="234040" is_ac="false">I feel like this is what I'm most excited about.</p>
  <p time="236040" is_ac="false">Soft cheese, ham, and is that mortadella?</p>
  <p time="238440" is_ac="false">It is mortadella.</p>
  <p time="239320" is_ac="false">Smoked ham.</p>
  <p time="239880" is_ac="false">And pistachio.</p>
  <p time="241320" is_ac="false">The bread looks great.</p>
  <p time="247000" is_ac="false">How is that?</p>
  <p time="247640" is_ac="false">It's warm.</p>
  <p time="250200" is_ac="false">Not bad?</p>
  <p time="250840" is_ac="false">I like it.</p>
  <p time="251640" is_ac="false">Which is better: this, this or this?</p>
  <p time="252840" is_ac="false">This is my favourite.</p>
  <p time="253600" is_ac="false">- Amazing.
 - This is definitely my favourite.</p>
  <p time="254800" is_ac="false">This is fresher. Lighter.</p>
  <p time="257320" is_ac="false">Yeah, it's fresh. It tastes fresh.</p>
  <p time="258840" is_ac="false">Amazing.</p>
  <p time="259360" is_ac="false">So somebody from the camera team got a pizza.</p>
  <p time="263600" is_ac="false">Oh, wow.</p>
  <p time="265240" is_ac="false">- Can we please take it through?
 - Luke you ordered a pizza?</p>
  <p time="267040" is_ac="false">Oh dear.</p>
  <p time="268000" is_ac="false">Something that I don't even know.</p>
  <p time="270160" is_ac="false">What is this? Is it pepperoni?</p>
  <p time="271280" is_ac="false">- That looks like a Tesco's basic pizza.
 - Look how dry it is.</p>
  <p time="275400" is_ac="false">It just looks like pizza to me.</p>
  <p time="277440" is_ac="false">No, no.</p>
  <p time="279280" is_ac="false">It just looks like pizza.</p>
  <p time="280120" is_ac="false">That looks like one of the worst 
looking pizzas I've ever seen.</p>
  <p time="283080" is_ac="false">And you ate it Luke. Was it good?</p>
  <p time="285120" is_ac="false">- Yeah.
- No...</p>
  <p time="286360" is_ac="false">Now this does feel like an insult to 
Italy. We're in Italy. You can't eat that.</p>
  <p time="290640" is_ac="false">Oh, it's actually softer than I expected.</p>
  <p time="292440" is_ac="false">I thought it was going to be hard.</p>
  <p time="293200" is_ac="false">Actually not bad.</p>
  <p time="294280" is_ac="false">No…</p>
  <p time="296280" is_ac="false">No, this is bad.</p>
  <p time="298480" is_ac="false">No, it's good.</p>
  <p time="299440" is_ac="false">It's not pizza dough.</p>
  <p time="300520" is_ac="false">The dough is something different.</p>
  <p time="302800" is_ac="false">Similar to ciabatta.</p>
  <p time="305480" is_ac="false">I think it's fine.</p>
  <p time="308560" is_ac="false">So Ducky's chowing down on our leftover Milanese.</p>
  <p time="310520" is_ac="false">That's the worst one Ducky. Have this!</p>
  <p time="313000" is_ac="false">I like it.</p>
  <p time="314040" is_ac="false">Have this one. Have this one. This 
one's better. This one's a lot better.</p>
  <p time="320200" is_ac="false">It really does. It really does.</p>
  <p time="321840" is_ac="false">That is terrible. You can't come to Italy 
and have that as the only pizza you have.</p>
  <p time="328200" is_ac="false">Tonight I'm going to take you to some pizza.</p>
  <p time="331680" is_ac="false">What do you think?</p>
  <p time="332520" is_ac="false">Real pizza. Real pizza.</p>
  <p time="334840" is_ac="false">I don't think it's going to 
get much better than this.</p>
  <p time="336480" is_ac="false">You're an idiot. You're an absolute idiot.</p>
  <p time="338560" is_ac="false">Finale.</p>
  <p time="339720" is_ac="false"> That looks good.</p>
  <p time="340440" is_ac="false">Sfogliatella.</p>
  <p time="341360" is_ac="false">That looks very good.</p>
  <p time="342120" is_ac="false">You know where they invented it?</p>
  <p time="344040" is_ac="false">In Naples. Season two…</p>
  <p time="346080" is_ac="false">This is custard.</p>
  <p time="348160" is_ac="false">Should be ricotta.</p>
  <p time="349080" is_ac="false">I thought it was just going to be like 
pastry all the way through like a croissant.</p>
  <p time="353280" is_ac="false">No!</p>
  <p time="354880" is_ac="false">It’s cream.</p>
  <p time="355680" is_ac="false">It's ricotta.</p>
  <p time="356680" is_ac="false">Ricotta cheese on the inside!</p>
  <p time="358840" is_ac="false">With orange?</p>
  <p time="360280" is_ac="false">Yeah.</p>
  <p time="360840" is_ac="false">Look at the layers of pastry though. That 
to me says like a high quality pastry.</p>
  <p time="366960" is_ac="false">It's not like a fast food pastry.</p>
  <p time="369640" is_ac="false">You're not going to believe 
this, but this is frozen.</p>
  <p time="372880" is_ac="false">So imagine how the fresh one tastes.</p>
  <p time="376840" is_ac="false">I like this. Don't get me wrong.</p>
  <p time="378120" is_ac="false">That's a frozen one?</p>
  <p time="378800" is_ac="false">Yeah. I like it.</p>
  <p time="379680" is_ac="false">That's the best thing we’ve had.</p>
  <p time="381880" is_ac="false">That is good.</p>
  <p time="382680" is_ac="false">Ducky, try that dessert.</p>
  <p time="384360" is_ac="false">Listen to the sound. The sound is crisp.</p>
  <p time="386000" is_ac="false">There’s one last element that I want you guys to try.</p>
  <p time="387840" is_ac="false">Oh, what's that?</p>
  <p time="389040" is_ac="false">So when Italians are in a rush and you're 
like, oh my God, there's nowhere to stop.</p>
  <p time="393840" is_ac="false">I'm kilometres away.</p>
  <p time="395600" is_ac="false">Yeah?</p>
  <p time="396440" is_ac="false">They take out a pocket coffee.</p>
  <p time="398640" is_ac="false">What the hell is a pocket coffee?</p>
  <p time="400960" is_ac="false">It looks like a ketchup sachet.</p>
  <p time="402520" is_ac="false">You're having us on. This can't be a thing.</p>
  <p time="405640" is_ac="false">No way.</p>
  <p time="407640" is_ac="false">Are you kidding?</p>
  <p time="408640" is_ac="false">No way.</p>
  <p time="411720" is_ac="false">It's like an Italian banana milk.</p>
  <p time="414080" is_ac="false">That's it. So if you're in the countryside, 
and you need some coffee… drink this.</p>
  <p time="417200" is_ac="false">Why is it so mini?</p>
  <p time="419160" is_ac="false">Why does it look like one of those little 
miniature foods.</p>
  <p time="421400" is_ac="false">Made for a miniature food channel on YouTube?</p>
  <p time="426640" is_ac="false">That’s it, done.</p>
  <p time="428400" is_ac="false">That is very sugary.</p>
  <p time="429821" is_ac="false">Done.</p>
  <p time="430388" is_ac="false">Did you just down it?</p>
  <p time="431328" is_ac="false">That's it.</p>
  <p time="434520" is_ac="false">It's just chocolate.</p>
  <p time="436480" is_ac="false">It just chocolate and coffee.</p>
  <p time="439360" is_ac="false">That's pretty good.</p>
  <p time="440640" is_ac="false">It's very sweet.</p>
  <p time="441520" is_ac="false">Crazy fast energy.</p>
  <p time="443160" is_ac="false">So it has to be super sweet.</p>
  <p time="444160" is_ac="false">Extremely strong flavour.</p>
  <p time="446520" is_ac="false">It's lovely. I like that!</p>
  <p time="448240" is_ac="false">Is it?</p>
  <p time="448787" is_ac="false">Yeah.</p>
  <p time="450400" is_ac="false">Yeah. I would eat that.</p>
  <p time="451480" is_ac="false">Yeah!</p>
  <p time="452400" is_ac="false">All right.</p>
  <p time="453160" is_ac="false">Well, Auto Grill. I don't 
know what I was expecting.</p>
  <p time="455880" is_ac="false">It probably lived down to my expectations.</p>
  <p time="457960" is_ac="false">What time is it?</p>
  <p time="460560" is_ac="false">Let's see if we can grab some McDonalds I guess.</p>
  <p time="463240" is_ac="false">He's livid.</p>
  <p time="464440" is_ac="false">He's walked away.</p>
  <p time="465840" is_ac="false">He's absolutely livid.</p>
  <p time="469360" is_ac="false">He's literally walking off.</p>
  <p time="470520" is_ac="false">He's literally gone.</p>
  <p time="471360" is_ac="false">Ciao!</p>
  <p time="477000" is_ac="false">He likes your Instagram.</p>
  <p time="479200" is_ac="false">He's got a fan!</p>
  <p time="481400" is_ac="false">He knows you!</p>
  <p time="482840" is_ac="false">You've met your first fan!</p>
  <p time="484600" is_ac="false">In Italy.</p>
  <p time="485640" is_ac="false">Ciao.</p>
  <p time="487560" is_ac="false">Lord Z!</p>
  <p time="489680" is_ac="false">I don't think I've ever seen 
Z looking bashful before.</p>
  <p time="495200" is_ac="false">He absolutely loves it.</p>
  <p time="498000" is_ac="false">Of all the places that 
we've been to though, Mr. Z.</p>
  <p time="500680" is_ac="false">How embarrassing. How embarrassing that it's here!</p>
  <p time="507400" is_ac="false">Ladies and gentlemen, we have pizza tonight.</p>
  <p time="509760" is_ac="false">Finally.</p>
  <p time="510960" is_ac="false">Carbonara pizza...?</p>
  <p time="515280" is_ac="false">Oh my gosh!</p>
  <p time="515840" is_ac="false">What?</p>
  <p time="516480" is_ac="false">Wait, wait, wait, wait!</p>
  <p time="520560" is_ac="false">Oh my gosh.</p>
  <p time="522400" is_ac="false">Oh, Ollie.!</p>
  <p time="524320" is_ac="false">Why and how is this on the menu?</p>
  <p time="526720" is_ac="false">The thing is, it looks, I 
think it looks incredible.</p>
  <p time="529360" is_ac="false">Sorry guys.</p>
  <p time="530600" is_ac="false">We have arrived. The journey is complete.</p>
</text>
