<?xml version='1.0' encoding='UTF-8'?>
<text date_d="19" date_m="11" date_y="2022" format="srv3" age_limit="0" comment_count="1700" description="Thanks to Established Titles for making this whole epic series possible! If you want to make someone a Lord or Lady, go to https://establishedtitles.com/JOLLY10 and use the code JOLLY10 to get an extra 10% off. Get your JOLLY merch at http://getjolly.store &#10;&#10;Today we wrap up our epic Italian food tour with a JOLLY trip to Italian McDonalds!&#10;&#10;Click here to buy Josh's bestselling autobiography! https://amzn.eu/d/73xtwcy&#10;&#10;Hit join and become a Jollybean member to join us in our members-only livestreams:&#10;https://www.youtube.com/jolly/join&#10;&#10;Special thanks to our Jollybean VIPs for supporting us in making this video!&#10;&#10;Nora yousef&#10;Bettie Meier&#10;AJ Villanueva&#10;Sweetzerlandia&#10;Noob_cabbageleaf&#10;Julian Leung&#10;G. J Chua&#10;Reilly Willoughby&#10;Li Winslow&#10;Yun Lim&#10;유경Ella&#10;Victor koh&#10;Anthony Jefferson&#10;Alex Kunis&#10;Koral JollyBean&#10;Uyen Ngo&#10;Diana Woon&#10;Patricia Veronica&#10;63angel&#10;Bada Choi&#10;Nurse Laykan&#10;heather owen&#10;CitrusQuill&#10;Clare&#10;Gloria Kwon&#10;lira12tan&#10;Andi526" fulltitle="Italian McDonalds is SO GOOD" like_count="45206" location="na" playlist_title="na" release_date="na" upload_date="20221119" repost_count="na" tags="JOLLY; josh; ollie; British; UK; English; englishman; comedy; duo; food; react; try; tries; best; weirdest; craziest; series; online; guest; memes; Gentleman; Brits; international; spicy; spiciest; hottest; fire; noodles; snacks; fast food; best friends; infinite possibilities; gabie; kook; carrott; kendal; review; taste; test; steven lim; watcher; travel; sorted food; highschoolers; meme; tiktok; weird; rappers; actually good; paris; london; L.A.; mcdonalds; michelin; crazy; " title="Italian McDonalds is SO GOOD" uploader="JOLLY" view_count="1484373" webpage_url="https://www.youtube.com/watch?v=N6rUuMYG3Gw" autocaption="false">
  <p time="0" is_ac="false">Alright, Mr Z's gone.</p>
  <p time="1560" is_ac="false">The cat's away, the rats will play.</p>
  <p time="4600" is_ac="false">Time for McDonald's!</p>
  <p time="5720" is_ac="false">This is what the entire trip has been leading up to.</p>
  <p time="8640" is_ac="false">Okay, that is not what we're saying here.</p>
  <p time="12040" is_ac="false">It is the culinary highlight of this trip.</p>
  <p time="14120" is_ac="false">No, what are you talking about?</p>
  <p time="15480" is_ac="false">The ultimate crescendo.</p>
  <p time="17320" is_ac="false">I thought that was the carbonara pizza.</p>
  <p time="20600" is_ac="false">Yeah, that was actually pretty great.</p>
  <p time="23160" is_ac="false">- Okay.
- Oh yeah.</p>
  <p time="24680" is_ac="false">“Tocca per ordinaire”
[Tap to order]</p>
  <p time="27000" is_ac="false">Italian panzerotti.</p>
  <p time="29120" is_ac="false">I thought that was a type of tank.</p>
  <p time="32000" is_ac="false">That's a panzer, not a panzerotti.</p>
  <p time="33480" is_ac="false">You can get Parmesan!</p>
  <p time="34680" is_ac="false">Parmigiano-Reggiano snack!
Doesn't that mean it's the proper Parmesan?</p>
  <p time="38040" is_ac="false">Alright, we need to speak to our lawyers.
We are now promoting a competitor.</p>
  <p time="42120" is_ac="false">Yes, technically our restaurant empire collapsed.</p>
  <p time="45360" is_ac="false">Okay, I don’t think it collapsed, we just closed it.</p>
  <p time="48800" is_ac="false">This. We should get this.
Anything with Parmigiano-Reggiano in it, </p>
  <p time="52840" is_ac="false">- Okay.
- I think we should get.</p>
  <p time="53800" is_ac="false">Is it just me or are the names longer here?</p>
  <p time="55760" is_ac="false">Especially when they insist on adding a Mc to everything.</p>
  <p time="60160" is_ac="false">What the heck is McCrunchy Bread?</p>
  <p time="62280" is_ac="false">Nutella filled croissant.</p>
  <p time="64400" is_ac="false">Alright, done.</p>
  <p time="65040" is_ac="false">47?</p>
  <p time="66160" is_ac="false">That's us.</p>
  <p time="67480" is_ac="false">Let's start. Breakfast.</p>
  <p time="68640" is_ac="false">Now this,
I was hoping it was going to be warm.</p>
  <p time="71880" is_ac="false">It's heavy.</p>
  <p time="72640" is_ac="false">Let's see what's inside.</p>
  <p time="76080" is_ac="false">Ohhhh yes.</p>
  <p time="80000" is_ac="false">Oh my gosh.</p>
  <p time="81360" is_ac="false">Oh! Dripped a little bit.</p>
  <p time="82760" is_ac="false">Nutella croissant.</p>
  <p time="84760" is_ac="false">Let's go for it.</p>
  <p time="85560" is_ac="false">It's like this croissant has a digestive system.</p>
  <p time="92160" is_ac="false">Right before you eat it.</p>
  <p time="94360" is_ac="false">I mean it's Nutella in a croissant.</p>
  <p time="97960" is_ac="false">Yeah, it turns out
croissant poo tastes exactly like Nutella.</p>
  <p time="102520" is_ac="false">And it's really good.</p>
  <p time="104680" is_ac="false">Next up, this.</p>
  <p time="106800" is_ac="false">Very curious about.</p>
  <p time="108120" is_ac="false">It looks like a Croque McDo,
which we were big fans of.</p>
  <p time="112200" is_ac="false">That's true.</p>
  <p time="112960" is_ac="false">Can you see the steam coming out of that?
That's hot!</p>
  <p time="122720" is_ac="false">That is disgusting.</p>
  <p time="125000" is_ac="false">The bread tastes like it's a week old!</p>
  <p time="127480" is_ac="false">And the cheese, literally,
I think that's just Dairylea cheese.</p>
  <p time="130120" is_ac="false">That does not live up to anything we've eaten.</p>
  <p time="131920" is_ac="false">Oh wait, what's this?</p>
  <p time="132920" is_ac="false">What does it say?</p>
  <p time="134120" is_ac="false">Why did you get me to read that?</p>
  <p time="137320" is_ac="false">You've read everything.</p>
  <p time="138360" is_ac="false">What does it say Ollie?</p>
  <p time="140480" is_ac="false">Wow.</p>
  <p time="141120" is_ac="false">Ohhh, yes!</p>
  <p time="143560" is_ac="false">This is the panzerotti.</p>
  <p time="145600" is_ac="false">The one with the really odd name.</p>
  <p time="146600" is_ac="false">Yes, panzerotti parmigiano reggiano,
or something.</p>
  <p time="150240" is_ac="false">It looks nothing like a tank.</p>
  <p time="152560" is_ac="false">It doesn't, it looks like an empanada.</p>
  <p time="154600" is_ac="false">- I don't know what that is.
- A little bit.</p>
  <p time="155800" is_ac="false">Mmm!</p>
  <p time="161040" is_ac="false">It's like a pizza pocket!</p>
  <p time="162880" is_ac="false">It's a calzoni-tino.</p>
  <p time="165040" is_ac="false">It's a mini calzone.</p>
  <p time="167440" is_ac="false">- It's quite good.
- Yeah.</p>
  <p time="168720" is_ac="false">- It's actually quite good.
- It’s very good.</p>
  <p time="170280" is_ac="false">It’s very good! Warm…</p>
  <p time="172080" is_ac="false">- It is very warm.
- Fluffy McDough.</p>
  <p time="173800" is_ac="false">The dough is very thick.</p>
  <p time="176080" is_ac="false">But, offset nicely with the cheese.</p>
  <p time="178080" is_ac="false">You can literally just have these for dinner.</p>
  <p time="179760" is_ac="false">Mr. Z would absolutely hate this.</p>
  <p time="181880" is_ac="false">But, that's a guilty pleasure right there.</p>
  <p time="184080" is_ac="false">That is a guilty pleasure. </p>
  <p time="186120" is_ac="false">Burger time. It's burger time.</p>
  <p time="187880" is_ac="false">My selection.</p>
  <p time="189560" is_ac="false">Selecionati d'agio bastianic...</p>
  <p time="194160" is_ac="false">You're doing that thing when you speak Korean,</p>
  <p time="196120" is_ac="false">- Your brain shuts down mid-word.
- Selecionati.</p>
  <p time="199520" is_ac="false">Wow, there's a lot going on here.</p>
  <p time="201080" is_ac="false">Pancetta,  deep fried cheese.
There's a lot of salad.</p>
  <p time="203920" is_ac="false">You know it's special because 
it comes with a flag.
 </p>
  <p time="206720" is_ac="false">- A black label flag.
- Yeah, exactly.</p>
  <p time="210600" is_ac="false">Oh! </p>
  <p time="212400" is_ac="false">There's a special sauce on the top.</p>
  <p time="214680" is_ac="false">Is it apple?</p>
  <p time="217000" is_ac="false">Some kind of sweet fruity sauce.</p>
  <p time="219240" is_ac="false">It might be apple sauce.</p>
  <p time="220280" is_ac="false">Before Ollie takes his bite, </p>
  <p time="221920" is_ac="false">We just want to give a quick thanks
to Established Titles.</p>
  <p time="224960" is_ac="false">For making this whole Italian food tour possible.</p>
  <p time="227600" is_ac="false">You may have seen Mr. Z being referred to as 
Lord Z a few times over the course of this trip.</p>
  <p time="232760" is_ac="false">Lord Z!
The fastest Lord in the land.</p>
  <p time="235160" is_ac="false">Where are you taking us to my Lord?</p>
  <p time="236640" is_ac="false">We started this week with a pasty old mister,</p>
  <p time="240800" is_ac="false">And now we're with a majestic Lord.</p>
  <p time="243000" is_ac="false">Majestic indeed.</p>
  <p time="244600" is_ac="false">We worked with a company 
called Established Titles.</p>
  <p time="246760" is_ac="false">You can buy a plot of land 
on their estate in Scotland.</p>
  <p time="250160" is_ac="false">At least one square foot that 
entitles you to change your name.</p>
  <p time="253680" is_ac="false">Established Titles work with the global charities 
One Tree Planted and Trees for the Future.</p>
  <p time="258360" is_ac="false">And they will plant a tree 
for every Lord they bequeath.</p>
  <p time="261920" is_ac="false">So once again we are super thankful to Established 
Titles for making this crazy content possible.</p>
  <p time="266920" is_ac="false">And if you want to see more epic series like this,</p>
  <p time="272120" is_ac="false">and use the code JOLLY10
to get an additional 10% off.</p>
  <p time="275280" is_ac="false">Bye!</p>
  <p time="277360" is_ac="false">See you later Lord Z!</p>
  <p time="283080" is_ac="false">There's a lot of flavour in that.</p>
  <p time="286520" is_ac="false">That's actually good.</p>
  <p time="288080" is_ac="false"> That is actually good.</p>
  <p time="289640" is_ac="false">That is definitely the best bastianic I've had.</p>
  <p time="292120" is_ac="false">Look at the cheese.</p>
  <p time="294200" is_ac="false">Is that...</p>
  <p time="295640" is_ac="false">Mozzarella?</p>
  <p time="296680" is_ac="false">Breaded melted cheese.</p>
  <p time="299240" is_ac="false">I actually freaking love this.</p>
  <p time="300840" is_ac="false">The thing is, we've often said this 
about premium McDonald's burgers.</p>
  <p time="304400" is_ac="false">You rarely crave it right?</p>
  <p time="305760" is_ac="false">I don't know if I'd get cravings for this.</p>
  <p time="307640" is_ac="false">Because the quality is too good.</p>
  <p time="310120" is_ac="false">McDonald's, you want it to be crappy. </p>
  <p time="312080" is_ac="false">Ronaldo, McDonaldino.</p>
  <p time="315360" is_ac="false">He is over delivering.</p>
  <p time="317120" is_ac="false">Alright, come on. McWrap.
What's it called?</p>
  <p time="319360" is_ac="false">McWrap la fumichato.</p>
  <p time="321200" is_ac="false">It looks like a chicken nugget in there.</p>
  <p time="327040" is_ac="false">I actually like that more than a burger.</p>
  <p time="329360" is_ac="false">No.</p>
  <p time="330120" is_ac="false">It's simple.</p>
  <p time="331160" is_ac="false">Josh, Josh you've lost touch.</p>
  <p time="334960" is_ac="false">You've lost touch.</p>
  <p time="335920" is_ac="false">Why?</p>
  <p time="336720" is_ac="false">- What is wrong with you? 
- What are you talking about?</p>
  <p time="338400" is_ac="false">What is wrong with you? </p>
  <p time="339440" is_ac="false">Normally, you look inside a McWrap, yeah?</p>
  <p time="343040" is_ac="false">There's a tiny little bit of chicken.</p>
  <p time="345040" is_ac="false">It's mostly batter.</p>
  <p time="346160" is_ac="false">- I’m livid. I’m actually livid.
- It's mostly batter. It's just depressing looking. </p>
  <p time="347960" is_ac="false">- That is stuffed full of chicken!
- I’m actually livid.</p>
  <p time="349920" is_ac="false">- Look how much chicken there is in that.
- This is what Mr. Z felt like,</p>
  <p time="352360" is_ac="false">When I told him I love carbonara pizza, isn’t it?</p>
  <p time="355040" is_ac="false">Have you noticed they only apply the Mc
to the American words?</p>
  <p time="359680" is_ac="false">Oh really?</p>
  <p time="360680" is_ac="false">When it's an Italian word
you don't get a Mc-whatever-that-is.</p>
  <p time="364080" is_ac="false">- I'm not going to read that out.
- McCrunchy Bread. </p>
  <p time="366160" is_ac="false">Oh yeah, it's not McParmigiano.</p>
  <p time="368560" is_ac="false">And then on the wrap,  </p>
  <p time="369520" is_ac="false">Where's the top of the wrap?</p>
  <p time="370560" is_ac="false">McWrap.</p>
  <p time="371760" is_ac="false">The Mc is applied to the American word.</p>
  <p time="373480" is_ac="false">Alright, we need a little side of parmigiano-reggiano.</p>
  <p time="376040" is_ac="false">This is nuts.</p>
  <p time="378200" is_ac="false">A McDonald's packet of parmesan.</p>
  <p time="380480" is_ac="false">And instead of coming grated,
it literally comes in a little block.</p>
  <p time="384880" is_ac="false">Oh, you know what we should do?</p>
  <p time="386200" is_ac="false">We should do what the parmesan growers told us.</p>
  <p time="389880" is_ac="false">A little bit of balsamico.</p>
  <p time="395000" is_ac="false">Yes!</p>
  <p time="396720" is_ac="false">Two days ago we were eating what is probably 
the best parmesan in the entire world.</p>
  <p time="400920" is_ac="false">It feels a little bit insulting 
to call this the same thing.</p>
  <p time="404680" is_ac="false">Oh yeah, okay. Okay.</p>
  <p time="415400" is_ac="false">- It's like... a tribute act.
- I mean this is ridiculous.</p>
  <p time="418960" is_ac="false">This is so ridiculous.</p>
  <p time="420440" is_ac="false">It’s like a tribute act in a very small pub.</p>
  <p time="423440" is_ac="false">I would say more than a tribute act, 
it's like someone singing at a karaoke.</p>
  <p time="427120" is_ac="false">It's like someone going up to the mic
and everyone is like, oh please.</p>
  <p time="431520" is_ac="false">Just sit down.</p>
  <p time="432440" is_ac="false">It is technically the same song.</p>
  <p time="436040" is_ac="false">Technically.</p>
  <p time="436800" is_ac="false">If you want to eat parmigiano-reggiano,  </p>
  <p time="439480" is_ac="false">Don't come to McDonalds.</p>
  <p time="440480" is_ac="false">Alright, time for dessert.</p>
  <p time="442320" is_ac="false">Okay.</p>
  <p time="443440" is_ac="false">First up...</p>
  <p time="444320" is_ac="false">- McCrunchy Bread.
- Ah yes.</p>
  <p time="446840" is_ac="false">Our old friend.</p>
  <p time="448720" is_ac="false">- No Italian name for this.
- Nope.</p>
  <p time="450360" is_ac="false">Because they just couldn't resist
putting a Mc in there.</p>
  <p time="453880" is_ac="false">- This looks like...
- Ooh!</p>
  <p time="456000" is_ac="false">- It looks like an English muffin.
- An english muffin.</p>
  <p time="457680" is_ac="false">But it's stuffed full of Nutella and
I guess they don't want to call it a muffin?</p>
  <p time="462680" is_ac="false">Well they don't want to put English
anywhere near that.</p>
  <p time="465160" is_ac="false">Because it's just devaluing.</p>
  <p time="467680" is_ac="false">Give it a bite.</p>
  <p time="470640" is_ac="false">It does sound crunchy.</p>
  <p time="472840" is_ac="false">It is crunchy.</p>
  <p time="474040" is_ac="false">It's also maybe the most dry thing
I've ever eaten.</p>
  <p time="476760" is_ac="false">It's literally an English muffin
with Nutella in it.</p>
  <p time="479200" is_ac="false">And also, the Nutella to bread ratio
is not doing it any favours.</p>
  <p time="484560" is_ac="false">Zero Euros invested.</p>
  <p time="486720" is_ac="false">Next up, whatever the heck this is.</p>
  <p time="489000" is_ac="false">it is a Crema Al Caffe di Gianduia.</p>
  <p time="495240" is_ac="false">No Mc in there!</p>
  <p time="496800" is_ac="false">So you know it's legit.</p>
  <p time="497720" is_ac="false">Do you eat that with a spoon?</p>
  <p time="499120" is_ac="false">Are you sure you don't just drink that?</p>
  <p time="502240" is_ac="false">What the heck? What is in there?</p>
  <p time="505320" is_ac="false">Did you get any of the coffee at the bottom?</p>
  <p time="508440" is_ac="false">Oh my gosh Josh, Josh.</p>
  <p time="509680" is_ac="false">Just get a lump of that.</p>
  <p time="511760" is_ac="false">- There's lumps?
- Dig out of the bottom.</p>
  <p time="513560" is_ac="false">Oh yeah.</p>
  <p time="514520" is_ac="false">Just have it, just have it!</p>
  <p time="516400" is_ac="false">I want some more.
I want some more.</p>
  <p time="519520" is_ac="false">It's like a coffee chocolate gelato…something.</p>
  <p time="525760" is_ac="false">With little crispy chocolatey bits.</p>
  <p time="528160" is_ac="false">Little crunchy bits on the inside.</p>
  <p time="530520" is_ac="false">With like an espresso smoothie thing on the top.</p>
  <p time="533240" is_ac="false">How the hell is that so good?</p>
  <p time="535920" is_ac="false">I mean you could literally serve that
in a fine dining restaurant.</p>
  <p time="540760" is_ac="false">That is so good.</p>
  <p time="542520" is_ac="false">Mr Z. He doesn't know what he's missing.</p>
  <p time="545720" is_ac="false">What? This thing?
We don't even know what it's called.</p>
  <p time="548080" is_ac="false">I don't even know what he's missing.</p>
  <p time="551000" is_ac="false">I would come to Italian McDonald's just for that.</p>
  <p time="554040" is_ac="false">I would come to Italy just for that.</p>
  <p time="556120" is_ac="false">I mean there are a lot of other reasons to come,
just add it to the list.</p>
  <p time="559000" is_ac="false">Lord Z is going to watch this,</p>
  <p time="562000" is_ac="false">- Your head is on the block.
- That and carbonara pizza. Fricking smashing it.</p>
  <p time="565560" is_ac="false">Tiramisu.</p>
  <p time="568720" is_ac="false">Wow, there’s literally
just two sponges on the bottom.</p>
  <p time="571960" is_ac="false">Some cream and chocolate powder on the top.</p>
  <p time="573440" is_ac="false">Cheers.</p>
  <p time="585760" is_ac="false">The chocolate powder lined the entire roof of my mouth.</p>
  <p time="588718" is_ac="false">Yeah that's terrible.</p>
  <p time="590160" is_ac="false">That's genuinely disgusting.
An insult to the name Tiramisu.</p>
  <p time="593080" is_ac="false">That's the worst Tiramisu I've had, ever.</p>
  <p time="595960" is_ac="false">Including all the Tiramisu I've eaten in London.</p>
  <p time="598680" is_ac="false">- Honestly.
- Okay I need some more of this guy to wash that away.</p>
  <p time="601680" is_ac="false">That has been Ronaldo McDonaldino.</p>
  <p time="606200" is_ac="false">Oh, no.</p>
  <p time="607400" is_ac="false">Here in Ferrara.
I’m just gonna say it:</p>
  <p time="609560" is_ac="false">Italian McDonald's is better than French McDonald's.</p>
  <p time="612880" is_ac="false">Wow, I didn't know we were...</p>
  <p time="614600" is_ac="false">- Top of the European league table.
- …pitting European countries against each other.</p>
  <p time="618040" is_ac="false">Trying to compare and start beef.</p>
  <p time="621160" is_ac="false">We're in a good position to do that,</p>
  <p time="622440" is_ac="false">Because we're super popular as 
English people in Europe right now.</p>
  <p time="625960" is_ac="false">Let us know in the comments another McDonald's 
in Europe or indeed anywhere in the world.</p>
  <p time="630800" is_ac="false">Where's the best McDonald's?</p>
  <p time="632520" is_ac="false">I do want to answer that question.</p>
  <p time="634120" is_ac="false">I do feel a little bit sick.</p>
  <p time="636000" is_ac="false">Got some McRegret to look forward to.</p>
  <p time="638680" is_ac="false">In the meantime...</p>
  <p time="640040" is_ac="false">We'll see you JOLLY soon!</p>
  <p time="641440" is_ac="false">See you JOLLY soon.
It doesn't feel quite right to end this beautiful...</p>
  <p time="645400" is_ac="false">Italian food trip series on this note but...
It's too late now.</p>
</text>
