<?xml version='1.0' encoding='UTF-8'?>
<text date_d="13" date_m="1" date_y="2024" format="srv3" age_limit="0" comment_count="977" description="🇮🇹 Italian Street Food in Florence: https://youtu.be/UIct1iwOqEY &#10;👕 T-shirts: https://store.migrationology.com/ &#10;🌶 Ghost Chili: https://amzn.to/3PNTvNQ &#10;&#10;NAPLES, ITALY - Welcome Naples, one of the Italian cultural and food capitals of the country. It’s very cool city with so much to explore and so today we’re going on a food tour to eat just a taste of some of the best Italian food and learn a little about this exciting Italian city! &#10;&#10;Huge thank you to Chiara and my friends from Culinary Backstreets (https://culinarybackstreets.com/)  for arranging this amazing day for me. Highly recommended in Naples or other cities where they offer tours. &#10;&#10;Here’s everything we ate on this Naples food tour: &#10;&#10;Pasticceria Capriccio - This old bakery in Naples is most famous for their Baba, a rum soaked cake, originating in Poland and France, but loved and adapted into Naples. &#10;&#10;Next up Chiara took us on an exploration of one of the oldest markets in Naples, a place where you can really see the culture and life of Naples. It loved the colorful mix of fresh vegetables, clothes, Maradona shops, and artisans. The main thing I tried in the market was Limonata a cosce aperte - “open legs lemonade” - lemon juice, sulfur water, and bicarbonate!&#10;&#10;È Pronto ‘O Mangià - Now we’re moving on to some of the best Italian food I’ve had - a variety of spaghetti pasta dishes, a truly Naples food institution. We tried spaghetti alle vongole - Neapolitan style spaghetti with clams, spaghetti alla Pignatiello - spaghetti with mixed seafood, and frittura di paranza - mixed fried seafood, all of which were outstanding. Without a doubt the seafood spaghetti was the best spaghetti of my life and cooked perfectly. &#10;&#10;Lombardi 1892 - You can’t go to Naples without eating pizza, and the original Neapolitan pizza. Pizza was invented in and around Naples, and they have the world’s original pizzeria. While we didn’t go to the original pizzeria, we went to a place that serves traditional Naples pizza and some of the best. This time, just had to go with the classic - Pizza Margherita - tomatoes, basil, buffalo mozzarella, and it was everything I hoped for! &#10;&#10;Sorbillo Pizza Fritta - Finally to wrap up this Italian street food tour in Naples I couldn't leave without trying deep fried pizza. I met up with some friends and deep fried pizza at Sorbillo Pizza Fritta. It’s definitely something that’s a little messy, but extremely tasty - loaded with melty oozing cheese and tomato sauce!&#10;&#10;If you love food, Naples is a city you have to visit. There’s always something unique and exciting everywhere you look - What a city! &#10;&#10;Social Media:&#10;Facebook: https://www.facebook.com/markwiensfoodvideos &#10;Instagram: https://www.instagram.com/migrationology/ &#10;Tiktok: https://www.tiktok.com/@markwiens &#10;&#10;👕 T-shirts: https://store.migrationology.com/ &#10;🌶 Ghost Chili: https://amzn.to/3PNTvNQ&#10;🎥 Camera gear I use: https://amzn.to/3FVdBUd &#10;(some of these are Amazon affiliate links)" fulltitle="Italian Street Food in Naples!! SEAFOOD SPAGHETTI + Pizza in Naples, Italy!!" like_count="24726" location="NAPLES" playlist_title="na" release_date="na" upload_date="20240113" repost_count="na" tags="Naples; Italian food; Italian street food; food tours; food; Italy food; best Italy food; best Italian food; best street food in Italy; Mark Wiens; Mark Wiens Italy; pizza; Neapolitan pizza; Naples pizza; Naples street food; Mark Wiens Naples; food in Naples; Italian food vlog; Italian food videos; " title="Italian Street Food in Naples!! SEAFOOD SPAGHETTI + Pizza in Naples, Italy!!" uploader="Mark Wiens" view_count="1257534" webpage_url="https://www.youtube.com/watch?v=nV8zOhYBHP4" autocaption="true">
  <p time="0" is_ac="true">[Music]</p>
  <p time="1719" is_ac="true">welcome to Naples today we're going on</p>
  <p time="3719" is_ac="true">an Italian street food tour and we're</p>
  <p time="5200" is_ac="true">also going to eat at some of the</p>
  <p time="6520" is_ac="true">institution local</p>
  <p time="10460" is_ac="true">[Music]</p>
  <p time="15600" is_ac="true">restaurants it's the best spaghetti I've</p>
  <p time="18119" is_ac="true">ever</p>
  <p time="18920" is_ac="true">had you can't come to Naples without</p>
  <p time="21480" is_ac="true">eating pizza neapolitan pizza the</p>
  <p time="25439" is_ac="true">original this is Naples on a plate w we</p>
  <p time="28800" is_ac="true">have Maradona represent</p>
  <p time="31680" is_ac="true">everywhere lemon juice op legs let's</p>
  <p time="35800" is_ac="true">find out what makes Naples one of the</p>
  <p time="38200" is_ac="true">best food cities in</p>
  <p time="39730" is_ac="true">[Music]</p>
  <p time="47960" is_ac="true">Italy hey everyone hope you're having an</p>
  <p time="50239" is_ac="true">amazing day it's Mark wans great to be</p>
  <p time="53199" is_ac="true">in Naples and this is one of the most</p>
  <p time="55640" is_ac="true">historical cities in Italy I love the</p>
  <p time="58280" is_ac="true">narrow cobblestone streets it's loud it</p>
  <p time="61600" is_ac="true">can be a little grungy but it's always</p>
  <p time="64879" is_ac="true">thrilling and we're going to meet up</p>
  <p time="67000" is_ac="true">today with Kara she's from culinary back</p>
  <p time="69520" is_ac="true">streets and they specialize in really</p>
  <p time="71320" is_ac="true">off the beaten path Local Food Tours</p>
  <p time="74479" is_ac="true">hello hello ni nice to meet you nice to</p>
  <p time="77560" is_ac="true">meet</p>
  <p time="80240" is_ac="true">you first of all yeah where are we where</p>
  <p time="82759" is_ac="true">are we going first hello hello first of</p>
  <p time="85479" is_ac="true">all we go to the caprito bakery which is</p>
  <p time="88840" is_ac="true">an iconic uh Bakery for R Baba or Baba</p>
  <p time="95040" is_ac="true">room the best in town ni okay great</p>
  <p time="99079" is_ac="true">rulers settling in Naples to rule the</p>
  <p time="102320" is_ac="true">city so imagine Kings princes everyone</p>
  <p time="107159" is_ac="true">passed through these gates for kapana</p>
  <p time="110759" is_ac="true">because it led to Capa have you ever</p>
  <p time="113640" is_ac="true">heard about Spartacus the Gladiator yes</p>
  <p time="117119" is_ac="true">he was in CA ah okay so so we're going</p>
  <p time="120079" is_ac="true">to pass through the gate and that's a</p>
  <p time="121840" is_ac="true">Marble Arch it's an amazing City and</p>
  <p time="125240" is_ac="true">just the history the architecture how</p>
  <p time="127840" is_ac="true">things are just modern daily life is</p>
  <p time="130720" is_ac="true">just surrounded by ancient architecture</p>
  <p time="133879" is_ac="true">and</p>
  <p time="139760" is_ac="true">history oh okay and that's Nao football</p>
  <p time="144280" is_ac="true">team</p>
  <p time="148760" is_ac="true">yes so here we go we're starting at one</p>
  <p time="151440" is_ac="true">of the most legendary bakeries in the</p>
  <p time="155599" is_ac="true">city what exactly is a</p>
  <p time="158319" is_ac="true">babaa is a something very delicious it's</p>
  <p time="163920" is_ac="true">a a kind of Brios invented by a Polish</p>
  <p time="168200" is_ac="true">GMA oh better say was a zar in Exile was</p>
  <p time="173000" is_ac="true">San</p>
  <p time="174280" is_ac="true">linski and um he was in Exile in France</p>
  <p time="178840" is_ac="true">at that time French France was ruled by</p>
  <p time="182599" is_ac="true">Maria antonetta the one who was Beed the</p>
  <p time="185599" is_ac="true">queen and Louis 16 and as the queen of</p>
  <p time="189519" is_ac="true">France and the queen of Naples were two</p>
  <p time="192120" is_ac="true">sisters everything</p>
  <p time="195040" is_ac="true">invented in Naples and having a certain</p>
  <p time="198040" is_ac="true">success was imitated also here in and</p>
  <p time="202280" is_ac="true">the bab arrived here and it's a kind of</p>
  <p time="205120" is_ac="true">Brios which must raise three times it's</p>
  <p time="208439" is_ac="true">very difficult to be made at home after</p>
  <p time="212439" is_ac="true">baking they soak it in the room which is</p>
  <p time="217239" is_ac="true">not only rum I say homeopathic quantity</p>
  <p time="220959" is_ac="true">of rum together with water and sugar</p>
  <p time="224879" is_ac="true">they soak it they squeeze it and the ba</p>
  <p time="228200" is_ac="true">is</p>
  <p time="231079" is_ac="true">ready back to the depths of the kitchen</p>
  <p time="233360" is_ac="true">to see more of the Baba</p>
  <p time="238439" is_ac="true">process oh</p>
  <p time="240879" is_ac="true">and he's the fourth generation of his</p>
  <p time="243159" is_ac="true">family wow okay okay so Baba is</p>
  <p time="245760" is_ac="true">something with so much cultural</p>
  <p time="247480" is_ac="true">significance in uh in Naples and it's a</p>
  <p time="250920" is_ac="true">cake but it's really bubbly and Airy and</p>
  <p time="253959" is_ac="true">you smell the aroma of the rum and</p>
  <p time="256000" is_ac="true">there's different shapes and sizes and</p>
  <p time="257639" is_ac="true">even like different sculptures of Baba</p>
  <p time="260320" is_ac="true">and it has so much cultural meaning and</p>
  <p time="262840" is_ac="true">significance and it's really a huge part</p>
  <p time="265080" is_ac="true">of the culture though it's only fitting</p>
  <p time="266639" is_ac="true">that that's what we're starting with the</p>
  <p time="270120" is_ac="true">Baba 500 Baba per day oh and here it is</p>
  <p time="272919" is_ac="true">in the in the oven</p>
  <p time="275759" is_ac="true">baking many different</p>
  <p time="278280" is_ac="true">sizes</p>
  <p time="282000" is_ac="true">shapes all of these are</p>
  <p time="290800" is_ac="true">Baba</p>
  <p time="294850" is_ac="true">[Music]</p>
  <p time="297880" is_ac="true">see so this is more rum or syrup no no</p>
  <p time="301199" is_ac="true">this is the rum this is the rum with</p>
  <p time="302840" is_ac="true">syrup with the syrup and sugar okay okay</p>
  <p time="306039" is_ac="true">they have some seeding here on the</p>
  <p time="310000" is_ac="true">outside oh yes this is it's such a cool</p>
  <p time="313440" is_ac="true">place it's a Heritage and old school</p>
  <p time="315080" is_ac="true">Bakery very locally popular and again</p>
  <p time="317479" is_ac="true">they're famous for the Baba all</p>
  <p time="319639" is_ac="true">different shapes and sizes with such a</p>
  <p time="321520" is_ac="true">cool history we got the classic just a</p>
  <p time="323960" is_ac="true">personal sized which kind of looks like</p>
  <p time="325639" is_ac="true">a giant mushroom and you can smell that</p>
  <p time="327759" is_ac="true">Aroma as soon as you order it it's</p>
  <p time="329199" is_ac="true">already been soaked in the sugar syrup</p>
  <p time="331240" is_ac="true">water and then rung out but then once</p>
  <p time="333080" is_ac="true">you order he just showers it gives it</p>
  <p time="334880" is_ac="true">another drenching in that sugar syrup</p>
  <p time="337720" is_ac="true">water with rum and the</p>
  <p time="340039" is_ac="true">aroma smells so good all right bonao so</p>
  <p time="343880" is_ac="true">you just kind of dig in wherever or do</p>
  <p time="346199" is_ac="true">you maybe the proof is that it must cry</p>
  <p time="351160" is_ac="true">cry so who it's really fluffy and spongy</p>
  <p time="356160" is_ac="true">all that syrup look at that texture in</p>
  <p time="358000" is_ac="true">there by</p>
  <p time="363920" is_ac="true">[Music]</p>
  <p time="365840" is_ac="true">mhm all the flavor of the rum</p>
  <p time="370280" is_ac="true">mhm that is so</p>
  <p time="372360" is_ac="true">good it's so fluffy and spongy it's so</p>
  <p time="375639" is_ac="true">fluffy and spongy but it's also so</p>
  <p time="378039" is_ac="true">delicate you don't perceive</p>
  <p time="381880" is_ac="true">the uh</p>
  <p time="383759" is_ac="true">the big quantity of rum it's like you</p>
  <p time="387800" is_ac="true">can really taste the flavor of the rum</p>
  <p time="389639" is_ac="true">but it's not that strong of R but the</p>
  <p time="391639" is_ac="true">the flavor is there the sweetness is</p>
  <p time="393880" is_ac="true">there it's so juicy and wet exact that's</p>
  <p time="397440" is_ac="true">what makes it so good so juicy and</p>
  <p time="404880" is_ac="true">wet really nice not a huge cake lover</p>
  <p time="409160" is_ac="true">but this is really good because it's</p>
  <p time="410120" is_ac="true">like a a beverage at the same time as</p>
  <p time="411840" is_ac="true">you have a cake and it goes down really</p>
  <p time="413520" is_ac="true">well because it's so so</p>
  <p time="417400" is_ac="true">fluffy and that Baba's perfect with</p>
  <p time="420319" is_ac="true">coffee you need</p>
  <p time="424199" is_ac="true">coffee yes I mean napoi is known for</p>
  <p time="426919" is_ac="true">coffee as well</p>
  <p time="434800" is_ac="true">yeah we're moving on to the market</p>
  <p time="438440" is_ac="true">and Club Napoli football they take</p>
  <p time="441560" is_ac="true">football very seriously here in Naples</p>
  <p time="445199" is_ac="true">uh and you'll just see all over the city</p>
  <p time="448000" is_ac="true">the fans the streamers the emblems the</p>
  <p time="452360" is_ac="true">symbol of the donkey which represents</p>
  <p time="454160" is_ac="true">the football club in</p>
  <p time="459840" is_ac="true">Napoli Pas oh okay great and he</p>
  <p time="462960" is_ac="true">represents the third generation of his</p>
  <p time="465400" is_ac="true">family running this business uh this is</p>
  <p time="468919" is_ac="true">the Bank of the water ah okay all the</p>
  <p time="472440" is_ac="true">oranges the citus all the lemons and</p>
  <p time="475919" is_ac="true">he's going to prepare for you a very</p>
  <p time="478800" is_ac="true">iconic</p>
  <p time="479840" is_ac="true">Neapolitan drink</p>
  <p time="483440" is_ac="true">Lon if we want to translate it it means</p>
  <p time="487080" is_ac="true">Lon Juice open legs so it's a</p>
  <p time="494720" is_ac="true">lemon oh it's freshly squeezed</p>
  <p time="500000" is_ac="true">yes wo the machine is 70 years the water</p>
  <p time="504000" is_ac="true">comes from T oh so it's natural mineral</p>
  <p time="507159" is_ac="true">water if you smile it it's like uh this</p>
  <p time="511199" is_ac="true">is a healthy water with many many</p>
  <p time="514719" is_ac="true">different properties good for health for</p>
  <p time="518479" is_ac="true">stomach for head and also when you drink</p>
  <p time="521479" is_ac="true">too much good for Ang over oh yeah that</p>
  <p time="525240" is_ac="true">has a sulfuric Aroma to it this is the</p>
  <p time="528920" is_ac="true">water this is many medicinal benefits</p>
  <p time="530959" is_ac="true">health benefits and then gra and then</p>
  <p time="533560" is_ac="true">now we're about to see what he adds next</p>
  <p time="535839" is_ac="true">but it's a a spoon of sodium bicarbonate</p>
  <p time="538440" is_ac="true">I believe</p>
  <p time="540200" is_ac="true">H okay there it's going in</p>
  <p time="555959" is_ac="true">open oh wow oh that's</p>
  <p time="559839" is_ac="true">incredible oh the lemon it's not sweet</p>
  <p time="562959" is_ac="true">at all it's just straight lemon it's uh</p>
  <p time="565959" is_ac="true">that mineral</p>
  <p time="567959" is_ac="true">water oh</p>
  <p time="570000" is_ac="true">and the gases that just all those</p>
  <p time="572360" is_ac="true">bubbles oh that's so good that's so</p>
  <p time="575760" is_ac="true">refreshing I love it a little bit salty</p>
  <p time="579079" is_ac="true">man the nutrients the the vitamins the</p>
  <p time="582640" is_ac="true">electrolyte you can just feel the</p>
  <p time="584079" is_ac="true">electrolytes in that that's so</p>
  <p time="585279" is_ac="true">satisfying I absolutely love that and</p>
  <p time="587519" is_ac="true">you literally have to spread your legs</p>
  <p time="590519" is_ac="true">so that you just don't soak yourself</p>
  <p time="592519" is_ac="true">because it just it just bubbles non-stop</p>
  <p time="595360" is_ac="true">overflows over the edge of the cup</p>
  <p time="596800" is_ac="true">that's oh that's delicious I could drink</p>
  <p time="598279" is_ac="true">that every day</p>
  <p time="601320" is_ac="true">so this Market is 500 years who it is</p>
  <p time="606480" is_ac="true">the market known in Naples with the name</p>
  <p time="611320" is_ac="true">of Borgo d s anonio as the protector of</p>
  <p time="616800" is_ac="true">this neighborhood is s Antonio B okay</p>
  <p time="621440" is_ac="true">such a cool Market just a sprw of</p>
  <p time="623800" is_ac="true">vegetables fresh produce you can buy</p>
  <p time="626160" is_ac="true">clothes and shoes looks like basically</p>
  <p time="629120" is_ac="true">everything you need for your daily life</p>
  <p time="630920" is_ac="true">you could buy at this Market sprawling</p>
  <p time="633399" is_ac="true">on the streets of Naples just surrounded</p>
  <p time="636680" is_ac="true">by the ancient architecture by the old</p>
  <p time="639160" is_ac="true">walls this is I mean Multicultural just</p>
  <p time="643480" is_ac="true">representing Naples what a</p>
  <p time="653600" is_ac="true">market and it's just a it's just a</p>
  <p time="656720" is_ac="true">hugely sprawling yes brawling Market you</p>
  <p time="659880" is_ac="true">never would have known from the entrance</p>
  <p time="661120" is_ac="true">of the street that it's such a busy</p>
  <p time="663440" is_ac="true">vibrant Market hello and this is the</p>
  <p time="666519" is_ac="true">football team yeah and you'll see</p>
  <p time="668720" is_ac="true">Maradona is celebrated in Napoli because</p>
  <p time="671480" is_ac="true">he formerly played here in Napoli oh wow</p>
  <p time="675160" is_ac="true">the protector of soccer place he's a</p>
  <p time="678000" is_ac="true">saint of the city I don't think you can</p>
  <p time="681399" is_ac="true">overestimate the intensity and just like</p>
  <p time="685440" is_ac="true">the the love of football in Naples and I</p>
  <p time="688760" is_ac="true">know</p>
  <p time="689639" is_ac="true">many other teams they they don't like</p>
  <p time="691480" is_ac="true">coming to Naples cuz the fans are just</p>
  <p time="693680" is_ac="true">so hardcore so</p>
  <p time="696270" is_ac="true">[Music]</p>
  <p time="699519" is_ac="true">intense I mean one of the greatest</p>
  <p time="701600" is_ac="true">things that you'll love about Naples are</p>
  <p time="703200" is_ac="true">these iconic narrow alleys have you seen</p>
  <p time="705880" is_ac="true">all the signs in the local market he's</p>
  <p time="708839" is_ac="true">the only one who paints</p>
  <p time="717079" is_ac="true">this this is the</p>
  <p time="719560" is_ac="true">rain the kingdom of pasala who is the I</p>
  <p time="723480" is_ac="true">told you the last sign maker of the city</p>
  <p time="727560" is_ac="true">wow and the only one family of sign</p>
  <p time="731120" is_ac="true">makers down the alley and within the</p>
  <p time="733360" is_ac="true">shop house he we were meeting with he's</p>
  <p time="735680" is_ac="true">the last traditional hand sign painter</p>
  <p time="739680" is_ac="true">in</p>
  <p time="740480" is_ac="true">Naples it's really an honor and he does</p>
  <p time="742959" is_ac="true">everything by hand painting especially</p>
  <p time="744440" is_ac="true">for restaurants especially signs menus</p>
  <p time="747040" is_ac="true">used to be common but now is a is a lost</p>
  <p time="749720" is_ac="true">art so he</p>
  <p time="751399" is_ac="true">is W</p>
  <p time="756320" is_ac="true">incredible wow oh man such a cool</p>
  <p time="761760" is_ac="true">place we got a gift for my son and it's</p>
  <p time="764600" is_ac="true">his own font that he invented his own</p>
  <p time="766959" is_ac="true">style that was so</p>
  <p time="773519" is_ac="true">cool</p>
  <p time="775360" is_ac="true">okay this entire square is just</p>
  <p time="777639" is_ac="true">dedicated to Diego Maradona Diego</p>
  <p time="780160" is_ac="true">Maradona Shrine we've got this whole</p>
  <p time="782519" is_ac="true">Square here just decorated in the the</p>
  <p time="784480" is_ac="true">blue colors of Napoli football</p>
  <p time="787440" is_ac="true">field Italian</p>
  <p time="789959" is_ac="true">flag wow what a square man so</p>
  <p time="796800" is_ac="true">cool yes oh man Maradona represented</p>
  <p time="803320" is_ac="true">everywhere next up we're stopping into</p>
  <p time="805680" is_ac="true">an old restaurant called AO Mana ready</p>
  <p time="808440" is_ac="true">to eat it's a local old style Neapolitan</p>
  <p time="812839" is_ac="true">restaurant oh what a</p>
  <p time="816639" is_ac="true">restaurant man this this restaurant you</p>
  <p time="818920" is_ac="true">just see the Antiques you see the</p>
  <p time="821880" is_ac="true">pictures on the wall representing the</p>
  <p time="824120" is_ac="true">history of Naples this is a classic an</p>
  <p time="826360" is_ac="true">institution restaurant and we stopped</p>
  <p time="828440" is_ac="true">here I mean their entire menu is full of</p>
  <p time="830680" is_ac="true">just classic essential Naples Neapolitan</p>
  <p time="834120" is_ac="true">dishes and we're going to get into the</p>
  <p time="835800" is_ac="true">kitchen to see what they're cooking for</p>
  <p time="837320" is_ac="true">us oh we're coming in the kitchen now</p>
  <p time="839720" is_ac="true">Lou Antonio Chef okay Chef Antonio</p>
  <p time="842959" is_ac="true">Antonio</p>
  <p time="844519" is_ac="true">okay oh the fresh</p>
  <p time="847079" is_ac="true">seafood boiling octopus wow all the</p>
  <p time="851040" is_ac="true">aroma of that tomato sauce what are you</p>
  <p time="852920" is_ac="true">making</p>
  <p time="853920" is_ac="true">first and P</p>
  <p time="857760" is_ac="true">[Music]</p>
  <p time="867680" is_ac="true">okay oil and butter garlic Seafood goes</p>
  <p time="872600" is_ac="true">in this one is the classic clams this</p>
  <p time="875440" is_ac="true">one is a mix of seafood spaghetti</p>
  <p time="878000" is_ac="true">spaghetti that's the</p>
  <p time="882880" is_ac="true">spaghetti</p>
  <p time="885030" is_ac="true">[Music]</p>
  <p time="897279" is_ac="true">oh oh that octopus broth goes in</p>
  <p time="903079" is_ac="true">octopus all that fresh seafood is</p>
  <p time="905199" is_ac="true">simmered with that octopus broth with</p>
  <p time="907240" is_ac="true">the garlic with the butter and oil and</p>
  <p time="909680" is_ac="true">then he's just waiting he's very gentle</p>
  <p time="911360" is_ac="true">actually doesn't want to Stir It Up too</p>
  <p time="913240" is_ac="true">much just waiting till those clams and</p>
  <p time="914680" is_ac="true">the seafood like pops open naturally</p>
  <p time="916399" is_ac="true">from the heat from the</p>
  <p time="917759" is_ac="true">boiling yes it smells incredible that</p>
  <p time="920360" is_ac="true">octopus bra incredible that's the flavor</p>
  <p time="923560" is_ac="true">oh more octopus</p>
  <p time="926680" is_ac="true">broth feeding it with that</p>
  <p time="930720" is_ac="true">broth</p>
  <p time="932310" is_ac="true">[Music]</p>
  <p time="933399" is_ac="true">okay</p>
  <p time="936959" is_ac="true">wow all the seafood broth goes into the</p>
  <p time="941800" is_ac="true">spaghetti one minute okay 1 minutes</p>
  <p time="947800" is_ac="true">and all the</p>
  <p time="951519" is_ac="true">broth and parsley goes</p>
  <p time="957600" is_ac="true">in wow oh Twirls directly onto the plate</p>
  <p time="962000" is_ac="true">oh oh man those spaghetti making skills</p>
  <p time="965279" is_ac="true">that's in that is unbelievable so he he</p>
  <p time="967440" is_ac="true">waits for the seafood to cook perfectly</p>
  <p time="969600" is_ac="true">then he takes it out then he takes the</p>
  <p time="971319" is_ac="true">the spaghetti out he puts them into the</p>
  <p time="973160" is_ac="true">pan drains the juice the tomato juice</p>
  <p time="976519" is_ac="true">the garlic the infused flavor of that</p>
  <p time="979040" is_ac="true">Seafood into the broth and pours them</p>
  <p time="980519" is_ac="true">into the noodles Cooks the noodles the</p>
  <p time="982600" is_ac="true">the spaghetti until they're through and</p>
  <p time="984240" is_ac="true">then he combines them on the plate oh</p>
  <p time="986199" is_ac="true">man this is this is spaghetti Paradise</p>
  <p time="990079" is_ac="true">Antonio</p>
  <p time="994720" is_ac="true">amazing</p>
  <p time="997279" is_ac="true">amazing thank you thank</p>
  <p time="999440" is_ac="true">you so nice so friendly oh I can't wait</p>
  <p time="1002600" is_ac="true">to try</p>
  <p time="1004160" is_ac="true">ciao let's start here spaghetti with uh</p>
  <p time="1010480" is_ac="true">bongol uh these are shells actually okay</p>
  <p time="1014040" is_ac="true">and they must be eaten uh very quickly</p>
  <p time="1018160" is_ac="true">because otherwise they start being fresh</p>
  <p time="1021319" is_ac="true">um they start being sticky spaghetti is</p>
  <p time="1025799" is_ac="true">you know it's an Institute is</p>
  <p time="1028120" is_ac="true">O spaghetti oh man the Tomato Sal I'm</p>
  <p time="1031679" is_ac="true">going to try to twirl some some of that</p>
  <p time="1033400" is_ac="true">spaghetti and get oh there got one of</p>
  <p time="1035520" is_ac="true">those clams yeah all</p>
  <p time="1044439" is_ac="true">right</p>
  <p time="1047400" is_ac="true">oh</p>
  <p time="1048919" is_ac="true">wow</p>
  <p time="1053480" is_ac="true">Bishi man the flavor of the clams the</p>
  <p time="1057960" is_ac="true">flavor of the octopus broth the the</p>
  <p time="1061000" is_ac="true">tomato sauce in there all coming</p>
  <p time="1064120" is_ac="true">together coating every spaghetti it's so</p>
  <p time="1068320" is_ac="true">good the spaghetto is crunchy yes it's</p>
  <p time="1072280" is_ac="true">not sof like Americans</p>
  <p time="1076480" is_ac="true">toook alente</p>
  <p time="1078919" is_ac="true">perfectly it's notal American I'm joing</p>
  <p time="1081600" is_ac="true">of course but normally outside from</p>
  <p time="1085520" is_ac="true">Italy but this is the way I like to eat</p>
  <p time="1088240" is_ac="true">this is how I like to eat pasta how I</p>
  <p time="1089480" is_ac="true">like to eat spaghetti chewy you really</p>
  <p time="1092880" is_ac="true">feel the texture of it it doesn't get</p>
  <p time="1095320" is_ac="true">mushy on you it perfectly absorbs all</p>
  <p time="1097600" is_ac="true">that sauce and all that</p>
  <p time="1100159" is_ac="true">flavor that is stunning and then you can</p>
  <p time="1102640" is_ac="true">just nipp on the little the little clams</p>
  <p time="1105799" is_ac="true">that like they're tasty but I think it's</p>
  <p time="1108760" is_ac="true">the essence of the flavor of all those</p>
  <p time="1110200" is_ac="true">clams that just embeds within the</p>
  <p time="1111520" is_ac="true">spaghetti that makes it so good this is</p>
  <p time="1113159" is_ac="true">a mix of seafood with the c bonga</p>
  <p time="1117840" is_ac="true">octopus and</p>
  <p time="1119960" is_ac="true">canoli this is a typical type of shells</p>
  <p time="1124000" is_ac="true">you find here in Naples and it's a I</p>
  <p time="1127280" is_ac="true">think in English a razor can you see the</p>
  <p time="1129360" is_ac="true">small sh are not bong they are called</p>
  <p time="1132960" is_ac="true">lupini oh oh octopus there's razor clams</p>
  <p time="1136960" is_ac="true">in here yeah and then the Tomatoes the</p>
  <p time="1139360" is_ac="true">olives in here and one of the things</p>
  <p time="1140720" is_ac="true">that he did which I loved so much is</p>
  <p time="1142080" is_ac="true">that he when he finished it then he</p>
  <p time="1143360" is_ac="true">sprinkled on he drizzled on chili oil oh</p>
  <p time="1146679" is_ac="true">this is another</p>
  <p time="1147760" is_ac="true">just just beautiful spaghetti okay try</p>
  <p time="1151480" is_ac="true">that spaghetti first before trying that</p>
  <p time="1153000" is_ac="true">octopus</p>
  <p time="1154840" is_ac="true">so that's this this is a good</p>
  <p time="1159679" is_ac="true">moment oh</p>
  <p time="1161480" is_ac="true">wow the Tomato the chili oil The Parsley</p>
  <p time="1165799" is_ac="true">again the octopus broth that mix of</p>
  <p time="1167559" is_ac="true">seafood the just completely released</p>
  <p time="1169880" is_ac="true">into the the spaghetti okay and now we</p>
  <p time="1171679" is_ac="true">got to try that octopus let me just bite</p>
  <p time="1178760" is_ac="true">it octopus is so</p>
  <p time="1181640" is_ac="true">tender so meaty that's one of the</p>
  <p time="1184919" is_ac="true">greatest ples of spaghetti I've ever had</p>
  <p time="1186559" is_ac="true">in my life razor</p>
  <p time="1189150" is_ac="true">[Music]</p>
  <p time="1194200" is_ac="true">clam oh it's so sweet oh</p>
  <p time="1204400" is_ac="true">they have some more chili pepper on the</p>
  <p time="1205880" is_ac="true">table oh I love this place little</p>
  <p time="1210080" is_ac="true">chili oh there we</p>
  <p time="1215000" is_ac="true">go oh I mean all of this I mean they're</p>
  <p time="1218200" is_ac="true">all spectacular we still have one more</p>
  <p time="1219679" is_ac="true">to try one more pasta to try but that</p>
  <p time="1222919" is_ac="true">spaghetti with the mix of seafood I</p>
  <p time="1225280" is_ac="true">think is the the winner for me with that</p>
  <p time="1226760" is_ac="true">chili oil</p>
  <p time="1233559" is_ac="true">m wow you get an olive it and that gives</p>
  <p time="1237000" is_ac="true">you that extra Savory like pickled Briny</p>
  <p time="1240200" is_ac="true">taste in your mouth to go with that that</p>
  <p time="1241919" is_ac="true">seafood and all those flavors oh this is</p>
  <p time="1244080" is_ac="true">really really something</p>
  <p time="1247760" is_ac="true">spectacular</p>
  <p time="1250240" is_ac="true">okay let's try the next pasta this is</p>
  <p time="1252960" is_ac="true">called lailana it means the Sicilian</p>
  <p time="1256799" is_ac="true">pasta oh okay ah because it was it is a</p>
  <p time="1260120" is_ac="true">oh thank you it's a traditional pasta</p>
  <p time="1263840" is_ac="true">made with fresh tomato sauce and egg</p>
  <p time="1267600" is_ac="true">plants this is the traditional one so</p>
  <p time="1270760" is_ac="true">this is a sicilian Naples yes fresh</p>
  <p time="1274559" is_ac="true">tomato sauce but with the meat tomato</p>
  <p time="1277480" is_ac="true">sauce oh and there's muscles there's</p>
  <p time="1279120" is_ac="true">muscles in here too no they come from</p>
  <p time="1282080" is_ac="true">eggplant it's all eggplant okay well now</p>
  <p time="1284159" is_ac="true">it's starting to become lunchtime and</p>
  <p time="1285240" is_ac="true">lots of people have arrived so this is a</p>
  <p time="1287240" is_ac="true">Sicilian pasta but made na Naples style</p>
  <p time="1290640" is_ac="true">really tomato and this is something that</p>
  <p time="1292159" is_ac="true">I I was in the kitchen we were making</p>
  <p time="1293320" is_ac="true">the the spaghetti and they had some big</p>
  <p time="1296159" is_ac="true">pans of this and they were just dishing</p>
  <p time="1297480" is_ac="true">it out a lot of people were getting this</p>
  <p time="1298720" is_ac="true">for takeaway and I said we have to try</p>
  <p time="1300440" is_ac="true">this really vibrant with the tomato</p>
  <p time="1302320" is_ac="true">sauce and eggplant and I love eggplant</p>
  <p time="1304000" is_ac="true">I'll never miss an opportunity to eat</p>
  <p time="1310880" is_ac="true">eggplant oh it's so</p>
  <p time="1313320" is_ac="true">tomatoey just a Sprinkle of Parmesan</p>
  <p time="1315520" is_ac="true">cheese on top and the eggplant just</p>
  <p time="1317279" is_ac="true">melts into the pot</p>
  <p time="1327720" is_ac="true">again it's the best spaghetti I've ever</p>
  <p time="1331320" is_ac="true">had</p>
  <p time="1334520" is_ac="true">oh this iscal fish</p>
  <p time="1345550" is_ac="true">[Music]</p>
  <p time="1346960" is_ac="true">okay</p>
  <p time="1363279" is_ac="true">wow</p>
  <p time="1370600" is_ac="true">wow okay</p>
  <p time="1374600" is_ac="true">okay</p>
  <p time="1376159" is_ac="true">okay wow than thank you second course a</p>
  <p time="1380919" is_ac="true">platter of fresh fried seafood Naples</p>
  <p time="1384720" is_ac="true">style there's anchovies there's mullet</p>
  <p time="1386760" is_ac="true">the red mullet fish there's shrimp</p>
  <p time="1388240" is_ac="true">there's uh squid in there and just</p>
  <p time="1390760" is_ac="true">simple fried fresh sprinkled with salt</p>
  <p time="1393559" is_ac="true">served with wedges of lemon this is the</p>
  <p time="1395720" is_ac="true">typical FR parans which defin Fri stuff</p>
  <p time="1400799" is_ac="true">mainly Seafood uh but local I love how</p>
  <p time="1404279" is_ac="true">they serve it on a whole metal tray</p>
  <p time="1406919" is_ac="true">should we squeeze lemon first</p>
  <p time="1408520" is_ac="true">what would be the oh I think I I think I</p>
  <p time="1410640" is_ac="true">know</p>
  <p time="1411559" is_ac="true">the oh do you like it okay okay wait do</p>
  <p time="1415320" is_ac="true">we have a fork I think I learned the the</p>
  <p time="1417720" is_ac="true">Italian way to to sprinkle lemon let me</p>
  <p time="1420919" is_ac="true">see if I can do it you Fork the lemon</p>
  <p time="1423679" is_ac="true">and then that gives you a perfect</p>
  <p time="1425919" is_ac="true">oh perfect to squeeze</p>
  <p time="1431960" is_ac="true">on okay and traditionally eat it by hand</p>
  <p time="1434919" is_ac="true">I'm going to start with I think this is</p>
  <p time="1436120" is_ac="true">the mullet</p>
  <p time="1443600" is_ac="true">oh salty the flavor of the lemon juice</p>
  <p time="1447840" is_ac="true">crispy</p>
  <p time="1451279" is_ac="true">fresh oh</p>
  <p time="1454360" is_ac="true">hot and you can just eat the entire</p>
  <p time="1456440" is_ac="true">thing face and all oh that's good and</p>
  <p time="1458919" is_ac="true">this one is the anchovy</p>
  <p time="1462159" is_ac="true">yeah oh oh anchovy what a what a gem</p>
  <p time="1467320" is_ac="true">bite size gem just collapse I mean</p>
  <p time="1469640" is_ac="true">totally dissolves in your mouth you</p>
  <p time="1471159" is_ac="true">don't even feel the bone structure the</p>
  <p time="1477880" is_ac="true">shrimp I love how you can just eat</p>
  <p time="1480919" is_ac="true">everything shell fish face everything</p>
  <p time="1484200" is_ac="true">and the bone structures fried until</p>
  <p time="1486120" is_ac="true">perfect soft and tender fresh have some</p>
  <p time="1489399" is_ac="true">more things down here oh we have another</p>
  <p time="1490840" is_ac="true">fish here this is a different fish or a</p>
  <p time="1492559" is_ac="true">bigger a bigger anchovy it's a baby Cod</p>
  <p time="1496039" is_ac="true">oh a baby Cod yeah C before you taste</p>
  <p time="1499039" is_ac="true">this is the best this one is the best</p>
  <p time="1501360" is_ac="true">okay you said this is the best the baby</p>
  <p time="1504120" is_ac="true">or it's a young young</p>
  <p time="1509320" is_ac="true">Cod</p>
  <p time="1511760" is_ac="true">oh oh wow that is is the</p>
  <p time="1516600" is_ac="true">best the texture it just totally melts</p>
  <p time="1520159" is_ac="true">in your mouth it's so</p>
  <p time="1522480" is_ac="true">silky there's one you cannot eat the</p>
  <p time="1524399" is_ac="true">whole thing no there's one you pull pull</p>
  <p time="1526880" is_ac="true">off that fillet oh man but look how look</p>
  <p time="1529679" is_ac="true">how buttery it is on the inside oh wow</p>
  <p time="1532200" is_ac="true">that's hot oh it's so</p>
  <p time="1534080" is_ac="true">hot</p>
  <p time="1535720" is_ac="true">wow sprinkle on some lime lemon</p>
  <p time="1545039" is_ac="true">juice oh</p>
  <p time="1547559" is_ac="true">hot</p>
  <p time="1549399" is_ac="true">man that just again that melts in your</p>
  <p time="1551840" is_ac="true">mouth that fish is so tender so silky</p>
  <p time="1553320" is_ac="true">smooth so buttery love it with that</p>
  <p time="1556320" is_ac="true">squeeze of lemon juice that's all you</p>
  <p time="1558080" is_ac="true">need when you have fresh seafood like</p>
  <p time="1561000" is_ac="true">this oh yeah but I think he was right</p>
  <p time="1564399" is_ac="true">when he said these mini clods are the</p>
  <p time="1566640" is_ac="true">the best of the whole plate I'm</p>
  <p time="1568240" is_ac="true">definitely not going to not going to</p>
  <p time="1569799" is_ac="true">argue with</p>
  <p time="1573760" is_ac="true">that here we go head</p>
  <p time="1580960" is_ac="true">first yeah this is amazing so so good I</p>
  <p time="1584679" is_ac="true">think it's the prize of the sea here asz</p>
  <p time="1586679" is_ac="true">everybody says it's the</p>
  <p time="1596440" is_ac="true">M stays so</p>
  <p time="1599080" is_ac="true">hot yeah because if you</p>
  <p time="1602640" is_ac="true">go keep digging down into that mountain</p>
  <p time="1605120" is_ac="true">of seafood okay one more Seafood I</p>
  <p time="1606640" is_ac="true">forgot to try the squid the fried squid</p>
  <p time="1609679" is_ac="true">make sure you give everything a squeeze</p>
  <p time="1610919" is_ac="true">of lemon I like to give it a squeeze of</p>
  <p time="1612159" is_ac="true">lemon right before putting it in my</p>
  <p time="1614279" is_ac="true">mouth cuz that gives it just that b</p>
  <p time="1615919" is_ac="true">burst of citrus</p>
  <p time="1618680" is_ac="true">[Music]</p>
  <p time="1621799" is_ac="true">oh fresh and tender not rubbery goes</p>
  <p time="1626159" is_ac="true">down so easily I mean I think they were</p>
  <p time="1628200" is_ac="true">they were boiling octopus they were</p>
  <p time="1629360" is_ac="true">boiling the</p>
  <p time="1631120" is_ac="true">squid they know how to handle Seafood</p>
  <p time="1634200" is_ac="true">spaghetti this place is just comfort</p>
  <p time="1636559" is_ac="true">food of Naples done well Family Recipes</p>
  <p time="1639799" is_ac="true">old school tradition sticking to</p>
  <p time="1642440" is_ac="true">tradition and</p>
  <p time="1646520" is_ac="true">authenticity</p>
  <p time="1648720" is_ac="true">an absolutely amazing meal and now we're</p>
  <p time="1650559" is_ac="true">sitting in well they wanted to show us a</p>
  <p time="1653080" is_ac="true">local dessert what is it it's a local DT</p>
  <p time="1656360" is_ac="true">called the PTI till few years ago before</p>
  <p time="1659520" is_ac="true">Global times this uh cake was especially</p>
  <p time="1663840" is_ac="true">eaten during Easter let's try go you</p>
  <p time="1667440" is_ac="true">have let's try this dessert okay with</p>
  <p time="1670200" is_ac="true">Rota and orange candied</p>
  <p time="1675240" is_ac="true">fruits m</p>
  <p time="1678640" is_ac="true">M yeah amazing the the use the tradition</p>
  <p time="1683799" is_ac="true">ones that you prepare the wheat with the</p>
  <p time="1686480" is_ac="true">milk the night before okay you cook it</p>
  <p time="1690279" is_ac="true">and then you work you process the</p>
  <p time="1692279" is_ac="true">ricotta with all the ingredients so it's</p>
  <p time="1695399" is_ac="true">very long process it's like a home</p>
  <p time="1698760" is_ac="true">dessert you really taste the ricotta in</p>
  <p time="1700640" is_ac="true">the center creamy the Wheat really moist</p>
  <p time="1703039" is_ac="true">and then the flavor of those uh dried</p>
  <p time="1704600" is_ac="true">fruits the orange in there and then</p>
  <p time="1706799" is_ac="true">we've also got some called a melon cello</p>
  <p time="1709240" is_ac="true">and it's like a digestive at the end of</p>
  <p time="1710679" is_ac="true">your meal made from a melon like a</p>
  <p time="1712840" is_ac="true">cantaloupe</p>
  <p time="1715679" is_ac="true">melon oh that's good oh that's really</p>
  <p time="1720080" is_ac="true">really good oh it's very good yeah oh</p>
  <p time="1723880" is_ac="true">that's just going to Aid in the</p>
  <p time="1725240" is_ac="true">digestion of the spaghetti and just oh</p>
  <p time="1728120" is_ac="true">work in your work in your stomach that's</p>
  <p time="1731480" is_ac="true">going to warm you up</p>
  <p time="1733440" is_ac="true">too oh this is really good that is a A</p>
  <p time="1736720" is_ac="true">Perfect Ending to an outstanding meal</p>
  <p time="1739720" is_ac="true">one last beverage espresso</p>
  <p time="1744039" is_ac="true">Napolitano oh that's what I</p>
  <p time="1746240" is_ac="true">need you won't sleep that'll keep you</p>
  <p time="1749039" is_ac="true">awake keep you energized yeah this is</p>
  <p time="1751399" is_ac="true">exact exactly the fuel you need to go</p>
  <p time="1754399" is_ac="true">around to have an adventure to</p>
  <p time="1756559" is_ac="true">experience</p>
  <p time="1759480" is_ac="true">Naples oh he just the refill on the</p>
  <p time="1762279" is_ac="true">melan</p>
  <p time="1764679" is_ac="true">cello that's the fuel you need too oh</p>
  <p time="1768720" is_ac="true">gra Cheers Cheers Che cheers but here we</p>
  <p time="1773000" is_ac="true">are in Italy and we must say chin chin</p>
  <p time="1775600" is_ac="true">sal</p>
  <p time="1777000" is_ac="true">sal chinin</p>
  <p time="1784640" is_ac="true">salute</p>
  <p time="1791600" is_ac="true">wonderful to this amazing family oh that</p>
  <p time="1794640" is_ac="true">was an incredible meal thank you gra</p>
  <p time="1798440" is_ac="true">thank</p>
  <p time="1801080" is_ac="true">you bra thank you thank you thank you</p>
  <p time="1804679" is_ac="true">very much thank you very</p>
  <p time="1807480" is_ac="true">much and as we're leaving it's so busy</p>
  <p time="1810840" is_ac="true">packed and that has to be one of the</p>
  <p time="1812760" is_ac="true">friendliest restaurants in all of Naples</p>
  <p time="1814480" is_ac="true">they're so friendly so welcoming we</p>
  <p time="1816559" is_ac="true">almost couldn't leave they just kept</p>
  <p time="1818080" is_ac="true">bringing more of the melanello and more</p>
  <p time="1820440" is_ac="true">things to eat oh what a family what a</p>
  <p time="1822760" is_ac="true">family just a that was an incredible and</p>
  <p time="1825480" is_ac="true">again probably the best spaghet I've</p>
  <p time="1827559" is_ac="true">ever had in my entire life okay we're</p>
  <p time="1829720" is_ac="true">moving</p>
  <p time="1830919" is_ac="true">on next up on this food tour of Naples</p>
  <p time="1834320" is_ac="true">we're going to eat what is easily one of</p>
  <p time="1837720" is_ac="true">the world's most important famous</p>
  <p time="1840440" is_ac="true">beloved foods and it originates right</p>
  <p time="1843880" is_ac="true">here in</p>
  <p time="1846480" is_ac="true">Naples here we</p>
  <p time="1848720" is_ac="true">are</p>
  <p time="1850440" is_ac="true">[Music]</p>
  <p time="1851960" is_ac="true">wow you can't come to Naples without</p>
  <p time="1854519" is_ac="true">eating pizza neapolitan pizza the the</p>
  <p time="1858039" is_ac="true">original we are at Lombardi which dates</p>
  <p time="1861000" is_ac="true">back to</p>
  <p time="1862200" is_ac="true">1892 this is an old school Pizzeria and</p>
  <p time="1865840" is_ac="true">I mean as the pizza Story Goes uh pizza</p>
  <p time="1868440" is_ac="true">was I mean they've been making baking</p>
  <p time="1869720" is_ac="true">flatbreads in this region of Italy for</p>
  <p time="1871840" is_ac="true">so long for for centuries and they would</p>
  <p time="1874120" is_ac="true">sell it from the back of a bicycle and</p>
  <p time="1876279" is_ac="true">often even carry it on top of their</p>
  <p time="1878039" is_ac="true">heads but then within Naples uh they</p>
  <p time="1880880" is_ac="true">finally opened the first pizzeria indoor</p>
  <p time="1883159" is_ac="true">Pizzeria so the pizzeria date back into</p>
  <p time="1885360" is_ac="true">Naples are originally from napl</p>
  <p time="1887760" is_ac="true">and the Margarita Pizza Buffalo</p>
  <p time="1890039" is_ac="true">mozarella and San Marano San Marano the</p>
  <p time="1893600" is_ac="true">San Marzano Tomatoes go on parano</p>
  <p time="1898840" is_ac="true">parano</p>
  <p time="1902600" is_ac="true">extra oh</p>
  <p time="1906120" is_ac="true">basil oh this one is with</p>
  <p time="1916159" is_ac="true">salami</p>
  <p time="1918240" is_ac="true">he is so fast at making pizzas the dough</p>
  <p time="1920279" is_ac="true">is really gently kneaded and then on</p>
  <p time="1923000" is_ac="true">goes your variety of toppings and I love</p>
  <p time="1924919" is_ac="true">that stretch move onto the paddle</p>
  <p time="1926679" is_ac="true">directly into the oven it takes no</p>
  <p time="1928840" is_ac="true">longer than about a minute and a half 90</p>
  <p time="1931000" is_ac="true">seconds for the pizza to cook and he</p>
  <p time="1933320" is_ac="true">just like monitors it so closely till</p>
  <p time="1935279" is_ac="true">the dough bubbles up that crust bubbles</p>
  <p time="1937360" is_ac="true">up perfectly uh chars on the edges and</p>
  <p time="1940440" is_ac="true">on the bottom and then he just does that</p>
  <p time="1942279" is_ac="true">that twirling rotation move just to make</p>
  <p time="1944080" is_ac="true">sure it's all even and that also ensures</p>
  <p time="1946240" is_ac="true">that the crust Dr out evenly on the</p>
  <p time="1949799" is_ac="true">bottom Roman Pizza doesn't exist that is</p>
  <p time="1953760" is_ac="true">for</p>
  <p time="1955320" is_ac="true">catcha not because there is so no Roman</p>
  <p time="1957960" is_ac="true">Pizza neapolitan pizza neapolitan pizza</p>
  <p time="1960880" is_ac="true">napl pizza the pizza was born in Naples</p>
  <p time="1964360" is_ac="true">Naples here the pizza here the concept</p>
  <p time="1967320" is_ac="true">of Pizzeria so a place where you could</p>
  <p time="1970159" is_ac="true">gather with your friends SE and have a</p>
  <p time="1972480" is_ac="true">pizza is ancestor so the first</p>
  <p time="1976039" is_ac="true">generation is the first one not only of</p>
  <p time="1980320" is_ac="true">his family but in general who brought</p>
  <p time="1983399" is_ac="true">the pizza in us oh really really in</p>
  <p time="1988600" is_ac="true">1933 LOM New York oh and that's why it's</p>
  <p time="1993200" is_ac="true">called Lombardi and then in New York</p>
  <p time="1996000" is_ac="true">Jano Lombardi ah and in New York there's</p>
  <p time="1998880" is_ac="true">very famous Legendary Pizza lombardis</p>
  <p time="2001679" is_ac="true">originates from it's from your family</p>
  <p time="2004480" is_ac="true">wow same family so same family basically</p>
  <p time="2007399" is_ac="true">a lot of the pizza in the United States</p>
  <p time="2009679" is_ac="true">I mean it comes from Neapolitan Naples</p>
  <p time="2012320" is_ac="true">has its Origins here and Roots right</p>
  <p time="2015679" is_ac="true">here oh that's incredible the amount of</p>
  <p time="2018000" is_ac="true">influence that this restaurant that the</p>
  <p time="2020440" is_ac="true">pizza has had is almost unparalleled</p>
  <p time="2023159" is_ac="true">Mark do you know frii oh yes this the</p>
  <p time="2026720" is_ac="true">type of like a broccoli from Naples frii</p>
  <p time="2030919" is_ac="true">oh it's really good I love</p>
  <p time="2033159" is_ac="true">it you hold the pizza for you</p>
  <p time="2035960" is_ac="true">Ro okay not typical size big big pizza</p>
  <p time="2041159" is_ac="true">okay oh you're making a big pizza now</p>
  <p time="2043279" is_ac="true">are you ready I'm ready okay</p>
  <p time="2046639" is_ac="true">move that</p>
  <p time="2048440" is_ac="true">twirl</p>
  <p time="2055919" is_ac="true">wow with</p>
  <p time="2061760" is_ac="true">f do a and we</p>
  <p time="2065879" is_ac="true">move</p>
  <p time="2071679" is_ac="true">Sal okay we're getting the the double</p>
  <p time="2074480" is_ac="true">size the super sized</p>
  <p time="2076879" is_ac="true">pizza oh it has a special</p>
  <p time="2081440" is_ac="true">paddle</p>
  <p time="2084079" is_ac="true">wow that goes into the</p>
  <p time="2092280" is_ac="true">oven it's going to bake for about a</p>
  <p time="2094440" is_ac="true">minute possibly 90 seconds as it's a</p>
  <p time="2097040" is_ac="true">larger size oh that's going to be</p>
  <p time="2099720" is_ac="true">amazing all fresh ingredients all</p>
  <p time="2102000" is_ac="true">natural ingredients the San Marzano</p>
  <p time="2103680" is_ac="true">tomato sauce oh man what a place I love</p>
  <p time="2107320" is_ac="true">the energy the action oh it's huge here</p>
  <p time="2111280" is_ac="true">we go what a pizza oh man amazing are</p>
  <p time="2116359" is_ac="true">you ready M okay ready</p>
  <p time="2119280" is_ac="true">Alberto the name to be given to this</p>
  <p time="2122079" is_ac="true">pizza is Margarita just like the name of</p>
  <p time="2125000" is_ac="true">the Queen of the queen</p>
  <p time="2130040" is_ac="true">it takes up the whole plate yes okay</p>
  <p time="2132000" is_ac="true">here we go so the margarita and oh man</p>
  <p time="2134839" is_ac="true">the Buffalo mozzarella the aroma of the</p>
  <p time="2137440" is_ac="true">basil the fresh olive oil the San</p>
  <p time="2139599" is_ac="true">Marzano tomatoes look at that puffy the</p>
  <p time="2142280" is_ac="true">crust is Puffy and</p>
  <p time="2144760" is_ac="true">charred and yet just Saucy and juicy on</p>
  <p time="2147920" is_ac="true">the inside oh that's a massive</p>
  <p time="2150000" is_ac="true">plate-sized piece of pizza wow I got to</p>
  <p time="2152800" is_ac="true">take this to the mouth</p>
  <p time="2155800" is_ac="true">fast</p>
  <p time="2160960" is_ac="true">oh</p>
  <p time="2162800" is_ac="true">wow oh</p>
  <p time="2165079" is_ac="true">man oh that is so</p>
  <p time="2168000" is_ac="true">good it's almost like soupy in the</p>
  <p time="2170880" is_ac="true">center it's so juicy from those Tomatoes</p>
  <p time="2173480" is_ac="true">The juicy saltiness of the mozzarella</p>
  <p time="2175560" is_ac="true">the aroma of the</p>
  <p time="2177800" is_ac="true">basil wow slightly chewy the dough the</p>
  <p time="2181880" is_ac="true">crush is slightly chewy perfect Char on</p>
  <p time="2184319" is_ac="true">the bottom Smoky from the fire</p>
  <p time="2187400" is_ac="true">oh that's</p>
  <p time="2193160" is_ac="true">Perfection and in the</p>
  <p time="2195480" is_ac="true">center it's the dough the the crust is</p>
  <p time="2197960" is_ac="true">really nice and thin and then as you go</p>
  <p time="2199720" is_ac="true">higher and higher to the crust gets more</p>
  <p time="2201720" is_ac="true">and more puffy more bubbly slightly has</p>
  <p time="2204119" is_ac="true">a nice little</p>
  <p time="2205359" is_ac="true">chewi I really love that fire smoke um</p>
  <p time="2208839" is_ac="true">yeah that perfect Char that gives it so</p>
  <p time="2211040" is_ac="true">much flavor that's a spectacular</p>
  <p time="2213440" is_ac="true">Pizza the original neopolitan Margarita</p>
  <p time="2217640" is_ac="true">I just love those big slices of Buffalo</p>
  <p time="2221520" is_ac="true">mozzarella they're just it doesn't</p>
  <p time="2223720" is_ac="true">really fully melt so you just got these</p>
  <p time="2225560" is_ac="true">big lumps of mozzarella that tastes so</p>
  <p time="2228000" is_ac="true">good I don't</p>
  <p time="2235280" is_ac="true">know it's a true Harmony uh Perfection</p>
  <p time="2239079" is_ac="true">of ingredient combination Al together</p>
  <p time="2241280" is_ac="true">baked un flatbread oh okay okay graan</p>
  <p time="2246160" is_ac="true">okay now I want to taste the difference</p>
  <p time="2247599" is_ac="true">because we got half of the Buffalo</p>
  <p time="2249680" is_ac="true">mozzarella which is the from the Buffalo</p>
  <p time="2251880" is_ac="true">and then half with the cow mozzarella so</p>
  <p time="2254319" is_ac="true">there's two that's a big distinction and</p>
  <p time="2256400" is_ac="true">they even slice it differently it acts</p>
  <p time="2258240" is_ac="true">differently let's try this whoa oh yeah</p>
  <p time="2261640" is_ac="true">sometimes you can almost do the I think</p>
  <p time="2262880" is_ac="true">it's called the envelope fold where you</p>
  <p time="2264079" is_ac="true">fold it in because it's so juicy fold it</p>
  <p time="2267160" is_ac="true">in and then you you fold</p>
  <p time="2272180" is_ac="true">[Music]</p>
  <p time="2275599" is_ac="true">again</p>
  <p time="2277440" is_ac="true">M oh man okay both cheeses are delicious</p>
  <p time="2282000" is_ac="true">the mozzarella is more of that</p>
  <p time="2285599" is_ac="true">fresh milky Buffalo taste um and it I</p>
  <p time="2288960" is_ac="true">think it melts less than the cow</p>
  <p time="2290800" is_ac="true">mozzarella the cow mozzarella I think it</p>
  <p time="2292680" is_ac="true">melts a little more I mean they're both</p>
  <p time="2295640" is_ac="true">good you just got to try half and</p>
  <p time="2304839" is_ac="true">half oh yeah</p>
  <p time="2308359" is_ac="true">happiness in</p>
  <p time="2313480" is_ac="true">Naples thank you very much amazing so on</p>
  <p time="2317680" is_ac="true">their sign it says Vera Pizza the true</p>
  <p time="2319880" is_ac="true">Pizza neapolitana the true Naples Pizza</p>
  <p time="2324160" is_ac="true">Lombardi and again that's such a cool</p>
  <p time="2326240" is_ac="true">story their family is responsible for</p>
  <p time="2327920" is_ac="true">bringing Naples Pizza to New York where</p>
  <p time="2331760" is_ac="true">it's also one of the most famous pizzas</p>
  <p time="2333280" is_ac="true">but this is like the legend of the</p>
  <p time="2334960" is_ac="true">legend of pizza you</p>
  <p time="2337040" is_ac="true">absolutely at the birthplace of pizza</p>
  <p time="2339680" is_ac="true">and they're just so proud of pizza of</p>
  <p time="2342599" is_ac="true">the food from</p>
  <p time="2344680" is_ac="true">Naples so next up I'm meeting up with</p>
  <p time="2346760" is_ac="true">some friends and we are going to go eat</p>
  <p time="2349079" is_ac="true">a different type of</p>
  <p time="2352800" is_ac="true">pizza super balloons up wow we got them</p>
  <p time="2356720" is_ac="true">they're huge those are massive dude so</p>
  <p time="2360000" is_ac="true">Fernando what do we have hey this is</p>
  <p time="2362119" is_ac="true">pizza Frita from Naples it was uh</p>
  <p time="2365720" is_ac="true">invented before the real pizza because</p>
  <p time="2368079" is_ac="true">everybody had oil and a pan not</p>
  <p time="2370200" is_ac="true">everybody had uh an oven so this is the</p>
  <p time="2372839" is_ac="true">first uh pretty much pizza Frita with</p>
  <p time="2375800" is_ac="true">choli which is yeah deep fried pizza</p>
  <p time="2378160" is_ac="true">choli which is like a pork belly but</p>
  <p time="2380520" is_ac="true">napolitan style rot mozzarella tomato</p>
  <p time="2386880" is_ac="true">sauce so there's a way to eat this if</p>
  <p time="2389599" is_ac="true">you're going to bite into it you're</p>
  <p time="2390720" is_ac="true">going to burn your tongue your face so</p>
  <p time="2393560" is_ac="true">what you got to do is you got to open it</p>
  <p time="2395160" is_ac="true">here open it up let the the steam out</p>
  <p time="2397000" is_ac="true">you see that wow and then you got to</p>
  <p time="2398960" is_ac="true">bite into it but I'm</p>
  <p time="2406839" is_ac="true">scared fried</p>
  <p time="2410280" is_ac="true">pizza look at the size of it oh it's</p>
  <p time="2414119" is_ac="true">heavy I think we're going to try the</p>
  <p time="2415920" is_ac="true">breaking style let's split it down the</p>
  <p time="2418400" is_ac="true">center oh it's starting to ooze uh oh</p>
  <p time="2421040" is_ac="true">we've got a</p>
  <p time="2421880" is_ac="true">oozer I think this might take the</p>
  <p time="2425359" is_ac="true">table</p>
  <p time="2429440" is_ac="true">oh wow 30° burn oh yeah Wow first fried</p>
  <p time="2439079" is_ac="true">pizza</p>
  <p time="2440640" is_ac="true">oh</p>
  <p time="2443800" is_ac="true">Smokey</p>
  <p time="2445319" is_ac="true">pillowy the cheese the pork</p>
  <p time="2453040" is_ac="true">cheek it's like this huge balloon of</p>
  <p time="2455480" is_ac="true">fried dough stuff with tomatoes and ham</p>
  <p time="2458640" is_ac="true">and</p>
  <p time="2461200" is_ac="true">cheese that is</p>
  <p time="2464040" is_ac="true">warming this tomato sauce kind of got</p>
  <p time="2466160" is_ac="true">bunched up on one section wow this is</p>
  <p time="2468640" is_ac="true">oily and</p>
  <p time="2476160" is_ac="true">Hearty Naples I mean it can be a little</p>
  <p time="2479000" is_ac="true">rough around the edges it's busy it's</p>
  <p time="2481680" is_ac="true">frantic uh but it's always thrilling and</p>
  <p time="2484319" is_ac="true">the food is incredible now we know why</p>
  <p time="2486319" is_ac="true">it's one of the greatest Italian food</p>
  <p time="2488040" is_ac="true">cities in the world and I want to say a</p>
  <p time="2490880" is_ac="true">huge thank you to Kiara from culinary</p>
  <p time="2493319" is_ac="true">back streets uh they provide really off</p>
  <p time="2496119" is_ac="true">the beaten path well they'll give you a</p>
  <p time="2498280" is_ac="true">local food experience in Naples and</p>
  <p time="2501240" is_ac="true">through other cities uh around the world</p>
  <p time="2503480" is_ac="true">I'll have their information in the</p>
  <p time="2504640" is_ac="true">description box below but a huge thank</p>
  <p time="2506280" is_ac="true">you to culinary back streets I mean this</p>
  <p time="2508400" is_ac="true">would not have been possible without</p>
  <p time="2509720" is_ac="true">them we were able to navigate through</p>
  <p time="2511319" is_ac="true">the lanes through places that were yeah</p>
  <p time="2513119" is_ac="true">way off the Beaton path so thank you</p>
  <p time="2515000" is_ac="true">again and also a huge thank you to you</p>
  <p time="2516760" is_ac="true">for watching this video please remember</p>
  <p time="2517839" is_ac="true">to give it a thumbs up leave a comment</p>
  <p time="2519520" is_ac="true">below I'd love to hear from you and</p>
  <p time="2521240" is_ac="true">remember to subscribe cuz you don't want</p>
  <p time="2522880" is_ac="true">to miss any more of the Italian food</p>
  <p time="2524800" is_ac="true">that's coming your way thanks again for</p>
  <p time="2526319" is_ac="true">watching goodbye from Napoli Italy</p>
</text>
