<?xml version='1.0' encoding='UTF-8'?>
<text date_d="4" date_m="9" date_y="2022" format="srv3" age_limit="0" comment_count="312" description="►FIND OUT ABOUT KATIE AND MATTEO'S ONLINE ITALIAN SCHOOL: &#10;https://courses.joyoflanguages.com/real-italian-conversation-info/&#10;&#10;---&#10;►BECOME A MEMBER OF EASY ITALIAN: https://www.patreon.com/easyitalian&#10;►SUBSCRIBE TO EASY ITALIAN: http://bit.ly/EasyItalianSub&#10;► LISTEN TO OUR PODCAST: https://www.easyitalian.fm&#10;►FOLLOW EASY ITALIAN ON FACEBOOK: https://www.facebook.com/EasyItalianV...&#10;►FOLLOW EASY ITALIAN ON INSTAGRAM: https://www.instagram.com/easyitalian...&#10;&#10;---&#10;&quot;No, come on, what is it?&#10;With cream...&#10;I'm afraid to eat it.&#10;No, this isn't carbonara.&#10;This is overcooked pasta with cream.&quot;&#10;&#10;&quot;No, dai, ma che cos'è?&#10;Ma con la panna...&#10;Ma poi ho paura di mangiarlo.&#10;No, questa non è la carbonara.&#10;Questa è pasta scotta con la panna.&quot;&#10;---&#10;WATCH ALL EASY ITALIAN STREET INTERVIEWS: http://bit.ly/EasyItalianPlaylist&#10;WATCH ALL SUPER EASY ITALIAN VIDEOS FOR BEGINNERS: http://bit.ly/SuperEasyItalianPlaylist&#10;&#10;---&#10;SUBSCRIBE TO EASY LANGUAGES: http://bit.ly/elsub&#10;FACEBOOK: https://www.facebook.com/easylanguagesstreetinterviews&#10;BECOME A CO-PRODUCER: https://bit.ly/2kyB9nM&#10;&#10;---&#10;Easy Languages is an international video project aiming at supporting people worldwide to learn languages through authentic street interviews and expose the street culture of participating partner countries abroad. Episodes are produced in local languages and contain subtitles in both the original language as well as in English.&#10;http://www.easy-languages.org/&#10;&#10;---&#10;Host: Katie Harris &#10;Camera: Matteo Alabiso &#10;Presenters of the 5 Minute Italian podcast:  http://joyoflanguages.com/italianpodcast/&#10;&#10;#learnitalian #easyitalian #easylanguages" fulltitle="Italian Tries Italian Food Abroad: Pizza, Carbonara and More! | Easy Italian 134" like_count="2095" location="na" playlist_title="na" release_date="na" upload_date="20220904" repost_count="na" tags="language; language school; school; language lesson; lesson; teacher; learn; native; native speaker; languages; street; street interview; interviews; education; teachers; student; free; tutorial; tutorials; language learning; easy languages; easy italian; italian; italian language; italian native; italian with subtitles; italian lesson; learn italian; " title="Italian Tries Italian Food Abroad: Pizza, Carbonara and More! | Easy Italian 134" uploader="Easy Italian" view_count="52987" webpage_url="https://www.youtube.com/watch?v=JEYUdn7zrC0" autocaption="true">
  <p time="0" is_ac="true">matteo everything is fine</p>
  <p time="3049" is_ac="true">I know I miss Italy the food a bit</p>
  <p time="8240" is_ac="true">but Italian food can also be found here</p>
  <p time="12080" is_ac="true">tonight Italian dinner we'll take care of</p>
  <p time="16820" is_ac="true">the good hands let's see</p>
  <p time="25580" is_ac="true">[Music]</p>
  <p time="26000" is_ac="true">[Applause]</p>
  <p time="26780" is_ac="true">[Music]</p>
  <p time="33260" is_ac="true">sad place on toasted toast</p>
  <p time="37010" is_ac="true">spaghetti alphabet spaghetti</p>
  <p time="40050" is_ac="true">Bolognese and ravioli all in</p>
  <p time="43379" is_ac="true">sweet tomato sauce</p>
  <p time="47400" is_ac="true">[Music]</p>
  <p time="55929" is_ac="true">ok</p>
  <p time="59920" is_ac="true">basically we eat as children</p>
  <p time="62620" is_ac="true">or at least when I was little I</p>
  <p time="64659" is_ac="true">ate a lot of this stuff but</p>
  <p time="66549" is_ac="true">this</p>
  <p time="68880" is_ac="true">tomato sauce sweet tomato sauce</p>
  <p time="74990" is_ac="true">[Music]</p>
  <p time="75270" is_ac="true">[Applause]</p>
  <p time="76530" is_ac="true">sweet and alphabetical  spaghetti</p>
  <p time="93480" is_ac="true">[Music]</p>
  <p time="96550" is_ac="true">very good mine spaghetti on toast</p>
  <p time="102310" is_ac="true">are good</p>
  <p time="104950" is_ac="true">and</p>
  <p time="106380" is_ac="true">[Music]</p>
  <p time="108580" is_ac="true">they seem to have consistency but they don't</p>
  <p time="111590" is_ac="true">have it therefore and it</p>
  <p time="115330" is_ac="true">'s not the</p>
  <p time="118000" is_ac="true">Bolognese thing on toast</p>
  <p time="123640" is_ac="true">but Bolognese exists in Italy no that is yes</p>
  <p time="128179" is_ac="true">hand</p>
  <p time="136930" is_ac="true">the flavor is</p>
  <p time="139150" is_ac="true">strange  the consistency</p>
  <p time="143350" is_ac="true">[Music]</p>
  <p time="145810" is_ac="true">but it's spaghetti</p>
  <p time="154660" is_ac="true">but there's a lot of it but how do you eat it like this</p>
  <p time="157810" is_ac="true">guys but it's the pasta that has to</p>
  <p time="160630" is_ac="true">be substantial no the bread penne with</p>
  <p time="164800" is_ac="true">chicken and mushrooms in cream and</p>
  <p time="167500" is_ac="true">parsley sauce</p>
  <p time="171560" is_ac="true">that is to say I'll pass them to the check in motion rim</p>
  <p time="175820" is_ac="true">then let's get started  to the fact that pasta</p>
  <p time="179550" is_ac="true">with chicken doesn't exist in Italy because I don't</p>
  <p time="183840" is_ac="true">know but it doesn't exist there isn't chicken and</p>
  <p time="188850" is_ac="true">pasta no no</p>
  <p time="192500" is_ac="true">so it's not Italian then cream</p>
  <p time="197790" is_ac="true">isn't put much in dishes anymore,</p>
  <p time="205700" is_ac="true">very bad that is  overcooked pasta and</p>
  <p time="210450" is_ac="true">we have a problem with pasta but</p>
  <p time="211950" is_ac="true">we now know that pasta is difficult to</p>
  <p time="214080" is_ac="true">make outside of Italy</p>
  <p time="216890" is_ac="true">but as you know</p>
  <p time="219500" is_ac="true">it's a bit of rubbish</p>
  <p time="222680" is_ac="true">but therefore it's good, acceptable but it</p>
  <p time="226860" is_ac="true">has nothing to do with Italy, maybe they</p>
  <p time="229650" is_ac="true">come  after alphabets spaghetti f</p>
  <p time="232550" is_ac="true">but it's not bad</p>
  <p time="235610" is_ac="true">wine for you sir yes thank you</p>
  <p time="241340" is_ac="true">fantastic prosecco rosé</p>
  <p time="245190" is_ac="true">controlled designations of origin</p>
  <p time="246510" is_ac="true">i cali minute would you like to taste</p>
  <p time="252750" is_ac="true">yes of course I</p>
  <p time="257720" is_ac="true">remind you a little about Italy yes of course you don't</p>
  <p time="268030" is_ac="true">know that I myself ate Italian things</p>
  <p time="270610" is_ac="true">in England in Italian restaurants  and</p>
  <p time="273430" is_ac="true">not but it was Italian and good in</p>
  <p time="276190" is_ac="true">England why are you making me</p>
  <p time="277660" is_ac="true">eat all these things spaghetti</p>
  <p time="280240" is_ac="true">carbonara with cream and bacon</p>
  <p time="285570" is_ac="true">but the panda a woman not at all</p>
  <p time="296580" is_ac="true">but the cream but sorry the man</p>
  <p time="299680" is_ac="true">[Music]</p>
  <p time="303720" is_ac="true">maybe he's not there but he's not there  'It's a place</p>
  <p time="307320" is_ac="true">and the Carbonarese</p>
  <p time="310470" is_ac="true">is well known but what is it but with cream but</p>
  <p time="314080" is_ac="true">then I'm afraid to eat it</p>
  <p time="323190" is_ac="true">no</p>
  <p time="324900" is_ac="true">this carbonara this and</p>
  <p time="327880" is_ac="true">overcooked pasta with cream</p>
  <p time="330150" is_ac="true">and bacon instead of bacon but</p>
  <p time="333730" is_ac="true">no but not ham either  it's bacon</p>
  <p time="340290" is_ac="true">I feel much more at home</p>
  <p time="343890" is_ac="true">well because now the lasagna is coming the</p>
  <p time="347470" is_ac="true">lasagna</p>
  <p time="348860" is_ac="true">during my what</p>
  <p time="350560" is_ac="true">goes well it</p>
  <p time="353469" is_ac="true">can be this</p>
  <p time="356560" is_ac="true">trust I have faith in the lasagna</p>
  <p time="359930" is_ac="true">okay the commitment is there there should be</p>
  <p time="361969" is_ac="true">more than full between the sheets of pasta</p>
  <p time="364990" is_ac="true">there should  to be something</p>
  <p time="367659" is_ac="true">here there is little and nothing</p>
  <p time="372430" is_ac="true">and then it should should always be a bit</p>
  <p time="374689" is_ac="true">simple because here you don't</p>
  <p time="376849" is_ac="true">understand anything that is like it seems to me and</p>
  <p time="380300" is_ac="true">cellars or in the tomato</p>
  <p time="383500" is_ac="true">the béchamel I don't know if béchamel</p>
  <p time="386449" is_ac="true">maybe the cheese and that's it and the pasta and</p>
  <p time="389270" is_ac="true">how to  It's usually</p>
  <p time="390819" is_ac="true">overcooked but it's similar to a lasagna that you</p>
  <p time="394819" is_ac="true">might find in a supermarket and I'm</p>
  <p time="398599" is_ac="true">starting to feel more like I'm in Italy, actually</p>
  <p time="404750" is_ac="true">I don't need a break I'll go for a</p>
  <p time="406580" is_ac="true">moment you don't want to I'll go I'll</p>
  <p time="410349" is_ac="true">go I'll go</p>
  <p time="416560" is_ac="true">I'm very tired and we're only at</p>
  <p time="420620" is_ac="true">the beginning</p>
  <p time="421789" is_ac="true">I hope that  are you having fun also</p>
  <p time="423740" is_ac="true">because for me it's a bit of a pain</p>
  <p time="426020" is_ac="true">but oh well speaking of fun</p>
  <p time="429080" is_ac="true">at the moment registrations are</p>
  <p time="431029" is_ac="true">open to our online school in</p>
  <p time="433669" is_ac="true">our online school obviously we focus</p>
  <p time="435889" is_ac="true">everything on fun and therefore all the</p>
  <p time="439460" is_ac="true">elections are very personal and</p>
  <p time="443050" is_ac="true">fun based on our  life or the</p>
  <p time="446870" is_ac="true">life of the professors and then the grammar</p>
  <p time="449599" is_ac="true">which I like so much but you have to</p>
  <p time="452659" is_ac="true">learn it and therefore there are</p>
  <p time="455150" is_ac="true">very simple and clear explanations and we will</p>
  <p time="458839" is_ac="true">never leave you alone both in the chat room</p>
  <p time="461270" is_ac="true">where you can practice leaving</p>
  <p time="463099" is_ac="true">your messages and receiving feedback from the</p>
  <p time="466009" is_ac="true">professors and  spin clubs</p>
  <p time="468830" is_ac="true">live conversation lessons where you can get</p>
  <p time="470870" is_ac="true">to know the professors and us and your classmates more</p>
  <p time="477400" is_ac="true">to find out more</p>
  <p time="479110" is_ac="true">the link and description I have to</p>
  <p time="481479" is_ac="true">go now because they cooked a lot</p>
  <p time="484919" is_ac="true">and so let's say wait respect me</p>
  <p time="490919" is_ac="true">doctor's pizza optician with chicken</p>
  <p time="494620" is_ac="true">tasty spinach corn mozzarella is the</p>
  <p time="499150" is_ac="true">cheese and [ __ ] accompanied by an</p>
  <p time="502449" is_ac="true">allowance blended with garlic and parsley</p>
  <p time="507300" is_ac="true">oh my goodness</p>
  <p time="509990" is_ac="true">ok check in for that goal but how much stuff</p>
  <p time="514040" is_ac="true">5 st chicken the pizzas like pasta and chicken</p>
  <p time="517730" is_ac="true">so no and then there's a lot  of stuff I'm</p>
  <p time="520880" is_ac="true">poor eating</p>
  <p time="529630" is_ac="true">it is similar to a small one and it could be</p>
  <p time="532430" is_ac="true">found many years ago in supermarkets</p>
  <p time="536780" is_ac="true">now even that in supermarkets and</p>
  <p time="538370" is_ac="true">better</p>
  <p time="539710" is_ac="true">but the fundamental thing is that it's</p>
  <p time="543740" is_ac="true">usually there</p>
  <p time="545890" is_ac="true">we don't put a lot of stuff in the pizza or</p>
  <p time="549350" is_ac="true">in the dishes or in the preparations of</p>
  <p time="552260" is_ac="true">usually there are few ingredients</p>
  <p time="555160" is_ac="true">and we tend to enhance them with small things</p>
  <p time="561440" is_ac="true">like</p>
  <p time="562690" is_ac="true">herbs or</p>
  <p time="565090" is_ac="true">other elements</p>
  <p time="569860" is_ac="true">spinach chicken corn and</p>
  <p time="573700" is_ac="true">what is this garlic cream no</p>
  <p time="578650" is_ac="true">no galic plaid doesn't exist in Italy but I</p>
  <p time="585140" is_ac="true">have to confess that it's one of the things</p>
  <p time="587810" is_ac="true">that I like  I like it better, it does</p>
  <p time="590920" is_ac="true">n't take me to Italy much, but I</p>
  <p time="593750" is_ac="true">really like mozzarella to eat,</p>
  <p time="599500" is_ac="true">I understand that Charles Schumer and it's</p>
  <p time="603240" is_ac="true">not made,</p>
  <p time="605670" is_ac="true">that is, at least you,</p>
  <p time="608340" is_ac="true">the mozzarella isn't from Lombardy</p>
  <p time="612870" is_ac="true">12</p>
  <p time="615300" is_ac="true">I'm afraid to taste this,</p>
  <p time="618540" is_ac="true">this piece of cheese</p>
  <p time="622020" is_ac="true">isn't that different from that  that</p>
  <p time="625000" is_ac="true">we find in supermarkets</p>
  <p time="626580" is_ac="true">but they continue to make me strange the fact</p>
  <p time="629530" is_ac="true">that it says it comes from Lombardy</p>
  <p time="631860" is_ac="true">as if to say you know that</p>
  <p time="637140" is_ac="true">Lombardy is not famous for its</p>
  <p time="640420" is_ac="true">mozzarella let's put it this way if you like it</p>
  <p time="646470" is_ac="true">yes</p>
  <p time="649020" is_ac="true">as fresh cheese and yes but</p>
  <p time="652630" is_ac="true">mozzarella you can't call it</p>
  <p time="653770" is_ac="true">mazzarella there  it's a fresh cheese then they</p>
  <p time="657010" is_ac="true">'re sensitive I'm a sister I'm from the south</p>
  <p time="659320" is_ac="true">[Music] I don't</p>
  <p time="663300" is_ac="true">know it's</p>
  <p time="669540" is_ac="true">a little orangey</p>
  <p time="672320" is_ac="true">but maybe there are some chips stuff</p>
  <p time="677200" is_ac="true">if from the sabbatical</p>
  <p time="680590" is_ac="true">and then there's a mix that I don't</p>
  <p time="683360" is_ac="true">recognize that's like I see  some cheese</p>
  <p time="686810" is_ac="true">on top and what is a cutlet like it's</p>
  <p time="689720" is_ac="true">a cutlet made into pizza it's a</p>
  <p time="692990" is_ac="true">chicken cutlet made into pizza but you</p>
  <p time="695750" is_ac="true">keep your heads out</p>
  <p time="696860" is_ac="true">[Laughter]</p>
  <p time="700690" is_ac="true">seeing as she's joking it</p>
  <p time="706330" is_ac="true">seems like an atrocity but if it's boom</p>
  <p time="711970" is_ac="true">crazy people shoot up</p>
  <p time="716470" is_ac="true">I have to  understand better</p>
  <p time="719890" is_ac="true">that is, a good lace cutlet oh</p>
  <p time="729160" is_ac="true">well I thought worse much worse when I</p>
  <p time="732590" is_ac="true">saw it I was scared he wanted to</p>
  <p time="734060" is_ac="true">make it there are traditions in which</p>
  <p time="736490" is_ac="true">a thin slice is put on the chicken cutlet</p>
  <p time="739100" is_ac="true">but these are things that are</p>
  <p time="741020" is_ac="true">done at home in the family</p>
  <p time="742540" is_ac="true">hidden</p>
  <p time="745750" is_ac="true">and sometimes even a bit of tomato to make it</p>
  <p time="750020" is_ac="true">like pizza</p>
  <p time="751570" is_ac="true">but it takes a lot of courage let's say to</p>
  <p time="753860" is_ac="true">make it so</p>
  <p time="756820" is_ac="true">severe eat it means that good it's</p>
  <p time="759730" is_ac="true">good tiramisu</p>
  <p time="763350" is_ac="true">[Music]</p>
  <p time="765650" is_ac="true">now it's made rates that tiramisu is</p>
  <p time="769310" is_ac="true">very famous in Italy which debuts in</p>
  <p time="772560" is_ac="true">Italy also</p>
  <p time="776000" is_ac="true">goes  well</p>
  <p time="779420" is_ac="true">that is the mascarpone cream</p>
  <p time="782800" is_ac="true">and a little chocolate just sprinkled on top</p>
  <p time="787660" is_ac="true">here it seems like more or less everything is there it</p>
  <p time="792820" is_ac="true">can be done it's good but now it makes me</p>
  <p time="796190" is_ac="true">want to tell you the Italian measure</p>
  <p time="798710" is_ac="true">now the long awaited moment since</p>
  <p time="801950" is_ac="true">she is Neapolitan</p>
  <p time="804730" is_ac="true">we brought her  Neapolitan ice cream</p>
  <p time="808970" is_ac="true">ah yes</p>
  <p time="812220" is_ac="true">lepore nice here</p>
  <p time="814260" is_ac="true">in what sense is Neapolitan ice cream that</p>
  <p time="817650" is_ac="true">this because it already gives apart from the fact</p>
  <p time="819690" is_ac="true">that it is a lot of ice cream but then</p>
  <p time="824210" is_ac="true">because Neapolitan v I read that in the</p>
  <p time="829020" is_ac="true">past they made the Italian flag</p>
  <p time="830910" is_ac="true">with pistachio cream and</p>
  <p time="835250" is_ac="true">strawberry and  cherry</p>
  <p time="837800" is_ac="true">but it was always called Neapolitan</p>
  <p time="841410" is_ac="true">I think so the ice cream and</p>
  <p time="845840" is_ac="true">I take</p>
  <p time="847850" is_ac="true">a risk a mix</p>
  <p time="854830" is_ac="true">[Music]</p>
  <p time="857330" is_ac="true">ok</p>
  <p time="859550" is_ac="true">interesting and</p>
  <p time="862430" is_ac="true">I don't understand why it's Neapolitan because</p>
  <p time="865200" is_ac="true">we in Naples face the ice cream</p>
  <p time="867900" is_ac="true">though like in all of Italy</p>
  <p time="869330" is_ac="true">but the tastes are always these yes that the</p>
  <p time="872790" is_ac="true">costs of the Neapolitan are chocolate</p>
  <p time="875760" is_ac="true">vanilla and strawberry yes so you can go</p>
  <p time="879180" is_ac="true">to an old Neapolitan ice cream</p>
  <p time="882180" is_ac="true">you can only find it in the supermarket</p>
  <p time="884940" is_ac="true">this thing leaves me a bit perplexed</p>
  <p time="886650" is_ac="true">I don't know this this bike with this</p>
  <p time="891090" is_ac="true">combination I don't know what reja napoli</p>
  <p time="893630" is_ac="true">now in Italy</p>
  <p time="895940" is_ac="true">it would be the  time for a nice coffee</p>
  <p time="901740" is_ac="true">for you a cappuccino</p>
  <p time="912480" is_ac="true">then</p>
  <p time="914040" is_ac="true">here</p>
  <p time="916079" is_ac="true">you are</p>
  <p time="918269" is_ac="true">crazy but it really becomes crazy now</p>
  <p time="922920" is_ac="true">in Italy the coffee is an espresso only</p>
  <p time="926829" is_ac="true">after lunch that is after dinner it is small</p>
  <p time="931839" is_ac="true">this is a pint</p>
  <p time="933420" is_ac="true">and then not the cappuccino they won't let me</p>
  <p time="937569" is_ac="true">go back to Italy with  my passport if</p>
  <p time="940509" is_ac="true">I drink a cappuccino after lunch and after</p>
  <p time="943209" is_ac="true">dinner but it's a lot but why do I do it</p>
  <p time="947740" is_ac="true">because this is what I have to do</p>
  <p time="954869" is_ac="true">but in Italy cappuccino is drunk in the</p>
  <p time="960129" is_ac="true">morning for breakfast and I certainly</p>
  <p time="964119" is_ac="true">shouldn't have been thinking about dinner so I didn't</p>
  <p time="966490" is_ac="true">drink the cappuccino</p>
  <p time="969540" is_ac="true">but after drinking the prosecco free kylie minogue</p>
  <p time="975720" is_ac="true">let's go back to being at least a little</p>
  <p time="980799" is_ac="true">more Italian as we can</p>
  <p time="991120" is_ac="true">[Music]</p>
</text>
