<?xml version='1.0' encoding='UTF-8'?>
<text date_d="5" date_m="11" date_y="2022" format="srv3" age_limit="0" comment_count="142" description="One of my favorite restaurants in Las Vegas, I'm headed to Gordon Ramsay's steak and getting dinner! From a towering seafood appetizer set upon a kraken, to a ultra decadent sticky toffee pudding and all the steak and sides in between! &#10;&#10;Please like, share and subscribe for more videos!&#10;&#10;Gordon Ramsay Steak&#10;(A): 3655 S Las Vegas Blvd, Las Vegas, NV 89109&#10;(P): (702) 946-4663&#10;&#10;Filmed with a Samsung Galaxy S21 Ultra&#10;Audio by RODE Wireless Go 2&#10;Music from EpidemicSound&#10;Edited with Wondershare Filmora 11 Information regarding hours, offerings, and prices in this video are subject to change at the discretion of restaurant operators." fulltitle="LAS VEGAS RESTAURANT REVIEW - Gordon Ramsay Steak at the Paris Las Vegas Resort and Casino" like_count="1099" location="GORDON RAMSAY STEAK" playlist_title="na" release_date="na" upload_date="20221105" repost_count="na" tags="las vegas; las vegas food; las vegas strip food; paris las vegas; gordon ramsay steak; gordon ramsay steak las vegas; gordon ramsay steakhouse las vegas; las vegas steakhouse; paris las vegas restaurants; paris las vegas steakhouse; gordon ramsay steak paris las vegas; best steakhouse las vegas; gordon ramsay las vegas restaurant; gordon ramsay las vegas restaurant review; gordon ramsay las vegas steak; las vegas food review; " title="LAS VEGAS RESTAURANT REVIEW - Gordon Ramsay Steak at the Paris Las Vegas Resort and Casino" uploader="Vegas with Shin" view_count="39635" webpage_url="https://www.youtube.com/watch?v=VyYAEKph0xM" autocaption="true">
  <p time="120" is_ac="true">all right what's good YouTube It's shin</p>
  <p time="1920" is_ac="true">and today I'm here at the Paris where</p>
  <p time="3659" is_ac="true">I'm going to Gordon Ramsay steak for</p>
  <p time="5100" is_ac="true">dinner tonight now this is my second</p>
  <p time="6839" is_ac="true">last stop on my tour of all of Chef</p>
  <p time="8880" is_ac="true">Ramsay's restaurants here in Las Vegas</p>
  <p time="10440" is_ac="true">and it's all going to be culminating at</p>
  <p time="12179" is_ac="true">the end of this month when Chef Ramsay</p>
  <p time="14219" is_ac="true">opens his sixth restaurant here Ramsay's</p>
  <p time="16500" is_ac="true">Kitchen at the Hera's now I do have an</p>
  <p time="18660" is_ac="true">opening day reservation so I'm really</p>
  <p time="20400" is_ac="true">excited to go but before that let's go</p>
  <p time="22920" is_ac="true">and check out some steak let's get some</p>
  <p time="24480" is_ac="true">dinner</p>
  <p time="25699" is_ac="true">thank you</p>
  <p time="28120" is_ac="true">[Music]</p>
  <p time="31940" is_ac="true">alrighty you guys so we just got seated</p>
  <p time="33960" is_ac="true">here at Gordon Ramsay Steak and wow what</p>
  <p time="36300" is_ac="true">a beautiful restaurant great Ambiance</p>
  <p time="38880" is_ac="true">the lighting is very intimate but still</p>
  <p time="41340" is_ac="true">has a nice upbeat and positive vibe</p>
  <p time="43820" is_ac="true">absolutely beautiful Decor I love the</p>
  <p time="46680" is_ac="true">fact that you're transported from the</p>
  <p time="48059" is_ac="true">Paris here into London and we're looking</p>
  <p time="50160" is_ac="true">forward to a really great dinner tonight</p>
  <p time="52500" is_ac="true">all right you guys let me give you a</p>
  <p time="53940" is_ac="true">quick look at the cocktail menu alrighty</p>
  <p time="56640" is_ac="true">you can see up top here we have the</p>
  <p time="58260" is_ac="true">signature cocktails</p>
  <p time="60020" is_ac="true">antioxidant Drifter a strawberry Martini</p>
  <p time="62699" is_ac="true">that looks really good</p>
  <p time="64080" is_ac="true">very nice</p>
  <p time="65700" is_ac="true">here's some wine by the glass</p>
  <p time="69180" is_ac="true">champagne</p>
  <p time="71760" is_ac="true">Moscato or Prosecco all looking really</p>
  <p time="73860" is_ac="true">good</p>
  <p time="75180" is_ac="true">white wines roses and your Reds down</p>
  <p time="77400" is_ac="true">here</p>
  <p time="79100" is_ac="true">feel free to take a quick pause in the</p>
  <p time="82320" is_ac="true">video to review if you'd like to see the</p>
  <p time="84420" is_ac="true">list</p>
  <p time="85280" is_ac="true">but I think tonight we're going to be</p>
  <p time="87420" is_ac="true">sticking with the signature cocktails I</p>
  <p time="89939" is_ac="true">think that's strawberry Martini is</p>
  <p time="91619" is_ac="true">calling my name</p>
  <p time="93000" is_ac="true">the antioxidant was also sounding pretty</p>
  <p time="95100" is_ac="true">good I think that's what we're going to</p>
  <p time="96299" is_ac="true">be going with</p>
  <p time="97320" is_ac="true">alrighty you guys now we just got some</p>
  <p time="99720" is_ac="true">complimentary bread here this looks</p>
  <p time="101579" is_ac="true">really really good a nice soft pull</p>
  <p time="103560" is_ac="true">apart bread part of it is a sweet onion</p>
  <p time="106140" is_ac="true">loaf the other is more of a weedy bread</p>
  <p time="108780" is_ac="true">along with this really great looking</p>
  <p time="110759" is_ac="true">butter with Hawaiian sea salt on top get</p>
  <p time="113700" is_ac="true">some of the butter on the bread</p>
  <p time="116159" is_ac="true">let's give it a bite</p>
  <p time="122899" is_ac="true">oh that's delicious really nice light</p>
  <p time="126479" is_ac="true">Airy bread here that butter is so smooth</p>
  <p time="129539" is_ac="true">and so fantastic really loving the sea</p>
  <p time="132540" is_ac="true">salt flavor as well this is one of the</p>
  <p time="134819" is_ac="true">best complimentary breads at a steak</p>
  <p time="136440" is_ac="true">restaurant I love it here</p>
  <p time="140819" is_ac="true">all right you guys our cocktails have</p>
  <p time="142500" is_ac="true">arrived and this strawberry Martini is</p>
  <p time="144540" is_ac="true">looking fantastic a nice elevated</p>
  <p time="147000" is_ac="true">crystal glass here you can see the</p>
  <p time="149220" is_ac="true">little Basil Leaf up top here this looks</p>
  <p time="151920" is_ac="true">so good cheers to you guys thanks for</p>
  <p time="153959" is_ac="true">being here in the video with me</p>
  <p time="155640" is_ac="true">foreign</p>
  <p time="157560" is_ac="true">oh that's got a great strawberry</p>
  <p time="161099" is_ac="true">sweetness the Vodka flavor is light this</p>
  <p time="163319" is_ac="true">is a pretty dangerous rig</p>
  <p time="165000" is_ac="true">all right you guys the drinks have been</p>
  <p time="167040" is_ac="true">fantastic the pull apart bread is really</p>
  <p time="169440" is_ac="true">good let me show you the dinner menu up</p>
  <p time="171660" is_ac="true">next alrighty over here you can see the</p>
  <p time="174480" is_ac="true">appetizers we have a shellfish section</p>
  <p time="177959" is_ac="true">that shellfish platter is looking really</p>
  <p time="179879" is_ac="true">good I think I'm leaning toward that</p>
  <p time="181800" is_ac="true">tonight</p>
  <p time="182940" is_ac="true">you got your caviar and soup and salads</p>
  <p time="185040" is_ac="true">over here</p>
  <p time="187140" is_ac="true">if that onion soup is as good as the one</p>
  <p time="189180" is_ac="true">at the pub and grill</p>
  <p time="190980" is_ac="true">that's probably really good</p>
  <p time="193640" is_ac="true">additional appetizers down here you guys</p>
  <p time="196400" is_ac="true">Hamachi Crudo smoked beef tartare the</p>
  <p time="199860" is_ac="true">wagyu sliders I've had before they're</p>
  <p time="201420" is_ac="true">actually quite good</p>
  <p time="203519" is_ac="true">nice</p>
  <p time="204780" is_ac="true">some sauces for steaks as well down here</p>
  <p time="207140" is_ac="true">house-made steak sauce</p>
  <p time="210140" is_ac="true">looks really good</p>
  <p time="212280" is_ac="true">up top you can see here that amazing</p>
  <p time="214980" is_ac="true">Japanese A5 wagyu</p>
  <p time="217379" is_ac="true">45 dollars an ounce I believe it's a</p>
  <p time="219540" is_ac="true">three ounce minimum then you have your</p>
  <p time="221580" is_ac="true">wagyu from America here the American wig</p>
  <p time="224099" is_ac="true">uh wag use</p>
  <p time="225720" is_ac="true">steaks look really really good</p>
  <p time="227760" is_ac="true">Some solid prime beef steaks here</p>
  <p time="231019" is_ac="true">you have Chef Ramsay's signature Beef</p>
  <p time="234180" is_ac="true">Wellington as well as this is jidori</p>
  <p time="236099" is_ac="true">chicken breast</p>
  <p time="237959" is_ac="true">rack of lamb veal chop here</p>
  <p time="240959" is_ac="true">along with some fish options salmon and</p>
  <p time="243780" is_ac="true">Branzino look really good</p>
  <p time="246120" is_ac="true">steak accompaniments here foie gras</p>
  <p time="248280" is_ac="true">lobster tail king crab they also let us</p>
  <p time="252060" is_ac="true">know about some special sides that's not</p>
  <p time="254099" is_ac="true">on the menu like getting your steak</p>
  <p time="256579" is_ac="true">Lobster style oscar style which is</p>
  <p time="259620" is_ac="true">something I really enjoy and then here</p>
  <p time="262079" is_ac="true">we have the sides potato puree mushrooms</p>
  <p time="264600" is_ac="true">Cheeto Peppers this is all looking</p>
  <p time="267060" is_ac="true">really really good</p>
  <p time="269280" is_ac="true">alrighty you guys so our order is in we</p>
  <p time="271979" is_ac="true">did end up going in on that Seafood</p>
  <p time="273840" is_ac="true">Tower that was sounding really really</p>
  <p time="275400" is_ac="true">good for entrees my friend went ahead</p>
  <p time="277560" is_ac="true">and got the wagyu rip cap I went in on</p>
  <p time="279600" is_ac="true">the rib eye oscar style I'm really</p>
  <p time="281280" is_ac="true">looking forward to that and for sides</p>
  <p time="283500" is_ac="true">we've got the potato puree along with</p>
  <p time="285419" is_ac="true">the mushrooms as well as the asparagus</p>
  <p time="287940" is_ac="true">cannot wait for this food to arrive I'll</p>
  <p time="290400" is_ac="true">catch you guys here when that Seafood</p>
  <p time="292020" is_ac="true">Tower gets here</p>
  <p time="293060" is_ac="true">[Music]</p>
  <p time="295560" is_ac="true">[Applause]</p>
  <p time="297860" is_ac="true">thank you</p>
  <p time="300000" is_ac="true">foreign</p>
  <p time="301460" is_ac="true">you guys our Seafood Tower has arrived</p>
  <p time="304620" is_ac="true">this is looking fantastic it's got tiger</p>
  <p time="306720" is_ac="true">prawns king crab oysters clams lobsters</p>
  <p time="310020" is_ac="true">and shellfish man I cannot wait to try</p>
  <p time="313020" is_ac="true">these alrighty you guys the first thing</p>
  <p time="314820" is_ac="true">I'm gonna try is this fresh looking</p>
  <p time="316620" is_ac="true">oyster looks fresh feels fresh ice cold</p>
  <p time="319919" is_ac="true">love it let's try it</p>
  <p time="328259" is_ac="true">oh yeah</p>
  <p time="329539" is_ac="true">absolutely delicious Briny flavor really</p>
  <p time="333539" is_ac="true">fresh that was a solid oyster alrighty</p>
  <p time="336600" is_ac="true">guys next up I'm trying the jumbo prawn</p>
  <p time="338460" is_ac="true">get a little bit of cocktail sauce on</p>
  <p time="340680" is_ac="true">this</p>
  <p time="341759" is_ac="true">and let's give it a bite</p>
  <p time="347180" is_ac="true">oh man oh that is an absolute fantastic</p>
  <p time="350940" is_ac="true">prawn it's a very succulent and sweet</p>
  <p time="353220" is_ac="true">prawn flavor really clean as well</p>
  <p time="358919" is_ac="true">all right you guys next time I'm gonna</p>
  <p time="360360" is_ac="true">try this Alaskan king crab leg now with</p>
  <p time="362759" is_ac="true">king crab legs not being in season for</p>
  <p time="364860" is_ac="true">multiple years it's been hard to find</p>
  <p time="366419" is_ac="true">king crab legs especially in buffets so</p>
  <p time="368940" is_ac="true">being able to get in on some king crab</p>
  <p time="370800" is_ac="true">leg here at Gordon Ramsay Steak tonight</p>
  <p time="372419" is_ac="true">is a real treat absolutely huge chunks</p>
  <p time="375539" is_ac="true">of meat here let's give it a try</p>
  <p time="385440" is_ac="true">absolutely Stellar the sweetness of that</p>
  <p time="388500" is_ac="true">crabby is really coming through great</p>
  <p time="390780" is_ac="true">bite to it love the chew and the flavor</p>
  <p time="393539" is_ac="true">of crab is so intense it's out of this</p>
  <p time="396120" is_ac="true">world</p>
  <p time="397199" is_ac="true">all right you guys next up let's try</p>
  <p time="398759" is_ac="true">some of this poached Lobster feels so</p>
  <p time="400919" is_ac="true">tender on my Fork looks beautiful let's</p>
  <p time="403440" is_ac="true">give it a try</p>
  <p time="404830" is_ac="true">[Music]</p>
  <p time="410100" is_ac="true">that was nice nice cook on the lobster</p>
  <p time="412199" is_ac="true">it's not stringy or chewy nice amount of</p>
  <p time="414539" is_ac="true">Sweetness from that meat pretty solid</p>
  <p time="416580" is_ac="true">Lobster here</p>
  <p time="417720" is_ac="true">all right guys and the last thing to try</p>
  <p time="419340" is_ac="true">from our Seafood Tower is this clam</p>
  <p time="421259" is_ac="true">looks pretty good let's give it a try</p>
  <p time="429539" is_ac="true">a nice Briny flavor they've also</p>
  <p time="431880" is_ac="true">introduced a little bit of minionette in</p>
  <p time="433440" is_ac="true">it so it has a little bit of tart</p>
  <p time="434580" is_ac="true">tanginess it's pretty good alrighty you</p>
  <p time="437039" is_ac="true">guys we're going to continue enjoying</p>
  <p time="438060" is_ac="true">this Seafood Tower we'll see when those</p>
  <p time="440039" is_ac="true">steaks arrive</p>
  <p time="442060" is_ac="true">[Music]</p>
  <p time="448639" is_ac="true">alrighty you guys our entrees have</p>
  <p time="451080" is_ac="true">arrived this is looking fantastic take a</p>
  <p time="453720" is_ac="true">look at my gigantic ribeye served oscar</p>
  <p time="456599" is_ac="true">style with a bearnaise sauce asparagus</p>
  <p time="458880" is_ac="true">and a king crab leg my friends wagyu rib</p>
  <p time="461940" is_ac="true">cap looks so good and alongside that</p>
  <p time="464580" is_ac="true">we've got these amazing looking sides</p>
  <p time="466440" is_ac="true">soy glazed mushrooms a potato puree as</p>
  <p time="469319" is_ac="true">well as lemon zested asparagus all of</p>
  <p time="471900" is_ac="true">this is looking so good alrighty guys</p>
  <p time="474900" is_ac="true">here we go a bite of the rib eye let's</p>
  <p time="477419" is_ac="true">give it a taste foreign</p>
  <p time="484220" is_ac="true">oh you guys that steak is outstanding</p>
  <p time="486860" is_ac="true">absolutely beautiful sear on the outside</p>
  <p time="489240" is_ac="true">the crust has a really great flavor</p>
  <p time="491180" is_ac="true">cooked perfectly medium rare plus the</p>
  <p time="493560" is_ac="true">way I like my steaks tender and juicy on</p>
  <p time="496199" is_ac="true">the center and just such great marbling</p>
  <p time="498780" is_ac="true">in this rib eye really beautiful fat</p>
  <p time="501780" is_ac="true">flavor all right in the next up let's go</p>
  <p time="503520" is_ac="true">ahead and try the steak Oscar Style with</p>
  <p time="505319" is_ac="true">some of this bearnaise sauce as well as</p>
  <p time="506940" is_ac="true">the king crab leg let's go in</p>
  <p time="511890" is_ac="true">[Music]</p>
  <p time="517200" is_ac="true">that is decadent absolutely luxurious</p>
  <p time="521159" is_ac="true">the biernet sauce adds a nice creaminess</p>
  <p time="524520" is_ac="true">really get that beautiful flavor of the</p>
  <p time="526980" is_ac="true">king crab as well and then when rounded</p>
  <p time="528959" is_ac="true">out by the flavor of that steak oh it's</p>
  <p time="531180" is_ac="true">just absolute Heaven you guys all right</p>
  <p time="534300" is_ac="true">I was able to steal a little bit of my</p>
  <p time="536640" is_ac="true">friends while you ribcup let's give this</p>
  <p time="538500" is_ac="true">a try</p>
  <p time="539200" is_ac="true">[Music]</p>
  <p time="542300" is_ac="true">whoa</p>
  <p time="544399" is_ac="true">wow you guys talk about tender and</p>
  <p time="547440" is_ac="true">delicious absolutely melts in your mouth</p>
  <p time="550080" is_ac="true">guys it's so tender really phenomenal B</p>
  <p time="553200" is_ac="true">flavor seasoning on the crust was</p>
  <p time="555300" is_ac="true">perfect this is a fantastic steak</p>
  <p time="557820" is_ac="true">alrighty you guys I'm gonna go in and</p>
  <p time="559260" is_ac="true">try some of these sides starting off</p>
  <p time="560820" is_ac="true">with this lemon zest asparagus looks</p>
  <p time="563160" is_ac="true">pretty good let's give it a try</p>
  <p time="569240" is_ac="true">that's nice great cook on the asparagus</p>
  <p time="572220" is_ac="true">still has a bit of snap to it the lemon</p>
  <p time="574019" is_ac="true">zest adds a nice brightness really</p>
  <p time="576120" is_ac="true">livens up the flavor and then you get a</p>
  <p time="578100" is_ac="true">slight bit of the saltiness from the</p>
  <p time="579899" is_ac="true">cheese this is a pretty solid asparagus</p>
  <p time="581820" is_ac="true">side dish</p>
  <p time="582839" is_ac="true">all right next up let's go and try the</p>
  <p time="584339" is_ac="true">soy glaze mushrooms let's give it a try</p>
  <p time="592560" is_ac="true">those mushrooms are delicious</p>
  <p time="594660" is_ac="true">himself are nice and spongy leading to a</p>
  <p time="597180" is_ac="true">really fun bite soy glaze is nice and</p>
  <p time="600060" is_ac="true">sweet but not overpowering at all you</p>
  <p time="602700" is_ac="true">get the bits of fried garlic adding the</p>
  <p time="604800" is_ac="true">additional flavor overall these are</p>
  <p time="607320" is_ac="true">really tasty glazed mushrooms all right</p>
  <p time="609779" is_ac="true">you guys and the last side to try is the</p>
  <p time="611760" is_ac="true">potato puree fancy way of saying mashed</p>
  <p time="614399" is_ac="true">potatoes let's give it a try</p>
  <p time="621480" is_ac="true">that potato puree is so smooth not a</p>
  <p time="625440" is_ac="true">lump in sight really deep buttery flavor</p>
  <p time="628560" is_ac="true">chives adding just a little bit of bite</p>
  <p time="630899" is_ac="true">that's definitely one of the better</p>
  <p time="632160" is_ac="true">potato purees here in the city alrighty</p>
  <p time="634680" is_ac="true">you guys this is such a fantastic dinner</p>
  <p time="636420" is_ac="true">my friend and I are gonna go ahead and</p>
  <p time="637800" is_ac="true">Chow Down see if we have some room for</p>
  <p time="639540" is_ac="true">dessert at the end I'll see you in a</p>
  <p time="641100" is_ac="true">little bit</p>
  <p time="642250" is_ac="true">[Music]</p>
  <p time="649040" is_ac="true">alrighty guys dinner was so great but we</p>
  <p time="652620" is_ac="true">are going to make sure we have some room</p>
  <p time="653820" is_ac="true">for dessert it is a Gordon Ramsay</p>
  <p time="655500" is_ac="true">restaurant after all let me show you the</p>
  <p time="656880" is_ac="true">dessert menu so here you can see the</p>
  <p time="659100" is_ac="true">dessert menu relatively light but all</p>
  <p time="661800" is_ac="true">great looking options got a creme fresh</p>
  <p time="664079" is_ac="true">cheesecake sticky toffee pudding which</p>
  <p time="666839" is_ac="true">is the signature dessert for a Gordon</p>
  <p time="668760" is_ac="true">Ramsay restaurant now I'm only finding</p>
  <p time="671040" is_ac="true">this out very recently but all of Gordon</p>
  <p time="673019" is_ac="true">Ramsay's restaurants have just a slight</p>
  <p time="675180" is_ac="true">variation on the sticky toffee pudding</p>
  <p time="677100" is_ac="true">and the big difference and the big uh</p>
  <p time="680839" is_ac="true">differentiating Factor here at the</p>
  <p time="682920" is_ac="true">Gordon Ramsay Steak restaurant is the</p>
  <p time="685079" is_ac="true">butter brown ice cream that sounds so</p>
  <p time="687660" is_ac="true">good white chocolate lime bar here as</p>
  <p time="690360" is_ac="true">well as an Earl Gray chocolate decadence</p>
  <p time="692160" is_ac="true">but when it comes down to it can I</p>
  <p time="694740" is_ac="true">really come to a Gordon rest Gordon</p>
  <p time="696540" is_ac="true">restaurant and not get that sticky</p>
  <p time="697860" is_ac="true">toffee pudding I think not so we went</p>
  <p time="700560" is_ac="true">ahead and put in that order for a sticky</p>
  <p time="702300" is_ac="true">toffee pudding I'll see you guys in a</p>
  <p time="703620" is_ac="true">little bit when it arrives</p>
  <p time="704640" is_ac="true">[Music]</p>
  <p time="708079" is_ac="true">alrighty you guys our sticky toffee</p>
  <p time="710339" is_ac="true">pudding has arrived and this is looking</p>
  <p time="712380" is_ac="true">so amazing as you can see they've gone</p>
  <p time="714959" is_ac="true">ahead and topped it off with the toffee</p>
  <p time="716519" is_ac="true">sauce here</p>
  <p time="717899" is_ac="true">you got the nice ground butter what</p>
  <p time="720240" is_ac="true">looks like an actual butter log on the</p>
  <p time="722100" is_ac="true">side</p>
  <p time="723000" is_ac="true">with this Rich date cake oh I cannot</p>
  <p time="725519" is_ac="true">wait have to go in right now feels like</p>
  <p time="728760" is_ac="true">absolute Heavens So Soft on my spoon</p>
  <p time="731160" is_ac="true">let's give it a try</p>
  <p time="739920" is_ac="true">guys that is so good if you come to a</p>
  <p time="742019" is_ac="true">Gordon Ramsay restaurant and don't get a</p>
  <p time="743579" is_ac="true">sticky toffee dessert I feel like you're</p>
  <p time="744839" is_ac="true">committing a cardinal sin absolutely</p>
  <p time="747360" is_ac="true">decadent it's so luxurious that date</p>
  <p time="750360" is_ac="true">cake nice and spongy with a really deep</p>
  <p time="753779" is_ac="true">flavor the toffee sauce has a great</p>
  <p time="756060" is_ac="true">sweetness to it and then you get just a</p>
  <p time="758040" is_ac="true">little bit of nuttiness from this brown</p>
  <p time="759420" is_ac="true">butter ice cream adding an additional</p>
  <p time="761700" is_ac="true">layer of smooth as well it's so good you</p>
  <p time="765240" is_ac="true">guys alrighty you guys that does it for</p>
  <p time="767399" is_ac="true">us here at Gordon Ramsay steak dinner</p>
  <p time="769680" is_ac="true">came out to about 530 bucks well worth</p>
  <p time="771779" is_ac="true">it we really enjoyed our dinner and I</p>
  <p time="773399" is_ac="true">really appreciated you guys being here</p>
  <p time="774959" is_ac="true">along with us now if you guys like the</p>
  <p time="776760" is_ac="true">video please give it a thumbs up and</p>
  <p time="778200" is_ac="true">share it with your friends I would love</p>
  <p time="779339" is_ac="true">for more people to see Chef Ramsay Steak</p>
  <p time="781019" is_ac="true">restaurant and if you like videos like</p>
  <p time="782880" is_ac="true">this make sure that you subscribe to the</p>
  <p time="784200" is_ac="true">channel I've got a lot of great content</p>
  <p time="785760" is_ac="true">coming your way and that's all for this</p>
  <p time="787560" is_ac="true">one have a great day and I hope you</p>
  <p time="788940" is_ac="true">enjoy Vegas with me shin</p>
  <p time="791220" is_ac="true">bye</p>
  <p time="792840" is_ac="true">[Music]</p>
</text>
