<?xml version='1.0' encoding='UTF-8'?>
<text date_d="29" date_m="10" date_y="2022" format="srv3" age_limit="0" comment_count="102" description="I'm headed to Gordan Ramsay Burger for dinner in this video and I'm going to  be giving you my thoughts on the meal from appetizers to dessert. Gordon Ramsay is my favorite celebrity chef and I'm always happy to eat at his restaurants. &#10;&#10;Please like, share and subscribe!&#10;&#10;Gordon Ramsay Burger&#10;(A): 3667 S Las Vegas Blvd, Las Vegas, NV 89109&#10;(P): (702) 785-5462&#10;&#10;Filmed on a Samsung Galaxy S21 Ultra&#10;Sound by RODE Wireless Go2&#10;Music from Epidemic Sound&#10;Edited with Wondershare Filmora 11 Information regarding hours, offerings, and prices in this video are subject to change at the discretion of restaurant operators." fulltitle="LAS VEGAS RESTAURANT REVIEW - Gordan Ramsay Burger at the Planet Hollywood" like_count="774" location="GORDON RAMSAY BURGER" playlist_title="na" release_date="na" upload_date="20221029" repost_count="na" tags="gordon ramsay burger; gordon ramsay burger restaurant; gordon ramsay burger restaraunt las vegas; gordon ramsay burger restaurant review; planet hollywood las vegas; planet hollywood las vegas restaurant; planet hollywood las vegas restaurants; gordon ramsay burger las vegas; gordon ramsay burger las vegas review; gordon ramsay burger planet hollywood; gordon ramsay restaurant las vegas; gordon ramsay restaurant review; gordon ramsay las vegas; gordon ramsay burger review; " title="LAS VEGAS RESTAURANT REVIEW - Gordan Ramsay Burger at the Planet Hollywood" uploader="Vegas with Shin" view_count="20654" webpage_url="https://www.youtube.com/watch?v=pvO72j0_q98" autocaption="true">
  <p time="60" is_ac="true">all right what's good YouTube It's shin</p>
  <p time="2159" is_ac="true">and today I'm at the Planet Hollywood</p>
  <p time="3480" is_ac="true">going to Gordon Ramsay's burger for some</p>
  <p time="5520" is_ac="true">dinner now as you know Gordon Ramsay is</p>
  <p time="7620" is_ac="true">one of my favorite celebrity chefs of</p>
  <p time="9360" is_ac="true">all time I'm so happy to go and check</p>
  <p time="11340" is_ac="true">out his burger restaurant I'm really</p>
  <p time="12840" is_ac="true">happy you're along here with me let's go</p>
  <p time="14519" is_ac="true">check it out</p>
  <p time="16239" is_ac="true">[Music]</p>
  <p time="20779" is_ac="true">all right you guys we just got seated</p>
  <p time="22920" is_ac="true">here at Gordon Ramsay Burger this is a</p>
  <p time="24960" is_ac="true">very Lively and popular restaurant it is</p>
  <p time="27480" is_ac="true">packed we have to wait in line to get</p>
  <p time="28859" is_ac="true">here but we're happy to be seated now if</p>
  <p time="30539" is_ac="true">you guys haven't heard Chef Ramsay is</p>
  <p time="32099" is_ac="true">opening his sixth restaurant here in Las</p>
  <p time="34079" is_ac="true">Vegas at the Harris called Ramsay's</p>
  <p time="36360" is_ac="true">Kitchen at the end of next month I'm</p>
  <p time="38520" is_ac="true">gonna be there but before I go I want to</p>
  <p time="40980" is_ac="true">make sure that I review all of Gordon's</p>
  <p time="42719" is_ac="true">restaurants here in Las Vegas and here</p>
  <p time="44760" is_ac="true">we are at Gordon Ramsay Burger checking</p>
  <p time="46800" is_ac="true">it out all right you guys let's take a</p>
  <p time="48360" is_ac="true">quick look at the menu all right</p>
  <p time="49739" is_ac="true">starting off with the cocktails here you</p>
  <p time="51300" is_ac="true">guys lots of cool looking options</p>
  <p time="53399" is_ac="true">I'm a pretty big fan of sangria I think</p>
  <p time="56160" is_ac="true">I'm going to go ahead and go in on that</p>
  <p time="58260" is_ac="true">your beer and wine list down here for</p>
  <p time="60480" is_ac="true">you</p>
  <p time="62820" is_ac="true">feel free to give that a pause if you</p>
  <p time="64320" is_ac="true">want to take a look</p>
  <p time="66780" is_ac="true">s pretty good</p>
  <p time="69659" is_ac="true">all right you guys my sangria has</p>
  <p time="71580" is_ac="true">arrived this is looking really great I</p>
  <p time="73799" is_ac="true">love the deep purple color let's give it</p>
  <p time="75900" is_ac="true">a try</p>
  <p time="77040" is_ac="true">cheers to you guys</p>
  <p time="83400" is_ac="true">nice and refreshing and let's look at</p>
  <p time="86159" is_ac="true">what food they have available next</p>
  <p time="88040" is_ac="true">here in the snacks section brunch tots</p>
  <p time="92040" is_ac="true">Wings hummus corn dip and rings</p>
  <p time="96360" is_ac="true">that all looks pretty good</p>
  <p time="98640" is_ac="true">got some salads down here Caesar and</p>
  <p time="101880" is_ac="true">chicken salad nice</p>
  <p time="104939" is_ac="true">specialty Burgers up here you guys 24</p>
  <p time="106799" is_ac="true">Hour Burger</p>
  <p time="108420" is_ac="true">and a truffle burger that sounds pretty</p>
  <p time="110100" is_ac="true">good</p>
  <p time="111780" is_ac="true">they have dogs and fish hot dogs and a</p>
  <p time="114540" is_ac="true">fish burger over here</p>
  <p time="116460" is_ac="true">along with some crumpled parmesan fries</p>
  <p time="118740" is_ac="true">fries sweet potato fries and tots looks</p>
  <p time="121860" is_ac="true">pretty good</p>
  <p time="122840" is_ac="true">and then down here we have the burgers</p>
  <p time="125479" is_ac="true">Backyard Burger looks like the standard</p>
  <p time="127799" is_ac="true">Hell's Kitchen Burger is uh one they're</p>
  <p time="129780" is_ac="true">known for with a little bit of spice</p>
  <p time="133020" is_ac="true">all these look pretty good</p>
  <p time="136040" is_ac="true">and then you have your sweets here</p>
  <p time="138300" is_ac="true">English toffee Shake</p>
  <p time="140400" is_ac="true">all these beautiful shakes here</p>
  <p time="143700" is_ac="true">sticky toffee pudding ice cream sandwich</p>
  <p time="145620" is_ac="true">that's a thing I might have to get that</p>
  <p time="148580" is_ac="true">and then you got beverages down here it</p>
  <p time="151020" is_ac="true">looks like it's Pepsi products</p>
  <p time="154080" is_ac="true">very nice alrighty you guys our</p>
  <p time="156660" is_ac="true">appetizers have arrived and this is</p>
  <p time="158640" is_ac="true">looking so good take a look at these</p>
  <p time="161040" is_ac="true">brunch tots this gravy looks fantastic</p>
  <p time="163379" is_ac="true">egg yolk is nice and runny well cooked</p>
  <p time="166200" is_ac="true">we also have this beautiful elotech corn</p>
  <p time="169379" is_ac="true">dip with nice spices you could smell</p>
  <p time="172739" is_ac="true">some of that heat</p>
  <p time="174180" is_ac="true">with these beautiful looking corn chips</p>
  <p time="177360" is_ac="true">I can't wait to dig in let's give these</p>
  <p time="179099" is_ac="true">all a try alrighty you guys the first</p>
  <p time="181019" is_ac="true">bite I want to try is of these brunch</p>
  <p time="182640" is_ac="true">pots I mean potatoes gravy and eggs this</p>
  <p time="186300" is_ac="true">all sounds good to me let's give it a</p>
  <p time="187860" is_ac="true">try</p>
  <p time="195540" is_ac="true">oh man those brunch spots are really</p>
  <p time="197519" is_ac="true">good the tots are really well seasoned</p>
  <p time="199560" is_ac="true">and the fry on them is so great but this</p>
  <p time="201840" is_ac="true">gravy is the sauce you guys you really</p>
  <p time="204239" is_ac="true">get that pan beef dripping gravy flavor</p>
  <p time="207060" is_ac="true">it's so rich bacon adds a nice bit of</p>
  <p time="209700" is_ac="true">additional saltiness it's Lush it's</p>
  <p time="211560" is_ac="true">really good all right guys next up I'm</p>
  <p time="214019" is_ac="true">gonna go ahead and try this corn dip now</p>
  <p time="216000" is_ac="true">it's definitely got some spice with some</p>
  <p time="217319" is_ac="true">jalapeno and Fresno peppers in there</p>
  <p time="219060" is_ac="true">let's give it a taste</p>
  <p time="225980" is_ac="true">oh that's really nice the heat is</p>
  <p time="228900" is_ac="true">actually not as bad as I thought it was</p>
  <p time="230099" is_ac="true">going to be with those Fresnos and those</p>
  <p time="231480" is_ac="true">jalapenos really the first flavor you</p>
  <p time="233400" is_ac="true">get is kind of this Tangy cheese a mix</p>
  <p time="235860" is_ac="true">of that lime with the Cotija really</p>
  <p time="237540" is_ac="true">gives you in a little bit of that</p>
  <p time="238799" is_ac="true">sourness but then it makes way for this</p>
  <p time="240720" is_ac="true">Ultra creamy smooth cheese flavor and</p>
  <p time="243540" is_ac="true">along with the saltiness of these black</p>
  <p time="245519" is_ac="true">corn tortilla chips</p>
  <p time="247200" is_ac="true">actually makes for a really Tasty Bite</p>
  <p time="248879" is_ac="true">all right guys our Burger orders are in</p>
  <p time="251099" is_ac="true">I went ahead and got that 24 Hour Burger</p>
  <p time="253319" is_ac="true">my friend went ahead and got the fish</p>
  <p time="255360" is_ac="true">burger all sounding really good we're</p>
  <p time="257280" is_ac="true">gonna continue munching on these</p>
  <p time="258540" is_ac="true">appetizers and you will see you when the</p>
  <p time="260340" is_ac="true">food arrives</p>
  <p time="262440" is_ac="true">foreign</p>
  <p time="267040" is_ac="true">[Music]</p>
  <p time="268560" is_ac="true">you guys our entrees have arrived and</p>
  <p time="270960" is_ac="true">these look really really good check out</p>
  <p time="273180" is_ac="true">my 24 Hour Burger beautiful looking bun</p>
  <p time="276240" is_ac="true">I'm liking the arugula got some pickled</p>
  <p time="278639" is_ac="true">shallots on the end here as well was not</p>
  <p time="280860" is_ac="true">expecting my friends fish burger to be</p>
  <p time="282960" is_ac="true">this massive more like a fish submarine</p>
  <p time="284880" is_ac="true">sandwich but it is all looking and</p>
  <p time="286979" is_ac="true">smelling delicious time to give this</p>
  <p time="289080" is_ac="true">burger a bite</p>
  <p time="297360" is_ac="true">that's really tasty yeah the burger is</p>
  <p time="300000" is_ac="true">cooked a nice medium the short rib adds</p>
  <p time="302880" is_ac="true">a great richness barbecue sauce and the</p>
  <p time="305280" is_ac="true">brown sugar bacon is adding such a</p>
  <p time="307860" is_ac="true">delicious additional sweetness here</p>
  <p time="309600" is_ac="true">arugula adds just a little bit of bitter</p>
  <p time="311580" is_ac="true">bite this is actually a really delicious</p>
  <p time="313199" is_ac="true">Burger you guys</p>
  <p time="317820" is_ac="true">all right you guys my friend was</p>
  <p time="319139" is_ac="true">gracious enough to give me a little bit</p>
  <p time="320820" is_ac="true">of her fish burger this is looking</p>
  <p time="322800" is_ac="true">really good the fun feels so buttery in</p>
  <p time="325500" is_ac="true">my hands let's give it a try</p>
  <p time="330440" is_ac="true">oh man you guys that was a really tasty</p>
  <p time="333300" is_ac="true">fish sandwich the fish flavor is really</p>
  <p time="336539" is_ac="true">nice you get a lot of nice salinity from</p>
  <p time="338759" is_ac="true">it the slaw has just the perfect amount</p>
  <p time="341460" is_ac="true">of vinegar to help cut through a lot of</p>
  <p time="344100" is_ac="true">that richness of the fish the bread is</p>
  <p time="346800" is_ac="true">so deliciously buttered and battered you</p>
  <p time="349380" is_ac="true">guys initially we were expecting</p>
  <p time="351360" is_ac="true">something like a fried fish it's more</p>
  <p time="353940" is_ac="true">like a pan sear and The Taste is really</p>
  <p time="357360" is_ac="true">outstanding all right you guys really</p>
  <p time="359699" is_ac="true">great dinner so far we're gonna go ahead</p>
  <p time="361500" is_ac="true">and continue munching and we're going to</p>
  <p time="362699" is_ac="true">take a look at dessert options after</p>
  <p time="364139" is_ac="true">seeing a little bit foreign</p>
  <p time="371390" is_ac="true">[Music]</p>
  <p time="373820" is_ac="true">guys our desserts have arrived this is</p>
  <p time="376860" is_ac="true">looking so decadent I've got a sticky</p>
  <p time="379380" is_ac="true">toffee pudding Ice Cream Sandwich here</p>
  <p time="381180" is_ac="true">that looks absolutely phenomenal and on</p>
  <p time="384060" is_ac="true">top of that we decided to share an Oreo</p>
  <p time="386580" is_ac="true">creme brulee shake this sounds so</p>
  <p time="389340" is_ac="true">decadent so Heavenly let's give it a try</p>
  <p time="392100" is_ac="true">all right you guys we're gonna go ahead</p>
  <p time="394020" is_ac="true">and try the Ice Cream Sandwich first</p>
  <p time="395819" is_ac="true">sticky toffee pudding is Gordon Ramsay's</p>
  <p time="398940" is_ac="true">signature dessert to put it into an ice</p>
  <p time="401220" is_ac="true">cream sandwich form just sounds genius</p>
  <p time="403380" is_ac="true">so let's give it a try</p>
  <p time="409680" is_ac="true">oh wow</p>
  <p time="411780" is_ac="true">you guys it is so good the sticky toffee</p>
  <p time="415139" is_ac="true">pudding cake is nice and spongy really</p>
  <p time="418620" is_ac="true">decadent super sweet then you get that</p>
  <p time="420780" is_ac="true">nice creaminess of that vanilla ice</p>
  <p time="422699" is_ac="true">cream Ultra decadent well worth it</p>
  <p time="425340" is_ac="true">really nice after such a rich Burger</p>
  <p time="428100" is_ac="true">today</p>
  <p time="429539" is_ac="true">now let's try some of this Oreo creme</p>
  <p time="431280" is_ac="true">brulee Shake I mean I love Oreos I love</p>
  <p time="433560" is_ac="true">creme brulee and if you put the two</p>
  <p time="435060" is_ac="true">together it has to be amazing right</p>
  <p time="436620" is_ac="true">let's give it a try</p>
  <p time="439800" is_ac="true">oh</p>
  <p time="443099" is_ac="true">it's nice I love that cookies and cream</p>
  <p time="445800" is_ac="true">flavor along with the creaminess of the</p>
  <p time="448080" is_ac="true">vanilla but then you get that little</p>
  <p time="449759" is_ac="true">slight eggy Custard flavor of a creme</p>
  <p time="452160" is_ac="true">brulee this is actually pretty good all</p>
  <p time="454800" is_ac="true">right you guys and that does it for us</p>
  <p time="456060" is_ac="true">here at Gordon Ramsay Burger I hope you</p>
  <p time="458400" is_ac="true">enjoyed this video and I really</p>
  <p time="460259" is_ac="true">appreciated you steak along with me if</p>
  <p time="462660" is_ac="true">you liked it please give it a thumbs up</p>
  <p time="464160" is_ac="true">and share it with your friends I would</p>
  <p time="465539" is_ac="true">love for more people to see it and if</p>
  <p time="467639" is_ac="true">you enjoy content like this from here in</p>
  <p time="469259" is_ac="true">Las Vegas make sure you subscribe to the</p>
  <p time="471120" is_ac="true">channel I've got a lot of great content</p>
  <p time="472680" is_ac="true">coming your way and that's all for this</p>
  <p time="474479" is_ac="true">one have a great day and I hope you</p>
  <p time="475919" is_ac="true">enjoyed Vegas with me shin</p>
  <p time="478259" is_ac="true">bye</p>
  <p time="480070" is_ac="true">[Music]</p>
</text>
