<?xml version='1.0' encoding='UTF-8'?>
<text date_d="19" date_m="11" date_y="2022" format="srv3" age_limit="0" comment_count="145" description="In this video, I'm going to Gordon Ramsay's Fish and Chips at the Linq Promenade! I'll give you my honest review of the fish and chips as well as the Sticky Toffee Shake! Be sure to check out my other videos reviewing Gordan Ramsay's restaurants here in Las Vegas!&#10;&#10;Thank you for watching! Please like, share and subscribe!&#10;&#10;Gordon Ramsay's Fish and Chips&#10;(A): 3545 S Las Vegas Blvd, Las Vegas, NV 89109&#10;(P): (702) 322-0529&#10;&#10;Filmed on a Samsung Galaxy S21 Ultra&#10;Audio by RODE Wireless Go 2&#10;Music from Epidemic Sound&#10;Edited with Wondershare Filmora 11 Information regarding hours, offerings, and prices in this video are subject to change at the discretion of restaurant operators." fulltitle="LAS VEGAS RESTAURANT REVIEW - Gordan Ramsay's Fish and Chips" like_count="799" location="GORDON RAMSAY FISH &amp; CHIPS" playlist_title="na" release_date="na" upload_date="20221119" repost_count="na" tags="gordon ramsay; fish and chips; gordon ramsay fish and chips; gordon ramsay argument; gordon ramsay insults; gordon ramsay burger; las vegas; las vegas food; foodie; best; worst; funny; fun; buffet; bacchanal; wicked spoon; mgm grand; linq; caesars; bellagio; aria; venetian; palazzo; resorts world; circus circus; park mgm; excalibur; luxor; mandalay bay; mirage; planet hollywood; wynn; encore las vegas; stratosphere; new york new york las vegas; treasure island las vegas; paris las vegas; vdara; " title="LAS VEGAS RESTAURANT REVIEW - Gordan Ramsay's Fish and Chips" uploader="Vegas with Shin" view_count="20648" webpage_url="https://www.youtube.com/watch?v=1ASClwa37og" autocaption="true">
  <p time="0" is_ac="true">what's good YouTube It's shin and today</p>
  <p time="2340" is_ac="true">I'm coming to you from the link</p>
  <p time="3300" is_ac="true">Promenade where I'm headed to Gordon</p>
  <p time="4740" is_ac="true">Ramsay's fish and chips for a quick</p>
  <p time="6000" is_ac="true">lunch now this is it the final stop in</p>
  <p time="8820" is_ac="true">my tour of all of Chef Ramsay's</p>
  <p time="10500" is_ac="true">restaurants here in Las Vegas and it</p>
  <p time="12179" is_ac="true">couldn't have come at a better time</p>
  <p time="13259" is_ac="true">because it's now going to be culminating</p>
  <p time="15000" is_ac="true">at the end of next week when Chef Ramsay</p>
  <p time="17460" is_ac="true">opens his sixth restaurant here in Las</p>
  <p time="19260" is_ac="true">Vegas at the Harrah's titled Ramsay's</p>
  <p time="21480" is_ac="true">Kitchen now I do have an opening day</p>
  <p time="23279" is_ac="true">reservation I cannot wait to share that</p>
  <p time="25380" is_ac="true">video guys with you next week but we</p>
  <p time="27000" is_ac="true">can't focus too much on the future when</p>
  <p time="28500" is_ac="true">we have the present I'm gonna go and get</p>
  <p time="30240" is_ac="true">some fish and chips so happy to have you</p>
  <p time="31980" is_ac="true">along with me let's go check it out</p>
  <p time="37760" is_ac="true">[Music]</p>
  <p time="41840" is_ac="true">all right you guys we just got seated</p>
  <p time="43980" is_ac="true">here at Gordon Ramsay's fish and chips a</p>
  <p time="46260" is_ac="true">nice little Eatery here on the little</p>
  <p time="48120" is_ac="true">Promenade Gordon Rams is the only real</p>
  <p time="50340" is_ac="true">quick stop restaurant here in Las Vegas</p>
  <p time="52140" is_ac="true">really cool UK style decor here and</p>
  <p time="55260" is_ac="true">providing nice over-the-counter service</p>
  <p time="56820" is_ac="true">here make your order now we are here at</p>
  <p time="60000" is_ac="true">Gordon Ramsay's fish and chips so I went</p>
  <p time="61500" is_ac="true">ahead and got some fish and chips as</p>
  <p time="63719" is_ac="true">well as a sticky toffee shake and this</p>
  <p time="66060" is_ac="true">is all sounding really really good I'll</p>
  <p time="67799" is_ac="true">see you when that food arrives</p>
  <p time="72240" is_ac="true">foreign</p>
  <p time="78300" is_ac="true">[Music]</p>
  <p time="88220" is_ac="true">guys so my order just came out and this</p>
  <p time="91200" is_ac="true">is looking smelling so good I went ahead</p>
  <p time="93659" is_ac="true">and got the fish and chips combo three</p>
  <p time="95460" is_ac="true">huge pieces of fish here along with some</p>
  <p time="97500" is_ac="true">chips underneath now I went ahead and</p>
  <p time="99479" is_ac="true">opted for the tartar sauce as well as</p>
  <p time="100979" is_ac="true">the curry mango sauce but it sounded</p>
  <p time="102659" is_ac="true">really good I could not wait to dive in</p>
  <p time="104759" is_ac="true">and of course I've got that sticky</p>
  <p time="106740" is_ac="true">toffee pudding shake that is looking so</p>
  <p time="108960" is_ac="true">luscious let's go ahead and try all this</p>
  <p time="110759" is_ac="true">food all right of course the first thing</p>
  <p time="112979" is_ac="true">to try is gonna be the fish feels so</p>
  <p time="115860" is_ac="true">crispy and hot in my hands</p>
  <p time="119520" is_ac="true">let's give it a try</p>
  <p time="125460" is_ac="true">oh</p>
  <p time="127340" is_ac="true">man that crunch is immaculate so crispy</p>
  <p time="131580" is_ac="true">that exterior</p>
  <p time="133340" is_ac="true">but now that you know what let me</p>
  <p time="135300" is_ac="true">actually give it one more bite here</p>
  <p time="142459" is_ac="true">okay the batter is so crispy and crunchy</p>
  <p time="145500" is_ac="true">it really paves the way for a lot of</p>
  <p time="147180" is_ac="true">Great Expectations unfortunately as you</p>
  <p time="149879" is_ac="true">kind of get past that initial texture</p>
  <p time="151319" is_ac="true">you kind of realize that the big flavor</p>
  <p time="152819" is_ac="true">is actually very mild</p>
  <p time="154340" is_ac="true">now the fish itself is moist and Flaky</p>
  <p time="157260" is_ac="true">but I really would prefer a more robust</p>
  <p time="159660" is_ac="true">flavor from the fish now while the</p>
  <p time="161640" is_ac="true">batter is super crispy it's also very</p>
  <p time="163620" is_ac="true">lightly seasoned thank you</p>
  <p time="165780" is_ac="true">I dare say it's almost Bland but then I</p>
  <p time="168480" is_ac="true">feel like I'm insulting the god King</p>
  <p time="169920" is_ac="true">Chef Ramsay now it is possible that the</p>
  <p time="172680" is_ac="true">flavor is by Design to help carry the</p>
  <p time="175080" is_ac="true">flavors of the sauces let's go ahead and</p>
  <p time="177060" is_ac="true">try those next first up is going to be</p>
  <p time="179340" is_ac="true">that classic tartar sauce nice and thick</p>
  <p time="182160" is_ac="true">looking you can see the bits of Dill in</p>
  <p time="183959" is_ac="true">there let's go ahead and try it with the</p>
  <p time="185519" is_ac="true">tartar sauce</p>
  <p time="192780" is_ac="true">oh that tartar sauce is delicious though</p>
  <p time="194879" is_ac="true">that tartar sauce is super well balanced</p>
  <p time="197879" is_ac="true">between the acidity of the bit of lemon</p>
  <p time="199620" is_ac="true">the little bit of Dill from the pickle</p>
  <p time="201540" is_ac="true">in there as well oh it's actually really</p>
  <p time="203040" is_ac="true">good that</p>
  <p time="206400" is_ac="true">alrighty next up let's go in and try</p>
  <p time="208260" is_ac="true">that Curry mango sauce I'm loving the</p>
  <p time="211260" is_ac="true">Deep yellow color of this</p>
  <p time="214260" is_ac="true">let's give it a try</p>
  <p time="218840" is_ac="true">oh</p>
  <p time="221780" is_ac="true">man you guys that is the sauce</p>
  <p time="224180" is_ac="true">absolutely delicious you definitely get</p>
  <p time="227580" is_ac="true">a little bit of sweetness from that</p>
  <p time="228720" is_ac="true">mango but the curry flavor is really</p>
  <p time="230580" is_ac="true">pronounced nice and deep definitely a</p>
  <p time="232980" is_ac="true">very well balanced sauce either no</p>
  <p time="234599" is_ac="true">element was actually overpowering</p>
  <p time="235980" is_ac="true">anything else a nice smooth mixture of</p>
  <p time="237840" is_ac="true">Curry and mango this sauce is really</p>
  <p time="240599" is_ac="true">great all right fish down let's go ahead</p>
  <p time="243060" is_ac="true">and try the chips</p>
  <p time="244319" is_ac="true">a nice light golden color on these let's</p>
  <p time="246599" is_ac="true">try them straight up</p>
  <p time="251959" is_ac="true">you know that's pretty nice definitely</p>
  <p time="254280" is_ac="true">nice and fluffy on the inside now these</p>
  <p time="256500" is_ac="true">are nice I would prefer just a little</p>
  <p time="257820" is_ac="true">crispier of an exterior well seasoned</p>
  <p time="260100" is_ac="true">though great salt levels here a pretty</p>
  <p time="262199" is_ac="true">good chip overall</p>
  <p time="263580" is_ac="true">let's go and try the fries as a vessel</p>
  <p time="265199" is_ac="true">for this sauce Curry mango up first</p>
  <p time="271280" is_ac="true">it tastes just as good on the fries as</p>
  <p time="273419" is_ac="true">they do on the fish alrighty guys and</p>
  <p time="275580" is_ac="true">the last thing to try is going to be the</p>
  <p time="276660" is_ac="true">sticky toffee shake this looks</p>
  <p time="278880" is_ac="true">absolutely decadent loving all of these</p>
  <p time="281580" is_ac="true">coffee swirls inside let's give it a try</p>
  <p time="288199" is_ac="true">you know</p>
  <p time="292380" is_ac="true">oh man that's so good really captures</p>
  <p time="294600" is_ac="true">the essence of sticky talking you get</p>
  <p time="296040" is_ac="true">that nice cream pudding flavor Ultra</p>
  <p time="298139" is_ac="true">creamy and sweet and really cuts through</p>
  <p time="300720" is_ac="true">a lot of the heaviness of this meal this</p>
  <p time="302580" is_ac="true">is really nice all right you guys that</p>
  <p time="304199" is_ac="true">does it for me here at Gordon Ramsay's</p>
  <p time="306000" is_ac="true">fish and chips now if I had to be honest</p>
  <p time="307500" is_ac="true">with you the fish on their own are a</p>
  <p time="309000" is_ac="true">little lackluster I would love a little</p>
  <p time="310380" is_ac="true">more robust fish flavor as well as a</p>
  <p time="312120" is_ac="true">little bit additional seasoning in the</p>
  <p time="313440" is_ac="true">batter that said the sauces are</p>
  <p time="315360" is_ac="true">absolutely spectacular the fries are</p>
  <p time="317699" is_ac="true">pretty good as well but that's the</p>
  <p time="319139" is_ac="true">kitaki pudding is Heavenly now before I</p>
  <p time="321600" is_ac="true">provided a tip the bill did come out to</p>
  <p time="322979" is_ac="true">roughly 29 30 bucks so it's not exactly</p>
  <p time="325199" is_ac="true">a cheat meal either all right guys and</p>
  <p time="327180" is_ac="true">that does it for us here at Gordon</p>
  <p time="328620" is_ac="true">Ramsay's fish and chips now if you</p>
  <p time="330000" is_ac="true">enjoyed the video please give it a</p>
  <p time="331139" is_ac="true">thumbs up and share it with your friends</p>
  <p time="332280" is_ac="true">I would love for more people to see it</p>
  <p time="333660" is_ac="true">and if you like content like this make</p>
  <p time="335100" is_ac="true">sure you subscribe to the channel I've</p>
  <p time="336240" is_ac="true">got so many great videos coming your way</p>
  <p time="337860" is_ac="true">including the grand opening of Ramsey's</p>
  <p time="340080" is_ac="true">Kitchen coming next week and that's all</p>
  <p time="341639" is_ac="true">for this one have a great day I hope you</p>
  <p time="343259" is_ac="true">enjoyed Vegas with me bye</p>
  <p time="348000" is_ac="true">foreign</p>
</text>
