<?xml version='1.0' encoding='UTF-8'?>
<text date_d="8" date_m="3" date_y="2024" format="srv3" age_limit="0" comment_count="1100" description="Check out our Jolly London Food Map to see all of the best places we've filmed at over the years! https://www.jollylondonmap.com&#10;If you want to create a hassle-free, no-code website like us then head over to Odoo and try out their website builder today! https://www.odoo.com/r/6B9&#10;&#10;We finally found it - A Michelin Starred restaurant with a Fried Chicken dish on the menu! Huge thanks to Angelo and the team at Humble Chicken for having us and serving up an incredible dinner!&#10;https://www.humblechickenuk.com/&#10;&#10;Check out our latest JOLLY merch at http://getjolly.store&#10;&#10;Click here to buy Josh's bestselling autobiography! https://amzn.eu/d/73xtwcy&#10;&#10;Hit join and become a Jollybean member to join us in our members-only livestreams:&#10;https://www.youtube.com/jolly/join&#10;&#10;Special thanks to our Jollybean VIPs for supporting us in making this video!&#10;&#10;Kyle Ann&#10;TIFFANY JACOBS&#10;Johnathon Randle&#10;Li Winslow&#10;Bettie Meier&#10;Claim2Game (a.k.a isaiah gollan 20)&#10;James Wilson&#10;63angel&#10;Florian Adamek&#10;Raileigh GJ&#10;tralalaladee&#10;Vicky Bham&#10;Jamedalamus&#10;David Whitener&#10;Reilly Willoughby&#10;12rose3&#10;Julian Leung&#10;Yun Lim&#10;Laykan Dowdy&#10;heather owen&#10;CitrusQuill&#10;Gloria Kwon&#10;lira12tan&#10;Andi526" fulltitle="Michelin Star Fried Chicken!" like_count="35840" location="na" playlist_title="na" release_date="na" upload_date="20240308" repost_count="na" tags="JOLLY; josh; ollie; British; UK; English; englishman; comedy; duo; food; react; try; tries; best; weirdest; craziest; series; online; guest; memes; Gentleman; Brits; international; spicy; spiciest; hottest; noodles; snacks; fast food; best friends; infinite possibilities; gabie; kook; carrott; kendal; review; taste; test; steven lim; watcher; travel; sorted food; highschoolers; meme; tiktok; weird; rappers; actually good; paris; london; L.A.; mcdonalds; michelin; crazy; asmr; mukbang; nyc; new york; city; american; biscuits; gravy; southern; " title="Michelin Star Fried Chicken!" uploader="JOLLY" view_count="880243" webpage_url="https://www.youtube.com/watch?v=IvVQTp7QMO0" autocaption="false">
  <p time="0" is_ac="false">This is it,</p>
  <p time="691" is_ac="false">Michelin Starred,</p>
  <p time="2320" is_ac="false">Fried Chicken.</p>
  <p time="3960" is_ac="false">This is next level!</p>
  <p time="5313" is_ac="false">That is hella good.</p>
  <p time="6404" is_ac="false">Already we're 3 courses in,</p>
  <p time="7641" is_ac="false">This is some of the most creative food </p>
  <p time="8920" is_ac="false">I've ever had.</p>
  <p time="9440" is_ac="false">Oh my gosh!</p>
  <p time="10633" is_ac="false"> What the heck.</p>
  <p time="11600" is_ac="false">The tall giraffe, the angry turkey, the elegant elephant and the humble chicken.</p>
  <p time="18763" is_ac="false">Which one are we at today?</p>
  <p time="19440" is_ac="false">The restaurant's called Humble Chicken.</p>
  <p time="21120" is_ac="false">This is one of the hottest spots in London right now.</p>
  <p time="24480" is_ac="false">They've literally just been given their Michelin Star.</p>
  <p time="27360" is_ac="false">Wow.</p>
  <p time="28160" is_ac="false">Look.</p>
  <p time="29840" is_ac="false">It's oddly appropriate that we're here because I am dressed as a chicken in its humblest form.</p>
  <p time="34240" is_ac="false">Okay, baby chick.</p>
  <p time="35520" is_ac="false">Yeah, baby chick.</p>
  <p time="36320" is_ac="false">Or the egg yolk, depends.</p>
  <p time="37600" is_ac="false">Depends where it is in the gestation.</p>
  <p time="40320" is_ac="false">Wow.</p>
  <p time="43190" is_ac="false">We are definitely the first people to film here after it's just been awarded its Michelin Star.</p>
  <p time="48480" is_ac="false">I'm not surprised they chose us right because we're two of the humblest guys you could know.</p>
  <p time="52160" is_ac="false">What do you mean they chose us?</p>
  <p time="54637" is_ac="false">Pretty sure we chose them.</p>
  <p time="57120" is_ac="false">I mean, I'm probably a little more humble than you.</p>
  <p time="59120" is_ac="false">Oh, okay.</p>
  <p time="59920" is_ac="false">I'm not sure that's how humility works.</p>
  <p time="61840" is_ac="false">No?</p>
  <p time="63215" is_ac="false">Let's see whether it lives up to the hype or they need to make and then eat a humble pie.</p>
  <p time="68800" is_ac="false">Okay.</p>
  <p time="80240" is_ac="false">Wow, thank you very much.</p>
  <p time="82400" is_ac="false">Look at that.</p>
  <p time="83440" is_ac="false">That is stunning.</p>
  <p time="85200" is_ac="false">It looks like something you'd see in a rock pool.</p>
  <p time="88640" is_ac="false">That is a mussel that's been stuffed in with stuff.</p>
  <p time="91840" is_ac="false">So it's like juicing.</p>
  <p time="95241" is_ac="false">A mussel on steroids.</p>
  <p time="96960" is_ac="false">Can I say that?</p>
  <p time="97600" is_ac="false">Look at that.</p>
  <p time="98160" is_ac="false">Very humble move in a chicken restaurant.</p>
  <p time="100480" is_ac="false">Starting with a mussel.</p>
  <p time="102080" is_ac="false">Starting with something other than chicken.</p>
  <p time="104180" is_ac="false">He doesn't want to be in the centre of attention.</p>
  <p time="106560" is_ac="false">He said give it a little slurp.</p>
  <p time="108080" is_ac="false">I think that's the first time I've ever been told that in a restaurant.</p>
  <p time="110240" is_ac="false">Very exciting.</p>
  <p time="119703" is_ac="false">Wow.</p>
  <p time="122103" is_ac="false">Oh my gosh.</p>
  <p time="123160" is_ac="false">The mussel is full of flavour.</p>
  <p time="126240" is_ac="false">It almost like explodes and bursts out when you bite into it.</p>
  <p time="130560" is_ac="false">What is it?</p>
  <p time="131411" is_ac="false">It's quite sour, limey.</p>
  <p time="133920" is_ac="false">Is there soy sauce in there?</p>
  <p time="135520" is_ac="false">Can you guess any of the ingredients?</p>
  <p time="136960" is_ac="false">Wow.</p>
  <p time="137460" is_ac="false">Mussel.</p>
  <p time="139120" is_ac="false">Yeah.</p>
  <p time="140320" is_ac="false">Citrus kosho ponzu.</p>
  <p time="142160" is_ac="false">Wait, wait.</p>
  <p time="142720" is_ac="false">You were never gonna guess.</p>
  <p time="144080" is_ac="false">Let me guess.</p>
  <p time="144960" is_ac="false">Citrus koshu ponzu.</p>
  <p time="148000" is_ac="false">You still got it wrong.</p>
  <p time="149200" is_ac="false">Even I just told you.</p>
  <p time="151674" is_ac="false">And apparently some avocado as well.</p>
  <p time="154400" is_ac="false">And some...</p>
  <p time="154959" is_ac="false">Is there avocado?</p>
  <p time="156560" is_ac="false">Is there just an hint of avocado?</p>
  <p time="160720" is_ac="false">Yeah.</p>
  <p time="161280" is_ac="false">I need to start doing steroids.</p>
  <p time="162640" is_ac="false">If that's what my muscles will taste like, I could be licking all day.</p>
  <p time="168160" is_ac="false">That is very strange.</p>
  <p time="186880" is_ac="false">Thank you very much.</p>
  <p time="187760" is_ac="false">Flavour bomb.</p>
  <p time="188400" is_ac="false">I thought the first mouthful was a flavour bomb.</p>
  <p time="190240" is_ac="false">I was listening to all of those words.</p>
  <p time="191840" is_ac="false">I got no idea what this is gonna taste like.</p>
  <p time="193760" is_ac="false">It could taste like ice cream.</p>
  <p time="195040" is_ac="false">Persimmon on the bottom, which I think I've only ever had in Korea.</p>
  <p time="198800" is_ac="false">And then some liver and then hazelnut.</p>
  <p time="201760" is_ac="false">And they've shaved up this foie gras on top.</p>
  <p time="205360" is_ac="false">Wow.</p>
  <p time="205920" is_ac="false">This feels like an art piece.</p>
  <p time="208000" is_ac="false">Oh wow. There's like bits in there.</p>
  <p time="210400" is_ac="false">It's a very creamy texture.</p>
  <p time="212080" is_ac="false">It's kind of like muesli.</p>
  <p time="213280" is_ac="false">It's quite creamy.</p>
  <p time="214240" is_ac="false">Like overnight oats.</p>
  <p time="215200" is_ac="false">Yeah.</p>
  <p time="215700" is_ac="false">Cheers.</p>
  <p time="224750" is_ac="false">Oh my gosh.</p>
  <p time="227440" is_ac="false">It's the best pate I've ever had.</p>
  <p time="228640" is_ac="false">Luke, you need to try that.</p>
  <p time="234620" is_ac="false">That is incredible.</p>
  <p time="236480" is_ac="false">I normally hate pate.</p>
  <p time="237600" is_ac="false">That is incredible.</p>
  <p time="239920" is_ac="false">The liver the foie gras.</p>
  <p time="241440" is_ac="false">It sounds like it's going to be overpowering,</p>
  <p time="242880" is_ac="false">But it's got these little sweet bits of persimmon in there,</p>
  <p time="245600" is_ac="false">And these crunchy hazelnut bits.</p>
  <p time="247360" is_ac="false">So you get all these different textures.</p>
  <p time="248880" is_ac="false">Oh my gosh.</p>
  <p time="251280" is_ac="false">The combination of textures and different flavours.</p>
  <p time="253600" is_ac="false">And sweetness and saltiness and like strong flavours.</p>
  <p time="257760" is_ac="false">It's like Nutella at the end.</p>
  <p time="260288" is_ac="false">With the texture of Nutella.</p>
  <p time="262240" is_ac="false">The hazelnut in there.</p>
  <p time="263600" is_ac="false">I think the hazelnuts have been like caramelised or something.</p>
  <p time="266000" is_ac="false">No, it's popped rice.</p>
  <p time="267760" is_ac="false">Popped rice.</p>
  <p time="268880" is_ac="false">Yeah. That is good.</p>
  <p time="271200" is_ac="false">That is hella good.</p>
  <p time="272640" is_ac="false">That's one of my favourite dishes I've had in London.</p>
  <p time="276880" is_ac="false">It's incredible.</p>
  <p time="277600" is_ac="false">Wow. Slow down.</p>
  <p time="278480" is_ac="false">Yeah. Okay. Sorry.</p>
  <p time="280873" is_ac="false">That's incredible.</p>
  <p time="281760" is_ac="false">As far as like, starters go, Michelin star places,</p>
  <p time="284240" is_ac="false">Often spam you with starters.</p>
  <p time="286320" is_ac="false">Just coarse after coarse.</p>
  <p time="288480" is_ac="false">- Bread.
- So much bread.</p>
  <p time="289840" is_ac="false">They might bring a bread trolley.</p>
  <p time="291360" is_ac="false">So here's our bread trolley.</p>
  <p time="293520" is_ac="false">You never know.</p>
  <p time="294080" is_ac="false">There's no room for a trolley.</p>
  <p time="294800" is_ac="false">We do love a bread trolley.</p>
  <p time="295520" is_ac="false">You'd have to lower it from the ceiling.</p>
  <p time="296720" is_ac="false">Having to climb out of the vent like mission impossible.</p>
  <p time="300720" is_ac="false">The tension is building.</p>
  <p time="302000" is_ac="false">Because the humble chicken hasn't come out of his hiding place yet.</p>
  <p time="305440" is_ac="false">No.
Oh, what's this?</p>
  <p time="306480" is_ac="false">Is it chicken?</p>
  <p time="307040" is_ac="false">It's not chicken.</p>
  <p time="308160" is_ac="false">Some smoke.</p>
  <p time="309760" is_ac="false">Oh, lovely.</p>
  <p time="314800" is_ac="false">Thank you very much.</p>
  <p time="316400" is_ac="false">No chicken.</p>
  <p time="317360" is_ac="false">No chicken.</p>
  <p time="319200" is_ac="false">They're playing with us.</p>
  <p time="320080" is_ac="false">He's toying with us.</p>
  <p time="320960" is_ac="false">He is.</p>
  <p time="321680" is_ac="false">Spotlight.</p>
  <p time="324312" is_ac="false">This is beef.</p>
  <p time="326234" is_ac="false">Look at that.</p>
  <p time="327360" is_ac="false">Again, presentation is on point.</p>
  <p time="331040" is_ac="false">Yeah, beef tartare.</p>
  <p time="332320" is_ac="false">With deep fried bone marrow.</p>
  <p time="334080" is_ac="false">Wow.</p>
  <p time="335200" is_ac="false">This is next level.</p>
  <p time="337040" is_ac="false">All right, let's do it.</p>
  <p time="338688" is_ac="false">Cheers, mate.</p>
  <p time="339489" is_ac="false">Look at that.</p>
  <p time="340908" is_ac="false">All in one.</p>
  <p time="341600" is_ac="false">You're just going all in one.</p>
  <p time="353223" is_ac="false">Wow.</p>
  <p time="356520" is_ac="false">Just keeps going.</p>
  <p time="357840" is_ac="false">It's like eating the best...</p>
  <p time="359360" is_ac="false">Keeps going.</p>
  <p time="360560" is_ac="false">Salad ever.</p>
  <p time="361760" is_ac="false">Wow.</p>
  <p time="363120" is_ac="false">Salad.</p>
  <p time="363920" is_ac="false">I can't describe it.</p>
  <p time="365120" is_ac="false">Best beef tartare I've ever had.</p>
  <p time="366640" is_ac="false">You've ever had?</p>
  <p time="367520" is_ac="false">Ever?</p>
  <p time="368240" is_ac="false">Yeah. When have you had a better beef tartare than that?</p>
  <p time="370160" is_ac="false">It's literally like the perfect beef tartare in this crispy little delicate tartlet with</p>
  <p time="374880" is_ac="false">a ball of deep fried bone marrow.</p>
  <p time="377200" is_ac="false">How do you even think of that?</p>
  <p time="378800" is_ac="false">It's so creative.</p>
  <p time="380000" is_ac="false">Already we're three courses in.</p>
  <p time="381040" is_ac="false">This is some of the most creative food I've ever had.</p>
  <p time="382960" is_ac="false">Oh my gosh.</p>
  <p time="393220" is_ac="false">That's a lot of it.</p>
  <p time="394800" is_ac="false">That's a lot of it.</p>
  <p time="395440" is_ac="false">This is it.</p>
  <p time="396640" is_ac="false">This is Michelin starred fried chicken.</p>
  <p time="400240" is_ac="false">The humble chicken has been waiting for its moment to shine.</p>
  <p time="403200" is_ac="false">It was patient.</p>
  <p time="404080" is_ac="false">Yeah he was.</p>
  <p time="405280" is_ac="false">And it was like, you know what?</p>
  <p time="406320" is_ac="false">I won't come out as a drumstick.</p>
  <p time="407520" is_ac="false">That's too showy.</p>
  <p time="408240" is_ac="false">I'll come out as a pair of balls.</p>
  <p time="410696" is_ac="false">Okay.</p>
  <p time="413120" is_ac="false">I mean I get what you mean.</p>
  <p time="414000" is_ac="false">But he said this is chicken from the, you said chicken oyster?</p>
  <p time="417360" is_ac="false">From the butt.</p>
  <p time="418080" is_ac="false">From the butt region.</p>
  <p time="419280" is_ac="false">The muscle next to the butt.</p>
  <p time="420400" is_ac="false">We've been talking about the butt.</p>
  <p time="421440" is_ac="false">The butt region.</p>
  <p time="422824" is_ac="false">Wow.</p>
  <p time="424334" is_ac="false">I mean it's literally wearing like a little caviar top hat.</p>
  <p time="427280" is_ac="false">Cheers mate.</p>
  <p time="446560" is_ac="false">Wow.</p>
  <p time="451120" is_ac="false">Can you see how juicy that is?</p>
  <p time="452800" is_ac="false">The batter is quite thick.</p>
  <p time="454480" is_ac="false">Oh the batter is like crispy and crunchy.</p>
  <p time="458080" is_ac="false">But the chicken inside is so juicy.</p>
  <p time="461600" is_ac="false">And then I don't know what that relish is on the top.</p>
  <p time="463760" is_ac="false">It's like a kind of really nice mayonnaise.</p>
  <p time="468129" is_ac="false">And then it's just amazing.</p>
  <p time="470960" is_ac="false">So juicy.</p>
  <p time="472480" is_ac="false">So crispy.</p>
  <p time="473840" is_ac="false">That batter, crunchy and the juiciness of the chicken on the inside.</p>
  <p time="478400" is_ac="false">Also caviar often plays like an unnecessary role.</p>
  <p time="481680" is_ac="false">You know? Just superfluous.</p>
  <p time="484480" is_ac="false">That caviar on there, the saltiness, creaminess it added.</p>
  <p time="488240" is_ac="false">With the mayonnaise.</p>
  <p time="490341" is_ac="false">It's not that humble this chicken I've got to say.</p>
  <p time="492400" is_ac="false">Oh no, it's super humble.</p>
  <p time="494160" is_ac="false">Everything in here is like...</p>
  <p time="496320" is_ac="false">Dalai Lama, very impressive man.</p>
  <p time="498160" is_ac="false">Very, very impressive.</p>
  <p time="499520" is_ac="false">One of the most impressive people on the planet.</p>
  <p time="501520" is_ac="false">Super, super humble.</p>
  <p time="502880" is_ac="false">Okay so you're saying just because they're impressive doesn't mean it's not.</p>
  <p time="506800" is_ac="false">Roger Federer.</p>
  <p time="507920" is_ac="false">Yeah.</p>
  <p time="508420" is_ac="false">Very humble guy.</p>
  <p time="509200" is_ac="false">Good point.</p>
  <p time="509892" is_ac="false">Very, very humble guy.</p>
  <p time="511120" is_ac="false">But then you've also got Michael Jordan, you know?</p>
  <p time="514000" is_ac="false">Less humble.</p>
  <p time="515040" is_ac="false">Yeah.</p>
  <p time="515540" is_ac="false">Conor McGregor, another example of someone who's got a way to go in the humbleness department.</p>
  <p time="522080" is_ac="false">All right guys, I'm sure you're thinking where is this amazing bar?</p>
  <p time="525280" is_ac="false">And oh do I have a surprise for you.</p>
  <p time="527280" is_ac="false">Because today is your lucky day.</p>
  <p time="529280" is_ac="false">We're launching the Jolly London Map with our friends over at Odoo.</p>
  <p time="532880" is_ac="false">Whether you fancy sampling some Michelin star fish and chips or want a pint at London's Best Pub.</p>
  <p time="538000" is_ac="false">The Jolly London Map has all the places we film jolly episodes across London.</p>
  <p time="541360" is_ac="false">So you can check them out whenever you're in town.</p>
  <p time="543040" is_ac="false">The only place we can't guarantee availability is Buckingham Palace.</p>
  <p time="546320" is_ac="false">Great food though.</p>
  <p time="548160" is_ac="false">But Odoo do provide a suite of applications that can help you manage your whole business in one platform.</p>
  <p time="553440" is_ac="false">From marketing, invoicing to building a website.</p>
  <p time="555840" is_ac="false">Speaking of building a website, they make it super easy.</p>
  <p time="558480" is_ac="false">And the first app you use from their suite is Free for Life.</p>
  <p time="561360" is_ac="false">It's literally four simple steps to get your website started.</p>
  <p time="564160" is_ac="false">Then just drag and drop the elements.</p>
  <p time="565920" is_ac="false">No technical skills required.</p>
  <p time="567200" is_ac="false">You can also get a custom domain name free for one year with unlimited hosting and support included.</p>
  <p time="571680" is_ac="false">We went with a super creative domain name for this map.</p>
  <p time="574720" is_ac="false">jollylondonmap.com</p>
  <p time="576480" is_ac="false">Simple but works.</p>
  <p time="577920" is_ac="false">It's completely free for you to use.</p>
  <p time="579440" is_ac="false">It was free for us to make.</p>
  <p time="580720" is_ac="false">Go there and sign up for Odoo too.</p>
  <p time="582560" is_ac="false">Oh my gosh, there's another course.</p>
  <p time="583520" is_ac="false">Okay, gentlemen.</p>
  <p time="586240" is_ac="false">Thank you so much.</p>
  <p time="590160" is_ac="false">Oh, look at that.</p>
  <p time="591440" is_ac="false">What?</p>
  <p time="592640" is_ac="false">There's a little fried egg in there with a runny egg yolk.</p>
  <p time="596320" is_ac="false">This is definitely the cutest thing we've ever had at a Michelin star restaurant.</p>
  <p time="601120" is_ac="false">Little piggy buns.</p>
  <p time="602400" is_ac="false">I mean it feels, it's so soft.</p>
  <p time="605440" is_ac="false">Feels almost criminal.</p>
  <p time="606400" is_ac="false">Wow, can you see the egg yolk running out?</p>
  <p time="613176" is_ac="false">Oh my, what the heck.</p>
  <p time="615280" is_ac="false">Hell yeah.</p>
  <p time="617600" is_ac="false">That is the best sausage and egg McMuffin I've ever had.</p>
  <p time="621600" is_ac="false">It is.</p>
  <p time="623360" is_ac="false">It's pork.</p>
  <p time="623920" is_ac="false">Is it pork?</p>
  <p time="625280" is_ac="false">With egg.</p>
  <p time="626000" is_ac="false">That's a Michelin star sausage and egg McMuffin.</p>
  <p time="627920" is_ac="false">No, it's not a muffin.</p>
  <p time="629280" is_ac="false">It is.</p>
  <p time="630400" is_ac="false">The bao.</p>
  <p time="632030" is_ac="false">That's a huge compliment.</p>
  <p time="633840" is_ac="false">That is a huge compliment.</p>
  <p time="635120" is_ac="false">Ollie's changing the name of the video.</p>
  <p time="636560" is_ac="false">It's now Michelin star sausage roll.</p>
  <p time="638560" is_ac="false">That's the best thing we've had so far.</p>
  <p time="641566" is_ac="false">Yeah.</p>
  <p time="642480" is_ac="false">Also, if you had this for breakfast, you could have like 10, 15 of them.</p>
  <p time="645120" is_ac="false">Yeah, you could, you could.</p>
  <p time="648080" is_ac="false">I'm literally just wiping the egg yolk off the plate because it's so good.</p>
  <p time="652000" is_ac="false">That was incredible.</p>
  <p time="655040" is_ac="false">Like what?</p>
  <p time="655760" is_ac="false">McDonald's are missing a trick.</p>
  <p time="656960" is_ac="false">If they could just do that.</p>
  <p time="660240" is_ac="false">They, you can't compare that to McDonald's Ollie.</p>
  <p time="663440" is_ac="false">It was beautiful.</p>
  <p time="664960" is_ac="false">So fluffy.</p>
  <p time="666000" is_ac="false">The fried chicken though.</p>
  <p time="667120" is_ac="false">You might as well be talking about McDonald's breakfast.</p>
  <p time="668800" is_ac="false">The fried chicken was so, okay.</p>
  <p time="670000" is_ac="false">Have you got that thing up your sleeve?</p>
  <p time="671680" is_ac="false">No, dear Lord, no.</p>
  <p time="673760" is_ac="false">Not this time. Not again.</p>
  <p time="674880" is_ac="false">He does look like Ronald bloody McDonald today.</p>
  <p time="679200" is_ac="false">Represent. Available for sponsorship.</p>
  <p time="681920" is_ac="false">So the Michelin man, he's taken a while to come, come around to fried chicken like the rest of us.</p>
  <p time="688480" is_ac="false">But man, that guy has taste.</p>
  <p time="690640" is_ac="false">He has taste.</p>
  <p time="692800" is_ac="false">He has not missed the mark here.</p>
  <p time="695840" is_ac="false">This place.</p>
  <p time="696880" is_ac="false">It is legit.</p>
  <p time="698240" is_ac="false">I mean, we've eaten in a lot of Michelin style restaurants right.</p>
  <p time="701280" is_ac="false">Over the last year.</p>
  <p time="702480" is_ac="false">Almost as much as you and Gabie.</p>
  <p time="704320" is_ac="false">Okay.</p>
  <p time="704820" is_ac="false">Way more than me and Gabie.</p>
  <p time="706640" is_ac="false">What are you talking about?</p>
  <p time="707920" is_ac="false">Nice of you to say.</p>
  <p time="711451" is_ac="false">Gabie's jealous at this point.</p>
  <p time="712960" is_ac="false">She's very jealous.</p>
  <p time="714000" is_ac="false">Good.</p>
  <p time="714560" is_ac="false">Okay.</p>
  <p time="715060" is_ac="false">Wow.</p>
  <p time="719840" is_ac="false">This looks straight out of an anime.</p>
  <p time="740240" is_ac="false">Thank you so much.</p>
  <p time="741040" is_ac="false">Thank you very much.</p>
  <p time="742160" is_ac="false">Look at that bread and butter, the presentation levels.</p>
  <p time="747040" is_ac="false">I mean that honestly just looks like bread from one of Juno's...</p>
  <p time="750320" is_ac="false">Toy kitchen sets.</p>
  <p time="751600" is_ac="false">Yeah.</p>
  <p time="752320" is_ac="false">Or like we're in Spirited Away.</p>
  <p time="754320" is_ac="false">Our parents just turned into pigs and we arrived and we're like, wow, that bread looks incredible.</p>
  <p time="760320" is_ac="false">I'm traumatized.</p>
  <p time="761360" is_ac="false">Let's eat.</p>
  <p time="762080" is_ac="false">I'm also ready to turn into a pig just so I can eat this stuff.</p>
  <p time="765600" is_ac="false">And then we served it with this little refreshing palette cleanser.</p>
  <p time="769840" is_ac="false">They're like scrolls aren't they?</p>
  <p time="771600" is_ac="false">I've never seen butter that's been stuffed with something.</p>
  <p time="774480" is_ac="false">Look at that.</p>
  <p time="776160" is_ac="false">Okay, come on.</p>
  <p time="776640" is_ac="false">I need to get some of this bread.</p>
  <p time="777760" is_ac="false">Wow.</p>
  <p time="779680" is_ac="false">It's perfect.</p>
  <p time="781520" is_ac="false">It's perfect.</p>
  <p time="782080" is_ac="false">It's perfect.</p>
  <p time="783600" is_ac="false">Cheeky little loaf.</p>
  <p time="787634" is_ac="false">It's so warm.</p>
  <p time="788960" is_ac="false">It's so warm and fluffy.</p>
  <p time="792126" is_ac="false">All right.</p>
  <p time="792960" is_ac="false">Smell it.</p>
  <p time="794160" is_ac="false">So buttery.</p>
  <p time="794880" is_ac="false">Brioche.</p>
  <p time="796000" is_ac="false">Oh my gosh.</p>
  <p time="800320" is_ac="false">Butter with chicken liver and truffle inside the butter.</p>
  <p time="804400" is_ac="false">Because why not?</p>
  <p time="806480" is_ac="false">Bread is often one of our favourite things we eat at Michelin star restaurants.</p>
  <p time="809440" is_ac="false">And this bread looks...</p>
  <p time="810320" is_ac="false">Not quite as good at presentation as the restaurant.</p>
  <p time="813760" is_ac="false">How have you made it look so terrible?</p>
  <p time="825232" is_ac="false">I felt like I laughed quite loudly.</p>
  <p time="828240" is_ac="false">Wow.</p>
  <p time="829483" is_ac="false">What?</p>
  <p time="830843" is_ac="false">I've never had truffle or liver in my butter before.</p>
  <p time="835380" is_ac="false">I want it more regularly.</p>
  <p time="837540" is_ac="false">Lurpak. Listen up.</p>
  <p time="838820" is_ac="false">That is a thing I want.</p>
  <p time="839860" is_ac="false">Can you imagine if they sold it in the supermarket with liver and truffle inside a slab of butter.</p>
  <p time="845220" is_ac="false">Should we give some to the guys?</p>
  <p time="847249" is_ac="false">Luke and Grace need to taste it.</p>
  <p time="849220" is_ac="false">Grace first.</p>
  <p time="851620" is_ac="false">That bread is so warm.</p>
  <p time="855220" is_ac="false">So soft.</p>
  <p time="855780" is_ac="false">Sorry.</p>
  <p time="856900" is_ac="false">Sorry.</p>
  <p time="859540" is_ac="false">That was quite loud.</p>
  <p time="860340" is_ac="false">You haven't even drunk any of it yet.</p>
  <p time="863460" is_ac="false">Feels like we're three beers in.</p>
  <p time="865540" is_ac="false">I just threw my napkin over it like it was a dead body.</p>
  <p time="867940" is_ac="false">Grace couldn't even laugh because she had a mouthful of bread.</p>
  <p time="870820" is_ac="false">Killing grace behind the camera.</p>
  <p time="874820" is_ac="false">Luke.</p>
  <p time="875320" is_ac="false">Come on.</p>
  <p time="876420" is_ac="false">Incredible.</p>
  <p time="877380" is_ac="false">Absolutely incredible.</p>
  <p time="880249" is_ac="false">That bread, Luke.</p>
  <p time="881460" is_ac="false">That bread.</p>
  <p time="882020" is_ac="false">It is so good.</p>
  <p time="886820" is_ac="false">I think we should come back here tomorrow night to check it's the same.</p>
  <p time="889140" is_ac="false">Oh, I think we should.</p>
  <p time="890100" is_ac="false">Yeah, consistency check.</p>
  <p time="891220" is_ac="false">I think that makes sense.</p>
  <p time="892420" is_ac="false">That's good with you, Aidan, right?</p>
  <p time="899140" is_ac="false">That sounds fun.</p>
  <p time="900020" is_ac="false">Yeah, deal.</p>
  <p time="901295" is_ac="false">If you don't get the bread right, the Michelin man, he comes in, he walks straight out.</p>
  <p time="904660" is_ac="false">He probably bounces off the bar because he's made of rubber.</p>
  <p time="909380" is_ac="false">You missed the pickle as well.</p>
  <p time="913060" is_ac="false">Oh, okay.</p>
  <p time="913620" is_ac="false">Yeah, we need to...</p>
  <p time="914580" is_ac="false">I don't want to cleanse my palate from that taste.</p>
  <p time="917220" is_ac="false">I want to keep that taste in my mouth.</p>
  <p time="919060" is_ac="false">Look at this.</p>
  <p time="919620" is_ac="false">It's like a scroll.</p>
  <p time="927862" is_ac="false">Oh my gosh.</p>
  <p time="928660" is_ac="false">Oh, very pickled.</p>
  <p time="929540" is_ac="false">Very pickled.</p>
  <p time="932010" is_ac="false">Is it radish?</p>
  <p time="932900" is_ac="false">It's like a warhead.</p>
  <p time="934260" is_ac="false">It's quite sour.</p>
  <p time="936820" is_ac="false">It is quite sour.</p>
  <p time="938020" is_ac="false">What is celeriac?</p>
  <p time="938980" is_ac="false">Very refreshing.</p>
  <p time="939700" is_ac="false">Oh, is that what that is?</p>
  <p time="940900" is_ac="false">Tastes a bit celery-like.</p>
  <p time="942180" is_ac="false">I thought celeriac is that disease where you can't eat gluten.</p>
  <p time="944740" is_ac="false">Celiac.</p>
  <p time="947740" is_ac="false">Celiac.</p>
  <p time="948740" is_ac="false">Okay.</p>
  <p time="949740" is_ac="false">Palate cleanser.</p>
  <p time="950860" is_ac="false">Yeah.</p>
  <p time="951580" is_ac="false">It does feel cleansed.</p>
  <p time="952540" is_ac="false">Very.</p>
  <p time="953180" is_ac="false">In the same way that bleach cleans the surface.</p>
  <p time="955260" is_ac="false">No, stop.</p>
  <p time="955952" is_ac="false">You can't say that.</p>
  <p time="957100" is_ac="false">No, it is strong.</p>
  <p time="958140" is_ac="false">It's effective.</p>
  <p time="959020" is_ac="false">Very effective.</p>
  <p time="959660" is_ac="false">That's what you're saying.</p>
  <p time="960300" is_ac="false">Very effective.</p>
  <p time="961580" is_ac="false">There's nothing there, now.</p>
  <p time="962380" is_ac="false">There's nothing there.</p>
  <p time="964890" is_ac="false">That's true.</p>
  <p time="966620" is_ac="false">I am salivating.</p>
  <p time="967660" is_ac="false">Oh, I'm salivating.</p>
  <p time="970860" is_ac="false">There you go.</p>
  <p time="971420" is_ac="false">Okay.</p>
  <p time="972140" is_ac="false">Let's...</p>
  <p time="972806" is_ac="false">I feel like we're taking a conversation.</p>
  <p time="976060" is_ac="false">Yeah.</p>
  <p time="977340" is_ac="false">It's true, though.</p>
  <p time="977900" is_ac="false">It's true.</p>
  <p time="978460" is_ac="false">Wow.</p>
  <p time="979740" is_ac="false">Okay, gentlemen.</p>
  <p time="985180" is_ac="false">This is insane.</p>
  <p time="985900" is_ac="false">This restaurant literally does it all.</p>
  <p time="988620" is_ac="false">Fried chicken.</p>
  <p time="989660" is_ac="false">McMuffins.</p>
  <p time="990540" is_ac="false">McMuffins.</p>
  <p time="991100" is_ac="false">I'm just giving in now.</p>
  <p time="991980" is_ac="false">It's kind of overwhelming.</p>
  <p time="994060" is_ac="false">First off, I think the Spanish yellowtail.</p>
  <p time="1003459" is_ac="false">Oh, wow.</p>
  <p time="1004540" is_ac="false">Oh, that's cucumber.</p>
  <p time="1006380" is_ac="false">What, the little balls?</p>
  <p time="1007180" is_ac="false">It's cucumber.</p>
  <p time="1008060" is_ac="false">Little cucumber balls.</p>
  <p time="1009340" is_ac="false">Sea trout from Aberdeen.</p>
  <p time="1018240" is_ac="false">It's so eclectic, right?</p>
  <p time="1020620" is_ac="false">Yeah.</p>
  <p time="1021260" is_ac="false">Literally, this course, we could be in a sushi specialist restaurant.</p>
  <p time="1025340" is_ac="false">Some of the nicest sushi I've had in the UK.</p>
  <p time="1027260" is_ac="false">Two courses back, we could have been in the world's greatest McDonald's.</p>
  <p time="1032160" is_ac="false">It does feel like you're almost walking through a neighborhood in London, you know?</p>
  <p time="1036700" is_ac="false">Yeah, well, I guess like London, it's that collection of foods from all over the world.</p>
  <p time="1041260" is_ac="false">It's just superb.</p>
  <p time="1048753" is_ac="false">Wow.</p>
  <p time="1049340" is_ac="false">The burnt sesame oil.</p>
  <p time="1051100" is_ac="false">I flipping love that.</p>
  <p time="1052300" is_ac="false">All right, this is the Japanese tuna loin, I think he said.</p>
  <p time="1061714" is_ac="false">The wasabi on that.</p>
  <p time="1066220" is_ac="false">This is one of my favourite meals I've ever had in my life already.</p>
  <p time="1068780" is_ac="false">We're not even done yet.</p>
  <p time="1077751" is_ac="false">The addition of vegetables and jelly.</p>
  <p time="1081100" is_ac="false">Mint jelly!</p>
  <p time="1083640" is_ac="false">It's like catnip to the Michelin Man.</p>
  <p time="1085660" is_ac="false">He loves it.</p>
  <p time="1086780" is_ac="false">He sees a bit of jelly, he's like whack a star on it straight away.</p>
  <p time="1090700" is_ac="false">This is top three London meals.</p>
  <p time="1093100" is_ac="false">For sure.</p>
  <p time="1093980" is_ac="false">In my life.</p>
  <p time="1095020" is_ac="false">Wow.</p>
  <p time="1096140" is_ac="false">Amazing.</p>
  <p time="1096640" is_ac="false">Everything has just been unbelievable.</p>
  <p time="1098140" is_ac="false">I don't know how you're able to do so many different things so well.</p>
  <p time="1102060" is_ac="false">I'm genuinely like, I want to give you a round of applause.</p>
  <p time="1108063" is_ac="false">Whatever you're doing, you're killing it.</p>
  <p time="1109900" is_ac="false">This is amazing.</p>
  <p time="1111820" is_ac="false">I really want to come back.</p>
  <p time="1113260" is_ac="false">Like I'm gonna book this for Gabie ASAP.</p>
  <p time="1115980" is_ac="false">It's a bit rude while I'm sitting here, literally in the middle of the meal being like,</p>
  <p time="1119900" is_ac="false">I want to come back with someone else.</p>
  <p time="1121260" is_ac="false">Well...</p>
  <p time="1124780" is_ac="false">Imagine you said that to Gabie.</p>
  <p time="1127820" is_ac="false">I can't wait to come back here with Ollie.</p>
  <p time="1129660" is_ac="false">Oh, goodness me.</p>
  <p time="1131740" is_ac="false">Wow.</p>
  <p time="1136460" is_ac="false">That's an egg, that's an egg.</p>
  <p time="1138775" is_ac="false">It's a Japanese Scotch egg.</p>
  <p time="1140300" is_ac="false">There's a giant crispy egg on top and then underneath the egg...</p>
  <p time="1144460" is_ac="false">Short rib.</p>
  <p time="1145980" is_ac="false">Short rib.</p>
  <p time="1147180" is_ac="false">Sukiyaki.</p>
  <p time="1148620" is_ac="false">Broccoli.</p>
  <p time="1149180" is_ac="false">Okay, yeah, 10% broccoli.</p>
  <p time="1151100" is_ac="false">I love broccoli.</p>
  <p time="1152300" is_ac="false">Really?</p>
  <p time="1152966" is_ac="false">Yeah, I love broccoli.</p>
  <p time="1153660" is_ac="false">That much?</p>
  <p time="1154405" is_ac="false">It was probably my favourite vegetable.</p>
  <p time="1157332" is_ac="false">My parents.</p>
  <p time="1158380" is_ac="false">Of course it's not.</p>
  <p time="1160692" is_ac="false">Sorry, I misspoke.</p>
  <p time="1162460" is_ac="false">Yeah, I should think so.</p>
  <p time="1163580" is_ac="false">All right, so are we going with the egg first?</p>
  <p time="1165100" is_ac="false">I want a bite of the crispy egg.</p>
  <p time="1171789" is_ac="false">Oh, come on.</p>
  <p time="1173740" is_ac="false">Look at that.</p>
  <p time="1174380" is_ac="false">Oh my gosh.</p>
  <p time="1176220" is_ac="false">This food is absurd.</p>
  <p time="1183020" is_ac="false">How does that feel?</p>
  <p time="1185340" is_ac="false">That is insane.</p>
  <p time="1187580" is_ac="false">It's so rich.</p>
  <p time="1189980" is_ac="false">It's perfect.</p>
  <p time="1191980" is_ac="false">What is this?</p>
  <p time="1192700" is_ac="false">Is it teriyaki sauce?</p>
  <p time="1194380" is_ac="false">Sukiyaki.</p>
  <p time="1195340" is_ac="false">Sukiyaki.</p>
  <p time="1195980" is_ac="false">What's that?</p>
  <p time="1197340" is_ac="false">Terry's cousin.</p>
  <p time="1199068" is_ac="false">Sue.</p>
  <p time="1200712" is_ac="false">Crazy Sue.</p>
  <p time="1202420" is_ac="false">Oh my gosh.</p>
  <p time="1204060" is_ac="false">Look, Luke, you need to try this.</p>
  <p time="1210459" is_ac="false">This is not fair.</p>
  <p time="1211660" is_ac="false">It's not fair.</p>
  <p time="1212620" is_ac="false">It's literally not fair.</p>
  <p time="1213660" is_ac="false">Everything is unbelievable.</p>
  <p time="1216540" is_ac="false">It's unbelievable.</p>
  <p time="1217420" is_ac="false">That steak has just melted.</p>
  <p time="1218540" is_ac="false">It's unbelievable.</p>
  <p time="1219180" is_ac="false">The steak is almost softer than the egg.</p>
  <p time="1220860" is_ac="false">You're right.</p>
  <p time="1221580" is_ac="false">The steak is softer than the egg.</p>
  <p time="1222860" is_ac="false">How?</p>
  <p time="1224220" is_ac="false">This is one of the best meals I've ever had in my entire life.</p>
  <p time="1228105" is_ac="false">In such a humble setting.</p>
  <p time="1229340" is_ac="false">There's a nandos.</p>
  <p time="1230620" is_ac="false">I'm literally, I can see a nandos from here.</p>
  <p time="1232940" is_ac="false">That's how humble this is.</p>
  <p time="1234140" is_ac="false">Mate, that was...</p>
  <p time="1234779" is_ac="false">Thank you so much.</p>
  <p time="1235740" is_ac="false">Everything is out doing.</p>
  <p time="1238060" is_ac="false">Every other dish is unbelievable.</p>
  <p time="1240540" is_ac="false">Next one's the star of your show, so.</p>
  <p time="1242060" is_ac="false">Oh, wow.</p>
  <p time="1242560" is_ac="false">Okay.</p>
  <p time="1243060" is_ac="false">Wow.</p>
  <p time="1247120" is_ac="false">That's a frozen Clementine.</p>
  <p time="1248140" is_ac="false">Oh, wow.</p>
  <p time="1249420" is_ac="false">Oh, that's cool.</p>
  <p time="1251420" is_ac="false">It's like a Clementine bingsu.</p>
  <p time="1253020" is_ac="false">It's like bingsu.</p>
  <p time="1253580" is_ac="false">Wow.</p>
  <p time="1254800" is_ac="false">Thank you very much.</p>
  <p time="1256540" is_ac="false">Frozen Clementine shavings cheesecake.</p>
  <p time="1260300" is_ac="false">All right.</p>
  <p time="1261680" is_ac="false">Wow.</p>
  <p time="1269908" is_ac="false">Oh, this is better.</p>
  <p time="1270860" is_ac="false">It does get better.</p>
  <p time="1272660" is_ac="false">Wow.</p>
  <p time="1273616" is_ac="false">This is absurd.</p>
  <p time="1274540" is_ac="false">This is actually absurd.</p>
  <p time="1275820" is_ac="false">So...</p>
  <p time="1277280" is_ac="false">Wow.</p>
  <p time="1277780" is_ac="false">This has been Michelin star fried chicken, Michelin star muffins, Michelin star everything.</p>
  <p time="1284540" is_ac="false">One of the best meals I've ever had in my life.</p>
  <p time="1286860" is_ac="false">I mean, I think this is my new favourite place in London.</p>
  <p time="1290243" is_ac="false">Yeah.</p>
  <p time="1291040" is_ac="false">Absolutely it is.</p>
  <p time="1291900" is_ac="false">Yeah.</p>
  <p time="1292400" is_ac="false">All right.</p>
  <p time="1292900" is_ac="false">I can't believe it.</p>
  <p time="1293900" is_ac="false">It's absolutely incredible.</p>
  <p time="1295740" is_ac="false">I don't even know whether I've been that articulate in describing quite how amazing it is,</p>
  <p time="1300700" is_ac="false">but just imagine all of the things you're trying, the beef rib, the pork sandwich, the fried egg.</p>
  <p time="1307900" is_ac="false">Everything was perfect.</p>
  <p time="1309580" is_ac="false">Everything was perfect.</p>
  <p time="1310460" is_ac="false">It was perfect.</p>
  <p time="1311420" is_ac="false">And not only that, it tasted like things you hadn't even tasted before.</p>
  <p time="1315100" is_ac="false">This has been incredible.</p>
  <p time="1316060" is_ac="false">Thank you so much.</p>
  <p time="1317280" is_ac="false">First meal of the year on camera.</p>
  <p time="1320129" is_ac="false">See you jolly soon.</p>
  <p time="1321020" is_ac="false">Humble beginnings.</p>
</text>
