<?xml version='1.0' encoding='UTF-8'?>
<text date_d="15" date_m="12" date_y="2023" format="srv3" age_limit="0" comment_count="1400" description="Get your hands on the greatest novel of the year SPACE CARROTS!: A Novel by best selling author Josh Carrott here! - https://amzn.to/3tcfvN8&#10;&#10;In today's Christmas episode we were invited to film at another one of Heston Blumenthal's fine dining restaurants for a Christmas dinner to remember!&#10;&#10;Huge thanks to the Dinner by Heston team for taking great care of us and inviting us to film!&#10;https://www.dinnerbyheston.co.uk/&#10;&#10;Check out our latest JOLLY merch at http://getjolly.store&#10;&#10;Click here to buy Josh's bestselling autobiography! https://amzn.eu/d/73xtwcy&#10;&#10;Hit join and become a Jollybean member to join us in our members-only livestreams:&#10;https://www.youtube.com/jolly/join&#10;&#10;Lastly thanks you to Darby Rollins (genaiuniversity.com) for advising us on AI in the early stages before we moved on to a wholely human-intelligence written book! &#10;&#10;Special thanks to our Jollybean VIPs for supporting us in making this video!&#10;&#10;Kyle Ann&#10;TIFFANY JACOBS&#10;Johnathon Randle&#10;Li Winslow&#10;Bettie Meier&#10;Claim2Game (a.k.a isaiah gollan 20)&#10;James Wilson&#10;63angel&#10;Florian Adamek&#10;Raileigh GJ&#10;tralalaladee&#10;Vicky Bham&#10;Jamedalamus&#10;David Whitener&#10;Reilly Willoughby&#10;12rose3&#10;Julian Leung&#10;Yun Lim&#10;Laykan Dowdy&#10;heather owen&#10;CitrusQuill&#10;Gloria Kwon&#10;lira12tan&#10;Andi526" fulltitle="Michelin Star Christmas Dinner!" like_count="43391" location="na" playlist_title="na" release_date="na" upload_date="20231215" repost_count="na" tags="JOLLY; josh; ollie; British; UK; English; englishman; comedy; duo; food; react; try; tries; best; weirdest; craziest; series; online; guest; memes; Gentleman; Brits; international; spicy; spiciest; hottest; noodles; snacks; fast food; best friends; infinite possibilities; gabie; kook; carrott; kendal; review; taste; test; steven lim; watcher; travel; sorted food; highschoolers; meme; tiktok; weird; rappers; actually good; paris; london; L.A.; mcdonalds; michelin; crazy; asmr; mukbang; nyc; new york; city; american; biscuits; gravy; southern; " title="Michelin Star Christmas Dinner!" uploader="JOLLY" view_count="956972" webpage_url="https://www.youtube.com/watch?v=T1HYuEBKPME" autocaption="false">
  <p time="0" is_ac="false">It's Christmas!</p>
  <p time="880" is_ac="false">It's the jolliest season of them all!</p>
  <p time="3120" is_ac="false">And we're going for a romantic meal!</p>
  <p time="5440" is_ac="false">Okay!</p>
  <p time="6840" is_ac="false">We're about to go into Two Michelin Star Dinner by Heston.</p>
  <p time="10240" is_ac="false">We're gonna try an actual Michelin Star Christmas dinner.</p>
  <p time="21320" is_ac="false">We're gonna try an actual Michelin Star Christmas dinner.</p>
  <p time="21400" is_ac="false">It's a bold name for a restaurant.</p>
  <p time="23000" is_ac="false">If I did like Breakfast by Ollie, it wouldn't have the same class to it.</p>
  <p time="26520" is_ac="false"> Definitely not!</p>
  <p time="27720" is_ac="false">This is our room!</p>
  <p time="30040" is_ac="false">These are thrones!</p>
  <p time="31320" is_ac="false">I feel like we're gonna be making war decisions in the 1600s.</p>
  <p time="35720" is_ac="false">Invade Scotland!</p>
  <p time="40560" is_ac="false">Could get used to this.</p>
  <p time="41720" is_ac="false">I like a throne.</p>
  <p time="43720" is_ac="false">We've got a cracker!</p>
  <p time="45720" is_ac="false">It's not a Christmas meal unless you have a cracker, right?</p>
  <p time="48400" is_ac="false">Ready?</p>
  <p time="49120" is_ac="false">3, 2, 1.</p>
  <p time="55360" is_ac="false">What?</p>
  <p time="56720" is_ac="false">We don't need to delve into this.</p>
  <p time="58880" is_ac="false">Oh my gosh.</p>
  <p time="60520" is_ac="false">So we're going to have a</p>
  <p time="61720" is_ac="false">Florentino fish, we have some,</p>
  <p time="63720" is_ac="false">Hay smoked salmon, some horseradish gel,</p>
  <p time="65640" is_ac="false">beetroot gel with grated horseradish just on top.</p>
  <p time="68720" is_ac="false">Two fingers, we'll have it in a couple of bites.</p>
  <p time="70520" is_ac="false">Okey-dokey.</p>
  <p time="71520" is_ac="false">Thank you very much.</p>
  <p time="73360" is_ac="false">One of the best things about fancy restaurants.</p>
  <p time="76200" is_ac="false">- What do you mean? 
- What they serve it on.</p>
  <p time="79520" is_ac="false">This looks like a coffee cup that you left in your pocket</p>
  <p time="81760" is_ac="false">and then you put the jacket in the washing machine.</p>
  <p time="84200" is_ac="false">And like a cardboard, yeah, now I see what you mean.</p>
  <p time="86440" is_ac="false">- It does, let's do it. - It's Florentino fish.</p>
  <p time="88240" is_ac="false">Florentino fish, like filio fish in McDonald's?</p>
  <p time="91440" is_ac="false">No, definitely not.</p>
  <p time="93040" is_ac="false">Definitely not.</p>
  <p time="94040" is_ac="false">Alright.</p>
  <p time="106080" is_ac="false">Wow.</p>
  <p time="107040" is_ac="false">Wow.</p>
  <p time="108040" is_ac="false">There's a lot going on there.</p>
  <p time="109040" is_ac="false">It's very different from a filet au fish, I'd say.</p>
  <p time="111400" is_ac="false">Literally unrecognisable, I would say.</p>
  <p time="113520" is_ac="false">Almost like they're two completely different things.</p>
  <p time="116560" is_ac="false">Well, the second half of it, au fish, is the same.</p>
  <p time="119560" is_ac="false">Oh my gosh.</p>
  <p time="120560" is_ac="false">Florentine au fish.</p>
  <p time="122560" is_ac="false">Okay.</p>
  <p time="123040" is_ac="false">There's cranberry in there, right?</p>
  <p time="124560" is_ac="false">Which has got me in the festive season.</p>
  <p time="127440" is_ac="false">Okay, that's why it tastes sort of Christmassy.</p>
  <p time="130560" is_ac="false">I'm already thinking of Jesus.</p>
  <p time="132240" is_ac="false">Okay.</p>
  <p time="136680" is_ac="false">It's like bread.</p>
  <p time="137600" is_ac="false">The main event.</p>
  <p time="138480" is_ac="false">I love bread.</p>
  <p time="139360" is_ac="false">You came here for this, right?</p>
  <p time="140080" is_ac="false">Yeah, no, honestly you're joking but I kind of did.</p>
  <p time="143440" is_ac="false">I love bread.</p>
  <p time="144640" is_ac="false">Alright.</p>
  <p time="145120" is_ac="false">Slightly salted English butter on the side from Berkeley Farm.</p>
  <p time="149280" is_ac="false">Okay.</p>
  <p time="149760" is_ac="false">So our supplier is actually the same one that provides milk and dairy to the Royal Family.</p>
  <p time="155680" is_ac="false">So it should be very good.</p>
  <p time="157960" is_ac="false">Some royal butter.</p>
  <p time="158960" is_ac="false">Thank you very much.</p>
  <p time="159960" is_ac="false">This butter was diverted from Buckingham Palace.</p>
  <p time="162440" is_ac="false">Okay.</p>
  <p time="163440" is_ac="false">Well, this should taste quite familiar then as we just got that from Buckingham Palace the other week.</p>
  <p time="168320" is_ac="false">Not sure you saw that video.</p>
  <p time="170120" is_ac="false">Josh, it's been a great year.</p>
  <p time="171520" is_ac="false">It has.</p>
  <p time="172240" is_ac="false">We've eaten at more Michelin star restaurants this year than the entire rest of our lives put together.</p>
  <p time="177720" is_ac="false">I mean we've basically got a constellation of Michelin stars at this point.</p>
  <p time="182600" is_ac="false">Cheers mate. </p>
  <p time="185560" is_ac="false">Cheers.</p>
  <p time="190000" is_ac="false">Honestly, the best thing about a Michelin star restaurant is the bread.</p>
  <p time="195720" is_ac="false">It is.</p>
  <p time="196800" is_ac="false">It is.</p>
  <p time="197880" is_ac="false">If you don't get this right, the Michelin man, he's walking straight out the door.</p>
  <p time="201160" is_ac="false">He's not even giving, you know.</p>
  <p time="203560" is_ac="false">It's like you fail on your driving test pulling out of the centre.</p>
  <p time="207480" is_ac="false">I just snorted everywhere.</p>
  <p time="209920" is_ac="false">You've got to get this right.</p>
  <p time="211200" is_ac="false">And damn, do they get this right.</p>
  <p time="213640" is_ac="false">Oh wow.</p>
  <p time="214480" is_ac="false">I think this is the moment you've been waiting for.</p>
  <p time="216720" is_ac="false">I've been waiting far too long for this moment.</p>
  <p time="218680" is_ac="false">Wow, it smells so good.</p>
  <p time="220120" is_ac="false">This was a common technique that medieval chefs used to do</p>
  <p time="222760" is_ac="false">in the 13 to 1400s.</p>
  <p time="224320" is_ac="false">You'd be terrified if you were served uncooked fruit</p>
  <p time="226840" is_ac="false">and vegetables during this time,</p>
  <p time="228640" is_ac="false">because it was believed uncooked,</p>
  <p time="229840" is_ac="false">they would spread many bad diseases.</p>
  <p time="231640" is_ac="false">Medieval chefs loved to play on this fear,</p>
  <p time="233680" is_ac="false">Because it was entertaining.</p>
  <p time="234680" is_ac="false">I love that the chef was like, you might die.</p>
  <p time="237400" is_ac="false">Yeah, well, back in the day.</p>
  <p time="239520" is_ac="false">I just kind of want to bite into it like an apple, but that's probably a terrible idea.</p>
  <p time="243600" is_ac="false">No, no, no, no, no, it's chicken limapaté that's going to be way too intense.</p>
  <p time="248200" is_ac="false">Oh!</p>
  <p time="249200" is_ac="false">Oh my gosh.</p>
  <p time="252880" is_ac="false">Oh wow.</p>
  <p time="253880" is_ac="false">That's definitely not how you're supposed to eat it, Ollie.</p>
  <p time="256680" is_ac="false">It was good though.</p>
  <p time="257680" is_ac="false">Of course it's good.</p>
  <p time="258920" is_ac="false">The artistry here.</p>
  <p time="260720" is_ac="false">I mean, you're engaging all of my senses.</p>
  <p time="264160" is_ac="false">One of them.</p>
  <p time="265160" is_ac="false">No, the smell, the sight.</p>
  <p time="266600" is_ac="false">The feeling of it, look at the amount.</p>
  <p time="268240" is_ac="false">I've touched this fruit already.</p>
  <p time="269560" is_ac="false">Getting a lot of satisfaction from the feeling.</p>
  <p time="272200" is_ac="false">And we're about to taste it.</p>
  <p time="273320" is_ac="false">That's the best part.</p>
  <p time="274400" is_ac="false">The best part.</p>
  <p time="275480" is_ac="false">Well, I'm sure they're going to present something</p>
  <p time="277320" is_ac="false">that sounds fun as well.</p>
  <p time="278320" is_ac="false">And then you've got all five.</p>
  <p time="279400" is_ac="false">If you squeeze it really hard,</p>
  <p time="280480" is_ac="false">you probably could get a little farting sound.</p>
  <p time="284320" is_ac="false">Cheers mate.</p>
  <p time="286240" is_ac="false">Wow, I mean, yeah.</p>
  <p time="293200" is_ac="false">This takes me right back to the first time we had this.</p>
  <p time="296120" is_ac="false">That mulled wine jelly gives it this really nice Christmassy taste and feel.</p>
  <p time="301960" is_ac="false">The whole experience is just so satisfying.</p>
  <p time="304240" is_ac="false">So, I've said this before, I'll say it again.</p>
  <p time="306400" is_ac="false">Mission Star restaurants, they love a bit of jelly.</p>
  <p time="308480" is_ac="false">Jelly.</p>
  <p time="309480" is_ac="false">They love it.</p>
  <p time="310200" is_ac="false">When something gets that little satisfying gelatinous wobble.</p>
  <p time="313720" is_ac="false">In Macau, I think we had three or four different kinds of jelly.</p>
  <p time="316240" is_ac="false">Everything was served on lobster jelly.</p>
  <p time="320840" is_ac="false">Yeah, it's very versatile.</p>
  <p time="322480" is_ac="false">Yeah, I suppose.</p>
  <p time="323080" is_ac="false">You could have dessert, main course.</p>
  <p time="324560" is_ac="false">Starter.</p>
  <p time="325560" is_ac="false">starter.</p>
  <p time="326400" is_ac="false">Very good.</p>
  <p time="326760" is_ac="false">Put it in a shot glass, jelly shots.</p>
  <p time="328240" is_ac="false">Ok.</p>
  <p time="332920" is_ac="false">So we're on to the next course for you, which is the venison.</p>
  <p time="335880" is_ac="false">Serve that with some red cabbage, so we've got braised red cabbage gel.</p>
  <p time="339240" is_ac="false">We also have some of Heston's classic triple cooked chips, served with our house made mushroom ketchup.</p>
  <p time="345480" is_ac="false">Excellent.</p>
  <p time="346000" is_ac="false">And then for some festive sides we've got some sprouts, cooked with some bacon and chestnut.</p>
  <p time="349640" is_ac="false">Those are brussel sprouts.</p>
  <p time="350640" is_ac="false">They are.</p>
  <p time="351640" is_ac="false">And some honey glazed parsnips as well, with a little bit of lemon thyme on top.</p>
  <p time="354640" is_ac="false">So this is the Christmas dinner section.</p>
  <p time="361240" is_ac="false">They switched out turkey, which let's be honest is very hard to sympathise with the turkey.</p>
  <p time="365440" is_ac="false">They're basically just an angry chicken.</p>
  <p time="366880" is_ac="false">And they've replaced it with Bambi.</p>
  <p time="369880" is_ac="false">Probably the most innocent of all animals.</p>
  <p time="372040" is_ac="false">Great, thanks for that.</p>
  <p time="373760" is_ac="false">Actually William the Conqueror, his coronation was on Christmas day in 1066.</p>
  <p time="378480" is_ac="false">Okay.</p>
  <p time="379480" is_ac="false">He had venison. He basically made venison hunting the sport of kings. So he restricted</p>
  <p time="385640" is_ac="false">from other people from hunting and eating venison. It became the king's meat. Venison</p>
  <p time="389600" is_ac="false">then became the premium meat and the premium Christmas meat for the upper classes around that time.</p>
  <p time="395600" is_ac="false">The original British Christmas dinner for the royalty.</p>
  <p time="399840" is_ac="false">I mean it makes sense that someone whose byline is "The Conqueror" would love eating Bambi.</p>
  <p time="405960" is_ac="false">Okay, now you've, straight back to Bambi.</p>
  <p time="409240" is_ac="false">You made your career out of marauding.</p>
  <p time="411440" is_ac="false">You're definitely gonna go after an orphaned, adorable.</p>
  <p time="414520" is_ac="false">Okay, yeah, wow.</p>
  <p time="416720" is_ac="false">I mean, marauding, I feel like, isn't quite doing justice.</p>
  <p time="419680" is_ac="false">You've conquered an entire country.</p>
  <p time="421480" is_ac="false">Josh, this is the moment in the meal</p>
  <p time="422920" is_ac="false">that we look into each other's eyes</p>
  <p time="425440" is_ac="false">As we take one of the finest bites of our lives.</p>
  <p time="430440" is_ac="false">I mean, is the eye contact necessary?</p>
  <p time="432400" is_ac="false">Oh, yeah, I'll give you a little cheers.</p>
  <p time="436480" is_ac="false">Off-putting.</p>
  <p time="442800" is_ac="false">Oh my gosh.</p>
  <p time="443960" is_ac="false">That is unbelievable.</p>
  <p time="446800" is_ac="false">That is so good.</p>
  <p time="447800" is_ac="false">You know what that taste makes me think?</p>
  <p time="449840" is_ac="false">It's just amazing we didn't have a revolution.</p>
  <p time="452640" is_ac="false">What do you mean?</p>
  <p time="453760" is_ac="false">That we had a royal system that cooked stuff like this</p>
  <p time="457200" is_ac="false">back when people were fricking dying of the plague.</p>
  <p time="459280" is_ac="false">Oh my gosh.</p>
  <p time="460120" is_ac="false">And then they were like, you know what?</p>
  <p time="461320" is_ac="false">No one else can eat this.</p>
  <p time="462600" is_ac="false">This is just for us.</p>
  <p time="464000" is_ac="false">and we didn't overthrow them.</p>
  <p time="466520" is_ac="false">What's wrong with us?</p>
  <p time="467800" is_ac="false">Yeah, if we had had a revolution,</p>
  <p time="469560" is_ac="false">this recipe probably would have been lost to time.</p>
  <p time="472200" is_ac="false">That's true.</p>
  <p time="472880" is_ac="false">Because the French famously have terrible food.</p>
  <p time="477440" is_ac="false">Great.</p>
  <p time="478400" is_ac="false">Thanks for that.</p>
  <p time="479240" is_ac="false">Yep.</p>
  <p time="480040" is_ac="false">That is incredible.</p>
  <p time="481640" is_ac="false">You know, it's interesting because it does taste festive.</p>
  <p time="484920" is_ac="false">You wanna eat that in the bleak mid-winter.</p>
  <p time="487840" is_ac="false">Like it's warm and then you taste it as it goes down.</p>
  <p time="491280" is_ac="false">All right.</p>
  <p time="492120" is_ac="false">Oh, you're going straight in with a parsnip.</p>
  <p time="493680" is_ac="false">Let's go.</p>
  <p time="494800" is_ac="false">Honey roast parsnip.</p>
  <p time="496240" is_ac="false">Oh my gosh.</p>
  <p time="499240" is_ac="false">See, I'm often not a fan of parsnips.</p>
  <p time="501680" is_ac="false">What?</p>
  <p time="502520" is_ac="false">That is crazy good.</p>
  <p time="504400" is_ac="false">That's like a completely different food.</p>
  <p time="506080" is_ac="false">Holy moly.</p>
  <p time="506920" is_ac="false">It doesn't have that sharpness</p>
  <p time="508120" is_ac="false">that a parsnip can sometimes have,</p>
  <p time="509640" is_ac="false">the stringiness to it.</p>
  <p time="511080" is_ac="false">Oh, the texture.</p>
  <p time="513000" is_ac="false">Sweet, covered in like this honey glaze.</p>
  <p time="516680" is_ac="false">So parsnips, traditionally,</p>
  <p time="519400" is_ac="false">they're like an essential Christmas item.</p>
  <p time="521080" is_ac="false">You know, Christmas is a time to be charitable,</p>
  <p time="523160" is_ac="false">and you crack out the unpopular vegetables.</p>
  <p time="525120" is_ac="false">Okay, okay.</p>
  <p time="527040" is_ac="false">I love parsnips.</p>
  <p time="527960" is_ac="false">I love parsnips so much that when I used to go back</p>
  <p time="529560" is_ac="false">and visit my parents in China over Christmas holiday,</p>
  <p time="532360" is_ac="false">I would fill my suitcase with a couple bags of parsnips</p>
  <p time="536480" is_ac="false">to take, 'cause you cannot find parsnips in China.</p>
  <p time="539280" is_ac="false">You know, when you're living outside of the UK,</p>
  <p time="542000" is_ac="false">you miss that British proper Christmas roast dinner</p>
  <p time="545720" is_ac="false">and parsnips are a key part of that.</p>
  <p time="547400" is_ac="false">I feel like you've just told me</p>
  <p time="549040" is_ac="false">that your favorite film is "Transformers."</p>
  <p time="551000" is_ac="false">Okay.</p>
  <p time="552720" is_ac="false">There's someone out there watching.</p>
  <p time="554720" is_ac="false">Yeah, that's true.</p>
  <p time="556560" is_ac="false">Michelin star Brussels sprouts.</p>
  <p time="563640" is_ac="false">What?</p>
  <p time="564760" is_ac="false">It doesn't taste anything like Brussels sprouts.</p>
  <p time="566440" is_ac="false">There's so much going on.</p>
  <p time="567840" is_ac="false">It doesn't taste like Brussels sprouts at all.</p>
  <p time="570720" is_ac="false">When we were growing up, me and my siblings used to try and eat the Brussels sprouts before we said grace</p>
  <p time="575840" is_ac="false">so that we didn't have to thank God for them.</p>
  <p time="579760" is_ac="false">But I would happily thank God for that.</p>
  <p time="582120" is_ac="false">Oh, 100%.</p>
  <p time="583360" is_ac="false">Heston's famous triple cooked chips.</p>
  <p time="585560" is_ac="false">We had these with our Michelin starfish and chips.</p>
  <p time="588520" is_ac="false">This is mushroom ketchup,</p>
  <p time="590080" is_ac="false">which looks almost a bit Halloween-y,</p>
  <p time="591800" is_ac="false">but tastes flipping glorious.</p>
  <p time="593000" is_ac="false">I mean, it looks like engine oil.</p>
  <p time="594160" is_ac="false">It does, yeah. That's true.</p>
  <p time="600840" is_ac="false">Nobody does it better.</p>
  <p time="601960" is_ac="false">The best chips.</p>
  <p time="602760" is_ac="false">It's got that glassy exterior.</p>
  <p time="606600" is_ac="false">And then the inside is like mashed potato.</p>
  <p time="609080" is_ac="false">It's like a cloud.</p>
  <p time="613800" is_ac="false">Wow.</p>
  <p time="615480" is_ac="false">We're at the presence of greatness.</p>
  <p time="617320" is_ac="false">That is it, that is it.</p>
  <p time="619120" is_ac="false">I'm getting some serious nostalgia right now.</p>
  <p time="621680" is_ac="false">Oh. Wow.</p>
  <p time="623240" is_ac="false">Wow.</p>
  <p time="627280" is_ac="false">The most iconic dessert that we do here.</p>
  <p time="629080" is_ac="false">You've heard about it, seen it?</p>
  <p time="630680" is_ac="false">Yes, yes..</p>
  <p time="632200" is_ac="false">This is our kind of our festive take as well.</p>
  <p time="634400" is_ac="false">So it's a triple baked brioche.</p>
  <p time="635840" is_ac="false">Okay.</p>
  <p time="636680" is_ac="false">It's finished with some vanilla custard,</p>
  <p time="637800" is_ac="false">finished off with a bit of sherry,</p>
  <p time="639080" is_ac="false">and my favourite would be five hour roasted pineapple.</p>
  <p time="641400" is_ac="false">It's basically like pineapple brisket.</p>
  <p time="643520" is_ac="false">Pineapple.</p>
  <p time="644360" is_ac="false">Five hours?</p>
  <p time="645800" is_ac="false">It's a pineapple rib.</p>
  <p time="649000" is_ac="false">Feel how soft that is.</p>
  <p time="651880" is_ac="false">Oh my gosh.</p>
  <p time="654560" is_ac="false">Oh gosh.</p>
  <p time="655400" is_ac="false">Look at that.</p>
  <p time="656240" is_ac="false">Can you listen to the top?</p>
  <p time="657400" is_ac="false">Oh.</p>
  <p time="658240" is_ac="false">Yes.</p>
  <p time="659960" is_ac="false">-ou can hear how crispy that is on the top.</p>
  <p time="661000" is_ac="false">Is it as good as I remember?</p>
  <p time="675320" is_ac="false">Oh my gosh.</p>
  <p time="676200" is_ac="false">Oh my gosh.</p>
  <p time="679000" is_ac="false">Yes!</p>
  <p time="679840" is_ac="false">That is so good!</p>
  <p time="682080" is_ac="false">The crispy top to the brioche.</p>
  <p time="684560" is_ac="false">The bun inside is perfectly soft.</p>
  <p time="687400" is_ac="false">It's like a cloud.</p>
  <p time="688440" is_ac="false">It's warm, like a croissant straight out of the oven.</p>
  <p time="692120" is_ac="false">This is literally the best dessert I've ever had.</p>
  <p time="696440" is_ac="false">You know what?</p>
  <p time="697520" is_ac="false">I think it's the best dessert you've ever had.</p>
  <p time="699640" is_ac="false">And if you guys have the privilege of trying it,</p>
  <p time="702040" is_ac="false">you're not gonna have any of mine,</p>
  <p time="703040" is_ac="false">but if you do, it will be the best you've ever had.</p>
  <p time="705680" is_ac="false">There's nothing better than that.</p>
  <p time="706800" is_ac="false">Like it was worth William conquering this country.</p>
  <p time="709240" is_ac="false">Wow.</p>
  <p time="710440" is_ac="false"> All right.</p>
  <p time="711240" is_ac="false">Slow roast pineapple.</p>
  <p time="712080" is_ac="false">Pineapple brisket.</p>
  <p time="720160" is_ac="false">Wow.</p>
  <p time="721440" is_ac="false">sour, sweet, perfect combination.</p>
  <p time="725800" is_ac="false">You're not a big fan.</p>
  <p time="727520" is_ac="false">You know.</p>
  <p time="728360" is_ac="false">It's a lot of flavour.</p>
  <p time="729200" is_ac="false">Oh, you're a simple taster.</p>
  <p time="730040" is_ac="false">You like things to be a bit more bland.</p>
  <p time="731560" is_ac="false">You know, having it side by side with that,</p>
  <p time="734280" is_ac="false">it's like going up for karaoke after Beyonce.</p>
  <p time="737520" is_ac="false">Okay.</p>
  <p time="738360" is_ac="false">You know?</p>
  <p time="739200" is_ac="false">Yeah, I mean.</p>
  <p time="740040" is_ac="false">I'm pretty good.</p>
  <p time="740880" is_ac="false">You probably would rock a Beyonce cover, but.</p>
  <p time="742520" is_ac="false">If Queen B was up there right before me,</p>
  <p time="745560" is_ac="false">and then I got up.</p>
  <p time="746400" is_ac="false">No one wants to hear you.</p>
  <p time="747240" is_ac="false">No one wants to.</p>
  <p time="748280" is_ac="false">And unfortunately, I think that's what's going on</p>
  <p time="752160" is_ac="false">I think it pairs well with the pineapple.</p>
  <p time="753160" is_ac="false">It offsets the soft buttery sweetness of that with a little bit of tangy sourness.</p>
  <p time="759080" is_ac="false">It's not in the same league.</p>
  <p time="760080" is_ac="false">It's an insult, actually.</p>
  <p time="761080" is_ac="false">Wow.</p>
  <p time="762080" is_ac="false">Luke, I just want you to remember, right now is BTC before tipsy cake.</p>
  <p time="766880" is_ac="false">Right?</p>
  <p time="767880" is_ac="false">Okay.</p>
  <p time="768880" is_ac="false">You're an idiot.</p>
  <p time="769880" is_ac="false">All right.</p>
  <p time="770880" is_ac="false">From now on in this moment, your life is going to...</p>
  <p time="775640" is_ac="false">Your life is ATC.</p>
  <p time="777640" is_ac="false">Is that a combination of every best British dessert combined into one, isn't it?</p>
  <p time="785600" is_ac="false">I didn't get to try it the first time because you ate it.</p>
  <p time="789040" is_ac="false">I don't regret it.</p>
  <p time="790600" is_ac="false">Do you blame me?</p>
  <p time="791600" is_ac="false">Do you blame me?</p>
  <p time="792720" is_ac="false">No.</p>
  <p time="793840" is_ac="false">What?</p>
  <p time="795480" is_ac="false">Oh my.</p>
  <p time="796480" is_ac="false">I feel like we've just entered Willy Wonka's chocolate factory.</p>
  <p time="799240" is_ac="false">I'm here to let you experience the grand finale of the restaurant.</p>
  <p time="803440" is_ac="false">It's liquid nitrogen ice cream trolley.</p>
  <p time="805560" is_ac="false">We're gonna be using common custard, which is made of vanilla, and then we have the main component, which is liquid nitrogen.</p>
  <p time="812240" is_ac="false">Woah!</p>
  <p time="813240" is_ac="false">So what the liquid nitrogen does is essentially brings the custard, by the way.</p>
  <p time="818240" is_ac="false">Your ice cream is ready in a few minutes or a few seconds.</p>
  <p time="823240" is_ac="false">Thank you so much, good sir!</p>
  <p time="825000" is_ac="false">Thank you very much!</p>
  <p time="826000" is_ac="false">Here we go.</p>
  <p time="827000" is_ac="false">Cheers mate.</p>
  <p time="828000" is_ac="false">Wow.</p>
  <p time="835240" is_ac="false">It's crazy that that was room temperature custard.</p>
  <p time="838840" is_ac="false">It's just like normal custard.</p>
  <p time="840440" is_ac="false">Delicious ice cream.</p>
  <p time="841960" is_ac="false">Well, Josh.</p>
  <p time="843600" is_ac="false">This has been michelin star Christmas dinner.</p>
  <p time="846880" is_ac="false">It's kind of, in a way, a tribute act</p>
  <p time="849120" is_ac="false">to the Christmas dinner.</p>
  <p time="850920" is_ac="false">Yeah.</p>
  <p time="851760" is_ac="false">But if the tribute act was performed by the Beatles,</p>
  <p time="855000" is_ac="false">You know?</p>
  <p time="856920" is_ac="false">Technically not their songs,</p>
  <p time="858720" is_ac="false">but they're performing them way better than anyone else.</p>
  <p time="860720" is_ac="false">Oh, 100%.</p>
  <p time="861560" is_ac="false">There's only one way we can end a proper Christmas dinner,</p>
  <p time="864200" is_ac="false">and that is with Christmas presents.</p>
  <p time="865880" is_ac="false">Got you a two-parter.</p>
  <p time="871600" is_ac="false">I know you're a big man on novelty socks.</p>
  <p time="874240" is_ac="false">Oh, friend Charlie.</p>
  <p time="876640" is_ac="false">It's been a crazy year this year.</p>
  <p time="878640" is_ac="false">It has.</p>
  <p time="879480" is_ac="false">One especially crazy aspect of it</p>
  <p time="881640" is_ac="false">is we went and met King Charles twice.</p>
  <p time="884200" is_ac="false">I'm gonna just say it.</p>
  <p time="886120" is_ac="false">Yeah?</p>
  <p time="886640" is_ac="false">Not the most flattering portrait.</p>
  <p time="890440" is_ac="false">Be a bit more careful with this one.</p>
  <p time="892240" is_ac="false">Oh, that was a heavy clunk.</p>
  <p time="895320" is_ac="false">Oh my gosh, that is really heavy.</p>
  <p time="897440" is_ac="false">Don't clunk it.</p>
  <p time="898400" is_ac="false">Oh, look at that.</p>
  <p time="900080" is_ac="false">Oh!</p>
  <p time="900920" is_ac="false">So this is to celebrate 10 years on YouTube together.</p>
  <p time="904360" is_ac="false">Oh.</p>
  <p time="905200" is_ac="false">It's from the year that we started YouTube, 2013.</p>
  <p time="908520" is_ac="false">Thanks man.</p>
  <p time="909360" is_ac="false">Oh, that's really kind.</p>
  <p time="910200" is_ac="false">Very special occasion.</p>
  <p time="911120" is_ac="false">I kind of still can't really believe that it's been been 10 years.</p>
  <p time="914800" is_ac="false">Looking at you, I can.</p>
  <p time="916720" is_ac="false">Yeah, wow.</p>
  <p time="917560" is_ac="false">Wow!</p>
  <p time="918560" is_ac="false">And you look better than me!</p>
  <p time="919560" is_ac="false">Okay!</p>
  <p time="921400" is_ac="false">So for my present...</p>
  <p time="923280" is_ac="false">What is that?</p>
  <p time="925360" is_ac="false">Honestly?</p>
  <p time="926360" is_ac="false">What's in here?</p>
  <p time="927360" is_ac="false">I looked up in my diary, I started working on this over a year ago.</p>
  <p time="931560" is_ac="false">It's been a huge journey to arrive at this spot.</p>
  <p time="935280" is_ac="false">What?</p>
  <p time="941000" is_ac="false">You are about to become the first person in history to unknowingly publish...</p>
  <p time="946560" is_ac="false">There's no way!</p>
  <p time="947560" is_ac="false">Your own novel!</p>
  <p time="949080" is_ac="false">There's no way!</p>
  <p time="951640" is_ac="false">Another book!</p>
  <p time="953840" is_ac="false">It's a space opera!</p>
  <p time="955960" is_ac="false">What does that mean?!</p>
  <p time="958080" is_ac="false">Initially the plan was to do this with AI but actually we scrapped that idea very early on.</p>
  <p time="963000" is_ac="false">Instead I worked with a team of comedy writers for an entire year to write this book.</p>
  <p time="968960" is_ac="false">It's an epic, hilarious space travelling adventure starring you, me, Gabie, a bunch of other</p>
  <p time="974240" is_ac="false">YouTubers racing to save your carrot best friend on Mars</p>
  <p time="977480" is_ac="false">There's even a song in there that you can access through a QR code embedded in the book. </p>
  <p time="983040" is_ac="false">There's illustrations</p>
  <p time="984480" is_ac="false">There's Gabie looking like bloody Princess Leia on the front. </p>
  <p time="987520" is_ac="false">Yeah Gabie plays a pretty significant role. </p>
  <p time="989520" is_ac="false">Does she know about this.</p>
  <p time="990800" is_ac="false">No, </p>
  <p time="991320" is_ac="false">Of course not.</p>
  <p time="994960" is_ac="false">After a rocket unexpectedly blasts off from carrot land adventure park and charts a course for Mars questions abound.</p>
  <p time="1003120" is_ac="false">Who is on the controls? Why is the cosmetics industry insisting that NASA nuke it out of the sky?</p>
  <p time="1010640" is_ac="false">And what was a live rocket doing in New Zealand's favourite family attraction anyway?</p>
  <p time="1015640" is_ac="false">Influencer and best-selling author Josh Carrott doesn't know much, </p>
  <p time="1021160" is_ac="false">But he's got a funny feeling he needs to track that rocket down and save the blooming day.</p>
  <p time="1028160" is_ac="false">So put on your neck brace and prepare for this warp speed caper, Space Carrots.</p>
  <p time="1034480" is_ac="false">Could there possibly be more going on than meets the eye?</p>
  <p time="1038960" is_ac="false">So come on jolly beans, get out there and order Space Carrots, a novel by Josh Carrot.</p>
  <p time="1046640" is_ac="false">It's the perfect gift for that special person in your life, whether that's your boyfriend or</p>
  <p time="1050960" is_ac="false">girlfriend, friends or family, your ex-fiance, awkward neighbour, dental hygienist, accountant,</p>
  <p time="1056080" is_ac="false">pet dietitian, that guy from work, literally anyone, buy the book is what I'm saying!</p>
  <p time="1059760" is_ac="false">And if you want it in time for Christmas order today.</p>
  <p time="1061760" is_ac="false">Let's make Josh a double bestseller and all funds from the sales of the book</p>
  <p time="1065960" is_ac="false">will go into my next carrotland project which is honestly completely insane.</p>
  <p time="1070880" is_ac="false">My parents are gonna want signed copies again.</p>
  <p time="1072960" is_ac="false">So weird.</p>
</text>
