<?xml version='1.0' encoding='UTF-8'?>
<text date_d="10" date_m="10" date_y="2022" format="srv3" age_limit="0" comment_count="235" description="maybe my taste buds weren't functioning properly? ¯\_(ツ)_/¯&#10;&#10;follow me on instagram: @catthecritic &#10;&#10;----- MORE Cat &amp; Nat -----&#10;https://www.youtube.com/watch?v=NK-3-bXYACA&amp;list=PLushEgUOdQW0YLcwrsV9dUvWHmptRFlIA&amp;index=1&amp;t=0s&#10;&#10;------ MUSIC BY LUKREMBO ------&#10;https://soundcloud.com/lukrembo&#10;&#10;Track Titles:&#10;Jay&#10;Sunflower&#10;Animal Friends&#10;Morning Rain&#10;Affogato&#10;Bored" fulltitle="My honest opinion of Noma, World's Best Restaurant 2021" like_count="520" location="na" playlist_title="na" release_date="na" upload_date="20221010" repost_count="na" tags="" title="My honest opinion of Noma, World's Best Restaurant 2021" uploader="Cat Zhang" view_count="50356" webpage_url="https://www.youtube.com/watch?v=A6mZRDgluYg" autocaption="true">
  <p time="240" is_ac="true">I was just like are you kidding me this</p>
  <p time="3240" is_ac="true">was like probably the most disappointing</p>
  <p time="5160" is_ac="true">course you can't afford to be making</p>
  <p time="7500" is_ac="true">those types of little mistakes the meal</p>
  <p time="9780" is_ac="true">ended up costing</p>
  <p time="11719" is_ac="true">447 USD per person</p>
  <p time="23539" is_ac="true">okay one more time I debated for a long</p>
  <p time="26460" is_ac="true">time on how I would share my opinion on</p>
  <p time="30660" is_ac="true">Noma finally I just decided I should</p>
  <p time="33180" is_ac="true">just be honest about how I felt about it</p>
  <p time="35579" is_ac="true">all that's what we're doing today</p>
  <p time="37100" is_ac="true">rewinding back to April 10th 2022 Friday</p>
  <p time="41700" is_ac="true">at 9 00 a.m me Andrew and Natalie all</p>
  <p time="45899" is_ac="true">got on our computers at the same time</p>
  <p time="47640" is_ac="true">and as soon as it hit 9am we all</p>
  <p time="51239" is_ac="true">frantically tried to get a booking at</p>
  <p time="53399" is_ac="true">NoMa if you aren't familiar with Noma it</p>
  <p time="56399" is_ac="true">is one of the most well-known and highly</p>
  <p time="58320" is_ac="true">rated restaurants in the world and we</p>
  <p time="60360" is_ac="true">were able to snag a spot for a Tuesday</p>
  <p time="63019" is_ac="true">September 6th at 5 PM big deal big big</p>
  <p time="66960" is_ac="true">deal it was five months of anticipation</p>
  <p time="69119" is_ac="true">my expectations were Sky High because</p>
  <p time="71760" is_ac="true">they were named the best restaurant in</p>
  <p time="74040" is_ac="true">the world last year 2021. they also have</p>
  <p time="76500" is_ac="true">three Michelin stars the meal ended up</p>
  <p time="79439" is_ac="true">costing</p>
  <p time="80960" is_ac="true">447 dollars USD you per person they</p>
  <p time="84540" is_ac="true">offer three different types of menus</p>
  <p time="86100" is_ac="true">they've got Seafood from January to June</p>
  <p time="88920" is_ac="true">they've got vegetable season during the</p>
  <p time="90360" is_ac="true">summer and game and Forest in the winter</p>
  <p time="92400" is_ac="true">finally the day rolled around and we're</p>
  <p time="95159" is_ac="true">super excited for this meal had been</p>
  <p time="96600" is_ac="true">looking forward to this for months we</p>
  <p time="98640" is_ac="true">were greeted at the entrance by two</p>
  <p time="100740" is_ac="true">employees who will be checking Us in and</p>
  <p time="103140" is_ac="true">then they let us into this beautiful</p>
  <p time="104960" is_ac="true">Greenhouse indoor garden and they served</p>
  <p time="108060" is_ac="true">us this cold pressed tea and also had</p>
  <p time="110640" is_ac="true">this beer that they had brewed on site</p>
  <p time="112439" is_ac="true">most everyone was dressed like very very</p>
  <p time="114899" is_ac="true">nice and meanwhile I was there in like</p>
  <p time="117180" is_ac="true">baggy jeans that had like a huge rip in</p>
  <p time="119759" is_ac="true">the knee and I was just wearing like</p>
  <p time="121380" is_ac="true">dirty sneakers they let us out to this</p>
  <p time="124259" is_ac="true">like concrete pathway and beautiful Lush</p>
  <p time="126600" is_ac="true">Garden Fields of these grains and grass</p>
  <p time="129959" is_ac="true">and flowers hi cap where are we going</p>
  <p time="135900" is_ac="true">foreign</p>
  <p time="145940" is_ac="true">and intense things that kind of set the</p>
  <p time="149160" is_ac="true">tone of the meal was just that when we</p>
  <p time="151379" is_ac="true">opened the door they had brought out all</p>
  <p time="153959" is_ac="true">of the chefs from the kitchen to stand</p>
  <p time="156239" is_ac="true">and like say hello and wave so it was</p>
  <p time="158459" is_ac="true">Natalie and I opening the door and we</p>
  <p time="160080" is_ac="true">were just like oh my gosh hi and</p>
  <p time="162120" is_ac="true">everyone was like hello and welcome</p>
  <p time="163739" is_ac="true">there was like 30 people standing there</p>
  <p time="165599" is_ac="true">it was a lot we were not expecting it we</p>
  <p time="168660" is_ac="true">didn't think we each wanted to do like a</p>
  <p time="170459" is_ac="true">full wine pairing but still wanted to</p>
  <p time="172080" is_ac="true">drink some wine so our server ended up</p>
  <p time="175080" is_ac="true">selling us on this like wine and Juice</p>
  <p time="177120" is_ac="true">combo the ingredients for the juices</p>
  <p time="179280" is_ac="true">they were all grown in house and</p>
  <p time="181260" is_ac="true">carefully thought together to pair with</p>
  <p time="182879" is_ac="true">each course so we were like okay you</p>
  <p time="185280" is_ac="true">know we're down to try it so she brought</p>
  <p time="187260" is_ac="true">over a red wine to start</p>
  <p time="197300" is_ac="true">the first course came out I actually</p>
  <p time="199980" is_ac="true">think this was one of my favorite</p>
  <p time="201239" is_ac="true">courses in the entire meal they called</p>
  <p time="203340" is_ac="true">it summer salad it was super fresh a</p>
  <p time="206340" is_ac="true">little bit sweet a little bit Savory the</p>
  <p time="208920" is_ac="true">flavors were super delicate and light</p>
  <p time="211019" is_ac="true">beautiful presentation so that was great</p>
  <p time="213180" is_ac="true">often a very strong start the second</p>
  <p time="215819" is_ac="true">course was this intricate cauliflower</p>
  <p time="218760" is_ac="true">waffle also very delicate and thin so</p>
  <p time="222599" is_ac="true">beautifully presented honestly I had no</p>
  <p time="224640" is_ac="true">complaints about that course that one</p>
  <p time="226200" is_ac="true">was like overall delicious and really</p>
  <p time="228180" is_ac="true">nice the third course thank you hello</p>
  <p time="231540" is_ac="true">hello</p>
  <p time="232519" is_ac="true">and now we move on to our serving of a</p>
  <p time="235319" is_ac="true">padron pepper that comes straight off</p>
  <p time="237060" is_ac="true">our barbecue inside we fill it with</p>
  <p time="239040" is_ac="true">Savory sunflower seeds and baby</p>
  <p time="240780" is_ac="true">cucumbers which we toss in a little bit</p>
  <p time="242580" is_ac="true">more into oil and over to the left side</p>
  <p time="244560" is_ac="true">you have a small piece of salted blue</p>
  <p time="246239" is_ac="true">bar so you pick it up and squeeze the</p>
  <p time="248280" is_ac="true">juice right onto the Drone just like a</p>
  <p time="249840" is_ac="true">lemon please don't fibers</p>
  <p time="258440" is_ac="true">one thing that I really liked about this</p>
  <p time="260579" is_ac="true">course was that it was just very</p>
  <p time="262220" is_ac="true">interactive that was great no complaints</p>
  <p time="265199" is_ac="true">about that one the fourth course was</p>
  <p time="267840" is_ac="true">probably one of the most meh looking</p>
  <p time="269759" is_ac="true">ones that was Natalie's favorite and it</p>
  <p time="271979" is_ac="true">tasted really good to me cucumber skin</p>
  <p time="274560" is_ac="true">Doma and I could have sworn the server</p>
  <p time="277199" is_ac="true">said that there was barley inside</p>
  <p time="282259" is_ac="true">a little bit he said it's fermented too</p>
  <p time="297139" is_ac="true">the fifth horse</p>
  <p time="299699" is_ac="true">it was some sort of like garlic comfy</p>
  <p time="302520" is_ac="true">and onion jelly but then what ended up</p>
  <p time="305220" is_ac="true">souring that course was that at the end</p>
  <p time="307199" is_ac="true">of summer in Copenhagen in general like</p>
  <p time="308940" is_ac="true">I'm not holding Noma to this particular</p>
  <p time="311100" is_ac="true">fact but it just got in the way of the</p>
  <p time="313020" is_ac="true">Ambiance of the course but anyway there</p>
  <p time="315180" is_ac="true">are all these fruit flies that were kind</p>
  <p time="316620" is_ac="true">of buzzing around the restaurant so</p>
  <p time="318479" is_ac="true">there was a fruit fly that initially got</p>
  <p time="320460" is_ac="true">stuck in my wine glass and then I was</p>
  <p time="322320" is_ac="true">trying to like you know get it out but</p>
  <p time="324840" is_ac="true">then it ended up dropping into the onion</p>
  <p time="327419" is_ac="true">jelly</p>
  <p time="339199" is_ac="true">okay bro</p>
  <p time="341639" is_ac="true">like I still had some onion jelly from</p>
  <p time="344039" is_ac="true">the other side and I had the garlic</p>
  <p time="345840" is_ac="true">coffee it tasted nice I don't know if</p>
  <p time="348360" is_ac="true">that I was like really in love with the</p>
  <p time="350520" is_ac="true">taste but it was like interesting</p>
  <p time="352380" is_ac="true">creative one of the things that I then</p>
  <p time="355380" is_ac="true">started trying to be intentional on was</p>
  <p time="357960" is_ac="true">talking with the servers a little bit</p>
  <p time="360060" is_ac="true">more and asking questions or like having</p>
  <p time="362280" is_ac="true">more of a conversation on any</p>
  <p time="364020" is_ac="true">information about the meal right now</p>
  <p time="366440" is_ac="true">we could take your time</p>
  <p time="370220" is_ac="true">I think someone overheard us talking</p>
  <p time="372660" is_ac="true">about wow these wine glasses are really</p>
  <p time="374639" is_ac="true">beautiful or wildly baskets that these</p>
  <p time="377039" is_ac="true">things are served in are like so</p>
  <p time="378240" is_ac="true">delicate so they started telling us a</p>
  <p time="380280" is_ac="true">little bit more about oh we got these</p>
  <p time="382020" is_ac="true">basket Source from this local Danish</p>
  <p time="384240" is_ac="true">basket Weaver my thought at this point</p>
  <p time="386220" is_ac="true">was these dishes overall are so far like</p>
  <p time="388319" is_ac="true">very tasty beautifully presented but it</p>
  <p time="391259" is_ac="true">was lacking a little bit of the</p>
  <p time="393000" is_ac="true">creativity that in my limited fine</p>
  <p time="395580" is_ac="true">dining experiences a little bit more</p>
  <p time="397319" is_ac="true">extravagant I was trying to understand I</p>
  <p time="399360" is_ac="true">think like part of the Allure and re</p>
  <p time="401580" is_ac="true">reason for all of the praise for</p>
  <p time="403500" is_ac="true">something like Noma is one they grow I</p>
  <p time="406560" is_ac="true">would assume all or like most of their</p>
  <p time="408360" is_ac="true">cooking ingredients in-house a lot of</p>
  <p time="410940" is_ac="true">creative preparations of food not</p>
  <p time="413100" is_ac="true">necessarily as much emphasis on like how</p>
  <p time="415620" is_ac="true">exactly that's presented though honestly</p>
  <p time="417300" is_ac="true">most of them were very stunning part of</p>
  <p time="419639" is_ac="true">it is also the sourcing the Partnerships</p>
  <p time="421979" is_ac="true">that they have</p>
  <p time="425880" is_ac="true">it</p>
  <p time="433100" is_ac="true">after this the sixth course it was a</p>
  <p time="436680" is_ac="true">beet and radish pie it was beautiful</p>
  <p time="440699" is_ac="true">yes it wasn't that memorable I can't</p>
  <p time="443580" is_ac="true">really recall the flavors or other</p>
  <p time="445560" is_ac="true">ingredients that one was a little bit</p>
  <p time="447240" is_ac="true">more of an afterthought to be honest</p>
  <p time="448500" is_ac="true">this was also when I think we realized</p>
  <p time="451319" is_ac="true">oh shoot this might be an all vegetarian</p>
  <p time="453060" is_ac="true">menu is</p>
  <p time="457520" is_ac="true">and we asked one of the servers and</p>
  <p time="459599" is_ac="true">they're like no we actually do like a</p>
  <p time="461220" is_ac="true">full vegetarian venue in the Summers I</p>
  <p time="463380" is_ac="true">was like oh great okay</p>
  <p time="472160" is_ac="true">I am not holding Noma to that it is a</p>
  <p time="475080" is_ac="true">thing that they do and I just didn't</p>
  <p time="476580" is_ac="true">read the description clearly enough when</p>
  <p time="479099" is_ac="true">I was booking this I'm gonna be honest</p>
  <p time="481020" is_ac="true">it definitely biased my opinion a little</p>
  <p time="483180" is_ac="true">bit because I was just looking forward</p>
  <p time="485099" is_ac="true">to like meet in general but even with</p>
  <p time="488520" is_ac="true">that taken into consideration taste is</p>
  <p time="490680" is_ac="true">still what's most important the next</p>
  <p time="492360" is_ac="true">course they brought it out and I think</p>
  <p time="494099" is_ac="true">they asked us like what do you think</p>
  <p time="495539" is_ac="true">this is and I was like</p>
  <p time="497819" is_ac="true">they said this is scoby stick with</p>
  <p time="501000" is_ac="true">smoked pumpkin puree I think Natalie was</p>
  <p time="503580" is_ac="true">a little bit Bolder I was actually</p>
  <p time="504900" is_ac="true">really happy about it because I was like</p>
  <p time="506460" is_ac="true">that's very creative this is usually the</p>
  <p time="508979" is_ac="true">thing that like helps create the</p>
  <p time="510180" is_ac="true">kombucha that that's what scoby is it's</p>
  <p time="511919" is_ac="true">something that you put at the top of a</p>
  <p time="513419" is_ac="true">jar when you're fermenting kombucha the</p>
  <p time="516360" is_ac="true">presentation in this one was absolutely</p>
  <p time="518279" is_ac="true">stunning I could really taste the smoked</p>
  <p time="520740" is_ac="true">pumpkin one of the servers made a joke</p>
  <p time="522899" is_ac="true">on like we're bringing you out this very</p>
  <p time="525120" is_ac="true">rustic and Hearty steak knife to cut</p>
  <p time="527760" is_ac="true">this super delicate transparent thing</p>
  <p time="529920" is_ac="true">the scoby was kind of the texture of</p>
  <p time="531660" is_ac="true">chewy Slippery Noodle but it was like a</p>
  <p time="534839" is_ac="true">sour noodle a little bit sweet too I</p>
  <p time="537360" is_ac="true">thought this one was pretty creative the</p>
  <p time="540060" is_ac="true">next course they called it Marigold</p>
  <p time="542160" is_ac="true">tempura it was like a flower that was</p>
  <p time="544320" is_ac="true">deep fried and served with this</p>
  <p time="545940" is_ac="true">delicious sauce made with egg yolks I</p>
  <p time="548459" is_ac="true">even made a comment to the server I was</p>
  <p time="550320" is_ac="true">like the sauce is delicious so they</p>
  <p time="552120" is_ac="true">brought it back to my table after they</p>
  <p time="554519" is_ac="true">had already picked it up and I made that</p>
  <p time="555839" is_ac="true">comment they were like oh you can like</p>
  <p time="557399" is_ac="true">finish it</p>
  <p time="559080" is_ac="true">something yeah</p>
  <p time="562940" is_ac="true">it's very like light</p>
  <p time="566240" is_ac="true">it's not like soggy with oil I actually</p>
  <p time="569820" is_ac="true">really like that of course the ninth</p>
  <p time="571920" is_ac="true">course is when I was just like are you</p>
  <p time="574620" is_ac="true">kidding me so when they were presenting</p>
  <p time="576839" is_ac="true">it they said this is a chicken egg with</p>
  <p time="579839" is_ac="true">beet juice and I was just like so like</p>
  <p time="582420" is_ac="true">an egg right because that's what I eat</p>
  <p time="584459" is_ac="true">all day this is something that I could</p>
  <p time="586320" is_ac="true">make myself at home and granted you know</p>
  <p time="588959" is_ac="true">they probably raised the chickens on</p>
  <p time="590399" is_ac="true">side to grow their own beads this is a</p>
  <p time="593040" is_ac="true">fresh egg cooked with beets and lamb son</p>
  <p time="595680" is_ac="true">this was like probably the most</p>
  <p time="597720" is_ac="true">disappointing course it tasted fine at</p>
  <p time="600839" is_ac="true">the end of the day it's just like a</p>
  <p time="601860" is_ac="true">chicken cooked in beet juice served over</p>
  <p time="604800" is_ac="true">greens with like a little bit of salt</p>
  <p time="606480" is_ac="true">whole thing was just about how my</p>
  <p time="608459" is_ac="true">expectations were Sky High and then it</p>
  <p time="610260" is_ac="true">just didn't really need my expectations</p>
  <p time="611399" is_ac="true">tenth course they call this potato</p>
  <p time="613500" is_ac="true">wrapped in Sea lettuce I think it was</p>
  <p time="616200" is_ac="true">like a seaweed inside was like a little</p>
  <p time="617940" is_ac="true">bit of potato this one was tasty but to</p>
  <p time="620880" is_ac="true">be totally Frank the potato was not</p>
  <p time="623580" is_ac="true">fully cooked and it was a little bit too</p>
  <p time="625980" is_ac="true">salty</p>
  <p time="629060" is_ac="true">it's a little things but this type of</p>
  <p time="631260" is_ac="true">stuff you can't afford to be making</p>
  <p time="633000" is_ac="true">those types of little mistakes</p>
  <p time="635899" is_ac="true">it's a video</p>
  <p time="642560" is_ac="true">the 11th horse was beautiful and also</p>
  <p time="645899" is_ac="true">tastes delicious it was a grilled young</p>
  <p time="648000" is_ac="true">artichoke really stunning presentation</p>
  <p time="650339" is_ac="true">delicious mouthful I don't even really</p>
  <p time="652440" is_ac="true">think I've eaten artichoke unless it was</p>
  <p time="654600" is_ac="true">in a dip much in my life the 12 course</p>
  <p time="656880" is_ac="true">actually really loved they served lion's</p>
  <p time="659700" is_ac="true">mane mushrooms like a steak it was</p>
  <p time="662640" is_ac="true">roasted with Wild Roses apparently and</p>
  <p time="665640" is_ac="true">then served with these sauces and then</p>
  <p time="667560" is_ac="true">there was a small side salad I was</p>
  <p time="669839" is_ac="true">worried throughout the meal I was like</p>
  <p time="671399" is_ac="true">are we gonna leave hungry but ended up</p>
  <p time="673800" is_ac="true">being fine</p>
  <p time="675520" is_ac="true">[Music]</p>
  <p time="682019" is_ac="true">come on</p>
  <p time="684860" is_ac="true">the 13th course was also a huge</p>
  <p time="689100" is_ac="true">disappointment to me it was a chocolate</p>
  <p time="691440" is_ac="true">herb salad which I've described this</p>
  <p time="694320" is_ac="true">course to a couple people since I've</p>
  <p time="695880" is_ac="true">been back basically to me the plate</p>
  <p time="700079" is_ac="true">looks like one of those China plates</p>
  <p time="702300" is_ac="true">that you get from Costco but then the</p>
  <p time="704640" is_ac="true">taste was just so mediocre at the end of</p>
  <p time="707820" is_ac="true">the day it was melted chocolate served</p>
  <p time="710820" is_ac="true">with fresh fruit dried fruit some like</p>
  <p time="712980" is_ac="true">flower petals and then like some more</p>
  <p time="714660" is_ac="true">greens something about I don't know we</p>
  <p time="716940" is_ac="true">like the temperature and consistency of</p>
  <p time="718860" is_ac="true">the chocolate just didn't dry well with</p>
  <p time="720660" is_ac="true">me the dried fruit was really</p>
  <p time="722459" is_ac="true">overpowering at the end of the day just</p>
  <p time="724260" is_ac="true">didn't even taste that good and I was</p>
  <p time="726180" is_ac="true">like this is something that I feel like</p>
  <p time="727680" is_ac="true">a fourth grader would maybe throw</p>
  <p time="729240" is_ac="true">together if left unattended in a kitchen</p>
  <p time="731519" is_ac="true">by themselves</p>
  <p time="734820" is_ac="true">they're like oh and that's a lot of</p>
  <p time="737519" is_ac="true">chocolate</p>
  <p time="739920" is_ac="true">that one was just honestly disappointing</p>
  <p time="741839" is_ac="true">the last two courses who are at the 14th</p>
  <p time="744720" is_ac="true">course it was a dessert of oatmeal and</p>
  <p time="747480" is_ac="true">honey and the best way I could describe</p>
  <p time="749880" is_ac="true">what it was was kind of like a Mochi ice</p>
  <p time="751800" is_ac="true">cream or like an ice cream dumpling it</p>
  <p time="753779" is_ac="true">was solid it was nice the outer layer</p>
  <p time="756360" is_ac="true">whatever it was ended up being a little</p>
  <p time="757800" is_ac="true">bit too chewy I would have liked it to</p>
  <p time="759540" is_ac="true">be thinner and then the 15 course</p>
  <p time="761279" is_ac="true">actually ended pretty well Super</p>
  <p time="763440" is_ac="true">Creative so they brought out this little</p>
  <p time="765240" is_ac="true">box and then when you open the box it's</p>
  <p time="768060" is_ac="true">like this it's a handmade honeycomb and</p>
  <p time="771660" is_ac="true">they called it marinated they basically</p>
  <p time="774360" is_ac="true">just pipetted all these little liquids</p>
  <p time="776519" is_ac="true">in there so I think there was like</p>
  <p time="777660" is_ac="true">Sesame white chocolate and then they</p>
  <p time="779940" is_ac="true">brought out this like little pot with</p>
  <p time="781920" is_ac="true">this box and then the server said pick</p>
  <p time="784680" is_ac="true">up this put the whole thing in your</p>
  <p time="786660" is_ac="true">mouth</p>
  <p time="787320" is_ac="true">chew and absorb the liquids for a couple</p>
  <p time="789839" is_ac="true">seconds but don't eat the beeswax and</p>
  <p time="792000" is_ac="true">then when you're done you can spit the</p>
  <p time="793860" is_ac="true">beeswax into this like little Trash Bowl</p>
  <p time="796320" is_ac="true">I thought that was really creative The</p>
  <p time="798899" is_ac="true">Taste was like good I suppose but I</p>
  <p time="801899" is_ac="true">would have liked a little bit more</p>
  <p time="803760" is_ac="true">freshness in the bite like my teeth just</p>
  <p time="807120" is_ac="true">feel like they're covered in Sugar I'll</p>
  <p time="809279" is_ac="true">talk a little bit on the drink so we had</p>
  <p time="811740" is_ac="true">mostly white wines I think one or two</p>
  <p time="814320" is_ac="true">Reds it was four wine pairings and then</p>
  <p time="817620" is_ac="true">four juice pairings and then the juices</p>
  <p time="820500" is_ac="true">that we had one was cucumber and tajets</p>
  <p time="824880" is_ac="true">another one was elderflower and black</p>
  <p time="826920" is_ac="true">currant that one was like a little bit</p>
  <p time="828660" is_ac="true">sour there's one called Saya mommy Dory</p>
  <p time="832260" is_ac="true">kocha I have no clue what that is and</p>
  <p time="834660" is_ac="true">then the last one was raspberry</p>
  <p time="835860" is_ac="true">chamomile I have no complaints about the</p>
  <p time="837839" is_ac="true">juices they all like tasted fine</p>
  <p time="839779" is_ac="true">definitely not worth the money in my</p>
  <p time="841740" is_ac="true">opinion I'm not that memorable and I</p>
  <p time="843480" is_ac="true">think ultimately the sugar and the</p>
  <p time="844920" is_ac="true">juices ended up maybe filling us up a</p>
  <p time="846720" is_ac="true">little bit more the juice and wine</p>
  <p time="848700" is_ac="true">pairing ended up being about 200 USD per</p>
  <p time="851339" is_ac="true">person again did not think it was worth</p>
  <p time="852959" is_ac="true">it at all one of the things I couldn't</p>
  <p time="854459" is_ac="true">figure out even though you've paid so</p>
  <p time="856139" is_ac="true">much for the meal it's valid to ask like</p>
  <p time="858000" is_ac="true">how much is that right and so I was just</p>
  <p time="859860" is_ac="true">wondering I was like you know how much</p>
  <p time="861600" is_ac="true">is this and for some reason like our</p>
  <p time="863160" is_ac="true">server was a little bit put off by that</p>
  <p time="864839" is_ac="true">if I were to go back which not that</p>
  <p time="867360" is_ac="true">that's urgent in any way I probably</p>
  <p time="869700" is_ac="true">wouldn't go for that wine and Juice</p>
  <p time="871500" is_ac="true">pairing either go for the full wine</p>
  <p time="873899" is_ac="true">pairing split a bottle of wine or get</p>
  <p time="875459" is_ac="true">like a glass of wine or something so at</p>
  <p time="877320" is_ac="true">the end they took us on a tour of the</p>
  <p time="880380" is_ac="true">kitchens and like some of the grounds</p>
  <p time="882060" is_ac="true">gave us a little bit of background on</p>
  <p time="884699" is_ac="true">the restaurant and handed us a copy of</p>
  <p time="886860" is_ac="true">the menu that was pretty cool both of us</p>
  <p time="889560" is_ac="true">were feeling a little bit underwhelmed</p>
  <p time="892079" is_ac="true">at that point so we were like oh cool</p>
  <p time="893880" is_ac="true">okay</p>
  <p time="894600" is_ac="true">but you know still cool because like you</p>
  <p time="896639" is_ac="true">don't always get to do that with every</p>
  <p time="898079" is_ac="true">restaurant</p>
  <p time="911460" is_ac="true">[Music]</p>
  <p time="923339" is_ac="true">to recap the biggest biggest thing about</p>
  <p time="926699" is_ac="true">this whole experience the reason why</p>
  <p time="929699" is_ac="true">overall I'd say it was a bit</p>
  <p time="931620" is_ac="true">underwhelming is simply because the</p>
  <p time="934199" is_ac="true">taste wasn't 100 there and again high</p>
  <p time="937680" is_ac="true">standards you would expect every course</p>
  <p time="939720" is_ac="true">to be 100 and of course my opinion on</p>
  <p time="943320" is_ac="true">the taste is highly arbitrary I'm sure</p>
  <p time="945120" is_ac="true">there are people out there that loved</p>
  <p time="946500" is_ac="true">every course and thought it was all</p>
  <p time="947760" is_ac="true">mind-blowing and overall they do a great</p>
  <p time="949620" is_ac="true">job 13 out of the 15 courses were really</p>
  <p time="952260" is_ac="true">delicious like very good two of them</p>
  <p time="954240" is_ac="true">were just like underwhelming some of</p>
  <p time="956459" is_ac="true">those 13 were amazing some were pretty</p>
  <p time="958920" is_ac="true">good but then two were just straight up</p>
  <p time="960899" is_ac="true">disappointments in my opinion the</p>
  <p time="963720" is_ac="true">service could be terrible the price</p>
  <p time="965160" is_ac="true">could be outrageous but if it tasted</p>
  <p time="966839" is_ac="true">good enough you could reach a point</p>
  <p time="968579" is_ac="true">where it justifies everything else</p>
  <p time="970019" is_ac="true">overall let down a little bit I'd be</p>
  <p time="972540" is_ac="true">curious would you spend 400 plus dollars</p>
  <p time="976800" is_ac="true">on a tasting menu like this three</p>
  <p time="978779" is_ac="true">Michelin stars means and it's worth</p>
  <p time="980579" is_ac="true">traveling to this destination solely for</p>
  <p time="983279" is_ac="true">this meal if you've been to Noma I would</p>
  <p time="985800" is_ac="true">love to hear more about your experience</p>
  <p time="987180" is_ac="true">down below so leave me a comment and</p>
  <p time="989639" is_ac="true">tell me more thanks for being here see</p>
  <p time="992160" is_ac="true">you in the next one</p>
  <p time="993360" is_ac="true">bye</p>
</text>
