<?xml version='1.0' encoding='UTF-8'?>
<text date_d="17" date_m="7" date_y="2022" format="srv3" age_limit="0" comment_count="na" description="Such a treat to go into London for dinner at Niche - An award winning fully Gluten Free Restaurant - It's Gluten Free but you wouldn't know it!&#10;Niche is a casual dining restaurant in Islington serving seasonally-inspired crowd pleasers with a modern twist&#10;Niche is 100% gluten, nut and sesame-free menu where everything is prepared and cooked on site with loads of dairy-free, vegetarian and vegan dishes too&#10;&#10;Please 'LIKE' this video and don't forget to SUBSCRIBE: https://youtube.com/channel/UCWM8RL1FluMd1pJNaYZJPbQ" fulltitle="NICHE Restaurant Review- 100% GLUTEN FREE Restaurant in London - Award Winning Modern Casual Dining" like_count="9" location="na" playlist_title="na" release_date="na" upload_date="20220717" repost_count="na" tags="GLUTEN FREE; DAIRY FREE; gluten free dining; niche london; London restaurant; gluten free restaurant; gluten free but you wouldn't know it; dairy free dining; vegetarian restaurant; vegetarian dining; vegan dining; vegan restaurant; niche islington; niche restaurant; nice gluten free dining; award winning restaurant; where to eat gluten free; local produce; nut free; sesame free; coeliac safe restaurant; coeliac dining; eating out coeliac; London eating out; " title="NICHE Restaurant Review- 100% GLUTEN FREE Restaurant in London - Award Winning Modern Casual Dining" uploader="FREE FROM Lifestyle" view_count="616" webpage_url="https://www.youtube.com/watch?v=6N8TjOuOjHA" autocaption="true">
  <p time="240" is_ac="true">hi and welcome back to my channel i'm</p>
  <p time="2639" is_ac="true">super excited because tonight we're</p>
  <p time="4480" is_ac="true">going out for dinner in london and this</p>
  <p time="6640" is_ac="true">is gonna be a whole new experience for</p>
  <p time="8880" is_ac="true">me as you all know i'm gluten and</p>
  <p time="11519" is_ac="true">dairy-free and when you go out i</p>
  <p time="13519" is_ac="true">genuinely find that there's just like</p>
  <p time="14799" is_ac="true">one thing on the menu that you can have</p>
  <p time="16800" is_ac="true">tonight's gonna be very different we're</p>
  <p time="18320" is_ac="true">going to niche and if you've heard of it</p>
  <p time="20640" is_ac="true">but everything is gluten free on the</p>
  <p time="22800" is_ac="true">menu all the allergens are shown and</p>
  <p time="25359" is_ac="true">most of the things on the menu are also</p>
  <p time="27439" is_ac="true">dairy free so win-win there are starters</p>
  <p time="31279" is_ac="true">and mains that i cannot wait to try so</p>
  <p time="34559" is_ac="true">i'm going to bring you along show you</p>
  <p time="36239" is_ac="true">what the restaurant's like and show you</p>
  <p time="38000" is_ac="true">what i get to eat</p>
  <p time="39760" is_ac="true">it's now just gone five and i've quickly</p>
  <p time="42480" is_ac="true">blow dried my hair i'm gonna tongue this</p>
  <p time="44559" is_ac="true">now gotta be ready for around six so</p>
  <p time="47120" is_ac="true">yeah now to um get the hair done get</p>
  <p time="49600" is_ac="true">some makeup on and get ready and i i'm</p>
  <p time="52559" is_ac="true">really excited for tonight i think this</p>
  <p time="54239" is_ac="true">is gonna be good and the fact that i can</p>
  <p time="55920" is_ac="true">choose different things off the menu is</p>
  <p time="58160" is_ac="true">going to be fantastic</p>
  <p time="76000" is_ac="true">we had the most amazing time at niche</p>
  <p time="78720" is_ac="true">it's a really great idea to open a fully</p>
  <p time="81040" is_ac="true">gluten-free restaurant we really enjoyed</p>
  <p time="83280" is_ac="true">it when we turned up it was a little bit</p>
  <p time="84960" is_ac="true">different to what i was expecting</p>
  <p time="86400" is_ac="true">it was smaller more intimate i had a bit</p>
  <p time="89439" is_ac="true">of a sort of cafe style feel to it um</p>
  <p time="92880" is_ac="true">but the the menu is amazing i had so</p>
  <p time="95600" is_ac="true">much to choose from and it also shows</p>
  <p time="97680" is_ac="true">you on there if things are dairy-free as</p>
  <p time="99680" is_ac="true">well which was really helpful for me</p>
  <p time="103630" is_ac="true">[Music]</p>
  <p time="110320" is_ac="true">i'm not surprised that it's an</p>
  <p time="111520" is_ac="true">award-winning restaurant it was really</p>
  <p time="113920" is_ac="true">delicious food service was great as well</p>
  <p time="116799" is_ac="true">and the atmosphere was really really</p>
  <p time="119040" is_ac="true">nice nice chilled sort of laid-back feel</p>
  <p time="121520" is_ac="true">to the restaurant so i'm gonna now show</p>
  <p time="123360" is_ac="true">you what we had so for my starter i had</p>
  <p time="126560" is_ac="true">the pate the pate was a belotti bean</p>
  <p time="130000" is_ac="true">pate and that had truffle oil it had</p>
  <p time="132720" is_ac="true">smoked garlic in it and herbs and that</p>
  <p time="135599" is_ac="true">came with some sourdough bread</p>
  <p time="142000" is_ac="true">others that were dining with me had the</p>
  <p time="144640" is_ac="true">smoked duck salad which looked really</p>
  <p time="146640" is_ac="true">delicious the dark looked like it was</p>
  <p time="148239" is_ac="true">cooked perfectly this is what the duck</p>
  <p time="150480" is_ac="true">looked like</p>
  <p time="152720" is_ac="true">you can't touch</p>
  <p time="155599" is_ac="true">and it</p>
  <p time="156319" is_ac="true">check out this niche fried chicken the</p>
  <p time="158720" is_ac="true">nfc basket this looked like the ultimate</p>
  <p time="162239" is_ac="true">fried chicken this did contain dairy so</p>
  <p time="164879" is_ac="true">that's why i didn't go for it</p>
  <p time="167040" is_ac="true">yeah nfc</p>
  <p time="168640" is_ac="true">my main was the glamorgan potato cake it</p>
  <p time="171519" is_ac="true">was really hard to choose what to have</p>
  <p time="173120" is_ac="true">but this was so good crispy on the</p>
  <p time="176239" is_ac="true">outside and inside was vegan cream</p>
  <p time="179040" is_ac="true">cheese so there was no dairy involved in</p>
  <p time="180959" is_ac="true">this it also contained leeks and also</p>
  <p time="183920" is_ac="true">spring onions on the side was a fresh</p>
  <p time="186480" is_ac="true">chili and red pepper stew heritage</p>
  <p time="189280" is_ac="true">tomato chilli jam and to top it off look</p>
  <p time="192800" is_ac="true">at these beer battered onion rings</p>
  <p time="200000" is_ac="true">my husband had the smoky burger which</p>
  <p time="201840" is_ac="true">came with a sun-dried tomato and onion</p>
  <p time="204799" is_ac="true">relish it looked really good skinny skin</p>
  <p time="207680" is_ac="true">on fries which are always a winner he</p>
  <p time="210000" is_ac="true">also ordered some beer battered onion</p>
  <p time="211920" is_ac="true">rings as well</p>
  <p time="217360" is_ac="true">our table also ordered the herb crusted</p>
  <p time="220080" is_ac="true">cod and this came with mediterranean</p>
  <p time="222640" is_ac="true">vegetables pan fried kale and a tomato</p>
  <p time="226080" is_ac="true">and red pepper sauce with a pea puree on</p>
  <p time="229120" is_ac="true">the side he said it was amazing</p>
  <p time="232670" is_ac="true">[Music]</p>
  <p time="244159" is_ac="true">after such a fantastic meal our two</p>
  <p time="246319" is_ac="true">girls were completely stuffed couldn't</p>
  <p time="248640" is_ac="true">eat another thing so dessert was not an</p>
  <p time="250879" is_ac="true">option for me but i did have a look and</p>
  <p time="253840" is_ac="true">see what the others were ordering and</p>
  <p time="256160" is_ac="true">i'm gonna put some clips in now of what</p>
  <p time="258160" is_ac="true">my husband and his friend had so my</p>
  <p time="260479" is_ac="true">husband had the chocolate brownie which</p>
  <p time="262720" is_ac="true">came with an orange ganache and then</p>
  <p time="265040" is_ac="true">vanilla bean ice cream on the side</p>
  <p time="271360" is_ac="true">our friend had the salted caramel</p>
  <p time="273520" is_ac="true">pudding which was made with dates and</p>
  <p time="275520" is_ac="true">salted caramel with a touch of spice and</p>
  <p time="278240" is_ac="true">vanilla and this came with a caramel</p>
  <p time="280400" is_ac="true">sauce how delicious does this look</p>
  <p time="284880" is_ac="true">is</p>
  <p time="293410" is_ac="true">[Music]</p>
  <p time="302800" is_ac="true">so overall a fantastic evening would</p>
  <p time="305840" is_ac="true">definitely go back to niche i highly</p>
  <p time="308000" is_ac="true">recommend it especially if you have any</p>
  <p time="310000" is_ac="true">intolerances i didn't feel poorly</p>
  <p time="312240" is_ac="true">afterwards i felt really good i really</p>
  <p time="314720" is_ac="true">enjoyed my dinner as well and</p>
  <p time="316320" is_ac="true">considering i didn't choose meat as my</p>
  <p time="318560" is_ac="true">main course as well</p>
  <p time="320240" is_ac="true">i was totally satisfied and it was</p>
  <p time="323120" is_ac="true">absolutely stunning</p>
</text>
