<?xml version='1.0' encoding='UTF-8'?>
<text date_d="24" date_m="2" date_y="2024" format="srv3" age_limit="0" comment_count="1600" description="🇵🇹 Piri Piri Chicken Tour: https://youtu.be/Vtp1pZg0FZ0&#10;🌶 Ghost Chili: https://amzn.to/3PNTvNQ &#10;👕 T-shirts: https://store.migrationology.com/  &#10;&#10;PORTO, PORTUGAL - Porto is one of the sandwich capitals of the world and today we’re going on an ultimate Portuguese street food sandwich tour to show you some of the best sandwiches in the city! &#10;&#10;Huge thank you to Taste Porto (https://tasteporto.com/) for taking me on this incredible tour - they are the best! Thank you André Apolinário and Ricardo Brochado, it was amazing to hang out with them. Check them out for incredible food tours in Porto.&#10;&#10;Here’s everything we ate on this Porto food tour: &#10;&#10;Casa dos Presuntos “Xico” (https://maps.app.goo.gl/s8FzyXEkCbG9dSrD7) -  This place is famous for their Presunto - a Portuguese dry cured ham, and their Salpicão - Smoked sausage with wine and paprika, which was fantastic.&#10;&#10;O Astro (https://maps.app.goo.gl/Wt9YkkMvTFr6Ku656) - Legendary family run restaurant known for their Bifana - a classic Portuguese pork sandwich, where the pork is thin sliced and poached in their special chili laced oil and seasoning. &#10;&#10;Cervejaria Gazela (https://maps.app.goo.gl/mRHkeocdLXX8xXsR9) - The Cachorrinho is sometimes referred to as the Portuguese hot dog, but it’s much different - it includes bread with butter layered in sausage, hot dog, and cheese and then griddle fried and then brushed with more butter and drizzed in piri piri oil. It’s something truly amazing! &#10;&#10;Casa Guedes Tradicional (https://maps.app.goo.gl/hMp8VVUD135Pavqt7) - Continuing on this Portuguese street food tour we stopped at yet another legendary sandwich spot to try their melt in your mouth Sandes de Pernil - Roasted pork sandwich. &#10;&#10;Casa Expresso (https://maps.app.goo.gl/tDFFKwKrhdL6AjFVA) - We then headed to Rojão for their famous braised pork sandwich! &#10;&#10;O Golfinho (https://maps.app.goo.gl/AfJqMWvBopt3YoJ2A) - Finally on this tour we tried the king of all Portuguese sandwiches - The Francesinha - which is a massive sandwich filled with meat, cheese, and drenched in a secret sauce. If that’s not enough, you pour fries into the gravy - it’s one of the world’s greatest sandwiches! &#10;&#10;Thank you again to André and Ricardo from Taste Porto (https://tasteporto.com/)!&#10;&#10;Social Media:&#10;Facebook: https://www.facebook.com/markwiensfoodvideos &#10;Instagram: https://www.instagram.com/migrationology/ &#10;Tiktok: https://www.tiktok.com/@markwiens &#10;&#10;👕 T-shirts: https://store.migrationology.com/ &#10;🌶 Ghost Chili: https://amzn.to/3PNTvNQ&#10;🎥 Camera gear I use: https://amzn.to/3FVdBUd &#10;(some of these are Amazon affiliate links)" fulltitle="Portugal Street Food!! 🇵🇹 KING OF SANDWICHES - Portuguese Food Tour in Porto!" like_count="34486" location="na" playlist_title="na" release_date="na" upload_date="20240224" repost_count="na" tags="Portugal; Portuguese food; Porto; Porto food tour; Portugal food tours; Porto food tours; Mark Wiens; Mark Wiens Portugal; Portugal food; best Portuguese food; best Porto food; best restaurants in Porto; best food in Porto; best food Portugal; Portuguese street food; Francesinha; European food; best European food; " title="Portugal Street Food!! 🇵🇹 KING OF SANDWICHES - Portuguese Food Tour in Porto!" uploader="Mark Wiens" view_count="1191617" webpage_url="https://www.youtube.com/watch?v=_tpr73ZAi2s" autocaption="true">
  <p time="160" is_ac="true">if you love to eat sandwiches you will</p>
  <p time="2000" is_ac="true">love Porto</p>
  <p time="3480" is_ac="true">Portugal oh yes look at that ratio</p>
  <p time="6560" is_ac="true">that's how we want a sandwich to be yes</p>
  <p time="8559" is_ac="true">pure smoked</p>
  <p time="12400" is_ac="true">ham he's like a</p>
  <p time="14679" is_ac="true">chainsaw that's as good as it looked and</p>
  <p time="17240" is_ac="true">sounded this is a city that takes food</p>
  <p time="19920" is_ac="true">very seriously it's a pool of meat juice</p>
  <p time="22519" is_ac="true">I think is their secret and today we're</p>
  <p time="24680" is_ac="true">going on a Portuguese street food tour</p>
  <p time="26439" is_ac="true">to eat some of the tastiest sandwiches</p>
  <p time="28760" is_ac="true">in the city we'll also try a beloved</p>
  <p time="31759" is_ac="true">dish that's undoubtedly the king of all</p>
  <p time="34719" is_ac="true">sandwiches you barely even realize that</p>
  <p time="36719" is_ac="true">there's bread in the</p>
  <p time="38040" is_ac="true">sandwich wo that's like one massive</p>
  <p time="40480" is_ac="true">piece of pork I don't think anything</p>
  <p time="41920" is_ac="true">else will warm you up like a Fran get</p>
  <p time="44039" is_ac="true">ready to discover why Porto has some of</p>
  <p time="46600" is_ac="true">the greatest sandwiches in the</p>
  <p time="49380" is_ac="true">[Music]</p>
  <p time="57480" is_ac="true">world hey everyone hope you're having an</p>
  <p time="59960" is_ac="true">amazing day it's Mark wi welcome to the</p>
  <p time="62519" is_ac="true">beautiful city of Porto in Portugal this</p>
  <p time="66640" is_ac="true">is one of the sandwich capitals of the</p>
  <p time="69439" is_ac="true">world and today I'm hanging out with</p>
  <p time="71880" is_ac="true">Andre and Ricardo from taste Porto who</p>
  <p time="75000" is_ac="true">do some of the best Portuguese food</p>
  <p time="77080" is_ac="true">tours in Northern Portugal in Porto and</p>
  <p time="80040" is_ac="true">so we're in very very good hands they're</p>
  <p time="82280" is_ac="true">extremely passionate about authentic</p>
  <p time="84400" is_ac="true">Portuguese food and we have a lot of</p>
  <p time="86520" is_ac="true">sandwiches to eat so we're getting</p>
  <p time="88320" is_ac="true">started right now</p>
  <p time="90759" is_ac="true">Andre Ricardo very nice to meet you</p>
  <p time="94040" is_ac="true">what's the plan for today so we're GNA</p>
  <p time="95799" is_ac="true">start with breakfast we're going to go</p>
  <p time="97280" is_ac="true">to an Old Tavern called</p>
  <p time="99799" is_ac="true">shiku and we're going to see what</p>
  <p time="101920" is_ac="true">Delicacies they have there stored for us</p>
  <p time="104000" is_ac="true">today all right awesome thank you very</p>
  <p time="110920" is_ac="true">much welcome</p>
  <p time="112960" is_ac="true">to Old School Tavern at the city where</p>
  <p time="116360" is_ac="true">people just crash here for these</p>
  <p time="118719" is_ac="true">sandwiches and snacks and they have two</p>
  <p time="121079" is_ac="true">things that they're really known for and</p>
  <p time="123399" is_ac="true">they're P so smoked ham sandwich and Sal</p>
  <p time="127640" is_ac="true">sandish it's I'm going to call it a pork</p>
  <p time="129879" is_ac="true">neck uh smoke cut um that comes layered</p>
  <p time="134040" is_ac="true">like ham um uh really thin this gigantic</p>
  <p time="138560" is_ac="true">sandwich and we're going to go for that</p>
  <p time="140160" is_ac="true">awesome okay well this place is amazing</p>
  <p time="143000" is_ac="true">step in here there's a few tables along</p>
  <p time="145200" is_ac="true">the side but it's a lot of people just</p>
  <p time="146680" is_ac="true">stand the at the bar counter it is the</p>
  <p time="149160" is_ac="true">thing the aroma immediately in here you</p>
  <p time="151360" is_ac="true">just smell the aroma of the the ham</p>
  <p time="153599" is_ac="true">which is opens the appetite huh oh man</p>
  <p time="156160" is_ac="true">yes that mixes your mouth water</p>
  <p time="157480" is_ac="true">immediately and so these are all hams</p>
  <p time="159519" is_ac="true">that are hanging here and they use and</p>
  <p time="161319" is_ac="true">they're not just for display they're for</p>
  <p time="163599" is_ac="true">use as well uh and you can take a sneak</p>
  <p time="166040" is_ac="true">peek at the sandwiches already in the</p>
  <p time="167840" is_ac="true">back those are the BR so the ham that he</p>
  <p time="171280" is_ac="true">has up here and just take a note of the</p>
  <p time="175599" is_ac="true">size of the the layers there yeah that's</p>
  <p time="178280" is_ac="true">a that's a nice ratio</p>
  <p time="182040" is_ac="true">oh</p>
  <p time="185519" is_ac="true">yes</p>
  <p time="195319" is_ac="true">hello oh</p>
  <p time="199879" is_ac="true">yes</p>
  <p time="202879" is_ac="true">hello everything is sliced</p>
  <p time="208680" is_ac="true">fresh</p>
  <p time="223840" is_ac="true">so that's his own signature house</p>
  <p time="226040" is_ac="true">wine okay and we're going to go to the</p>
  <p time="228959" is_ac="true">the table over here in the</p>
  <p time="237799" is_ac="true">back yes</p>
  <p time="240959" is_ac="true">okay railing it the ham on okay and this</p>
  <p time="246879" is_ac="true">is my favorite the gigantic yeah oh you</p>
  <p time="250079" is_ac="true">smell all of that meat I'm okay the</p>
  <p time="254159" is_ac="true">cross-section oh yes look at that</p>
  <p time="257519" is_ac="true">ratio that's how we want a Sanders to be</p>
  <p time="260199" is_ac="true">yes pure smoked Tam and actually is</p>
  <p time="262320" is_ac="true">there anything else on it or is just</p>
  <p time="263960" is_ac="true">pure smoked ham just just bread ham no</p>
  <p time="267160" is_ac="true">seasonings no so that's like totally</p>
  <p time="270440" is_ac="true">focused all right cheers to begin the</p>
  <p time="272880" is_ac="true">sandwich tour cheers okay let's</p>
  <p time="284280" is_ac="true">go oh wow come on so soft and tender</p>
  <p time="288080" is_ac="true">it's just so much complexity of flavor</p>
  <p time="291560" is_ac="true">that says good morning like nothing</p>
  <p time="294440" is_ac="true">else oh man I think there's three pigs</p>
  <p time="297759" is_ac="true">here in one piece of bread</p>
  <p time="301639" is_ac="true">yeah oh oh</p>
  <p time="305360" is_ac="true">yeah</p>
  <p time="312160" is_ac="true">OHA oh it's a little bit</p>
  <p time="315720" is_ac="true">bubbly easy just to that goes great</p>
  <p time="318800" is_ac="true">together great together with the</p>
  <p time="321680" is_ac="true">ham</p>
  <p time="323639" is_ac="true">and I think what's amazing is the bread</p>
  <p time="325759" is_ac="true">is so it's crusty but really light so</p>
  <p time="329319" is_ac="true">just kind of cradles the the ham and</p>
  <p time="332080" is_ac="true">then because there's no other toppings</p>
  <p time="333360" is_ac="true">there's no other ingredients in it it</p>
  <p time="334840" is_ac="true">just totally focuses the flavor on the</p>
  <p time="336440" is_ac="true">ham that's all you're tasting I mean</p>
  <p time="338840" is_ac="true">that's all you need when the ham is that</p>
  <p time="340880" is_ac="true">good so many layers cut thin but then so</p>
  <p time="344360" is_ac="true">many layers like at least 20 layers of</p>
  <p time="346120" is_ac="true">ham in</p>
  <p time="348039" is_ac="true">there that is so</p>
  <p time="353840" is_ac="true">good and would this be common for</p>
  <p time="357440" is_ac="true">breakfast all times of the day for night</p>
  <p time="360319" is_ac="true">any 24 hours a day this is actually a</p>
  <p time="363120" is_ac="true">perfect snack and just get in get one</p>
  <p time="365440" is_ac="true">and you're done happiness then we also</p>
  <p time="367680" is_ac="true">got another sandwich that we have to try</p>
  <p time="369639" is_ac="true">here one thing I'm going to say up front</p>
  <p time="371880" is_ac="true">is before eating</p>
  <p time="375199" is_ac="true">it smell it all right because the most</p>
  <p time="378400" is_ac="true">intense scent that you're feeling here</p>
  <p time="380720" is_ac="true">is actually coming from</p>
  <p time="382759" is_ac="true">this Smokey meaty it's I would like to</p>
  <p time="387880" is_ac="true">have a air freshener like this at home</p>
  <p time="390840" is_ac="true">that would be awesome the greatest air</p>
  <p time="392800" is_ac="true">freshener I I would be always starving a</p>
  <p time="395759" is_ac="true">very good idea oh and so what exactly is</p>
  <p time="399639" is_ac="true">this type of meat so we call it</p>
  <p time="403000" is_ac="true">salie it's again pork usually</p>
  <p time="407360" is_ac="true">neck the meat is first</p>
  <p time="409759" is_ac="true">marinated in red wine bay leaf red wine</p>
  <p time="413840" is_ac="true">garlic and you can definitely feel those</p>
  <p time="415800" is_ac="true">in the palette yes now you say it yeah</p>
  <p time="418360" is_ac="true">and then it's w</p>
  <p time="420080" is_ac="true">wrapped dry aged and sometimes smoked</p>
  <p time="424199" is_ac="true">this one is smoked as well the smoking</p>
  <p time="427000" is_ac="true">stances can vary depending on the</p>
  <p time="430160" is_ac="true">producer um I would say that this is</p>
  <p time="433759" is_ac="true">perfectly balanced because it's not</p>
  <p time="436720" is_ac="true">chewy you can still feel the the smoke</p>
  <p time="440360" is_ac="true">kick in your palette but take a look at</p>
  <p time="442639" is_ac="true">this marbling it's just gorgeous look at</p>
  <p time="445080" is_ac="true">that and that Crush yeah that complexity</p>
  <p time="447879" is_ac="true">mild in Texture Intense in flavor okay</p>
  <p time="450520" is_ac="true">it's so good and yeah once you get to</p>
  <p time="452639" is_ac="true">that meat the fat and the skin has a</p>
  <p time="455240" is_ac="true">little bit of a chewier texture the meat</p>
  <p time="456960" is_ac="true">on the inside is just so tender truly</p>
  <p time="459440" is_ac="true">just spectacular natural</p>
  <p time="462160" is_ac="true">ingredients and then also a little</p>
  <p time="464120" is_ac="true">espresso for the day as well would you</p>
  <p time="465840" is_ac="true">like uh yeah well would you like an what</p>
  <p time="469599" is_ac="true">a spot and so friendly</p>
  <p time="476639" is_ac="true">okay they're so incredibly friendly oh</p>
  <p time="478960" is_ac="true">that was so</p>
  <p time="481280" is_ac="true">tasty oh wow I mean even after the first</p>
  <p time="484960" is_ac="true">stop we already are beginning to realize</p>
  <p time="487960" is_ac="true">why Porto is such a sandwich Capital but</p>
  <p time="490720" is_ac="true">we have a lot more sandwiches to</p>
  <p time="494599" is_ac="true">eat so conveniently just a 5 minute walk</p>
  <p time="498080" is_ac="true">away we're at the next place enough for</p>
  <p time="500280" is_ac="true">us to wear off uh all we burned all the</p>
  <p time="503280" is_ac="true">calories for sure no zero um I love the</p>
  <p time="506199" is_ac="true">fact that this one is just uh placed in</p>
  <p time="509280" is_ac="true">front of the train station which is</p>
  <p time="510960" is_ac="true">really convenient uh when you walk in</p>
  <p time="513479" is_ac="true">just immediately feel the flavors in the</p>
  <p time="516320" is_ac="true">air the Aromas are just tremendous</p>
  <p time="518320" is_ac="true">awesome bit spicy though um just to wake</p>
  <p time="521200" is_ac="true">you up okay excellent sounds</p>
  <p time="530640" is_ac="true">great here we are it's a huge honor to</p>
  <p time="532959" is_ac="true">be in the</p>
  <p time="537040" is_ac="true">kitchen starting theil stting how long</p>
  <p time="539800" is_ac="true">does it need to boil for so what exactly</p>
  <p time="541880" is_ac="true">is be oh so I'm going to call it a pork</p>
  <p time="545720" is_ac="true">Wonder a lot of people refer to it as uh</p>
  <p time="549040" is_ac="true">pulled pork I'm going to say definitely</p>
  <p time="551399" is_ac="true">pork shoulder belly thinly sliced and</p>
  <p time="554120" is_ac="true">this is the main difference to the</p>
  <p time="555800" is_ac="true">things that they do in Lisbon that they</p>
  <p time="557240" is_ac="true">claim are defer this is the real one so</p>
  <p time="560760" is_ac="true">thinly sliced then marinated for long in</p>
  <p time="564440" is_ac="true">wine garlic bay leaf uh some uh smoked</p>
  <p time="568800" is_ac="true">paprik has some chili pepper St going to</p>
  <p time="571120" is_ac="true">be feeling tingling excellent and then</p>
  <p time="574040" is_ac="true">cooked forong in those pants but the the</p>
  <p time="576839" is_ac="true">sauce the ingredients that I shared with</p>
  <p time="578959" is_ac="true">you um well they're my view into it to</p>
  <p time="582600" is_ac="true">to know the full recipe you have to</p>
  <p time="584640" is_ac="true">marry</p>
  <p time="585600" is_ac="true">them it is a guarded Family Recipe you</p>
  <p time="588480" is_ac="true">have to come here to try it so I mean</p>
  <p time="590320" is_ac="true">it's basically thin slices of pork which</p>
  <p time="592279" is_ac="true">are brazed and juices and paprika and</p>
  <p time="595079" is_ac="true">chili and wine and garlic and you just</p>
  <p time="597920" is_ac="true">the aroma in here is out of</p>
  <p time="602200" is_ac="true">control</p>
  <p time="606320" is_ac="true">okay</p>
  <p time="608880" is_ac="true">oh oh that smells so good the tender</p>
  <p time="611880" is_ac="true">pieces of pork the oily</p>
  <p time="622880" is_ac="true">juices oh with the</p>
  <p time="625320" is_ac="true">dip the dip at the end oh beauti</p>
  <p time="630600" is_ac="true">then</p>
  <p time="633720" is_ac="true">okay all right and that's a green green</p>
  <p time="637279" is_ac="true">soup kale soup a kale soup okay um it's</p>
  <p time="639639" is_ac="true">really simple actually the ingredient</p>
  <p time="641240" is_ac="true">list is quite short just potato onions</p>
  <p time="644160" is_ac="true">water and then shredded</p>
  <p time="646600" is_ac="true">KES yes okay oh so the kale goes in raw</p>
  <p time="652399" is_ac="true">nice okay the kale goes</p>
  <p time="655200" is_ac="true">in and then the broth the potato potato</p>
  <p time="658440" is_ac="true">broth</p>
  <p time="659560" is_ac="true">okay very nice</p>
  <p time="662360" is_ac="true">okay when it's well prepared it comes</p>
  <p time="665000" is_ac="true">with a side of this this is this is a</p>
  <p time="667680" is_ac="true">corn andry red and that thing is just</p>
  <p time="670600" is_ac="true">it's crusty on the outside but it's</p>
  <p time="672839" is_ac="true">doughy on the inside it's just delicious</p>
  <p time="675440" is_ac="true">all</p>
  <p time="681560" is_ac="true">right oh the whole thing goes</p>
  <p time="687959" is_ac="true">in</p>
  <p time="705600" is_ac="true">is always need to hydrate yep but we</p>
  <p time="708959" is_ac="true">have to start with the you have to start</p>
  <p time="711240" is_ac="true">with</p>
  <p time="712360" is_ac="true">this oh prepare to get dirty okay</p>
  <p time="717959" is_ac="true">hey</p>
  <p time="721880" is_ac="true">oh oh</p>
  <p time="724959" is_ac="true">wow feel that spicy cake it's kind of at</p>
  <p time="728680" is_ac="true">the back of your your</p>
  <p time="731240" is_ac="true">mouth the pork is so</p>
  <p time="734320" is_ac="true">tender the wine marinade you really</p>
  <p time="736560" is_ac="true">taste the wine</p>
  <p time="738120" is_ac="true">marinade and yeah then you do taste the</p>
  <p time="740519" is_ac="true">chili the spices in that secret liquid</p>
  <p time="744639" is_ac="true">brazing liquid and again the bread just</p>
  <p time="747000" is_ac="true">collapses So Soft so juicy and the pro</p>
  <p time="749320" is_ac="true">move is when she dips it into the oily</p>
  <p time="751480" is_ac="true">juice that just to burn the lips</p>
  <p time="758680" is_ac="true">over it's amazing that the the bread</p>
  <p time="761760" is_ac="true">remains crispy but kind of soggy where</p>
  <p time="763959" is_ac="true">the juices are but perfectly melts</p>
  <p time="766800" is_ac="true">together oh man that's good the beverage</p>
  <p time="769639" is_ac="true">of choice yeah</p>
  <p time="776639" is_ac="true">beer great combination wash this it down</p>
  <p time="782639" is_ac="true">excellent oh man that is that pork melts</p>
  <p time="786199" is_ac="true">in your</p>
  <p time="791920" is_ac="true">mouth wait wow that's good okay and then</p>
  <p time="795800" is_ac="true">we also have a few more dishes to try</p>
  <p time="797720" is_ac="true">here it's their secret St yes yeah is it</p>
  <p time="801480" is_ac="true">the different parts of the pig no this</p>
  <p time="804199" is_ac="true">actually actually chicken chicken</p>
  <p time="806000" is_ac="true">gizzards oh wow in the same juice</p>
  <p time="810040" is_ac="true">yeah and the proper Cutlery oh yes with</p>
  <p time="813600" is_ac="true">napkin</p>
  <p time="815010" is_ac="true">[Laughter]</p>
  <p time="819360" is_ac="true">included oh nice all right so as we're</p>
  <p time="823399" is_ac="true">standing here we got a special treat</p>
  <p time="826279" is_ac="true">let's go for</p>
  <p time="827360" is_ac="true">it toothpicks chicken gizzards in the</p>
  <p time="831440" is_ac="true">same juices as the as the</p>
  <p time="837759" is_ac="true">pork oh</p>
  <p time="843320" is_ac="true">wow oh that's so</p>
  <p time="849720" is_ac="true">good H tender gizzards you'll have</p>
  <p time="854440" is_ac="true">they're so proud and they should it's</p>
  <p time="855759" is_ac="true">just delish yeah that's that's delicious</p>
  <p time="858000" is_ac="true">I know that's</p>
  <p time="859639" is_ac="true">incredible this is like the most perfect</p>
  <p time="862040" is_ac="true">texture incredible taste that</p>
  <p time="865920" is_ac="true">juice it's okay to try the go for it so</p>
  <p time="869440" is_ac="true">it's a potato broth but the kale is kept</p>
  <p time="871360" is_ac="true">separately and then it's raw actually</p>
  <p time="872959" is_ac="true">when the soup goes in just wilted from</p>
  <p time="874680" is_ac="true">the hotness of the the potato</p>
  <p time="883240" is_ac="true">broth this is my first time to try</p>
  <p time="885440" is_ac="true">Portuguese</p>
  <p time="886759" is_ac="true">Calo oh that's delicious oh the</p>
  <p time="889480" is_ac="true">thickness of the potato broth the crunch</p>
  <p time="891680" is_ac="true">of the kale and the kale is not</p>
  <p time="893040" is_ac="true">overpowering it's not too green tasting</p>
  <p time="894720" is_ac="true">has a nice crunch to it it's really like</p>
  <p time="896480" is_ac="true">hearty and warming and you've just got a</p>
  <p time="898639" is_ac="true">a little bit of the flavor of the</p>
  <p time="899560" is_ac="true">meatiness from the is it a type of the</p>
  <p time="903399" is_ac="true">meat the chisu it's ch ch saage yeah it</p>
  <p time="906839" is_ac="true">can be a lot of things it really depends</p>
  <p time="908720" is_ac="true">on their choice their choice okay you</p>
  <p time="910480" is_ac="true">Dave yeah just a little bit of a metin</p>
  <p time="912120" is_ac="true">from the chiso in</p>
  <p time="913880" is_ac="true">there instead of adding salt into the</p>
  <p time="916560" is_ac="true">soup just add some chisu in and you're</p>
  <p time="919279" is_ac="true">covered that takes care of it oh this is</p>
  <p time="921959" is_ac="true">really good all right should we try the</p>
  <p time="923399" is_ac="true">last go for it the last sandwich okay</p>
  <p time="925519" is_ac="true">okay I'm going to skip it okay yeah sure</p>
  <p time="927720" is_ac="true">that's fine</p>
  <p time="929480" is_ac="true">so it's the Portuguese intake into a</p>
  <p time="931759" is_ac="true">schnitzel can either be pork or chicken</p>
  <p time="935160" is_ac="true">really okay I agree with her that says</p>
  <p time="938360" is_ac="true">that pork is more flavorful I believe so</p>
  <p time="941560" is_ac="true">as well that thing is just juicy</p>
  <p time="943839" is_ac="true">delish and again uh the</p>
  <p time="947199" is_ac="true">ratio of meat to bread the fried pork</p>
  <p time="950560" is_ac="true">cutlet overflowing over the bread the</p>
  <p time="952800" is_ac="true">bread is merely used as a little handle</p>
  <p time="954959" is_ac="true">for the pork</p>
  <p time="956319" is_ac="true">CET five honestly that's not because I</p>
  <p time="959240" is_ac="true">know places where the bun is this size</p>
  <p time="962240" is_ac="true">and the meat is this size so you</p>
  <p time="964199" is_ac="true">basically have literally so your fingers</p>
  <p time="967120" is_ac="true">don't touch the pork colet no you you</p>
  <p time="969720" is_ac="true">actually fold to put inside of the bread</p>
  <p time="971560" is_ac="true">then you eat so it's a double layer or</p>
  <p time="973399" is_ac="true">you eat it around you eat</p>
  <p time="975560" is_ac="true">around I love the love the ratios here</p>
  <p time="978680" is_ac="true">in</p>
  <p time="979639" is_ac="true">Porto oh yeah that's good that's I mean</p>
  <p time="982160" is_ac="true">classic simple the pork cutlet thin</p>
  <p time="984959" is_ac="true">breaded FR</p>
  <p time="986720" is_ac="true">Bean yeah you absolutely cannot go wrong</p>
  <p time="989959" is_ac="true">here this is the fourth generation here</p>
  <p time="991880" is_ac="true">totally family run and at the moment</p>
  <p time="993720" is_ac="true">there's three generations here at the</p>
  <p time="995839" is_ac="true">shop and we got here a little bit early</p>
  <p time="997880" is_ac="true">Ricardo and Andre were telling me that</p>
  <p time="999800" is_ac="true">if you come here at the peak of lunch</p>
  <p time="1001160" is_ac="true">time it would be so packed you you need</p>
  <p time="1002800" is_ac="true">to squeeze in it's hone and Raa at least</p>
  <p time="1007560" is_ac="true">there will be more things in it this is</p>
  <p time="1009759" is_ac="true">basically a we call it a digestive</p>
  <p time="1013160" is_ac="true">digestive yeah it's it's still</p>
  <p time="1017160" is_ac="true">Brewing they're friendliness and their</p>
  <p time="1019199" is_ac="true">Hospitality we weren't we weren't</p>
  <p time="1020800" is_ac="true">allowed to leave without a digestive I</p>
  <p time="1024199" is_ac="true">know</p>
  <p time="1034600" is_ac="true">sir pacing</p>
  <p time="1036640" is_ac="true">pacing oh it's good though it is</p>
  <p time="1039040" is_ac="true">[Music]</p>
  <p time="1040679" is_ac="true">sweet</p>
  <p time="1042600" is_ac="true">sweet really tastes the honey</p>
  <p time="1045959" is_ac="true">honey yeah yeah it's good it's thick too</p>
  <p time="1049679" is_ac="true">it is good but we still have a long day</p>
  <p time="1051720" is_ac="true">ahead of</p>
  <p time="1052410" is_ac="true">[Laughter]</p>
  <p time="1059160" is_ac="true">us okay Astro another just outstanding</p>
  <p time="1063320" is_ac="true">sandwich the original bana so we're</p>
  <p time="1066520" is_ac="true">going to take the train into the town to</p>
  <p time="1068080" is_ac="true">the next place and we're going to get</p>
  <p time="1069559" is_ac="true">out actually on that famous train s okay</p>
  <p time="1072480" is_ac="true">okay great extremely conveniently</p>
  <p time="1074799" is_ac="true">located right across the street from the</p>
  <p time="1076559" is_ac="true">train station so we'll just catch the</p>
  <p time="1077960" is_ac="true">train into the center of</p>
  <p time="1080270" is_ac="true">[Music]</p>
  <p time="1089350" is_ac="true">[Music]</p>
  <p time="1098940" is_ac="true">[Music]</p>
  <p time="1101760" is_ac="true">Porto okay and here we are we've emerged</p>
  <p time="1104440" is_ac="true">into the most iconic train station</p>
  <p time="1107240" is_ac="true">beautiful but this one is the The</p>
  <p time="1109360" is_ac="true">Landing dock when you get into the city</p>
  <p time="1111360" is_ac="true">you get out here immediately the city's</p>
  <p time="1114000" is_ac="true">Hearts uh and</p>
  <p time="1116170" is_ac="true">[Music]</p>
  <p time="1119720" is_ac="true">brains Porto is such a beautiful city</p>
  <p time="1123120" is_ac="true">we're of course when you're here you'll</p>
  <p time="1124720" is_ac="true">be walking up and down plenty of Hills</p>
  <p time="1127320" is_ac="true">perfect for Food Tours cuz you get a you</p>
  <p time="1129200" is_ac="true">burn a few calories as you</p>
  <p time="1135840" is_ac="true">[Music]</p>
  <p time="1137320" is_ac="true">eat</p>
  <p time="1145520" is_ac="true">oh here we</p>
  <p time="1146600" is_ac="true">are okay V hello v</p>
  <p time="1151679" is_ac="true">v man this place is legendary and</p>
  <p time="1155159" is_ac="true">absolutely pack this is their second</p>
  <p time="1157120" is_ac="true">location uh but they have a bit more</p>
  <p time="1159000" is_ac="true">space here and it's an absolute must</p>
  <p time="1161600" is_ac="true">that you sit at the bar</p>
  <p time="1166600" is_ac="true">counter get my y</p>
  <p time="1168880" is_ac="true">my own so tell us about this</p>
  <p time="1172480" is_ac="true">place so it's very difficult to speak</p>
  <p time="1175280" is_ac="true">about this place this is the place</p>
  <p time="1177320" is_ac="true">there's one next door that is actually</p>
  <p time="1179280" is_ac="true">the mother of this one it's a little bit</p>
  <p time="1181360" is_ac="true">smaller uh and it's the place when you</p>
  <p time="1184200" is_ac="true">arrive you have to check their ends</p>
  <p time="1185440" is_ac="true">doesn't matter what you're doing you</p>
  <p time="1186480" is_ac="true">have to check your ends uh and there's</p>
  <p time="1188520" is_ac="true">always this friendliness uh and people</p>
  <p time="1190880" is_ac="true">just joking about everything it's famous</p>
  <p time="1193480" is_ac="true">because of the the O dog um it's it's</p>
  <p time="1196840" is_ac="true">not a common o dog you're going to seed</p>
  <p time="1198559" is_ac="true">it's a very different thing I call it</p>
  <p time="1200240" is_ac="true">Sushi because it comes in like sushi</p>
  <p time="1202880" is_ac="true">rolls uh and one of the guys over there</p>
  <p time="1205640" is_ac="true">is the mon he actually does cuts the the</p>
  <p time="1208360" is_ac="true">bread blind blindfold of if you ask him</p>
  <p time="1211600" is_ac="true">uh yeah it's just crazy that and beer</p>
  <p time="1214799" is_ac="true">there nothing better so</p>
  <p time="1220120" is_ac="true">awesome here's a fresh batch going in</p>
  <p time="1223039" is_ac="true">yes okay so you can see it's a very thin</p>
  <p time="1225200" is_ac="true">slice of a of a sausage plus a minced</p>
  <p time="1227799" is_ac="true">meat sausage as well that's in the</p>
  <p time="1229000" is_ac="true">center brushed with butter oh what a</p>
  <p time="1233520" is_ac="true">move and then compressed and</p>
  <p time="1239360" is_ac="true">toasted oh man that toasts until it</p>
  <p time="1241799" is_ac="true">caramelizes then he puts on the cheese</p>
  <p time="1243720" is_ac="true">and The Griddle goes directly onto the</p>
  <p time="1245520" is_ac="true">cheese so that's going to melt that's</p>
  <p time="1247400" is_ac="true">going to Brown the cheese on that hot</p>
  <p time="1250000" is_ac="true">iron griddle what a</p>
  <p time="1252320" is_ac="true">technique oh this is Porto UNESCO right</p>
  <p time="1257120" is_ac="true">here</p>
  <p time="1259080" is_ac="true">preparing for the</p>
  <p time="1261240" is_ac="true">camera oh they so friendly</p>
  <p time="1269360" is_ac="true">too okay that's been toasted okay now</p>
  <p time="1272039" is_ac="true">the top half of the bread comes on oh</p>
  <p time="1273799" is_ac="true">and it's already been toasted pre-</p>
  <p time="1275159" is_ac="true">toasted as well you can see how crispy</p>
  <p time="1276559" is_ac="true">it is okay now that goes on the</p>
  <p time="1280740" is_ac="true">[Music]</p>
  <p time="1287039" is_ac="true">top</p>
  <p time="1296919" is_ac="true">ready ready oh slicing</p>
  <p time="1304320" is_ac="true">okay</p>
  <p time="1306440" is_ac="true">who</p>
  <p time="1308880" is_ac="true">machine</p>
  <p time="1317039" is_ac="true">machine</p>
  <p time="1321159" is_ac="true">the final step once they're ready he</p>
  <p time="1323039" is_ac="true">chops it up with his motor hands he's</p>
  <p time="1325360" is_ac="true">like a hand chainsaw he chops it up into</p>
  <p time="1327919" is_ac="true">bite-sized pieces onto a plate with a</p>
  <p time="1330120" is_ac="true">Sprinkle of chili oil on top oh that</p>
  <p time="1333799" is_ac="true">process of how they make it is</p>
  <p time="1335400" is_ac="true">incredible and as I was watching him</p>
  <p time="1337799" is_ac="true">make it one of the coolest moves he does</p>
  <p time="1340799" is_ac="true">is that he actually Sears the</p>
  <p time="1343279" is_ac="true">cheese on that hot iron without the bun</p>
  <p time="1346120" is_ac="true">first to sear that cheese before the top</p>
  <p time="1347799" is_ac="true">bun goes on that's impressive and then</p>
  <p time="1350159" is_ac="true">also the the slicing is also impressive</p>
  <p time="1352279" is_ac="true">where he just he's like a</p>
  <p time="1355039" is_ac="true">chainsaw skills in that yes and I'll be</p>
  <p time="1357720" is_ac="true">sure to let you know he has all of his</p>
  <p time="1359200" is_ac="true">fingers</p>
  <p time="1361880" is_ac="true">intact he does okay we can't talk</p>
  <p time="1364520" is_ac="true">anymore oh so they're like literally</p>
  <p time="1366279" is_ac="true">little</p>
  <p time="1372440" is_ac="true">bite-sized oh</p>
  <p time="1375919" is_ac="true">wow oh that that is that's as good as it</p>
  <p time="1380720" is_ac="true">looked and sounded oh man the bread it</p>
  <p time="1384080" is_ac="true">gets at least three Coatings of butter</p>
  <p time="1385919" is_ac="true">throughout the cooking process which is</p>
  <p time="1387240" is_ac="true">all strategic as well that's why it's so</p>
  <p time="1390520" is_ac="true">crispy the linguisa sausage the minc</p>
  <p time="1393960" is_ac="true">meat sausage the sear of the cheese oh</p>
  <p time="1397120" is_ac="true">man that's that is</p>
  <p time="1399960" is_ac="true">something</p>
  <p time="1404120" is_ac="true">spectacular oh</p>
  <p time="1406880" is_ac="true">wow</p>
  <p time="1408600" is_ac="true">that's as good</p>
  <p time="1410440" is_ac="true">as snack or street food fast food As</p>
  <p time="1415360" is_ac="true">Good As It</p>
  <p time="1420600" is_ac="true">Gets Cheers</p>
  <p time="1427000" is_ac="true">Cheers oh that combination I</p>
  <p time="1430240" is_ac="true">know you guys know how to do it in</p>
  <p time="1434799" is_ac="true">PTO that is man well I mean it's not</p>
  <p time="1437880" is_ac="true">exactly a hot dog it's more than a hot</p>
  <p time="1439400" is_ac="true">dog it's a magical Porto Wonder so this</p>
  <p time="1442880" is_ac="true">is their version of a prgo you know what</p>
  <p time="1444960" is_ac="true">prgo means in Portuguese no nail oh</p>
  <p time="1447480" is_ac="true">really basically like a nail really the</p>
  <p time="1449760" is_ac="true">trick is they always get a rum steak</p>
  <p time="1452320" is_ac="true">they beat it with an Hammer just to make</p>
  <p time="1453880" is_ac="true">it Ultra Soft then they Grill it and</p>
  <p time="1456760" is_ac="true">then a little bit of pepper and salt at</p>
  <p time="1459760" is_ac="true">the end uh cheese ham and then bread of</p>
  <p time="1463279" is_ac="true">course the bun okay yes it's just packed</p>
  <p time="1466600" is_ac="true">packed in there</p>
  <p time="1468050" is_ac="true">[Music]</p>
  <p time="1474880" is_ac="true">oh</p>
  <p time="1476880" is_ac="true">wow steak ham and cheese so soft so</p>
  <p time="1480480" is_ac="true">tender M amazing that is a genious</p>
  <p time="1484240" is_ac="true">combination oh man you really taste the</p>
  <p time="1486320" is_ac="true">meat the quality of the steak the cheese</p>
  <p time="1488679" is_ac="true">is more kind of neutral tasting it's not</p>
  <p time="1490320" is_ac="true">too strong and not overpowering and the</p>
  <p time="1492039" is_ac="true">ham just gives it some saltiness and</p>
  <p time="1493480" is_ac="true">some</p>
  <p time="1496760" is_ac="true">depth</p>
  <p time="1501440" is_ac="true">oh man the sandwich construction the</p>
  <p time="1504520" is_ac="true">engineering of these sandwiches it's</p>
  <p time="1506200" is_ac="true">just it's</p>
  <p time="1510200" is_ac="true">Perfection wow that's</p>
  <p time="1513000" is_ac="true">good even though it looks small it's</p>
  <p time="1515000" is_ac="true">kind of feel filling because of the</p>
  <p time="1516360" is_ac="true">richness of it narrowly</p>
  <p time="1519960" is_ac="true">tasty</p>
  <p time="1523320" is_ac="true">yes some of the friendliest people yes</p>
  <p time="1529559" is_ac="true">incredible oh man stepping outside is</p>
  <p time="1532120" is_ac="true">like coming out of a movie theater it's</p>
  <p time="1533799" is_ac="true">one of those you feel like you're like</p>
  <p time="1536120" is_ac="true">you're in another</p>
  <p time="1538320" is_ac="true">world oh again I mean everywhere we've</p>
  <p time="1542200" is_ac="true">been the the warmth and hospitality is</p>
  <p time="1544799" is_ac="true">what stands out along with the food the</p>
  <p time="1547520" is_ac="true">sandwiches that was something truly</p>
  <p time="1549279" is_ac="true">world</p>
  <p time="1552200" is_ac="true">class this is Kaz famous for their pork</p>
  <p time="1555760" is_ac="true">leg Sanders right there waiting for</p>
  <p time="1558279" is_ac="true">mive roasted pork leg in the cabinet and</p>
  <p time="1561720" is_ac="true">it's absolutely juicy delicious it's an</p>
  <p time="1564679" is_ac="true">icon of the city people just up in</p>
  <p time="1567279" is_ac="true">Sandwich uh either a glass of beer or</p>
  <p time="1570720" is_ac="true">they have their own sparkling wine their</p>
  <p time="1572559" is_ac="true">production we're going to try both to</p>
  <p time="1574080" is_ac="true">see how it goes and I've asked for an</p>
  <p time="1576640" is_ac="true">regular one which is plain just the pork</p>
  <p time="1578440" is_ac="true">like there and then one with cheese</p>
  <p time="1580679" is_ac="true">inside then famous C the in just to</p>
  <p time="1584480" is_ac="true">Juicy up the thing okay oh man what an</p>
  <p time="1588480" is_ac="true">unbelievable process he has the entire</p>
  <p time="1591120" is_ac="true">roasted pork leg and he just carefully</p>
  <p time="1593679" is_ac="true">slices off pieces very thinly it drops</p>
  <p time="1596840" is_ac="true">below into a pool it's literally a a tub</p>
  <p time="1600080" is_ac="true">a pool of the oily meat juices which it</p>
  <p time="1602960" is_ac="true">then rests in which it then absorbs</p>
  <p time="1604960" is_ac="true">keeping it juicy as it stays there the</p>
  <p time="1607120" is_ac="true">bread is toasted you can get it with</p>
  <p time="1608440" is_ac="true">cheese or without cheese and then he</p>
  <p time="1610240" is_ac="true">lays in that crispy pork tosses on some</p>
  <p time="1613080" is_ac="true">of that meat</p>
  <p time="1616600" is_ac="true">juice</p>
  <p time="1619000" is_ac="true">and then squeezes it out before serves</p>
  <p time="1621080" is_ac="true">it on a plate what a sandwich that is oh</p>
  <p time="1624399" is_ac="true">man it's this is the ultimate meat juice</p>
  <p time="1628000" is_ac="true">sandwich I'm beginning to realize that</p>
  <p time="1630440" is_ac="true">in Porto or in Portugal you needed a</p>
  <p time="1633760" is_ac="true">drink with every meal a beverage just to</p>
  <p time="1636399" is_ac="true">wash it down really because of all the</p>
  <p time="1639840" is_ac="true">spices it's a</p>
  <p time="1642480" is_ac="true">mandatory my liver and my stomach are</p>
  <p time="1644679" is_ac="true">having a</p>
  <p time="1645559" is_ac="true">debate it's not a at least it's a happy</p>
  <p time="1648640" is_ac="true">[Laughter]</p>
  <p time="1650720" is_ac="true">one it's a good debate to have oh really</p>
  <p time="1654320" is_ac="true">all the uzi cheese okay so they've taken</p>
  <p time="1658320" is_ac="true">roast pork to the next level that's a</p>
  <p time="1661279" is_ac="true">pool of meat juice I think is their</p>
  <p time="1663279" is_ac="true">secret it is that sauce it brings all of</p>
  <p time="1665919" is_ac="true">the flavors together I would say even</p>
  <p time="1667960" is_ac="true">tosses some of the juice into the bread</p>
  <p time="1670039" is_ac="true">before kind of ringing it out a little</p>
  <p time="1671760" is_ac="true">bit so all that juice sticks into the</p>
  <p time="1673960" is_ac="true">into the bread before putting it onto</p>
  <p time="1675720" is_ac="true">your plate and then it gives it a hand</p>
  <p time="1677000" is_ac="true">smash as well which is also a very cool</p>
  <p time="1679279" is_ac="true">move we got two different versions one</p>
  <p time="1680799" is_ac="true">is just just the pork one is with the</p>
  <p time="1682200" is_ac="true">cheese which has started to literally</p>
  <p time="1684279" is_ac="true">liquefy with the heat of the pork so</p>
  <p time="1687760" is_ac="true">yeah should we try the maybe the</p>
  <p time="1689159" is_ac="true">original first before we before we move</p>
  <p time="1691000" is_ac="true">on to</p>
  <p time="1697020" is_ac="true">[Music]</p>
  <p time="1701080" is_ac="true">cheese oh wow almost like a confe of</p>
  <p time="1704600" is_ac="true">pork all that ju oh oh that that's</p>
  <p time="1708000" is_ac="true">success right there if you drip a little</p>
  <p time="1710760" is_ac="true">bit look at that they actually two kinds</p>
  <p time="1714000" is_ac="true">of pork atems yeah it's the crispy bits</p>
  <p time="1717480" is_ac="true">the outside and then the thin tender</p>
  <p time="1720320" is_ac="true">inside oh it's oh okay so it takes a</p>
  <p time="1722559" is_ac="true">slice of that slice of it plus the the</p>
  <p time="1724840" is_ac="true">drippings and the the skin outer</p>
  <p time="1727960" is_ac="true">side</p>
  <p time="1730120" is_ac="true">wow extremely tender like the pork is</p>
  <p time="1732799" is_ac="true">actually kind of lean lean but that</p>
  <p time="1735200" is_ac="true">gives it the texture I do want</p>
  <p time="1737960" is_ac="true">to try some of this pey pey chili oil</p>
  <p time="1742399" is_ac="true">okay go easy on it oh yeah okay A little</p>
  <p time="1747679" is_ac="true">drizzle oh huh oh yeah oh that's so good</p>
  <p time="1753760" is_ac="true">that get you tingling huh that gives you</p>
  <p time="1755200" is_ac="true">a burst of flavor oh yeah it's so fruity</p>
  <p time="1757880" is_ac="true">too it is has this acidity to it here's</p>
  <p time="1760760" is_ac="true">another bottle he handed me I'm not sure</p>
  <p time="1762080" is_ac="true">if it's the same thing or a probably a</p>
  <p time="1764240" is_ac="true">little bit more explosive more explosive</p>
  <p time="1766360" is_ac="true">yeah excellent don't shake don't shake</p>
  <p time="1772960" is_ac="true">oh oh wow the pey pey just takes it to</p>
  <p time="1776720" is_ac="true">the next level no it does oh well let's</p>
  <p time="1780320" is_ac="true">have a a ship before we move on to the</p>
  <p time="1781960" is_ac="true">chees palet cleanser P cleanser anosa</p>
  <p time="1788320" is_ac="true">anosa oh wait fresh Light it's</p>
  <p time="1791640" is_ac="true">refreshing yeah yeah it's a sparkling</p>
  <p time="1794360" is_ac="true">sparkling wine yeah brute uh made just</p>
  <p time="1797600" is_ac="true">for them nice</p>
  <p time="1800720" is_ac="true">[Music]</p>
  <p time="1802440" is_ac="true">nice okay now we have the cheese version</p>
  <p time="1805799" is_ac="true">just look at the way the cheese has just</p>
  <p time="1807360" is_ac="true">melted stuck together with the cheese</p>
  <p time="1810000" is_ac="true">but oo oh so Oozy oh</p>
  <p time="1818159" is_ac="true">man</p>
  <p time="1823240" is_ac="true">oh that gives it another dimension it</p>
  <p time="1826279" is_ac="true">does the creaminess</p>
  <p time="1828360" is_ac="true">and the cheese is not Bland at all the</p>
  <p time="1830919" is_ac="true">cheese is quite</p>
  <p time="1832279" is_ac="true">intense so so creamy yeah but it's not</p>
  <p time="1835399" is_ac="true">overlapping there it's adding an extra</p>
  <p time="1837440" is_ac="true">layer of flavor yeah definitely and</p>
  <p time="1840559" is_ac="true">richness and</p>
  <p time="1843039" is_ac="true">calories the good ones though yes much</p>
  <p time="1845840" is_ac="true">needed calories</p>
  <p time="1848679" is_ac="true">oh oh</p>
  <p time="1856240" is_ac="true">yes</p>
  <p time="1858760" is_ac="true">no that is that's actually like he's</p>
  <p time="1862480" is_ac="true">just sh off oh he's just sh off I'm</p>
  <p time="1864240" is_ac="true">going to use little bit on mine oh that</p>
  <p time="1866320" is_ac="true">is so good</p>
  <p time="1868200" is_ac="true">oh man that just yeah tingles your your</p>
  <p time="1873039" is_ac="true">tongue a little bit the the condensed</p>
  <p time="1876120" is_ac="true">flavor of the</p>
  <p time="1877279" is_ac="true">chilies oh wow that's</p>
  <p time="1883760" is_ac="true">outstanding even if you inhale a little</p>
  <p time="1885840" is_ac="true">bit get some of those chili fumes kind</p>
  <p time="1887799" is_ac="true">of going into the back of your</p>
  <p time="1889440" is_ac="true">throat oh that PE is good wow and what a</p>
  <p time="1897440" is_ac="true">sandwich I'm starting to warm up huh I</p>
  <p time="1901120" is_ac="true">don't know if it's the pey pey or the or</p>
  <p time="1903519" is_ac="true">the calories the meat sweats</p>
  <p time="1906480" is_ac="true">yeah they're coming we we're quite a few</p>
  <p time="1909960" is_ac="true">sandwiches deep so</p>
  <p time="1911480" is_ac="true">far they're very</p>
  <p time="1915200" is_ac="true">happy another absolute</p>
  <p time="1918039" is_ac="true">Sensational</p>
  <p time="1919760" is_ac="true">Landmark institution why is Porto such</p>
  <p time="1923279" is_ac="true">an incredible sandwich City PTO has a</p>
  <p time="1925880" is_ac="true">big connection with industrial period</p>
  <p time="1928039" is_ac="true">and with all the industri industry</p>
  <p time="1930480" is_ac="true">settling around PTO there's a lot of</p>
  <p time="1932480" is_ac="true">people that will live outside of the</p>
  <p time="1934639" is_ac="true">city would come to work and then at the</p>
  <p time="1936480" is_ac="true">end of the day before going back home</p>
  <p time="1938480" is_ac="true">they needed something to eat uh and then</p>
  <p time="1941159" is_ac="true">this is basically a a trial error thing</p>
  <p time="1944279" is_ac="true">you try to put something on piece of</p>
  <p time="1946000" is_ac="true">bread and things works I always think</p>
  <p time="1948559" is_ac="true">about Darwinism of food okay that is</p>
  <p time="1951559" is_ac="true">some survive some don't and today the</p>
  <p time="1953840" is_ac="true">examples we have was basically someone</p>
  <p time="1956080" is_ac="true">tried to do something and comes from</p>
  <p time="1959200" is_ac="true">very humble origins in places like this</p>
  <p time="1961840" is_ac="true">that now they are getting a bit of</p>
  <p time="1964120" is_ac="true">upscaled but the places where we seen</p>
  <p time="1966320" is_ac="true">today are basically the reflection of</p>
  <p time="1968600" is_ac="true">something that is very pure with very</p>
  <p time="1970559" is_ac="true">simple ingredients back in the 1850s</p>
  <p time="1973840" is_ac="true">1870s places like this the industrial</p>
  <p time="1976360" is_ac="true">city work working class families they</p>
  <p time="1978840" is_ac="true">needed uh options these places counter</p>
  <p time="1983159" is_ac="true">like this um maybe a couple of wine</p>
  <p time="1985600" is_ac="true">barrels in the back maybe even some beer</p>
  <p time="1988039" is_ac="true">back then and then these sandwiches</p>
  <p time="1990880" is_ac="true">being prepared and you would arrive at a</p>
  <p time="1992519" is_ac="true">place like this sand glass of wine and</p>
  <p time="1995559" is_ac="true">off your way uh and today you still feel</p>
  <p time="1998840" is_ac="true">the Echoes of such tradition because</p>
  <p time="2001159" is_ac="true">these places are sealed all over all</p>
  <p time="2003679" is_ac="true">over</p>
  <p time="2005960" is_ac="true">town</p>
  <p time="2008200" is_ac="true">oh that was another spectacular sandwich</p>
  <p time="2011480" is_ac="true">in</p>
  <p time="2012860" is_ac="true">[Music]</p>
  <p time="2015799" is_ac="true">Porto oh man one of the great things</p>
  <p time="2018760" is_ac="true">about Porto is you could be so</p>
  <p time="2020399" is_ac="true">productive on a food tour there's so</p>
  <p time="2022399" is_ac="true">much food in such a small amount of</p>
  <p time="2025559" is_ac="true">space and our next sandwich is just a 5</p>
  <p time="2029799" is_ac="true">to 7 minute walk away gives us plenty of</p>
  <p time="2032639" is_ac="true">time to burn at least three calories</p>
  <p time="2035039" is_ac="true">before the next sandwich</p>
  <p time="2038320" is_ac="true">well I hope you're enjoying this</p>
  <p time="2039760" is_ac="true">ultimate sandwich tour in Porto and</p>
  <p time="2041799" is_ac="true">we're beginning to realize why it is the</p>
  <p time="2044360" is_ac="true">sandwich capital of Portugal one of the</p>
  <p time="2047200" is_ac="true">sandwich capitals of the world and we</p>
  <p time="2049200" is_ac="true">still have a few more sandwiches to eat</p>
  <p time="2050679" is_ac="true">including the king of all sandwiches but</p>
  <p time="2053679" is_ac="true">if you're enjoying this video please</p>
  <p time="2054879" is_ac="true">remember to give it a thumbs up and also</p>
  <p time="2057119" is_ac="true">I'd love to hear your comments in the</p>
  <p time="2058760" is_ac="true">description box below okay we're just</p>
  <p time="2061480" is_ac="true">arrived to the next</p>
  <p time="2064359" is_ac="true">sandwich so we're now at K spray</p>
  <p time="2068040" is_ac="true">um it's one of those places that I feel</p>
  <p time="2071079" is_ac="true">at home um they change the daily</p>
  <p time="2075000" is_ac="true">specials but their psh their tiny plates</p>
  <p time="2078280" is_ac="true">are just delicious but coming here for</p>
  <p time="2081280" is_ac="true">one of their main courses is just</p>
  <p time="2083720" is_ac="true">worthwhile walking all these 7 minutes</p>
  <p time="2086839" is_ac="true">to arrive here it's an amazing venue and</p>
  <p time="2089440" is_ac="true">they have sandwiches here too and they</p>
  <p time="2090599" is_ac="true">also have sandwiches actually we're</p>
  <p time="2091720" is_ac="true">going to try one of their sandwiches and</p>
  <p time="2093599" is_ac="true">a few other of their</p>
  <p time="2095879" is_ac="true">perfect</p>
  <p time="2111680" is_ac="true">oh oh it looks like a liver sauce almost</p>
  <p time="2115079" is_ac="true">soup it's a soup okay yeah meat oh from</p>
  <p time="2118680" is_ac="true">wheat okay okay soup okay thank</p>
  <p time="2125800" is_ac="true">you</p>
  <p time="2133200" is_ac="true">whoa that's like one massive piece of</p>
  <p time="2135359" is_ac="true">pork can I slice it oh it's</p>
  <p time="2138960" is_ac="true">tender you can feel the oils squeezing</p>
  <p time="2142200" is_ac="true">out oh we got to look at that</p>
  <p time="2146040" is_ac="true">cross-section it's almost like bull Pork</p>
  <p time="2148760" is_ac="true">yeah it's melting it's melting oh damn</p>
  <p time="2152079" is_ac="true">you can smell</p>
  <p time="2155800" is_ac="true">delicious</p>
  <p time="2158680" is_ac="true">my soul is so</p>
  <p time="2160400" is_ac="true">happy oh</p>
  <p time="2162640" is_ac="true">hot oh</p>
  <p time="2165440" is_ac="true">man</p>
  <p time="2168240" is_ac="true">that you so melting your mouth</p>
  <p time="2175119" is_ac="true">tender absolutely</p>
  <p time="2178119" is_ac="true">melting it's so</p>
  <p time="2181240" is_ac="true">good</p>
  <p time="2182760" is_ac="true">oh the fat has just absorbed into it</p>
  <p time="2186200" is_ac="true">Food Heaven sandwich heaven in</p>
  <p time="2188480" is_ac="true">Porto this ISU this is one of their</p>
  <p time="2191440" is_ac="true">daily specials hu is a chick beu with</p>
  <p time="2194480" is_ac="true">pasta in all kinds of pork guts here fat</p>
  <p time="2199440" is_ac="true">chisu as well carrots bacon is it pasta</p>
  <p time="2203640" is_ac="true">as well yeah there thank you all right</p>
  <p time="2206240" is_ac="true">enjoy this this looks</p>
  <p time="2215680" is_ac="true">warming as it looks everything just</p>
  <p time="2218040" is_ac="true">melts in your mouth from the pork to the</p>
  <p time="2219680" is_ac="true">pasta to the chickpeas to the carrot</p>
  <p time="2223880" is_ac="true">oh it's a Harmony of of mellow</p>
  <p time="2226640" is_ac="true">comforting</p>
  <p time="2228119" is_ac="true">flavors and</p>
  <p time="2231280" is_ac="true">pig oh that is deliciously</p>
  <p time="2235200" is_ac="true">warming and Hearty and every now and</p>
  <p time="2237480" is_ac="true">then you get a a bit of a piece of pork</p>
  <p time="2242280" is_ac="true">some cartilage</p>
  <p time="2244880" is_ac="true">bits some crunchy bits</p>
  <p time="2248839" is_ac="true">that's outstanding this is one of my</p>
  <p time="2251480" is_ac="true">favorite we have liver oh this is a</p>
  <p time="2255079" is_ac="true">things that brings a lot of polarity</p>
  <p time="2256839" is_ac="true">into tables because you either love it</p>
  <p time="2259359" is_ac="true">or ate it uh and to do it</p>
  <p time="2263040" is_ac="true">properly uh it's a whole liver liver</p>
  <p time="2265720" is_ac="true">steak okay so a liver steak with a lot</p>
  <p time="2268440" is_ac="true">of onions uh oh man oh thank you the</p>
  <p time="2271720" is_ac="true">onions actually will eliminate a little</p>
  <p time="2274760" is_ac="true">bit of that Rusty flavor that's</p>
  <p time="2277060" is_ac="true">[Music]</p>
  <p time="2283319" is_ac="true">okay oh yeah the hint of sourness from</p>
  <p time="2287160" is_ac="true">the vinegar mhm the onions have a little</p>
  <p time="2289839" is_ac="true">bit of a crunch to them so sweet mhm the</p>
  <p time="2293720" is_ac="true">liver is yeah it's not really irony at</p>
  <p time="2296680" is_ac="true">all it's really sweet a little bit</p>
  <p time="2299440" is_ac="true">crumbly absorb the flavor of the onions</p>
  <p time="2302119" is_ac="true">that is another delicious</p>
  <p time="2305520" is_ac="true">dish</p>
  <p time="2309360" is_ac="true">[Music]</p>
  <p time="2314560" is_ac="true">for our next sandwich I think we have</p>
  <p time="2317680" is_ac="true">reached the Pinnacle I don't think it</p>
  <p time="2319760" is_ac="true">gets more unbelievable sandwich than</p>
  <p time="2322960" is_ac="true">this this is the king of all</p>
  <p time="2326160" is_ac="true">[Music]</p>
  <p time="2334200" is_ac="true">sandwiches we said red one okay</p>
  <p time="2337040" is_ac="true">linguisa and this is the sauce uh a</p>
  <p time="2339920" is_ac="true">little bit Blends uh and then it's</p>
  <p time="2344680" is_ac="true">almost like a soup you're going put it</p>
  <p time="2347240" is_ac="true">on top of okay and most of the people</p>
  <p time="2349520" is_ac="true">now put not with whole fried egg theg</p>
  <p time="2354560" is_ac="true">actually to bring some</p>
  <p time="2359240" is_ac="true">extra actually cut</p>
  <p time="2365280" is_ac="true">fries that coming out of the oven the</p>
  <p time="2367640" is_ac="true">cheese has melted that goes back to the</p>
  <p time="2369599" is_ac="true">other side of the kitchen oh the fried</p>
  <p time="2372760" is_ac="true">egg goes on the proteins just never</p>
  <p time="2377960" is_ac="true">stop oh</p>
  <p time="2380440" is_ac="true">wow oh the</p>
  <p time="2384119" is_ac="true">sauce wow okay complete yes open</p>
  <p time="2389720" is_ac="true">go wow here we go Mark meet Fran Fran</p>
  <p time="2394760" is_ac="true">meet Mark uh</p>
  <p time="2397040" is_ac="true">fra has everything in so in between two</p>
  <p time="2400480" is_ac="true">loaves of bread you get grilled rum</p>
  <p time="2402640" is_ac="true">steak um a fresh sausage lingua then ham</p>
  <p time="2407599" is_ac="true">cheese covered with milk cheese fried</p>
  <p time="2410960" is_ac="true">egg on top a side of fries and some</p>
  <p time="2413839" is_ac="true">extra sauce because you will need extra</p>
  <p time="2416200" is_ac="true">sauce man oh it's a light</p>
  <p time="2420520" is_ac="true">2500 calorie Ricardo knows already he's</p>
  <p time="2424240" is_ac="true">already pouring on more sauce ice cream</p>
  <p time="2427440" is_ac="true">should be a floating island of a</p>
  <p time="2430079" is_ac="true">floating island I like that a floating</p>
  <p time="2432040" is_ac="true">island and Ricardo what were you saying</p>
  <p time="2433520" is_ac="true">is mainly in the sauce so there's a lot</p>
  <p time="2436200" is_ac="true">of ingredients in it but uh it's a</p>
  <p time="2438400" is_ac="true">mostly a secret too everyone has its own</p>
  <p time="2440280" is_ac="true">secret in this place actually U the</p>
  <p time="2442520" is_ac="true">secret is not going to be passed on uh</p>
  <p time="2447680" is_ac="true">soon</p>
  <p time="2449599" is_ac="true">oh oh and the yolk just oozes out so is</p>
  <p time="2454680" is_ac="true">this a a daily meal in</p>
  <p time="2457720" is_ac="true">Porto it used to be a weekly meal uh</p>
  <p time="2461200" is_ac="true">when I was younger not today actually I</p>
  <p time="2464280" is_ac="true">will I was called it already when I got</p>
  <p time="2466119" is_ac="true">in it's like you're missing your</p>
  <p time="2467760" is_ac="true">practice okay so you get a bite a</p>
  <p time="2470119" is_ac="true">cross-section with a little bit of</p>
  <p time="2471359" is_ac="true">everything all 12 all 12 Meats really</p>
  <p time="2474480" is_ac="true">let it absorb absorb that sauce oh the</p>
  <p time="2477640" is_ac="true">steak I almost forgot about the steak</p>
  <p time="2479319" is_ac="true">don't forget about the</p>
  <p time="2485240" is_ac="true">cheese</p>
  <p time="2489760" is_ac="true">you got to like so texture cuz this</p>
  <p time="2493200" is_ac="true">is yeah that's the the epitome of a soy</p>
  <p time="2496800" is_ac="true">sandwich mhm that's so</p>
  <p time="2499720" is_ac="true">good put fries on it yeah and then once</p>
  <p time="2504319" is_ac="true">you have a little space on your plate</p>
  <p time="2505560" is_ac="true">then you start loading in the fries</p>
  <p time="2508079" is_ac="true">mhm looks like there's always more sauce</p>
  <p time="2510720" is_ac="true">there should be oh now we go for the</p>
  <p time="2513160" is_ac="true">fries if things could not get better</p>
  <p time="2521720" is_ac="true">you still got the crispiness of the</p>
  <p time="2523119" is_ac="true">fries oh the starchiness of them but</p>
  <p time="2525760" is_ac="true">they just start to absorb that sauce</p>
  <p time="2527160" is_ac="true">with that tomato with that complexity of</p>
  <p time="2528760" is_ac="true">the</p>
  <p time="2530480" is_ac="true">wine oh that's so warming calorie rich</p>
  <p time="2534200" is_ac="true">and just fulfilling fulfilling to the</p>
  <p time="2536440" is_ac="true">max oh what a</p>
  <p time="2538280" is_ac="true">sandwich like you barely even realize</p>
  <p time="2540760" is_ac="true">that there's bread in the sandwich which</p>
  <p time="2542359" is_ac="true">is overpowered by the sauce and the</p>
  <p time="2544079" is_ac="true">meats oh man that's yeah that's as good</p>
  <p time="2548640" is_ac="true">as everyone says it is would you say</p>
  <p time="2551200" is_ac="true">this is one of the the Prides of PTO oh</p>
  <p time="2553400" is_ac="true">definitely whenever we we think about</p>
  <p time="2555599" is_ac="true">Port there are a couple of things that</p>
  <p time="2557119" is_ac="true">come to mind immediately and this is</p>
  <p time="2559720" is_ac="true">number one on my list it's just it</p>
  <p time="2562240" is_ac="true">defines it's not just the food it's the</p>
  <p time="2564640" is_ac="true">fact that you have to have it in a place</p>
  <p time="2566520" is_ac="true">like this with a counter like that sit</p>
  <p time="2568520" is_ac="true">down with your friends or just on your</p>
  <p time="2570680" is_ac="true">own sitting at the counter um asking for</p>
  <p time="2573280" is_ac="true">one of this and then just talking to</p>
  <p time="2575680" is_ac="true">whoever's next to you and that's that's</p>
  <p time="2579000" is_ac="true">that's PTO right there when it's</p>
  <p time="2580839" is_ac="true">dripping full of sauce you know that's a</p>
  <p time="2583400" is_ac="true">that's a good</p>
  <p time="2590319" is_ac="true">bite I don't think anything else will</p>
  <p time="2592400" is_ac="true">warm you up like a</p>
  <p time="2593960" is_ac="true">frania that</p>
  <p time="2596839" is_ac="true">is superb it's like really every protein</p>
  <p time="2600559" is_ac="true">you can imagine all combined between two</p>
  <p time="2602800" is_ac="true">pieces of bread toasted multiple times</p>
  <p time="2604800" is_ac="true">with cheese and fries and just a warming</p>
  <p time="2607599" is_ac="true">sauce yeah that's</p>
  <p time="2616880" is_ac="true">unbelievable oh when you get some drips</p>
  <p time="2619319" is_ac="true">down the</p>
  <p time="2620440" is_ac="true">chin I think that's the only way to do</p>
  <p time="2622440" is_ac="true">it oh a soggy sandwich has never tasted</p>
  <p time="2625359" is_ac="true">so good in your</p>
  <p time="2626640" is_ac="true">life oh wow thank</p>
  <p time="2629559" is_ac="true">you amazing thank you thank you oh it's</p>
  <p time="2633960" is_ac="true">been definitely a rainy and cool day in</p>
  <p time="2637480" is_ac="true">Porto but we have most definitely</p>
  <p time="2640000" is_ac="true">figured out the secret as to why Porto</p>
  <p time="2642040" is_ac="true">is such an incredible sandwich City it</p>
  <p time="2644440" is_ac="true">has to do with the history trial and</p>
  <p time="2646559" is_ac="true">error testing different combinations and</p>
  <p time="2648920" is_ac="true">let me tell you they have figured that</p>
  <p time="2650680" is_ac="true">out it's one of the great sandwich</p>
  <p time="2652359" is_ac="true">hitties in the world I want to say a</p>
  <p time="2654319" is_ac="true">huge thank you to my friends Andre</p>
  <p time="2656640" is_ac="true">Ricardo from taste Porto they operate</p>
  <p time="2659280" is_ac="true">the best Porto Food Tours highly highly</p>
  <p time="2661760" is_ac="true">recommended when you come to Porto and</p>
  <p time="2663559" is_ac="true">I'll have their information in the</p>
  <p time="2664720" is_ac="true">description box below and I want to say</p>
  <p time="2666760" is_ac="true">a big thank you to you for watching this</p>
  <p time="2667880" is_ac="true">video please remember to give it a</p>
  <p time="2668760" is_ac="true">thumbs up if you enjoyed it leave a</p>
  <p time="2669760" is_ac="true">comment below I'd love to hear from you</p>
  <p time="2671000" is_ac="true">and if you're not already subscribed</p>
  <p time="2672520" is_ac="true">make sure you subscribe now for lots</p>
  <p time="2673760" is_ac="true">more food and travel videos and also</p>
  <p time="2675400" is_ac="true">don't miss this entire Portugal food</p>
  <p time="2677960" is_ac="true">Series where we're traveling around the</p>
  <p time="2679319" is_ac="true">country eating some of the best food</p>
  <p time="2680920" is_ac="true">I'll see you on the next video thanks</p>
  <p time="2682000" is_ac="true">again for watching</p>
</text>
