<?xml version='1.0' encoding='UTF-8'?>
<text date_d="4" date_m="4" date_y="2024" format="srv3" age_limit="0" comment_count="1700" description="Wow. What a special video I have for you today. I was able to make a visit to Rules Restaurant in Covent Garden which is not only the oldest restaurant in London but also one of the world's most famous restaurants. Rules was also used in the James Bond 007 film, Spectre in 2015. Let's give it a go!&#10;&#10;Please don't forget to like and subscribe to the channel!&#10;https://www.youtube.com/channel/UC0NBsFubVfkZNnj37i-8dBA&#10;&#10;Merchandise:&#10;https://garyeats.com/collections/store&#10;&#10;Website:&#10;www.garyeats.com&#10;&#10;TikTok: https://www.tiktok.com/@garyeatsofficial&#10;Instagram: https://www.instagram.com/garyeatsofficial/&#10;Paypal: paypal.me/garyeats&#10;&#10;Business Enquiries:&#10;contact@garyeats.com&#10;&#10;Equipment Used:&#10;Camera - https://amzn.to/47S3Ukw&#10;Audio - https://amzn.to/3SF3RnI | https://amzn.to/3UlTpTe&#10;Tripod - https://amzn.to/48VehVV" fulltitle="Reviewing LONDON'S OLDEST RESTAURANT! (Filmed in JAMES BOND!)" like_count="4253" location="RULES" playlist_title="na" release_date="na" upload_date="20240404" repost_count="na" tags="Rules restaurant; rules restaurant james bond; rules restaurant review; best restaurant in london; best restaurant in london review; rules restaurant london; oldest restaurant in london; oldest restaurant in the uk; uk's oldest restaurant; restaurant review; gary eats rules; gary eats oldest restaurant; food review; gary eats food review; london restaurant; oldest restaurant; british restaurant review; spectre james bond; " title="Reviewing LONDON'S OLDEST RESTAURANT! (Filmed in JAMES BOND!)" uploader="Gary Eats " view_count="78341" webpage_url="https://www.youtube.com/watch?v=1yVbwEfaIXc" autocaption="true">
  <p time="240" is_ac="true">hi everyone really good to see you again</p>
  <p time="1599" is_ac="true">today where are we we're in central</p>
  <p time="3919" is_ac="true">London and today I am so excited no</p>
  <p time="6359" is_ac="true">really mean excited we're not far from</p>
  <p time="8679" is_ac="true">Cent garden and so many of you said Gary</p>
  <p time="11320" is_ac="true">any chance of going there and doing a</p>
  <p time="12599" is_ac="true">video in this restaurant where are we</p>
  <p time="14719" is_ac="true">going we're going to rules the oldest</p>
  <p time="17600" is_ac="true">restaurant in London established</p>
  <p time="20480" is_ac="true">1798 now this is quite a quintessential</p>
  <p time="23439" is_ac="true">English restaurant and Spectre one of</p>
  <p time="26439" is_ac="true">the James Bond films was filmed in here</p>
  <p time="28320" is_ac="true">and down Abby as well you they've had</p>
  <p time="30359" is_ac="true">loads of episodes here now believe it or</p>
  <p time="32640" is_ac="true">not since 1798 it's only been owned by</p>
  <p time="35760" is_ac="true">four families and the first owner was a</p>
  <p time="38079" is_ac="true">guy called Thomas ruv say the name rules</p>
  <p time="40480" is_ac="true">might have you and now he used to</p>
  <p time="41800" is_ac="true">actually sell just oyers from here to</p>
  <p time="44000" is_ac="true">local market Traders our prices to</p>
  <p time="46120" is_ac="true">change for the oysters hey as always</p>
  <p time="49640" is_ac="true">let's give it a</p>
  <p time="52960" is_ac="true">[Music]</p>
  <p time="58920" is_ac="true">go</p>
  <p time="59950" is_ac="true">[Music]</p>
  <p time="100040" is_ac="true">okay here we are in the restaurant I</p>
  <p time="101520" is_ac="true">have got to say I'm Blown</p>
  <p time="103840" is_ac="true">Away it is Ste in history everything the</p>
  <p time="108159" is_ac="true">artifacts around the</p>
  <p time="110159" is_ac="true">pictures oh my Lord it is stunning it is</p>
  <p time="113240" is_ac="true">truly stunning than waiting staff so</p>
  <p time="115719" is_ac="true">attentive I cannot explain um gave us a</p>
  <p time="118840" is_ac="true">nice little booth here</p>
  <p time="121320" is_ac="true">well just it it is honestly it's</p>
  <p time="126119" is_ac="true">breathtaking okay on to the menu now i'</p>
  <p time="130239" is_ac="true">got a lovely range of house cocktails</p>
  <p time="132680" is_ac="true">cocktails there I'll let you take a look</p>
  <p time="134080" is_ac="true">at them and then you got a range of</p>
  <p time="135599" is_ac="true">starter so one of the thing is establish</p>
  <p time="138480" is_ac="true">is sort of establish to sell oysters to</p>
  <p time="142200" is_ac="true">um the Traders and they've got oysters</p>
  <p time="144760" is_ac="true">on the menu they got soups they got duck</p>
  <p time="147280" is_ac="true">shrimps you name it it's all there so</p>
  <p time="148760" is_ac="true">you take a look at that and then they</p>
  <p time="150120" is_ac="true">come to the mains now on the mains I'm</p>
  <p time="153000" is_ac="true">going to go straight for the steak and</p>
  <p time="154440" is_ac="true">kidney Pine because that is what they're</p>
  <p time="156160" is_ac="true">really famous for but again they've got</p>
  <p time="158120" is_ac="true">steak kidney puddings got other pies</p>
  <p time="159879" is_ac="true">here venison because again game is part</p>
  <p time="163040" is_ac="true">a main part of their menu then you got</p>
  <p time="165200" is_ac="true">the vegetables and salads um I'm going</p>
  <p time="167280" is_ac="true">to take a look at that now they've got</p>
  <p time="169560" is_ac="true">an incredible range of puddings here so</p>
  <p time="171959" is_ac="true">I'm definitely going to go for a pudding</p>
  <p time="173360" is_ac="true">I'm going to tell you what that's going</p>
  <p time="174280" is_ac="true">to be in a minute all around H say I'm</p>
  <p time="178599" is_ac="true">I'm almost speechless it's it's just so</p>
  <p time="181280" is_ac="true">beautiful so many famous people have</p>
  <p time="183440" is_ac="true">been in there as well um over the years</p>
  <p time="187080" is_ac="true">royalty um famous politicians I won't</p>
  <p time="190239" is_ac="true">mention certain names because you won't</p>
  <p time="191920" is_ac="true">be happy with that load of actors and</p>
  <p time="195000" is_ac="true">actresses and I can see why okay back to</p>
  <p time="199239" is_ac="true">the menu again um the vegetables and</p>
  <p time="201280" is_ac="true">sides under the potatoes they got mashed</p>
  <p time="203519" is_ac="true">potatoes chips or dolphin W I'm going to</p>
  <p time="205360" is_ac="true">go for the dolphin W that's</p>
  <p time="206959" is_ac="true">£550 and I'm going to get some of their</p>
  <p time="209000" is_ac="true">purple SP broccoli with tapanade butter</p>
  <p time="212599" is_ac="true">um that's an additional £550 now I sit</p>
  <p time="215120" is_ac="true">you about the puddings oh my Lord they</p>
  <p time="217599" is_ac="true">look absolutely fantastic but I'm not</p>
  <p time="219319" is_ac="true">going to choose my pudding just yet but</p>
  <p time="221760" is_ac="true">an incredible range there you say I'm</p>
  <p time="224080" is_ac="true">sitting here and I'm just wondering how</p>
  <p time="226560" is_ac="true">much history has gone through this place</p>
  <p time="228360" is_ac="true">you know through the Victorian period</p>
  <p time="230680" is_ac="true">through the wars if you like you know I</p>
  <p time="232640" is_ac="true">I do know it was open um during the</p>
  <p time="234599" is_ac="true">second world war um obviously worked</p>
  <p time="237519" is_ac="true">under rations and what have you but</p>
  <p time="239239" is_ac="true">because wasn't rationed we were able to</p>
  <p time="241439" is_ac="true">open through that but how much history's</p>
  <p time="244519" is_ac="true">gone through here I've ordered by the</p>
  <p time="246000" is_ac="true">way um and the interesting thing is it's</p>
  <p time="248000" is_ac="true">a 30 minute wake because they obviously</p>
  <p time="250200" is_ac="true">do the stick kidney pie um to order</p>
  <p time="252680" is_ac="true">which I think is a nice touch I've Turn</p>
  <p time="254959" is_ac="true">the Page over what a wine selection my</p>
  <p time="257840" is_ac="true">Lord I've never seen so many wines ever</p>
  <p time="260479" is_ac="true">um I will give it a bit of a wide birth</p>
  <p time="262880" is_ac="true">because um pricewise</p>
  <p time="266040" is_ac="true">um very expensive the other thing is if</p>
  <p time="268840" is_ac="true">you actually want to come here</p>
  <p time="269800" is_ac="true">beforehand they've got a bar um so you</p>
  <p time="271840" is_ac="true">can go in sit down have a couple of</p>
  <p time="273520" is_ac="true">drinks and then call you down to the</p>
  <p time="275199" is_ac="true">table and obviously if you're waiting 30</p>
  <p time="277000" is_ac="true">minutes for your sleep kidney pie you</p>
  <p time="278440" is_ac="true">want have a a relax somewhere else so</p>
  <p time="281120" is_ac="true">all real classy</p>
  <p time="283680" is_ac="true">touches see you in about 30 minutes no</p>
  <p time="286199" is_ac="true">not 30 minutes we'll cut okay see you</p>
  <p time="293370" is_ac="true">[Music]</p>
  <p time="298639" is_ac="true">soon</p>
  <p time="302450" is_ac="true">[Music]</p>
  <p time="311440" is_ac="true">okay so here we are about 30 minutes</p>
  <p time="313759" is_ac="true">later first thing I want to tell you the</p>
  <p time="316560" is_ac="true">smells that are coming off that um steak</p>
  <p time="319440" is_ac="true">kidney pie outrageous now my dolin eyes</p>
  <p time="323400" is_ac="true">PLO</p>
  <p time="326840" is_ac="true">there really creamy</p>
  <p time="330360" is_ac="true">I've got the broccoli with the tapenade</p>
  <p time="331960" is_ac="true">butter there on</p>
  <p time="333280" is_ac="true">top and we going move that over there I</p>
  <p time="336039" is_ac="true">have the gravy there as</p>
  <p time="338240" is_ac="true">well now I've got to tell you that's</p>
  <p time="340400" is_ac="true">quite a big</p>
  <p time="341880" is_ac="true">pie a very substantial pie now Bowl's</p>
  <p time="346560" is_ac="true">nice and</p>
  <p time="348080" is_ac="true">hot now I did complain last time um when</p>
  <p time="352520" is_ac="true">I I was served up in a bowl however no</p>
  <p time="354479" is_ac="true">complaints this time um mainly because I</p>
  <p time="357759" is_ac="true">want to drizzle all that gravy all over</p>
  <p time="360080" is_ac="true">the pie in a</p>
  <p time="361240" is_ac="true">moment</p>
  <p time="362880" is_ac="true">so where to start but it's got to be the</p>
  <p time="366319" is_ac="true">pie hasn't it oh another thing I do have</p>
  <p time="370720" is_ac="true">my English mustard here as</p>
  <p time="373120" is_ac="true">well I'll be tucking into that shortly</p>
  <p time="376039" is_ac="true">okay let's cut in see what it looks like</p>
  <p time="379360" is_ac="true">okay oh here that</p>
  <p time="381840" is_ac="true">christas on that</p>
  <p time="385479" is_ac="true">pastry the steam coming out</p>
  <p time="388560" is_ac="true">there all their beef here is 28 day aged</p>
  <p time="392440" is_ac="true">um all Source from</p>
  <p time="395199" is_ac="true">um English Farms British Farm sorry</p>
  <p time="400639" is_ac="true">yeah only one slight problem guys I</p>
  <p time="403120" is_ac="true">found a mushroom in there do you know</p>
  <p time="404720" is_ac="true">what for the channel I'm going to</p>
  <p time="405800" is_ac="true">actually try the mushroom I'm going to</p>
  <p time="407400" is_ac="true">I'm going to tuck in and try it because</p>
  <p time="408840" is_ac="true">everyone goes mad at me for not trying</p>
  <p time="410560" is_ac="true">it but first and foremost I'm going to</p>
  <p time="413560" is_ac="true">try I want to try that</p>
  <p time="416280" is_ac="true">beef take a look at it oh</p>
  <p time="420840" is_ac="true">beautiful steam coming off their amazing</p>
  <p time="429240" is_ac="true">smells that's quite</p>
  <p time="431599" is_ac="true">sad you put it in Melts in the mouth</p>
  <p time="434160" is_ac="true">gone it's no I want have it bit</p>
  <p time="437160" is_ac="true">more that is truly incredible some</p>
  <p time="441440" is_ac="true">kidney there I have that with there I</p>
  <p time="444479" is_ac="true">just have the kidney on its own let's</p>
  <p time="445800" is_ac="true">try</p>
  <p time="448520" is_ac="true">that</p>
  <p time="450759" is_ac="true">got tell you that wasn't a kidney not</p>
  <p time="452160" is_ac="true">mistake there's the kidney</p>
  <p time="454599" is_ac="true">there again that</p>
  <p time="458560" is_ac="true">genuinely just melts in your mouth</p>
  <p time="461879" is_ac="true">actually said that was mushroom I think</p>
  <p time="463919" is_ac="true">that's a kidney as</p>
  <p time="465720" is_ac="true">well well let's try it you can hear the</p>
  <p time="468879" is_ac="true">crispness of that</p>
  <p time="474639" is_ac="true">pastry let's try and get it all</p>
  <p time="478440" is_ac="true">together</p>
  <p time="480240" is_ac="true">put it in</p>
  <p time="488199" is_ac="true">there I think that's excellent in there</p>
  <p time="490800" is_ac="true">is that</p>
  <p time="492599" is_ac="true">gravy makes the P pie so</p>
  <p time="496840" is_ac="true">moist got it so well together as a</p>
  <p time="499599" is_ac="true">combination taking kidney pie you can't</p>
  <p time="501720" is_ac="true">really go wrong can</p>
  <p time="503080" is_ac="true">you wow wow I got to go for one more I'm</p>
  <p time="507680" is_ac="true">sorry i' got to i' got to go for one</p>
  <p time="509280" is_ac="true">more</p>
  <p time="514680" is_ac="true">more now what I'm going to do I'm try</p>
  <p time="518360" is_ac="true">these</p>
  <p time="520360" is_ac="true">potatoes let move that over there</p>
  <p time="522959" is_ac="true">slightly close up in</p>
  <p time="526040" is_ac="true">there a look at them</p>
  <p time="535279" is_ac="true">sers cream this cheese</p>
  <p time="538440" is_ac="true">just</p>
  <p time="544120" is_ac="true">incredible smells from it let's try the</p>
  <p time="546320" is_ac="true">doin wild</p>
  <p time="554680" is_ac="true">potato really</p>
  <p time="557480" is_ac="true">rich perfectly seasoned as well that</p>
  <p time="559839" is_ac="true">does not need any season that's the</p>
  <p time="561560" is_ac="true">interesting point there's no salt and</p>
  <p time="562800" is_ac="true">pepper on the</p>
  <p time="563839" is_ac="true">tables that's cuz they know they've been</p>
  <p time="566120" is_ac="true">seasoned perfectly now let's try some of</p>
  <p time="568399" is_ac="true">the broccoli here</p>
  <p time="573279" is_ac="true">now again just want to take a look there</p>
  <p time="575720" is_ac="true">that's actually quite a nice portion of</p>
  <p time="577040" is_ac="true">broccoli isn't it there's a lot of</p>
  <p time="578880" is_ac="true">broccoli in there all of butter in there</p>
  <p time="581279" is_ac="true">as</p>
  <p time="582440" is_ac="true">well okay let's see what it tastes</p>
  <p time="588920" is_ac="true">[Music]</p>
  <p time="590839" is_ac="true">like I tell you what I do like I do like</p>
  <p time="593160" is_ac="true">that tapanade butter</p>
  <p time="595360" is_ac="true">it's tapanade butter is made with Sund</p>
  <p time="597959" is_ac="true">Dred tomatoes</p>
  <p time="599920" is_ac="true">obviously C amount of butter but you can</p>
  <p time="602440" is_ac="true">really taste the sunri tomatoes through</p>
  <p time="606920" is_ac="true">that nice little crunch to the</p>
  <p time="609800" is_ac="true">um the</p>
  <p time="611560" is_ac="true">broccoli and it's full of flavor that is</p>
  <p time="614160" is_ac="true">fresh</p>
  <p time="618160" is_ac="true">broccoli that's happen kind of zingy</p>
  <p time="620760" is_ac="true">feel to it so imagine that will go</p>
  <p time="624040" is_ac="true">perfectly um with the um with the pie</p>
  <p time="627600" is_ac="true">definitely the steak in that pie</p>
  <p time="631200" is_ac="true">M that is right now the thing I am</p>
  <p time="634680" is_ac="true">interested in is the gravy take a look</p>
  <p time="636600" is_ac="true">at the color of that</p>
  <p time="639160" is_ac="true">gravy so wasn't the color I was</p>
  <p time="642120" is_ac="true">expecting it's all about the the flavor</p>
  <p time="644720" is_ac="true">and The Taste I'm not going to go mad</p>
  <p time="646160" is_ac="true">everywhere CU I want to taste it first</p>
  <p time="648600" is_ac="true">just put that in there like</p>
  <p time="651279" is_ac="true">that I'm going try it</p>
  <p time="655440" is_ac="true">here with some of the</p>
  <p time="658240" is_ac="true">steak</p>
  <p time="664440" is_ac="true">now the interesting thing is that gravy</p>
  <p time="666480" is_ac="true">it's the same gravy that's actually in</p>
  <p time="667959" is_ac="true">the</p>
  <p time="668760" is_ac="true">pie so that's been quite clever because</p>
  <p time="672639" is_ac="true">obviously you don't want different</p>
  <p time="674279" is_ac="true">different flavors going on so yeah do</p>
  <p time="677680" is_ac="true">like that</p>
  <p time="678839" is_ac="true">gravy now I better try one of these</p>
  <p time="680880" is_ac="true">mushrooms I promised you i' try a</p>
  <p time="684760" is_ac="true">mushroom let's try and hide</p>
  <p time="688240" is_ac="true">it</p>
  <p time="697000" is_ac="true">now tried the mushroom on the</p>
  <p time="699959" is_ac="true">channel unfortunately the mushrooms are</p>
  <p time="702880" is_ac="true">full of</p>
  <p time="704720" is_ac="true">flavor so you can taste them so I'm</p>
  <p time="708200" is_ac="true">definitely going to ruin my meal no more</p>
  <p time="710320" is_ac="true">mushrooms no more requests for mushrooms</p>
  <p time="712600" is_ac="true">mushrooms right out so I'm leaving the</p>
  <p time="715800" is_ac="true">mushrooms cuz I actually want to sit</p>
  <p time="717959" is_ac="true">here and really enjoy</p>
  <p time="720800" is_ac="true">this what can I say Quantity wise</p>
  <p time="724720" is_ac="true">excellent portions no issue on the</p>
  <p time="726320" is_ac="true">portions and that pie itself is a major</p>
  <p time="729880" is_ac="true">meal in itself there's lots in there</p>
  <p time="733120" is_ac="true">full of flavor all together what can I</p>
  <p time="738519" is_ac="true">say I'm in heaven yep I'm not silly it</p>
  <p time="743040" is_ac="true">is pricey sometimes you have to pay for</p>
  <p time="745760" is_ac="true">that</p>
  <p time="748160" is_ac="true">quality I'm going to savor</p>
  <p time="750760" is_ac="true">it I'll see you</p>
  <p time="753120" is_ac="true">soon okay I've got to tell you I am</p>
  <p time="755720" is_ac="true">actually really full up that's taking</p>
  <p time="757680" is_ac="true">kidney Pine that was really</p>
  <p time="760000" is_ac="true">substantial I was there going through it</p>
  <p time="762480" is_ac="true">I was like BL there's an awful lot here</p>
  <p time="764480" is_ac="true">and obviously then had the potatoes and</p>
  <p time="766480" is_ac="true">the broccoli with it as well now usually</p>
  <p time="768839" is_ac="true">when you come into places like this you</p>
  <p time="770600" is_ac="true">know the portions are a lot smaller and</p>
  <p time="772440" is_ac="true">you're kind of like oh actually I'm I'm</p>
  <p time="773760" is_ac="true">still hungry and all rest it not here</p>
  <p time="775600" is_ac="true">that's for sure but I did say I was</p>
  <p time="778240" is_ac="true">going to get a dessert</p>
  <p time="779760" is_ac="true">and I am going to get a dessert so what</p>
  <p time="781880" is_ac="true">do they have got the PE Tartan tart</p>
  <p time="785519" is_ac="true">Tartan apple and rhubarb crumble their</p>
  <p time="788320" is_ac="true">sticky toffee pudding I'm not having</p>
  <p time="790160" is_ac="true">that cuz I only just had that last time</p>
  <p time="792920" is_ac="true">baked Alaska pistachio cake rules golden</p>
  <p time="796639" is_ac="true">syrup sponge they got an English cheese</p>
  <p time="799120" is_ac="true">board and a um ston cheese board as well</p>
  <p time="802920" is_ac="true">and actually if you want Welsh rabbit on</p>
  <p time="804560" is_ac="true">sadough toast you can have that as well</p>
  <p time="806600" is_ac="true">now me I'm going to go for that apple</p>
  <p time="809600" is_ac="true">and rhubarb crumble with custard now</p>
  <p time="813399" is_ac="true">interesting enough having a look at the</p>
  <p time="814519" is_ac="true">menu all the way through the menu they</p>
  <p time="817440" is_ac="true">actually pair up um all the meals with</p>
  <p time="820079" is_ac="true">uh wines as well so here it says to have</p>
  <p time="822959" is_ac="true">a particular wine um which is 10 so I'm</p>
  <p time="825720" is_ac="true">not going to bother with that I'm going</p>
  <p time="827560" is_ac="true">to have the as I said the apple and</p>
  <p time="828880" is_ac="true">rubal crumble with custard and that's</p>
  <p time="831680" is_ac="true">£99.95 I think I might need a little bit</p>
  <p time="833920" is_ac="true">of a hand from the cameraman on this one</p>
  <p time="836839" is_ac="true">I am looking forward to it yeah</p>
  <p time="840320" is_ac="true">[Music]</p>
  <p time="851000" is_ac="true">definitely okay so here we are my</p>
  <p time="853360" is_ac="true">crumble is here apple and rhubarb one</p>
  <p time="856680" is_ac="true">that's</p>
  <p time="858160" is_ac="true">hot brilliant Aromas off that and</p>
  <p time="860800" is_ac="true">there's my uh custard as</p>
  <p time="864079" is_ac="true">well I that's could be vanilla custard</p>
  <p time="866800" is_ac="true">just having a look at it there</p>
  <p time="869320" is_ac="true">presentation wise that looks silly</p>
  <p time="871920" is_ac="true">doesn't it nothing just looking there</p>
  <p time="873600" is_ac="true">you got almonds on top as</p>
  <p time="875959" is_ac="true">well now let's dive in and see what it</p>
  <p time="878399" is_ac="true">tastes</p>
  <p time="893000" is_ac="true">like take closeup there you'll see you</p>
  <p time="897399" is_ac="true">got the Apple there you got the rhubarb</p>
  <p time="899519" is_ac="true">the one</p>
  <p time="901199" is_ac="true">thing it does desperately need sorry the</p>
  <p time="903959" is_ac="true">crumble there very very sweet I do like</p>
  <p time="906199" is_ac="true">the crunch of the almonds in there all</p>
  <p time="909920" is_ac="true">together real nice however take a quick</p>
  <p time="913320" is_ac="true">glance in there again let me put</p>
  <p time="915920" is_ac="true">over that</p>
  <p time="918120" is_ac="true">is very</p>
  <p time="922320" is_ac="true">dry so</p>
  <p time="924880" is_ac="true">essentially there a rub bu in</p>
  <p time="927959" is_ac="true">there what to have your custard let's</p>
  <p time="931040" is_ac="true">pour that Custard in</p>
  <p time="936759" is_ac="true">there look at that easing</p>
  <p time="940319" is_ac="true">through try get on the</p>
  <p time="942600" is_ac="true">tablecloth now let's try that as a big</p>
  <p time="948360" is_ac="true">combination not that big Gary that's</p>
  <p time="951360" is_ac="true">silly there we</p>
  <p time="957920" is_ac="true">go</p>
  <p time="960680" is_ac="true">I can assure you that is not powder</p>
  <p time="963800" is_ac="true">custard that is without a</p>
  <p time="967079" is_ac="true">doubt I'm not just saying this the best</p>
  <p time="971360" is_ac="true">crumble I've ever had in my</p>
  <p time="973959" is_ac="true">life you got the crunch there coming</p>
  <p time="976240" is_ac="true">through with the</p>
  <p time="977519" is_ac="true">almonds you got this real sweetness of</p>
  <p time="980959" is_ac="true">the crumble in the rhubarb itself slight</p>
  <p time="984880" is_ac="true">bit of feeling to the rhubarb which then</p>
  <p time="987560" is_ac="true">complements the Apple</p>
  <p time="989480" is_ac="true">perfectly and the</p>
  <p time="991440" is_ac="true">custard the custard just makes it now I</p>
  <p time="996120" is_ac="true">did say I'm going to be sharing this</p>
  <p time="999000" is_ac="true">with the cameraman however what I'm</p>
  <p time="1000560" is_ac="true">going to do I'm going to get the menu</p>
  <p time="1001639" is_ac="true">and Order him one for himself CU there's</p>
  <p time="1003519" is_ac="true">zero chance of me sharing this with</p>
  <p time="1005160" is_ac="true">anybody I I love the</p>
  <p time="1008399" is_ac="true">presentation you</p>
  <p time="1010560" is_ac="true">nice forget the forget the food if you</p>
  <p time="1014440" is_ac="true">happen to be passing rules just come in</p>
  <p time="1016399" is_ac="true">and say I'll have one of them crumbles</p>
  <p time="1026670" is_ac="true">[Music]</p>
  <p time="1039480" is_ac="true">incredible okay what I'm going to do I'm</p>
  <p time="1041959" is_ac="true">going to finish this savor it then I'm</p>
  <p time="1045559" is_ac="true">going to get the bill and then I'm going</p>
  <p time="1047240" is_ac="true">to go upstairs and they've got to kind</p>
  <p time="1049039" is_ac="true">of a a garden bar upstairs so I'm going</p>
  <p time="1051039" is_ac="true">to see if I can actually do the final</p>
  <p time="1052200" is_ac="true">review up</p>
  <p time="1053600" is_ac="true">there well what did you think what mark</p>
  <p time="1056799" is_ac="true">would you give it see you guys</p>
  <p time="1060360" is_ac="true">shortly I'm having</p>
  <p time="1062960" is_ac="true">fun okay I T you it's got a upstairs bar</p>
  <p time="1066760" is_ac="true">area and kind of a garden area as well</p>
  <p time="1069919" is_ac="true">it's it's enclosed but is jaw droping I</p>
  <p time="1073640" is_ac="true">mean take a look at the images here so</p>
  <p time="1076640" is_ac="true">relaxing he is really relaxing wouldn't</p>
  <p time="1079120" is_ac="true">expect this right here in the middle of</p>
  <p time="1081919" is_ac="true">Central London want to start let steing</p>
  <p time="1084400" is_ac="true">kidney pie that was really really</p>
  <p time="1087679" is_ac="true">substantial that was a big</p>
  <p time="1089520" is_ac="true">pie really like the steak in there that</p>
  <p time="1093200" is_ac="true">melt in your mouth as did the kidneys as</p>
  <p time="1095080" is_ac="true">well it did have some mushrooms I wasn't</p>
  <p time="1097280" is_ac="true">expecting that but the juice of that</p>
  <p time="1099559" is_ac="true">gravy going into that pastry that pastry</p>
  <p time="1102679" is_ac="true">was cooked to Perfection now you got to</p>
  <p time="1104400" is_ac="true">bear in mind you got to wait 30 minutes</p>
  <p time="1106760" is_ac="true">so it's made to order and I like that</p>
  <p time="1109559" is_ac="true">you then have the dolphin M potatoes had</p>
  <p time="1112280" is_ac="true">lots of cheese in there the cream the</p>
  <p time="1114080" is_ac="true">potato itself was cooked perfectly oh</p>
  <p time="1117080" is_ac="true">wow very rich that was very rich in</p>
  <p time="1120360" is_ac="true">flavor and then you had the uh broccoli</p>
  <p time="1123280" is_ac="true">there as well now I've got to be really</p>
  <p time="1124640" is_ac="true">honest I didn't need all that you know</p>
  <p time="1127360" is_ac="true">there was enough broccoli there and</p>
  <p time="1128600" is_ac="true">enough potato for for two so if you like</p>
  <p time="1131159" is_ac="true">I didn't need that kind of quantity the</p>
  <p time="1133919" is_ac="true">other thing was was great was the gravy</p>
  <p time="1135799" is_ac="true">cuz the gravy had all the flavors from</p>
  <p time="1137400" is_ac="true">the steak and the kidneys as well which</p>
  <p time="1139400" is_ac="true">went on top of the pastry and that was</p>
  <p time="1141880" is_ac="true">you know just perfect onto the crumble</p>
  <p time="1145280" is_ac="true">crumble itself is so sweet love the</p>
  <p time="1148120" is_ac="true">Apple rubab in there I'm not going to go</p>
  <p time="1150400" is_ac="true">mad about it cuz it was easily the best</p>
  <p time="1152799" is_ac="true">one I've ever had custard perfect so on</p>
  <p time="1155679" is_ac="true">to the bill for my steak and kidney pie</p>
  <p time="1158200" is_ac="true">it was</p>
  <p time="1159320" is_ac="true">£23.95 for my potatoes a Dophin wild</p>
  <p time="1162400" is_ac="true">it's 550 for the purple uh broccoli £550</p>
  <p time="1167200" is_ac="true">and my apple crumble</p>
  <p time="1169480" is_ac="true">£9.95 total of £44.90 there was a 12%</p>
  <p time="1173039" is_ac="true">discretionary service charge no issue on</p>
  <p time="1175159" is_ac="true">that £</p>
  <p time="1176760" is_ac="true">561 total of</p>
  <p time="1179600" is_ac="true">5051 5051 for one person however one</p>
  <p time="1184520" is_ac="true">thing I'm going to have to say here if</p>
  <p time="1186080" is_ac="true">you come in here they actually do have a</p>
  <p time="1187919" is_ac="true">set menu and I also when I looked on the</p>
  <p time="1189559" is_ac="true">menu there they had um lots of different</p>
  <p time="1192200" is_ac="true">Mills for two uh at less than £50 so</p>
  <p time="1196360" is_ac="true">again it depends on what you're going to</p>
  <p time="1197640" is_ac="true">come in and how much you're going to pay</p>
  <p time="1200000" is_ac="true">now me I can actually break my scores</p>
  <p time="1202880" is_ac="true">down I'm going to give the restaurant</p>
  <p time="1204840" is_ac="true">itself and it's history a perfect 10 out</p>
  <p time="1207320" is_ac="true">of 10 for that crumble that's an easy 10</p>
  <p time="1210559" is_ac="true">out of 10 come on even you score that</p>
  <p time="1212840" is_ac="true">that was</p>
  <p time="1214200" is_ac="true">perfect for my steak and kidney</p>
  <p time="1217120" is_ac="true">pie I'm going to give that a nine out of</p>
  <p time="1220360" is_ac="true">10 I'm not going to split hairs here I'm</p>
  <p time="1223400" is_ac="true">just going to say this was a 9 and a</p>
  <p time="1226240" is_ac="true">half out of</p>
  <p time="1227640" is_ac="true">10 guys I understand the price it's not</p>
  <p time="1231039" is_ac="true">cheap there's no I knew the price before</p>
  <p time="1233559" is_ac="true">I came in here so there's no point in me</p>
  <p time="1235240" is_ac="true">sort of complaining in the menu outside</p>
  <p time="1237280" is_ac="true">you can see the prices for yourselves so</p>
  <p time="1238960" is_ac="true">you got the choice am I going to try it</p>
  <p time="1240280" is_ac="true">or I'm not going to try it for that</p>
  <p time="1242760" is_ac="true">special occasion I'll definitely be back</p>
  <p time="1244919" is_ac="true">without a shadow of a doubt I will come</p>
  <p time="1246559" is_ac="true">back here and I'd save for it without a</p>
  <p time="1249240" is_ac="true">doubt listen I'd love to hear your</p>
  <p time="1250520" is_ac="true">comments have you been to ruls if you</p>
  <p time="1252200" is_ac="true">have love to know what you think of the</p>
  <p time="1253960" is_ac="true">place but from my end for that special</p>
  <p time="1256559" is_ac="true">occasion definitely give it a guy</p>
  <p time="1259559" is_ac="true">you like And subscribe to the channel</p>
  <p time="1261440" is_ac="true">you know I always appreciate that until</p>
  <p time="1263960" is_ac="true">next</p>
  <p time="1265039" is_ac="true">time I'm actually moving I'm just going</p>
  <p time="1267240" is_ac="true">to sit here and relax for a while</p>
  <p time="1271760" is_ac="true">bye-bye it's</p>
  <p time="1273880" is_ac="true">gorgeous</p>
</text>
