<?xml version='1.0' encoding='UTF-8'?>
<text date_d="19" date_m="5" date_y="2023" format="srv3" age_limit="0" comment_count="700" description="#Plénitude #ArnaudDonckele #3michelinstar &#10;&#10;Welcome to Paris. Home of the Mona Lisa, the Eiffel Tower and our restaurant for today - Plénitude.&#10;It opened in 2021 and was awarded 3 Michelin stars in it’s first year. The head chef is Arnaud Donckele. Crafting a menu that puts sauce in the spotlight is genius. In French cuisine, sauce plays a major role, but maybe not the attention it should. Chef Donckele gives it that attention. &#10;I can honestly say my experience at Plenitude was perfect.&#10;&#10;----------------------------------------------------------------&#10;&#10;Follow my journey on instagram: https://www.instagram.com/alexandertheguest&#10;&#10;My name is Alexander. I’m the co-owner of a ONE Michelin star restaurant, and I’m on a mission - to find inspiration in gastronomy. I love fine dining, good wine and sharing what I know with other people.&#10;&#10;----------------------------------------------------------------&#10;&#10;Check out my restaurant: &#10;https://www.instagram.com/42restaurant/&#10;&#10;YOU CAN ALSO FIND ME HERE:&#10;&#10;Instagram - https://www.instagram.com/alexandertheguest&#10;Email - hello@alexandertheguest.com" fulltitle="The PERFECT Restaurant Experience - Plénitude (Cheval Blanc, Paris)" like_count="15221" location="PÁRIZS" playlist_title="na" release_date="na" upload_date="20230519" repost_count="na" tags="perfect restaurant; plénitude; Arnaud Donckele; paris; france; French cuisine; three michelin stars; 3 michelin; 3 michelin star restaurant; 3 michelin star chef; three michelin star dishes; The world’s best restaurant; fine dining restaurant; three Michelin stars; Michelin star; alexander the guest; best restaurant; Cheval Blanc Paris; cheval blanc; LVMH Moet Hennessy Louis Vuitton; french chefs; paris restaurants; restaurants in paris; cheval black paris restaurant; " title="The PERFECT Restaurant Experience - Plénitude (Cheval Blanc, Paris)" uploader="Alexander The Guest" view_count="529839" webpage_url="https://www.youtube.com/watch?v=mm5DIoPvkJE" autocaption="false">
  <p time="0" is_ac="false">I can honestly say</p>
  <p time="1560" is_ac="false">my experience at Plenitude</p>
  <p time="5160" is_ac="false">was perfect.</p>
  <p time="6180" is_ac="false">It’s a place with many names</p>
  <p time="8340" is_ac="false">The City of Lights, of Love, 
of Fashion and of course</p>
  <p time="12720" is_ac="false">Gastronomy.</p>
  <p time="15300" is_ac="false">Welcome to Paris.</p>
  <p time="16980" is_ac="false">Home of the Mona Lisa, the Eiffel Tower</p>
  <p time="19560" is_ac="false">and our restaurant for today</p>
  <p time="21360" is_ac="false">Plenitude.</p>
  <p time="25920" is_ac="false">It’s located just steps away from the Louvre</p>
  <p time="28560" is_ac="false">on the first floor of Cheval Blanc Paris.</p>
  <p time="30900" is_ac="false">It’s the newest 5-star hotel by luxury powerhouse
LVMH Moet Hennessy Louis Vuitton.</p>
  <p time="36360" is_ac="false">Opened in 2021,</p>
  <p time="37740" is_ac="false">it occupies the historic Samaritaine
building and overlooks the river Seine.</p>
  <p time="42240" is_ac="false">The project was 16 years in the making,</p>
  <p time="44400" is_ac="false">and the result is a new level of luxury.</p>
  <p time="47280" is_ac="false">With only 72 rooms and suites,</p>
  <p time="49260" is_ac="false">the focus is on the guest.</p>
  <p time="51120" is_ac="false">As stated on the website:</p>
  <p time="52680" is_ac="false">Everything is possible, at 
any time, whatever the desire,</p>
  <p time="56820" is_ac="false">the butler is there to see to it.</p>
  <p time="59880" is_ac="false">Every room has a breathtaking view.</p>
  <p time="62460" is_ac="false">We stayed in a deluxe room for 2000 euros.</p>
  <p time="65760" is_ac="false">The top of the line is the penthouse.</p>
  <p time="67920" is_ac="false">It goes for 55,000 euros per night.</p>
  <p time="72780" is_ac="false">Plenitude is one of 4 restaurants in this
hotel.</p>
  <p time="75660" is_ac="false">It opened in 2021 and was awarded 3 michelin
stars in it’s first year.</p>
  <p time="80340" is_ac="false">It’s the second time in 30 years that a
chef has accomplished such a feat.</p>
  <p time="85560" is_ac="false">Who is this talented chef?</p>
  <p time="87300" is_ac="false">That would be Arnaud Donckele.</p>
  <p time="89400" is_ac="false">He grew up in Normandy.</p>
  <p time="90960" is_ac="false">At 16, he left for Paris to study culinary
arts.</p>
  <p time="95040" is_ac="false">His first big break came in 1996.</p>
  <p time="97980" is_ac="false">An internship under Chef Michel Guerard at
his 3 michelin star restaurant.</p>
  <p time="102720" is_ac="false">Two years later Donckele gets hired at Le
Louis XV in Monte Carlo</p>
  <p time="107580" is_ac="false">and works under superchef Alain Ducasse.</p>
  <p time="111180" is_ac="false">By 2004, he is ready for a head chef position
of his own.</p>
  <p time="114720" is_ac="false">He finds it in Saint Tropez, at La Vague d’Or</p>
  <p time="117480" is_ac="false">a hotel restaurant with one Michelin star.</p>
  <p time="119820" is_ac="false">In 2011, he makes it 2 stars.</p>
  <p time="122880" is_ac="false">And in 2013 Donckele becomes the youngest
chef</p>
  <p time="125880" is_ac="false">with 3 Michelin stars at the age of 36.</p>
  <p time="129180" is_ac="false">In 2021, he is asked to 
take the helm at Plenitude.</p>
  <p time="133440" is_ac="false">The name translates to the word “Fullness”</p>
  <p time="136140" is_ac="false">I’m excited to find out what they mean.</p>
  <p time="140760" is_ac="false">We cut through the hotel to get to Plenitude.</p>
  <p time="142740" is_ac="false">The main lobby feels more like museum than
a hotel.</p>
  <p time="146040" is_ac="false">After reaching the table,</p>
  <p time="147840" is_ac="false">we were kindly invited to visit the wine cave.</p>
  <p time="154800" is_ac="false">Look at all that wine</p>
  <p time="156840" is_ac="false">What a beautiful sight.</p>
  <p time="158640" is_ac="false">I am starting to see how this place went from
zero to three Michelin stars,</p>
  <p time="163440" is_ac="false">and I haven’t even sat down.</p>
  <p time="165840" is_ac="false">Our table is in a bright, beautiful dining
area.</p>
  <p time="169380" is_ac="false">An elastic edge tablecloth gives the
tables a clean, streamlined look.</p>
  <p time="174120" is_ac="false">The wine list is incredible.</p>
  <p time="175920" is_ac="false">They have some of the world’s most exclusive
wines by the glass.</p>
  <p time="179520" is_ac="false">Take the Madeira sweet wine from 1850.</p>
  <p time="182460" is_ac="false">One glass of that will set you back a whopping
sixteen hundred and twenty Euros.</p>
  <p time="187380" is_ac="false">That works out to a little more than 1 euro
85 per drop.</p>
  <p time="191880" is_ac="false">On the champagne list there 
was a mind-blowing option.</p>
  <p time="195060" is_ac="false">Dom Perignon Vintage 2004 Plénitude 2.</p>
  <p time="199800" is_ac="false">Plenitude are special releases of the prestige
Dom Perignon champagne cuvee.</p>
  <p time="205020" is_ac="false">They are released when the wine has reached
perfect aging harmony while maintaining freshness.</p>
  <p time="210480" is_ac="false">They are released in three phases.</p>
  <p time="213000" is_ac="false">P1 is aged at least 8 years</p>
  <p time="215700" is_ac="false">P2 a minimum of 12 years</p>
  <p time="217920" is_ac="false">And P3 at least a quarter century.</p>
  <p time="221460" is_ac="false">The menu design is unique.</p>
  <p time="223620" is_ac="false">The front cover is canvas and the back is
made of pressed leaves,</p>
  <p time="227820" is_ac="false">plus the paper is recycled.</p>
  <p time="230340" is_ac="false">Plenitude has two menus.</p>
  <p time="232020" is_ac="false">The first is called “Sail away together”</p>
  <p time="234900" is_ac="false">You build your own menu.</p>
  <p time="237180" is_ac="false">From 14 items you choose three savory courses</p>
  <p time="240420" is_ac="false">and one sweet course for 360 euros.</p>
  <p time="244020" is_ac="false">The second is something really special.</p>
  <p time="247020" is_ac="false">It’s called the symphony menu.</p>
  <p time="249480" is_ac="false">It’s a guided culinary experience through
six different sauces,</p>
  <p time="253560" is_ac="false">harmoniously crafted like a symphony.</p>
  <p time="256440" is_ac="false">It’s 435 euros.</p>
  <p time="258780" is_ac="false">The concept is new and exciting to me</p>
  <p time="261480" is_ac="false">I have never seen sauce in 
the spotlight before today.</p>
  <p time="265380" is_ac="false">At the end of the day, sauce is a main part
of French cuisine.</p>
  <p time="269520" is_ac="false">There are several wine pairings.</p>
  <p time="271500" is_ac="false">We choose the champagne pairing for 295 euros.</p>
  <p time="275040" is_ac="false">I go for the “timeless icons” wine pairing
for 495 euros.</p>
  <p time="279480" is_ac="false">Let the symphony begin!</p>
  <p time="284460" is_ac="false">We start with a few bites.</p>
  <p time="286320" is_ac="false">We have crab tart, oyster, and marinated root
vegetable roll.</p>
  <p time="293460" is_ac="false">Then our first amuse bouche, and our first
sauce.</p>
  <p time="296520" is_ac="false">They suggest several times we try the sauce
first.</p>
  <p time="307200" is_ac="false">The flavor is savory and zesty.</p>
  <p time="310020" is_ac="false">I love it.</p>
  <p time="310920" is_ac="false">On the end of the spear is grilled octopus.</p>
  <p time="314940" is_ac="false">The detail. So creative.</p>
  <p time="317280" is_ac="false">We joked that they should give us the recipe
for the sauce,</p>
  <p time="321420" is_ac="false">and moments later they did just that!</p>
  <p time="324420" is_ac="false">Incredible</p>
  <p time="326820" is_ac="false">The bread comes out next.</p>
  <p time="329220" is_ac="false">Simple and perfect.</p>
  <p time="333900" is_ac="false">Next is another amuse bouche.</p>
  <p time="335760" is_ac="false">The sauce is a coulis made with asparagus
and chlorophyll</p>
  <p time="339660" is_ac="false">with it is sea breem.</p>
  <p time="341400" is_ac="false">The sauce has an intense herbal flavor.</p>
  <p time="344160" is_ac="false">It’s aromatic like a perfume.</p>
  <p time="346440" is_ac="false">The fish is light and tender.</p>
  <p time="351060" is_ac="false">Suddenly, we are on the move.</p>
  <p time="352800" is_ac="false">The waiter brings us to the kitchen.</p>
  <p time="356220" is_ac="false">We are seated at the chef’s table,</p>
  <p time="358080" is_ac="false">and get a visit from the 
man himself, Chef Donckele.</p>
  <p time="363240" is_ac="false">It’s time for our first course.</p>
  <p time="365580" is_ac="false">The sauce is a bouillon served with
Ravioli with truffle and artichokes.</p>
  <p time="370860" is_ac="false">Again, we are told</p>
  <p time="372240" is_ac="false">I do.</p>
  <p time="375900" is_ac="false">It’s exciting.</p>
  <p time="377040" is_ac="false">It’s light, with a deep citrus flavor.</p>
  <p time="380040" is_ac="false">The vegetables are in their best form.</p>
  <p time="382140" is_ac="false">and it’s served with a gorgeous focaccia</p>
  <p time="384660" is_ac="false">This course is paired with Ruinart champagne</p>
  <p time="386880" is_ac="false">and Le Petit Cheval bordeaux blanc from 2019.</p>
  <p time="390540" is_ac="false">Before we know it,</p>
  <p time="391680" is_ac="false">the Chef is back for the second course.</p>
  <p time="393540" is_ac="false">In the spotlight is a velvet sauce for the
dish of sardine, fennel and tarragon.</p>
  <p time="400920" is_ac="false">The flavor is nothing short of phenomenal.</p>
  <p time="403620" is_ac="false">The chef tells us that this sauce is his favorite.</p>
  <p time="407040" is_ac="false">and inventing a new sauce is a lot like creating
perfume.</p>
  <p time="415620" is_ac="false">it takes passion and patience.</p>
  <p time="418740" is_ac="false">The pairing is a Trimbach riesling from 1997.</p>
  <p time="422220" is_ac="false">The riesling has changed a lot in the 
last decade because of the climate change.</p>
  <p time="426420" is_ac="false">This wine is from the pre climate change era.</p>
  <p time="429240" is_ac="false">This old fashion riesling 
is dry and slightly acidic,</p>
  <p time="432300" is_ac="false">which goes well with the fish.</p>
  <p time="434700" is_ac="false">We head back to our original table for the
third course</p>
  <p time="442860" is_ac="false">The sauce is a broth with oyster and brown
butter</p>
  <p time="446160" is_ac="false">for turbot and caviar.</p>
  <p time="448140" is_ac="false">Let me say the sauce was damn good!</p>
  <p time="456240" is_ac="false">This bottle retails for around 1000 euros.</p>
  <p time="477780" is_ac="false">He is a young guy</p>
  <p time="478860" is_ac="false">but he just might be my hero.</p>
  <p time="482280" is_ac="false">Next is a palette cleanser.</p>
  <p time="484320" is_ac="false">It’s called Trou Normand.</p>
  <p time="486060" is_ac="false">It’s an apple sorbet with Calvados,</p>
  <p time="488880" is_ac="false">an apple brandy from Normandy.</p>
  <p time="491520" is_ac="false">This is a traditional dish that pays tribute
to Chef's hometown.</p>
  <p time="496260" is_ac="false">For the main course -
Pigeon au jus.</p>
  <p time="498660" is_ac="false">The sauce uses meat broth and is intense with
flavors of truffle, black olive and rosemary.</p>
  <p time="507060" is_ac="false">We have grilled pigeon breast, leg wrapped
in potato and a liver canape.</p>
  <p time="512520" is_ac="false">The meat is super tender and flavorful.</p>
  <p time="515100" is_ac="false">The whole course is to die for.</p>
  <p time="517200" is_ac="false">The champagne pairing is a Dom Ruinart rose
2009.</p>
  <p time="520980" is_ac="false">The wine pairing on this course is something
brand new for me.</p>
  <p time="526560" is_ac="false">Wine that is a half-century old.</p>
  <p time="529380" is_ac="false">It’s a 1973 Chateau La Fleur.</p>
  <p time="533100" is_ac="false">It's mostly Merlot from the Pomerol region</p>
  <p time="535560" is_ac="false">across the road from Petrus, widely 
regarded as the best in the region.</p>
  <p time="555060" is_ac="false">True on so many levels.</p>
  <p time="557280" is_ac="false">The wine felt surprisingly young.</p>
  <p time="559380" is_ac="false">I would never guess it was 50 years old.</p>
  <p time="562020" is_ac="false">It had a lively acidity, notes of fruit, tobacco
and mushroom.</p>
  <p time="566880" is_ac="false">And they had it by the glass.</p>
  <p time="569520" is_ac="false">This was a first for me and the pinnacle of
the evening.</p>
  <p time="573180" is_ac="false">Then it was time for the cheese.</p>
  <p time="575520" is_ac="false">But there is no cheese trolley here.</p>
  <p time="577560" is_ac="false">They move a piece of the wall and
There we have a hidden cheese closet.</p>
  <p time="594720" is_ac="false">We are invited to pick a vintage plate and
choose our cheeses.</p>
  <p time="599280" is_ac="false">The plates have a lot of history.</p>
  <p time="602220" is_ac="false">I love them.</p>
  <p time="612240" is_ac="false">The cheeses are all arranged by milk type
and have favorites from the chef and his friends.</p>
  <p time="618120" is_ac="false">Nice personal touch.</p>
  <p time="620880" is_ac="false">Next is dessert.</p>
  <p time="622740" is_ac="false">At Plenitude, they are lucky to have not one,
but two super talented chefs.</p>
  <p time="628320" is_ac="false">I’m happy to learn that Maxime Frédéric
is a young pastry genius internationally known</p>
  <p time="634140" is_ac="false">for his light desserts.</p>
  <p time="635700" is_ac="false">The final sauce on our menu was an infusion
made with rose water.</p>
  <p time="639660" is_ac="false">It was served with strawberries and pollen.</p>
  <p time="642480" is_ac="false">Very delicate and not too sweet.</p>
  <p time="644940" is_ac="false">What a finale.</p>
  <p time="646620" is_ac="false">But we weren’t done.</p>
  <p time="648180" is_ac="false">There was an encore.</p>
  <p time="649500" is_ac="false">A chocolate pod flower.</p>
  <p time="651240" is_ac="false">And a crisp with coffee bean ice cream.</p>
  <p time="653880" is_ac="false">It’s paired with a vintage Madiera from
1994.</p>
  <p time="657900" is_ac="false">It has sweetness balanced by vibrant acidity.</p>
  <p time="662340" is_ac="false">And then, the petit fours.</p>
  <p time="670004" is_ac="false">Brilliant!</p>
  <p time="670920" is_ac="false">Lemon ice cream tart
Kiwi and ginger ice cloud</p>
  <p time="674040" is_ac="false">Normandy rice pudding.</p>
  <p time="675900" is_ac="false">and a vintage digestif to go with it.</p>
  <p time="678660" is_ac="false">What a meal.</p>
  <p time="680100" is_ac="false">I love this idea of a popup book.</p>
  <p time="682560" is_ac="false">It’s a great keepsake not only of the restaurant
but also of the city.</p>
  <p time="688080" is_ac="false">They packed a pastry to go as well.</p>
  <p time="691260" is_ac="false">For the two of us, lunch came to a little
over 2000 euros.</p>
  <p time="695220" is_ac="false">And now my final thoughts on Plenitude</p>
  <p time="698122" is_ac="false">Does the perfect restaurant exist?</p>
  <p time="700213" is_ac="false">I don’t know.</p>
  <p time="701700" is_ac="false">But the perfect experience?</p>
  <p time="704040" is_ac="false">Absolutely.</p>
  <p time="705200" is_ac="false">Plenitude is the type of place that should
come with a warning.</p>
  <p time="709440" is_ac="false">Prepare to be amazed by an experience that
will activate your senses to the fullest.</p>
  <p time="715860" is_ac="false">And leave you wanting to come back.</p>
  <p time="718500" is_ac="false">and that does it for this episode</p>
  <p time="720294" is_ac="false">thank you for joining me</p>
  <p time="721825" is_ac="false">if you like this video,</p>
  <p time="722869" is_ac="false">hit subscribe</p>
  <p time="724048" is_ac="false">see you next time</p>
</text>
