<?xml version='1.0' encoding='UTF-8'?>
<text date_d="18" date_m="1" date_y="2023" format="srv3" age_limit="0" comment_count="158" description="The Best Restaurants in NYC You Must Try&#10;Get 50% off your first order of CookUnity meals — go to https://cookunity.com/brettconti and use my code BRETTCONTI50 at checkout to try them out for yourself! Thanks to CookUnity for sponsoring this video!&quot;&#10;Subscriber for more videos @brettconti &#10;&#10;Check out&#10;@AlexandraRobinson &#10;@GabrielDeSanti &#10;@NoelleCrooks &#10;&#10;Subscribe to my Newsletter https://bit.ly/BrettNewsLetter&#10;&#10;In today's vlog we explore NYC as I showcase some of my favorite restaurants here in the city in a day in the life style vlog.&#10;&#10;0:00 Intro&#10;0:20 Black Seed Bagel&#10;2:07 Maman Cafe&#10;4:28 Cook Unity&#10;5:40 Bodhi Chinatown&#10;8:08 Cafe Panna&#10;10:26 Frank &#10;&#10;My Camera: https://amzn.to/3B0sKBM&#10;Lens I Use: https://amzn.to/3yRYma9&#10;Drone: https://amzn.to/3ISjmlz&#10;Music I use for all my videos. Sign up for a free Musicbed account to try for yourself https://bit.ly/3yV3uKv" fulltitle="The Best Restaurants in NYC You Must Try" like_count="3431" location="na" playlist_title="na" release_date="na" upload_date="20230118" repost_count="na" tags="The Best Restaurants in NYC You Must Try; NYC; Brett Conti; New York City; Brett Conti nyc; NYC food; best restaurants in nyc; where to eat in nyc; nyc bagels; nyc pizza; cheap vs expensive; buzzfeedvideo; NYC Top 10 Foods; living in nyc; life in new york city; travel nyc; nyc things to do; best Italian food in nyc; best restaurants in the world; food blogger; best food in the world.; nyc youtuber; nyc vlogger; new york; nyc food; " title="The Best Restaurants in NYC You Must Try" uploader="Brett Conti" view_count="140366" webpage_url="https://www.youtube.com/watch?v=0FKwPYG6a0M" autocaption="true">
  <p time="539" is_ac="true">today we are going to be eating at the</p>
  <p time="2700" is_ac="true">best restaurants in New York City</p>
  <p time="10980" is_ac="true">I have eaten at thousands of restaurants</p>
  <p time="12719" is_ac="true">here in New York throughout my life and</p>
  <p time="14460" is_ac="true">today I'm going to be taking you with me</p>
  <p time="16199" is_ac="true">as we eat at my top five personal</p>
  <p time="18660" is_ac="true">favorites</p>
  <p time="21640" is_ac="true">[Music]</p>
  <p time="23340" is_ac="true">and first up on today's itinerary we are</p>
  <p time="25980" is_ac="true">going to be getting a classic New York</p>
  <p time="28500" is_ac="true">City Bagel and this Bagel Spot I did</p>
  <p time="30720" is_ac="true">only find this year but quickly became</p>
  <p time="33480" is_ac="true">my go-to bagel spots every weekend also</p>
  <p time="36960" is_ac="true">it is like 15 degrees out right now</p>
  <p time="40739" is_ac="true">I cannot wait for a Hot Bagel</p>
  <p time="45000" is_ac="true">how you doing back there Noelle</p>
  <p time="51440" is_ac="true">[Music]</p>
  <p time="55699" is_ac="true">now my go-to meal here at black seed is</p>
  <p time="59039" is_ac="true">getting the pastrami egg and cheese this</p>
  <p time="62100" is_ac="true">thing is just a beautiful bagel and</p>
  <p time="64920" is_ac="true">actually the reason why we found this</p>
  <p time="66360" is_ac="true">place is because Noel is gluten free and</p>
  <p time="70320" is_ac="true">they have gluten-free Bagels how are the</p>
  <p time="73080" is_ac="true">gluten-free babies my favorite in the</p>
  <p time="75119" is_ac="true">city so good</p>
  <p time="77220" is_ac="true">and what also is great I feel like this</p>
  <p time="79260" is_ac="true">place is a bit of a Hidden Gem where a</p>
  <p time="81720" is_ac="true">lot of the other bagel places on the</p>
  <p time="83159" is_ac="true">weekends will have lines that can last</p>
  <p time="85020" is_ac="true">an hour but we come here around 10 a.m</p>
  <p time="87659" is_ac="true">on a Saturday and you can get right in</p>
  <p time="90240" is_ac="true">and get your delicious New York Bagel</p>
  <p time="92900" is_ac="true">certified flavor bomb</p>
  <p time="96180" is_ac="true">so the reason I wanted to film this</p>
  <p time="97979" is_ac="true">video today is because later this week I</p>
  <p time="100979" is_ac="true">am going to be leaving New York for</p>
  <p time="102659" is_ac="true">about three months heading out to Asia</p>
  <p time="104880" is_ac="true">to film a bunch of videos out there and</p>
  <p time="107220" is_ac="true">also to escape a bit of this winter so</p>
  <p time="109979" is_ac="true">before I left I did want to go to all of</p>
  <p time="112200" is_ac="true">my favorite spots here in New York and</p>
  <p time="114000" is_ac="true">to make this video to show you guys as</p>
  <p time="115860" is_ac="true">well as to meet up with some of my</p>
  <p time="117899" is_ac="true">closest friends before I do leave so</p>
  <p time="119820" is_ac="true">right now we're about to head downtown</p>
  <p time="121079" is_ac="true">to one of my favorite cafes and meet up</p>
  <p time="123600" is_ac="true">with Gabe</p>
  <p time="125399" is_ac="true">enjoy this cold ride</p>
  <p time="132560" is_ac="true">now for this next place we are going to</p>
  <p time="135480" is_ac="true">a Maman Cafe my moms have location all</p>
  <p time="138420" is_ac="true">throughout the city but this one here in</p>
  <p time="140580" is_ac="true">SoHo is my favorite also we are here</p>
  <p time="143879" is_ac="true">with Gabe Davey's back on the Vlog baby</p>
  <p time="146640" is_ac="true">too long since you've been back on the</p>
  <p time="148920" is_ac="true">channel I know Gabe was my roommate for</p>
  <p time="151739" is_ac="true">like three years who traveled around the</p>
  <p time="153540" is_ac="true">world and I feel like you haven't been</p>
  <p time="154980" is_ac="true">on the channel in months so happy to be</p>
  <p time="157500" is_ac="true">back yeah we get to eat today yeah dude</p>
  <p time="159480" is_ac="true">we're getting some you've had my mom</p>
  <p time="160980" is_ac="true">right of course I've had Mama yeah come</p>
  <p time="163019" is_ac="true">on</p>
  <p time="163920" is_ac="true">it's like such a good fresh like French</p>
  <p time="166800" is_ac="true">cafe yeah so my mom's actually inspired</p>
  <p time="169620" is_ac="true">by the south of France my mom actually</p>
  <p time="171959" is_ac="true">means mother in French something I</p>
  <p time="175080" is_ac="true">learned something new today exactly so</p>
  <p time="177120" is_ac="true">this location here is one of the most</p>
  <p time="179280" is_ac="true">aesthetically pleasing decors that I've</p>
  <p time="182640" is_ac="true">seen out of any Cafe here so definitely</p>
  <p time="185340" is_ac="true">recommend this one</p>
  <p time="187819" is_ac="true">so what I love about this placement is</p>
  <p time="190739" is_ac="true">not only do they have delicious coffee</p>
  <p time="192300" is_ac="true">but they also have delicious croissants</p>
  <p time="195599" is_ac="true">and all their other brunch meals but</p>
  <p time="198060" is_ac="true">they're croissants probably in my top</p>
  <p time="200819" is_ac="true">three favorites in New York since</p>
  <p time="202500" is_ac="true">they're flaky on the outside but on the</p>
  <p time="205500" is_ac="true">inside it's just so soft and chewy</p>
  <p time="208620" is_ac="true">moisture they got a moist inside it's</p>
  <p time="211140" is_ac="true">moist what do you think of their</p>
  <p time="212760" is_ac="true">croissants because there's a few</p>
  <p time="214080" is_ac="true">locations around New York like it's my</p>
  <p time="216239" is_ac="true">go-to croissant if I'm like oh like I</p>
  <p time="218220" is_ac="true">really want a croissant right now like I</p>
  <p time="219720" is_ac="true">know that there's one probably within</p>
  <p time="221099" is_ac="true">like 10 minute walk from like where I</p>
  <p time="223500" is_ac="true">typically am in Manhattan if you guys</p>
  <p time="225659" is_ac="true">are looking for a cool cafe to hang out</p>
  <p time="227819" is_ac="true">to work or just meet up with some</p>
  <p time="229920" is_ac="true">friends highly recommend going to Maman</p>
  <p time="232319" is_ac="true">again the coffee is great the croissants</p>
  <p time="234360" is_ac="true">and all of the meals I know Gabe I put</p>
  <p time="237060" is_ac="true">you onto that Popeye's breakfast bowl</p>
  <p time="238500" is_ac="true">yeah how good is that thing I I have to</p>
  <p time="241080" is_ac="true">be truthful Brett raw minimum on like</p>
  <p time="243360" is_ac="true">two weeks ago and we had that bowl he</p>
  <p time="246299" is_ac="true">was like you got to get the bowl and I</p>
  <p time="247500" is_ac="true">was like fine I'll get the bowl</p>
  <p time="248760" is_ac="true">life-changing that's what I'm gonna get</p>
  <p time="250379" is_ac="true">every time I walk in there now I'm so</p>
  <p time="252480" is_ac="true">full that was like the perfect breakfast</p>
  <p time="254760" is_ac="true">and my mom does have locations all</p>
  <p time="256440" is_ac="true">throughout the city so definitely</p>
  <p time="257940" is_ac="true">recommend checking them out also Gabe I</p>
  <p time="260820" is_ac="true">will see you when I'm back from Asia oh</p>
  <p time="263100" is_ac="true">my brother how long do I have to wait</p>
  <p time="264900" is_ac="true">like three months three months uh-huh</p>
  <p time="268080" is_ac="true">I'll see you soon brother so we just</p>
  <p time="269940" is_ac="true">made it back home and wanted to share</p>
  <p time="271259" is_ac="true">with you guys quickly about today's</p>
  <p time="272580" is_ac="true">sponsor</p>
  <p time="273900" is_ac="true">cook Unity for those of you who live in</p>
  <p time="276419" is_ac="true">New York listen up now as a lot of you</p>
  <p time="278460" is_ac="true">may know I'm not the best cook but cook</p>
  <p time="281880" is_ac="true">Unity is the answer to my problems last</p>
  <p time="285419" is_ac="true">night I had their cheesy keto chicken</p>
  <p time="287040" is_ac="true">parm bowl for dinner which was made by</p>
  <p time="289139" is_ac="true">Andres Mendes and was phenomenal one of</p>
  <p time="292560" is_ac="true">my other favorite meals from cook Unity</p>
  <p time="294180" is_ac="true">is their sweet chili chicken made by</p>
  <p time="296220" is_ac="true">Irvin Paredes then today I'm going to be</p>
  <p time="298440" is_ac="true">making their spaghetti squash with</p>
  <p time="300180" is_ac="true">grass-fed beef meatballs which was also</p>
  <p time="302759" is_ac="true">made by Andreas Mendez as well cook</p>
  <p time="305160" is_ac="true">unity's 50 plus chefs come from some of</p>
  <p time="307259" is_ac="true">the best restaurants in the country and</p>
  <p time="309479" is_ac="true">bring their signature dishes to your</p>
  <p time="311400" is_ac="true">table every week and there are other</p>
  <p time="313740" is_ac="true">meal subscriptions but no one does it</p>
  <p time="316199" is_ac="true">like cook Unity they're the first ever</p>
  <p time="318240" is_ac="true">Chef to you delivery service bringing</p>
  <p time="320580" is_ac="true">restaurant quality meals right to your</p>
  <p time="322979" is_ac="true">table</p>
  <p time="324960" is_ac="true">mm-hmm cook Unity was kind enough to</p>
  <p time="327419" is_ac="true">hook all my subscribers up with 50 off</p>
  <p time="329520" is_ac="true">their first order so if you go to cook</p>
  <p time="332120" is_ac="true">unity.comte or go to the link down below</p>
  <p time="334500" is_ac="true">and use Brett conte50 at checkout you'll</p>
  <p time="336720" is_ac="true">be able to try out these delicious meals</p>
  <p time="338100" is_ac="true">for yourself</p>
  <p time="343880" is_ac="true">so now for this next place we are here</p>
  <p time="346620" is_ac="true">in Chinatown going to one of my favorite</p>
  <p time="349199" is_ac="true">restaurants in the city that I would say</p>
  <p time="351720" is_ac="true">is a bit of a Hidden Gem and I'm also</p>
  <p time="353940" is_ac="true">here</p>
  <p time="354900" is_ac="true">with Alex</p>
  <p time="356580" is_ac="true">what's up Alex have you been to this</p>
  <p time="358680" is_ac="true">restaurant never been to Bodhi Boda all</p>
  <p time="361860" is_ac="true">right your world and taste buds are</p>
  <p time="364500" is_ac="true">about to get rocked let's see</p>
  <p time="367250" is_ac="true">[Music]</p>
  <p time="370639" is_ac="true">all right Alex give it a try okay make</p>
  <p time="373500" is_ac="true">sure you get the chicken</p>
  <p time="378979" is_ac="true">extremely flavorful I might be blowing</p>
  <p time="381479" is_ac="true">your mind right now did you know that</p>
  <p time="382620" is_ac="true">this is not actual chicken</p>
  <p time="384780" is_ac="true">this is a vegan restaurant for real yeah</p>
  <p time="388380" is_ac="true">so this jello's chicken is not actually</p>
  <p time="391800" is_ac="true">chicken you be serious yeah okay I had</p>
  <p time="394020" is_ac="true">to take my girlfriend is she vegan yeah</p>
  <p time="396180" is_ac="true">yeah yeah I eat vegan all the time</p>
  <p time="398220" is_ac="true">that's that's this is amazing then it</p>
  <p time="400800" is_ac="true">was already great and then you put that</p>
  <p time="402479" is_ac="true">factor into it I'm like oh God that's</p>
  <p time="404880" is_ac="true">the thing the first time I came here I</p>
  <p time="406500" is_ac="true">didn't know as well that this was vegan</p>
  <p time="408240" is_ac="true">and it was fake meat but after trying it</p>
  <p time="410580" is_ac="true">I couldn't tell the difference and it's</p>
  <p time="412500" is_ac="true">so good that once you are done eating it</p>
  <p time="414660" is_ac="true">you don't feel as sluggish as if when</p>
  <p time="416400" is_ac="true">you do have a normal generals Chow so</p>
  <p time="418800" is_ac="true">that's exactly why I love coming here</p>
  <p time="420900" is_ac="true">I'm glad that I fooled you yeah I didn't</p>
  <p time="422759" is_ac="true">know if you knew about it no I did not</p>
  <p time="424919" is_ac="true">know but this is great because like I</p>
  <p time="427380" is_ac="true">love eating not eating meat because like</p>
  <p time="429900" is_ac="true">you said it makes me feel better when</p>
  <p time="431280" is_ac="true">I'm done eating it and this tastes</p>
  <p time="433979" is_ac="true">really good we fooled you really good</p>
  <p time="437160" is_ac="true">all right Alex overall experience at</p>
  <p time="439199" is_ac="true">Bodhi what do you think it was great I</p>
  <p time="441360" is_ac="true">mean you had me spilling tea burning my</p>
  <p time="443099" is_ac="true">fingers but it was well worth it it was</p>
  <p time="445259" is_ac="true">really good and I didn't even catch that</p>
  <p time="447300" is_ac="true">it's a vegetarian restaurant I just it</p>
  <p time="449160" is_ac="true">went right past me also Alex is a</p>
  <p time="451979" is_ac="true">YouTuber here in the city go show her</p>
  <p time="453960" is_ac="true">some love her videos are amazing I feel</p>
  <p time="456419" is_ac="true">like she's really a part of this new</p>
  <p time="458520" is_ac="true">generation of YouTubers here in New York</p>
  <p time="460139" is_ac="true">city so uh go click the link down below</p>
  <p time="461880" is_ac="true">show Alex some love</p>
  <p time="464599" is_ac="true">today when we were eating and I found</p>
  <p time="466800" is_ac="true">myself sitting directly across from</p>
  <p time="468539" is_ac="true">Brett it was a very strange phenomenon</p>
  <p time="470819" is_ac="true">because I was just watching his videos a</p>
  <p time="473280" is_ac="true">few weeks ago and now fast forward to</p>
  <p time="475620" is_ac="true">where we are now I'm in the middle of</p>
  <p time="476880" is_ac="true">the city creating around such</p>
  <p time="478199" is_ac="true">like-minded creative people and it's</p>
  <p time="480000" is_ac="true">it's really awesome honestly thanks Alex</p>
  <p time="482520" is_ac="true">nah for real go show her some love</p>
  <p time="485039" is_ac="true">amazing work she won't disappoint now</p>
  <p time="487979" is_ac="true">even though it may be absolutely</p>
  <p time="490020" is_ac="true">freezing in New York right now you know</p>
  <p time="492419" is_ac="true">we gotta get some gelato so we came here</p>
  <p time="495060" is_ac="true">to Grand Mercy at this place called Cafe</p>
  <p time="497160" is_ac="true">Pana that isn't too far away from my</p>
  <p time="499139" is_ac="true">apartment and is somewhere that I love</p>
  <p time="501240" is_ac="true">coming to and typically there is a huge</p>
  <p time="503280" is_ac="true">line around the block but we came at a</p>
  <p time="505139" is_ac="true">good time and on a freezing day where</p>
  <p time="507500" is_ac="true">looks not too bad and also we have a</p>
  <p time="510840" is_ac="true">very special guest for you long time</p>
  <p time="512580" is_ac="true">viewers</p>
  <p time="513740" is_ac="true">hey hey guys how are you a long time no</p>
  <p time="517680" is_ac="true">see it's been a while you know it's been</p>
  <p time="519779" is_ac="true">a while I made this your Vlog you know</p>
  <p time="521880" is_ac="true">being your Vlog it's I missed it I know</p>
  <p time="524940" is_ac="true">even I used to make these videos</p>
  <p time="526260" is_ac="true">together for about a year and a half</p>
  <p time="527820" is_ac="true">exactly and now he's off doing his own</p>
  <p time="530519" is_ac="true">video work so dude so good having you</p>
  <p time="532920" is_ac="true">back I feel like people always asking</p>
  <p time="534240" is_ac="true">about you heck yeah</p>
  <p time="536640" is_ac="true">or not to love Abe there is no</p>
  <p time="538740" is_ac="true">there's no better way to spend your</p>
  <p time="540000" is_ac="true">winter eating ice cream</p>
  <p time="543839" is_ac="true">always be down to get ice cream no</p>
  <p time="545700" is_ac="true">matter the temperature no matter the</p>
  <p time="547200" is_ac="true">temperature okay let's begin to it let's</p>
  <p time="549180" is_ac="true">go thank you so much</p>
  <p time="551820" is_ac="true">spoons right there both yeah let's do</p>
  <p time="555360" is_ac="true">that thank you so when you come here to</p>
  <p time="556920" is_ac="true">Cafe Panna you gotta get an avogado and</p>
  <p time="560160" is_ac="true">for those of you don't know it is gelato</p>
  <p time="562320" is_ac="true">with an espresso shot in it so I got the</p>
  <p time="565500" is_ac="true">cookies and Pana which is their infused</p>
  <p time="568200" is_ac="true">Oreo gelato ice cream as well as with</p>
  <p time="572040" is_ac="true">some Nespresso and Bram you got some</p>
  <p time="574980" is_ac="true">type of Masterpiece over here I get</p>
  <p time="576779" is_ac="true">something special it's called a red flag</p>
  <p time="579620" is_ac="true">it's like sweet ice cream with Crunch</p>
  <p time="583140" is_ac="true">and like strawberry like uh I guess Jam</p>
  <p time="585720" is_ac="true">or something I hope this is good this is</p>
  <p time="587519" is_ac="true">my first time trying here but like oh</p>
  <p time="589260" is_ac="true">you've never been a cafe person I've</p>
  <p time="590580" is_ac="true">never been there give it a try okay cool</p>
  <p time="596160" is_ac="true">oh my God this is so good wow</p>
  <p time="599279" is_ac="true">10 out of that secret is get a little</p>
  <p time="601200" is_ac="true">whipped cream a little ice cream a</p>
  <p time="603480" is_ac="true">little espresso</p>
  <p time="608160" is_ac="true">um</p>
  <p time="610019" is_ac="true">phenomenal honestly was so good I could</p>
  <p time="612779" is_ac="true">run that back Abe so good seeing you so</p>
  <p time="615540" is_ac="true">good to see you</p>
  <p time="616800" is_ac="true">when I'm in your country of Indonesia</p>
  <p time="618720" is_ac="true">I'll be asking you for all the</p>
  <p time="620580" is_ac="true">recommendations of course just call me</p>
  <p time="622320" is_ac="true">first by me I will see you when I'm back</p>
  <p time="628700" is_ac="true">if I to choose my last meal of my life I</p>
  <p time="632339" is_ac="true">would have to choose a chicken parm so</p>
  <p time="635760" is_ac="true">tonight we are going to be going to one</p>
  <p time="638040" is_ac="true">of my favorite Italian restaurants here</p>
  <p time="639660" is_ac="true">in the city where they do surf what I</p>
  <p time="642180" is_ac="true">think is the best chicken parm in New</p>
  <p time="644820" is_ac="true">York City also the spot just has an</p>
  <p time="646680" is_ac="true">awesome Decor great Vibe it's in a cool</p>
  <p time="649260" is_ac="true">location in the East Village and just</p>
  <p time="651000" is_ac="true">never disappoints we are running a</p>
  <p time="652980" is_ac="true">little bit late so let's head out to</p>
  <p time="655560" is_ac="true">Frank</p>
  <p time="658160" is_ac="true">I feel like this is like business class</p>
  <p time="660720" is_ac="true">so which leg room</p>
  <p time="664399" is_ac="true">now something you need to know if you</p>
  <p time="666839" is_ac="true">are coming here to Frank for their</p>
  <p time="668640" is_ac="true">chicken parm is you need to know that it</p>
  <p time="671279" is_ac="true">is not on the menu</p>
  <p time="672600" is_ac="true">kind of like a little secret menu but if</p>
  <p time="674459" is_ac="true">you ask for a chicken parm trust me it</p>
  <p time="676740" is_ac="true">will not disappoint Noel is this your</p>
  <p time="680220" is_ac="true">first time at Frank yeah I've been two</p>
  <p time="683399" is_ac="true">little Frankies for nothing right I</p>
  <p time="685140" is_ac="true">should mention that how a bunch of other</p>
  <p time="686700" is_ac="true">Italian restaurants here</p>
  <p time="691260" is_ac="true">trying to Vlog here Frank owns a bunch</p>
  <p time="693480" is_ac="true">of other Italian restaurants here in the</p>
  <p time="695160" is_ac="true">city including a place called little</p>
  <p time="696720" is_ac="true">Frankie's supper and a few others and</p>
  <p time="699959" is_ac="true">that it disappoints no so good Frank</p>
  <p time="703680" is_ac="true">don't let us down now</p>
  <p time="707899" is_ac="true">so the chicken and the cheese are</p>
  <p time="710700" is_ac="true">delicious but what Frank is known for is</p>
  <p time="713399" is_ac="true">the sauce the red sauce here on anything</p>
  <p time="716279" is_ac="true">just tastes absolutely phenomenal so</p>
  <p time="718980" is_ac="true">they get the chicken harm or like Noel</p>
  <p time="720660" is_ac="true">who got the spaghetti what'd you get</p>
  <p time="723420" is_ac="true">spaghetti with red sauce and it's like a</p>
  <p time="726779" is_ac="true">huge dollop of Ramana how is it</p>
  <p time="729560" is_ac="true">10 out of 10. I feel like I'm back in</p>
  <p time="733140" is_ac="true">Italy so guys Frank did not disappoint</p>
  <p time="735959" is_ac="true">it was so good and what I think I love</p>
  <p time="738420" is_ac="true">so much about coming to this place</p>
  <p time="739920" is_ac="true">besides just from delicious food is the</p>
  <p time="742980" is_ac="true">atmosphere and the feng shui since Frank</p>
  <p time="745680" is_ac="true">does just have that classic Italian raw</p>
  <p time="748920" is_ac="true">vibe to it where it is a very small</p>
  <p time="751680" is_ac="true">space but it really does feel like a</p>
  <p time="754260" is_ac="true">family-oriented restaurant Noel</p>
  <p time="756959" is_ac="true">thoughts on your first time at Frank so</p>
  <p time="759839" is_ac="true">good cozy pose intimate the perfect like</p>
  <p time="762540" is_ac="true">winter meal I loved it</p>
  <p time="764579" is_ac="true">it really was tight</p>
  <p time="768480" is_ac="true">it was to us but it just adds to the</p>
  <p time="770279" is_ac="true">experience so there's my top five</p>
  <p time="771899" is_ac="true">personal favorite food spots in New York</p>
  <p time="773519" is_ac="true">City whether you are visiting or live</p>
  <p time="775620" is_ac="true">here I totally recommend checking them</p>
  <p time="777480" is_ac="true">out until next time let's go and get</p>
  <p time="779279" is_ac="true">busy in the next one</p>
  <p time="782280" is_ac="true">[Music]</p>
</text>
