<?xml version='1.0' encoding='UTF-8'?>
<text date_d="8" date_m="1" date_y="2023" format="srv3" age_limit="0" comment_count="101" description="Eating at some of the top restaurants in Las Vegas to start off 2023! In this video we try Gordon Ramsay Burger at the Planet Hollywood, Lotus of Siam, The Paleta Bar, Aloha Specialties, among other great food. These are some of my favorite and some of the best restaurants I tried in Las Vegas for 2023. We went all over Las Vegas from the strip, to Downtown Las Vegas, and Shanghai Plaza Chinatown for this food tour. &#10;&#10;&#10;Cuts Clothing link: https://cuts.team/&#10;Code: DVW10 &#10;&#10;The Paleta Bar&#10;Address: 4258 Spring Mountain Rd Suite 101, Las Vegas, NV 89102&#10;&#10;Guest: @lasvegasmimi &#10;&#10;&#10;&#10;---------------------------------------&#10;*My Filming Gear (These are Affiliate Links):&#10;&#10;Main Camera : https://amzn.to/3mBZavh&#10;Main Lens : https://amzn.to/3DhUqkt&#10;Other Main Camera: https://amzn.to/3ymiqPv&#10;Shotgun Mic: https://amzn.to/2XLRxbd&#10;Vlogging Tripod: https://amzn.to/2WgVq7T &#10;&#10;*SUPPPORT The Channel: &#10;Membership Join: https://www.youtube.com/channel/UCHqnkn5DJbKuKznm7MIDfHg/join&#10;&#10;Paypal Donations: https://paypal.me/danvsworld?locale.x=en_US&#10;&#10;Buy MERCH: https://www.youtube.com/channel/UCHqnkn5DJbKuKznm7MIDfHg/store&#10;&#10;*FOLLOW Social :&#10;&#10;https://www.instagram.com/danvsworld__/?hl=en (@danvsworld_)&#10;#lasvegas #vegas #lasvegasfood" fulltitle="The BEST Restaurants To Try In Las Vegas!" like_count="1229" location="LAS VEGAS" playlist_title="na" release_date="na" upload_date="20230108" repost_count="na" tags="las vegas restaurants; las vegas; best restaurants in las vegas; best restaurants las vegas; vegas; vegas vlog; las vegas chinatown; downtown las vegas food; downtown las vegas; las vegas 2023; best restaurants in las vegas 2023; best restaurants in vegas; las vegas food tour; las vegas food; vegas food; las vegas restaurants 2023; best las vegas restaurants; best vegas restaurants; gordon ramsay burger; gordon ramsay las vegas; gordon ramsay; vegas restaurants; vegas 2023; " title="The BEST Restaurants To Try In Las Vegas!" uploader="DanVsWorld" view_count="95595" webpage_url="https://www.youtube.com/watch?v=OPZD0AnnZ5w" autocaption="true">
  <p time="0" is_ac="true">all right what's up dvw fam so we're</p>
  <p time="2159" is_ac="true">back in Las Vegas and then this video</p>
  <p time="4620" is_ac="true">I'm gonna take you guys all around the</p>
  <p time="6660" is_ac="true">city and show you guys some of my top</p>
  <p time="8460" is_ac="true">picks my favorite restaurants here some</p>
  <p time="10559" is_ac="true">of the best eats in Las Vegas and on our</p>
  <p time="13440" is_ac="true">first stop we got lotusion Thai</p>
  <p time="15839" is_ac="true">restaurant so let's go inside and uh get</p>
  <p time="18060" is_ac="true">some dinner let's go</p>
  <p time="20070" is_ac="true">[Music]</p>
  <p time="39079" is_ac="true">all right guys so our food just came</p>
  <p time="41399" is_ac="true">here Lotus of Scion this is one of my</p>
  <p time="43500" is_ac="true">favorite restaurants in Las Vegas tried</p>
  <p time="45840" is_ac="true">a little bit of everything on their menu</p>
  <p time="47520" is_ac="true">in a previous video with jaycation so</p>
  <p time="50100" is_ac="true">make sure you guys check that but we got</p>
  <p time="52320" is_ac="true">a little something something here and</p>
  <p time="53760" is_ac="true">appetizer soup salad and uh one of my</p>
  <p time="57120" is_ac="true">favorite things here is anything duck</p>
  <p time="58559" is_ac="true">and their Curry their cow soil is</p>
  <p time="60180" is_ac="true">awesome here too we had that in the last</p>
  <p time="62100" is_ac="true">video opens there duck Curry look at</p>
  <p time="63840" is_ac="true">this guys oh swimming in a Jacuzzi or</p>
  <p time="66600" is_ac="true">red curry what'd you get here it's</p>
  <p time="68460" is_ac="true">called the Ricky's Royal it had like</p>
  <p time="70320" is_ac="true">butterfly tea ginger ale and a couple</p>
  <p time="73200" is_ac="true">other things not it's good it's very</p>
  <p time="75240" is_ac="true">refreshing it's not an alcoholic by the</p>
  <p time="77520" is_ac="true">way</p>
  <p time="78299" is_ac="true">how they look</p>
  <p time="80640" is_ac="true">all right so this is a northern Tom car</p>
  <p time="83100" is_ac="true">right here let's try some soup it's cold</p>
  <p time="84720" is_ac="true">night right now</p>
  <p time="89720" is_ac="true">very light comforting</p>
  <p time="92100" is_ac="true">Herbie some chicken in here</p>
  <p time="97140" is_ac="true">very good soup it is spicy like Laya</p>
  <p time="99060" is_ac="true">said but never had tamka but it's really</p>
  <p time="101159" is_ac="true">spicy but it's it's really great flavor</p>
  <p time="103020" is_ac="true">so I'm actually really enjoying it</p>
  <p time="105740" is_ac="true">good amount of spicy tingles the tongue</p>
  <p time="108780" is_ac="true">this is the beef salad right here</p>
  <p time="110820" is_ac="true">actually rib eye salad so they say it's</p>
  <p time="112860" is_ac="true">one of their top items the ribeye should</p>
  <p time="115259" is_ac="true">be cooked to Perfection we got a medium</p>
  <p time="117720" is_ac="true">all right try out their Thai rib eye</p>
  <p time="119579" is_ac="true">salad right here</p>
  <p time="120840" is_ac="true">a nice big piece of ribeye</p>
  <p time="127259" is_ac="true">really soft juicy tender has a nice</p>
  <p time="129720" is_ac="true">sweet like balsamic sweet Thai glaze on</p>
  <p time="132660" is_ac="true">there</p>
  <p time="134520" is_ac="true">nice fresh greens but the highlight</p>
  <p time="137520" is_ac="true">it's definitely in that rib eye it is</p>
  <p time="139739" is_ac="true">cooked Perfection it is on point</p>
  <p time="142760" is_ac="true">love Thai beef salad guys</p>
  <p time="148520" is_ac="true">that river is nice and sweet extremely</p>
  <p time="151020" is_ac="true">juicy</p>
  <p time="154020" is_ac="true">all right so on to the star of the show</p>
  <p time="157020" is_ac="true">The Duck Curry</p>
  <p time="158520" is_ac="true">the duck this is the one of their main</p>
  <p time="160500" is_ac="true">entrees right here if you guys get one</p>
  <p time="163019" is_ac="true">thing here guys definitely get the duck</p>
  <p time="165120" is_ac="true">Curry let's try this out</p>
  <p time="173459" is_ac="true">that's seriously orgasmic</p>
  <p time="175739" is_ac="true">it's crazy that it's dunked in like kind</p>
  <p time="178680" is_ac="true">of like a creamy red a little bit spicy</p>
  <p time="180720" is_ac="true">curry but the crunchiness on the duck</p>
  <p time="184560" is_ac="true">keeps its Integrity with the crunchiness</p>
  <p time="187140" is_ac="true">of the crispy fatty skin on top then you</p>
  <p time="189660" is_ac="true">bite into the duck it's extremely juicy</p>
  <p time="191700" is_ac="true">you know Doug it's like a fatty poultry</p>
  <p time="195019" is_ac="true">oh I love duck love Northern Thai food</p>
  <p time="198239" is_ac="true">if you guys don't know the theme of</p>
  <p time="199620" is_ac="true">lotus Siam it is a northern Thai</p>
  <p time="201480" is_ac="true">establishment so yeah I actually been to</p>
  <p time="204120" is_ac="true">Chiang Mai I had the cow soy there a lot</p>
  <p time="206640" is_ac="true">of the northern Thai food there and the</p>
  <p time="208680" is_ac="true">food here is just on par as back over</p>
  <p time="212159" is_ac="true">there it is Bomb guys but can't Rave</p>
  <p time="214440" is_ac="true">enough about this duck Curry</p>
  <p time="217040" is_ac="true">fire</p>
  <p time="219160" is_ac="true">[Music]</p>
  <p time="222260" is_ac="true">okay Leia's gonna try the ribeye salad</p>
  <p time="225959" is_ac="true">right now</p>
  <p time="227099" is_ac="true">smells really good even without having</p>
  <p time="229440" is_ac="true">to drink</p>
  <p time="234560" is_ac="true">it's really good it tastes like um I</p>
  <p time="237420" is_ac="true">think what stands out is obviously</p>
  <p time="238620" is_ac="true">delivered by it's like marinated really</p>
  <p time="240420" is_ac="true">really deliciously I think I could eat</p>
  <p time="243120" is_ac="true">this every day that spice on that soup</p>
  <p time="245519" is_ac="true">creeps up on you my head is kind of like</p>
  <p time="247319" is_ac="true">tingling a little bit but it's it's</p>
  <p time="249180" is_ac="true">still good guys</p>
  <p time="250560" is_ac="true">it's like that good type of spice creeps</p>
  <p time="252599" is_ac="true">up in you for sure so non-spicy food</p>
  <p time="255180" is_ac="true">eaters beware so you know when you have</p>
  <p time="256979" is_ac="true">good curry you gotta get white rice</p>
  <p time="260160" is_ac="true">right here and put a nice warm blanket</p>
  <p time="263759" is_ac="true">of that red curry all over the rice</p>
  <p time="267300" is_ac="true">so the rice can soak up all the flavors</p>
  <p time="269520" is_ac="true">from the curry</p>
  <p time="272160" is_ac="true">oh so just take on all the flavors let's</p>
  <p time="274620" is_ac="true">take a piece</p>
  <p time="279199" is_ac="true">can be the combination of Korean rice oh</p>
  <p time="282139" is_ac="true">you got some ginger in there too from</p>
  <p time="284699" is_ac="true">the soft slices of the red bell pepper</p>
  <p time="288419" is_ac="true">so much herbs and spices</p>
  <p time="292560" is_ac="true">all right guys just left I'm stuffed</p>
  <p time="295139" is_ac="true">needless to say dvw score 10 out of 10.</p>
  <p time="297780" is_ac="true">this is one of my favorite spots to eat</p>
  <p time="299340" is_ac="true">in Vegas how about you honest opinions</p>
  <p time="301139" is_ac="true">honestly opinion best Thai food I've had</p>
  <p time="303660" is_ac="true">everything is delicious we only have</p>
  <p time="305400" is_ac="true">three dishes although I could tell that</p>
  <p time="307020" is_ac="true">this place is really good so yeah</p>
  <p time="309060" is_ac="true">some of the best duck I've had if not</p>
  <p time="310919" is_ac="true">the best duck all right y'all so we're</p>
  <p time="312540" is_ac="true">at the Planet Hollywood at our next</p>
  <p time="313979" is_ac="true">essential eats in Las Vegas tour right</p>
  <p time="316020" is_ac="true">outside Gordon Ramsay Burger one of my</p>
  <p time="317940" is_ac="true">favorite restaurants here so let's go</p>
  <p time="320280" is_ac="true">inside and get our grub on let's go</p>
  <p time="323699" is_ac="true">we're gonna Ramsey Burger</p>
  <p time="332479" is_ac="true">it's lit in here</p>
  <p time="337400" is_ac="true">so I actually been here before once I</p>
  <p time="340139" is_ac="true">actually really love most of the Gordon</p>
  <p time="341880" is_ac="true">Ramsay restaurants in Las Vegas but this</p>
  <p time="344220" is_ac="true">is Leia's first time trying the burger</p>
  <p time="346500" is_ac="true">she actually really enjoyed Hell's</p>
  <p time="347940" is_ac="true">Kitchen when we went to so are you</p>
  <p time="349259" is_ac="true">excited yeah I like Hell's Kitchen and I</p>
  <p time="351240" is_ac="true">like the gore</p>
  <p time="352320" is_ac="true">house so yeah I'm excited we actually</p>
  <p time="355020" is_ac="true">have a negative story to tell about</p>
  <p time="356759" is_ac="true">Gordon Ramsay later on and uh it's</p>
  <p time="359759" is_ac="true">actually a funny story so we'll tell you</p>
  <p time="361320" is_ac="true">that while we're eating later so stay</p>
  <p time="363120" is_ac="true">tuned Leia said this looks like a Krabby</p>
  <p time="364919" is_ac="true">Patty because it's so perfect all right</p>
  <p time="366780" is_ac="true">y'all so our Burgers here their burgers</p>
  <p time="369300" is_ac="true">actually come separately so you gotta</p>
  <p time="371520" is_ac="true">order the fries separately but they're</p>
  <p time="373860" is_ac="true">big enough to share I would say it's</p>
  <p time="375060" is_ac="true">good enough for two people so it's the</p>
  <p time="376560" is_ac="true">Truffle fries right here I got some</p>
  <p time="378660" is_ac="true">truffle aioli sauce some cheddar Ranch</p>
  <p time="381419" is_ac="true">and Magnolia ketchup whatever that is so</p>
  <p time="383699" is_ac="true">I got the basically the Brady short rib</p>
  <p time="386639" is_ac="true">Burger it's called 24 Hour Burger it is</p>
  <p time="389520" is_ac="true">a Gordon Ramsay restaurant so it's very</p>
  <p time="391680" is_ac="true">um fancy Chef driven so all their salsa</p>
  <p time="394800" is_ac="true">are made in house the cheddar Ranch the</p>
  <p time="396180" is_ac="true">Truffle Magnolia ketchup so Leia just</p>
  <p time="399000" is_ac="true">asked for ketchup bottle right now they</p>
  <p time="400319" is_ac="true">don't have Heinz like they don't have</p>
  <p time="401340" is_ac="true">the regular ketchup so this is a 24-hour</p>
  <p time="402780" is_ac="true">Burgers spray short rib red eye barbecue</p>
  <p time="405000" is_ac="true">sauce white cheddar cheese brown sugar</p>
  <p time="407699" is_ac="true">bacon arugula cold brew vinaigrette</p>
  <p time="410819" is_ac="true">pickled shallots</p>
  <p time="412440" is_ac="true">but yeah and then Leia got the Backyard</p>
  <p time="414840" is_ac="true">Burger it's like their basic Burger</p>
  <p time="415919" is_ac="true">American cheese butter lettuce tomato</p>
  <p time="417660" is_ac="true">pickled red onion so it's like their</p>
  <p time="419460" is_ac="true">basic burger and uh layers that look</p>
  <p time="421800" is_ac="true">perfect like crappy Patty so oh I love</p>
  <p time="424319" is_ac="true">my fries pick at them all day see some</p>
  <p time="427020" is_ac="true">truffle on the top let's take one with</p>
  <p time="428639" is_ac="true">just a little bit of truffle</p>
  <p time="431880" is_ac="true">um</p>
  <p time="432479" is_ac="true">really thick fries really crispy</p>
  <p time="435240" is_ac="true">tastes a lot of like that parmesanian</p>
  <p time="437460" is_ac="true">flavor from the truffle</p>
  <p time="440479" is_ac="true">we look crunchy well let's try with the</p>
  <p time="443580" is_ac="true">Rancho cheddar</p>
  <p time="445220" is_ac="true">we're gonna say it's a really thick</p>
  <p time="447120" is_ac="true">Ranch oh lady's gonna take a bite of her</p>
  <p time="448740" is_ac="true">Backyard Burger</p>
  <p time="450539" is_ac="true">look at that that Krabby Patty right</p>
  <p time="452039" is_ac="true">there</p>
  <p time="453419" is_ac="true">Leia's a big burger kind of store she</p>
  <p time="455819" is_ac="true">loves Burgers she introduced me to Red</p>
  <p time="457800" is_ac="true">Robin actually</p>
  <p time="459300" is_ac="true">so yeah bottomless fries guys what do</p>
  <p time="461639" is_ac="true">you think about the burger</p>
  <p time="463340" is_ac="true">gourmet burger</p>
  <p time="465360" is_ac="true">can't beat the classics right just tried</p>
  <p time="467520" is_ac="true">that cheddar Ranch let's try the Truffle</p>
  <p time="469560" is_ac="true">aioli</p>
  <p time="470390" is_ac="true">[Music]</p>
  <p time="471599" is_ac="true">that wasn't good that tastes like really</p>
  <p time="473880" is_ac="true">creamy I got aioli sauce</p>
  <p time="476960" is_ac="true">let's see what this Magnolia ketchup is</p>
  <p time="479280" is_ac="true">about</p>
  <p time="479660" is_ac="true">[Applause]</p>
  <p time="482220" is_ac="true">looks like there might be some</p>
  <p time="483060" is_ac="true">horseradish in there like a cocktail</p>
  <p time="485280" is_ac="true">sauce and a ketchup in one I think my</p>
  <p time="487560" is_ac="true">favorite one might be the Truffle I</p>
  <p time="489120" is_ac="true">always</p>
  <p time="490500" is_ac="true">it's different I haven't had a sauce</p>
  <p time="492060" is_ac="true">like that</p>
  <p time="493440" is_ac="true">it's like a bite into this 24 Hour</p>
  <p time="495599" is_ac="true">Burger right here see why it's 24 hours</p>
  <p time="500050" is_ac="true">[Music]</p>
  <p time="502400" is_ac="true">nice soft bun soft all the way</p>
  <p time="504840" is_ac="true">throughout I could taste the barbecue</p>
  <p time="506520" is_ac="true">sauce right away a sweet barbecue sauce</p>
  <p time="509099" is_ac="true">but gotta take another bite</p>
  <p time="511740" is_ac="true">oh</p>
  <p time="514940" is_ac="true">that bag is nice and thick crunchy say</p>
  <p time="517620" is_ac="true">some of the Brady short River here</p>
  <p time="520320" is_ac="true">not too much of the short rib but it's</p>
  <p time="522479" is_ac="true">nice and tender oh I was wondering where</p>
  <p time="524700" is_ac="true">the sweetness from came from these fresh</p>
  <p time="526380" is_ac="true">ingredients the radish right here</p>
  <p time="529760" is_ac="true">this burger is overall on the sweet side</p>
  <p time="532980" is_ac="true">it's meaty and sweet but very soft and</p>
  <p time="536220" is_ac="true">tender patties cooked to Perfection it's</p>
  <p time="538440" is_ac="true">a nice medium</p>
  <p time="540680" is_ac="true">I always mistooking so most of the</p>
  <p time="543540" is_ac="true">braised short rib is actually in the</p>
  <p time="544920" is_ac="true">back it kind of tastes like Barbacoa it</p>
  <p time="546779" is_ac="true">kind of has like that</p>
  <p time="547940" is_ac="true">Chipotle spice like a like a Mexican</p>
  <p time="550200" is_ac="true">spice to it not like I thought it would</p>
  <p time="552000" is_ac="true">kind of be like an American shortbread</p>
  <p time="553620" is_ac="true">but kind of like a barbacoa</p>
  <p time="555610" is_ac="true">[Applause]</p>
  <p time="557160" is_ac="true">but guys the reason why I just won my</p>
  <p time="559140" is_ac="true">favorite Gordon Ramsay restaurant so</p>
  <p time="560339" is_ac="true">that you know when you have a burger</p>
  <p time="561779" is_ac="true">it's always burgers fries and shakes</p>
  <p time="563880" is_ac="true">their shakes are on point here they got</p>
  <p time="566880" is_ac="true">the sticky toffee pudding shake and they</p>
  <p time="568440" is_ac="true">got the sticky toffee pudding Cookie</p>
  <p time="569880" is_ac="true">Sandwich so he specialized in sticky</p>
  <p time="572100" is_ac="true">toffee pudding if you go to any of his</p>
  <p time="573300" is_ac="true">restaurants there's like sticky toffee</p>
  <p time="575339" is_ac="true">pudding alternative Hell's Kitchen they</p>
  <p time="577440" is_ac="true">actually have the sticky toffee pudding</p>
  <p time="578640" is_ac="true">like the regular one here the burger</p>
  <p time="580620" is_ac="true">restaurant they got the shakes the fish</p>
  <p time="582600" is_ac="true">and chips I think has shakes too and the</p>
  <p time="584519" is_ac="true">steakhouse has like some other sticky</p>
  <p time="586019" is_ac="true">toffee pudding stuff but yeah guys we</p>
  <p time="587339" is_ac="true">came here for a dessert so we're gonna</p>
  <p time="588600" is_ac="true">kill these fries and burgers and uh onto</p>
  <p time="591240" is_ac="true">the shakes all right guys y'all know why</p>
  <p time="593580" is_ac="true">I'm here this is a sticky toffee pudding</p>
  <p time="596339" is_ac="true">ice cream sandwich right here it looks</p>
  <p time="598200" is_ac="true">crazy</p>
  <p time="599580" is_ac="true">let's try it out y'all we're gonna get</p>
  <p time="601320" is_ac="true">the shake too afterwards so the burgers</p>
  <p time="603959" is_ac="true">were pretty good I'll give a dvw score</p>
  <p time="606240" is_ac="true">8.5 out of 10. kind of expensive but</p>
  <p time="608459" is_ac="true">it's what you expect on the Las Vegas</p>
  <p time="610500" is_ac="true">Strip but they're very quality delicious</p>
  <p time="612720" is_ac="true">burgers but this is what tops it off the</p>
  <p time="615540" is_ac="true">dessert so let's try it out let's try</p>
  <p time="617940" is_ac="true">this out guys look at this</p>
  <p time="620820" is_ac="true">wow</p>
  <p time="623000" is_ac="true">Just So Soft oh look at this</p>
  <p time="629519" is_ac="true">oh my God that cookie is so soft just</p>
  <p time="633360" is_ac="true">melts in your mouth like butter</p>
  <p time="635459" is_ac="true">and it's nice and warm</p>
  <p time="637500" is_ac="true">and then that cold eyes and just</p>
  <p time="640019" is_ac="true">neutralizes that heat</p>
  <p time="642920" is_ac="true">that's so good</p>
  <p time="644940" is_ac="true">oh and then you just kind of mix it with</p>
  <p time="646920" is_ac="true">that sticky toffee caramel oh</p>
  <p time="651540" is_ac="true">and this hits home with me because I</p>
  <p time="653640" is_ac="true">love my soft cookies I like the soft</p>
  <p time="655920" is_ac="true">Chips Ahoy One the red package not the</p>
  <p time="658140" is_ac="true">blue one</p>
  <p time="659399" is_ac="true">and this ticket I'll be putting I hear a</p>
  <p time="661620" is_ac="true">cookie you think it's a little crunchy</p>
  <p time="662820" is_ac="true">but this cookie is very soft kind of has</p>
  <p time="666540" is_ac="true">like a cinnamony flavor and the thing</p>
  <p time="667980" is_ac="true">about toffee is that it's sweet I mean</p>
  <p time="670079" is_ac="true">it's toffee but it's not too sweet it's</p>
  <p time="672060" is_ac="true">not like straight up chocolate or fudge</p>
  <p time="673680" is_ac="true">which I love in my desserts not having</p>
  <p time="675660" is_ac="true">it too sweet</p>
  <p time="678380" is_ac="true">that's an orgasm in your mouth I'll come</p>
  <p time="681480" is_ac="true">here just for dessert salute fire</p>
  <p time="685800" is_ac="true">Gordon Ramsay sticky toffee pudding</p>
  <p time="687660" is_ac="true">anything is the best dessert guys hands</p>
  <p time="690300" is_ac="true">down it's more of like a soft bread than</p>
  <p time="693480" is_ac="true">anything than like a cookie</p>
  <p time="695960" is_ac="true">[Music]</p>
  <p time="698880" is_ac="true">so good oh I know what that cinnamon</p>
  <p time="700800" is_ac="true">flavor is coming from but there's brown</p>
  <p time="702360" is_ac="true">butter ice cream in it that's what it is</p>
  <p time="705240" is_ac="true">all right guys so we can't get enough of</p>
  <p time="707579" is_ac="true">their dessert well I can't get enough of</p>
  <p time="709079" is_ac="true">it we got the English coffee shake I</p>
  <p time="710820" is_ac="true">mean we're already here so might as well</p>
  <p time="712079" is_ac="true">go all in</p>
  <p time="714839" is_ac="true">yeah</p>
  <p time="715920" is_ac="true">some thick whipped cream</p>
  <p time="717600" is_ac="true">boom some like coffee bits on the top</p>
  <p time="720620" is_ac="true">take a piece of this Biscoff cookie</p>
  <p time="725040" is_ac="true">love this golf</p>
  <p time="727019" is_ac="true">oh my gosh</p>
  <p time="728579" is_ac="true">such a thick Shake I love thick shakes</p>
  <p time="730920" is_ac="true">by the way going with him and sip it let</p>
  <p time="733200" is_ac="true">me use a spoon</p>
  <p time="737579" is_ac="true">oh my God</p>
  <p time="740540" is_ac="true">it's so thick it's almost like the ice</p>
  <p time="742740" is_ac="true">cream in that cookie we decided but just</p>
  <p time="745380" is_ac="true">like blend it up into a shake</p>
  <p time="747899" is_ac="true">thank you</p>
  <p time="749779" is_ac="true">nice and cold you had that nice caramel</p>
  <p time="753480" is_ac="true">drizzle and like little bits of toffee</p>
  <p time="755880" is_ac="true">in there</p>
  <p time="756980" is_ac="true">bar ground butter ice cream</p>
  <p time="761060" is_ac="true">so thick so good I love Gordon Ramsay's</p>
  <p time="765360" is_ac="true">sticky toffee anything I definitely</p>
  <p time="767040" is_ac="true">prefer the cookie though that one's</p>
  <p time="768420" is_ac="true">unique</p>
  <p time="769260" is_ac="true">sticky toffee pudding cake and that</p>
  <p time="771060" is_ac="true">cookie is my favorite so far but this</p>
  <p time="773100" is_ac="true">shake is still on point it's salute</p>
  <p time="775079" is_ac="true">overall experience at Gordon Ramsay</p>
  <p time="776519" is_ac="true">Burgers like 9 out of ten a little bit</p>
  <p time="778680" is_ac="true">pricey like I said but it's on this trip</p>
  <p time="780480" is_ac="true">great Vibe great experience the service</p>
  <p time="781980" is_ac="true">it's always great here our server is</p>
  <p time="784079" is_ac="true">very friendly and nice last time I went</p>
  <p time="786360" is_ac="true">here to the servers we're also very</p>
  <p time="787920" is_ac="true">friendly it's always busy but they'll</p>
  <p time="790560" is_ac="true">get you seated if you're down to wait</p>
  <p time="792300" is_ac="true">but we had no weight on this time but</p>
  <p time="794399" is_ac="true">it's very crowd in here so yeah guys on</p>
  <p time="796260" is_ac="true">to our next location let's go</p>
  <p time="801120" is_ac="true">foreign</p>
  <p time="821660" is_ac="true">[Applause]</p>
  <p time="823160" is_ac="true">to avocado it's gonna be our cream base</p>
  <p time="825660" is_ac="true">and then from watermelon to chili mango</p>
  <p time="827880" is_ac="true">it's gonna be our water base so honestly</p>
  <p time="831120" is_ac="true">my opinion are it's basically like</p>
  <p time="834260" is_ac="true">Chipotle you uh take samples then once</p>
  <p time="837839" is_ac="true">you pick your Panetta we'll take you</p>
  <p time="839279" is_ac="true">down for mine so chocolate uh toppings</p>
  <p time="842779" is_ac="true">awesome thank you foreign</p>
  <p time="846400" is_ac="true">[Music]</p>
  <p time="870260" is_ac="true">and it smells really good too</p>
  <p time="877620" is_ac="true">wow</p>
  <p time="879420" is_ac="true">um drizzling with milk chocolate wow</p>
  <p time="884639" is_ac="true">then smothered in the graham crackers</p>
  <p time="889150" is_ac="true">[Music]</p>
  <p time="898740" is_ac="true">oh my gosh</p>
  <p time="900720" is_ac="true">that's s'mores oh my gosh thank you</p>
  <p time="903790" is_ac="true">[Music]</p>
  <p time="915530" is_ac="true">[Music]</p>
  <p time="921980" is_ac="true">all right guys about to devour this</p>
  <p time="925079" is_ac="true">cooking cream marshmallow s'mores</p>
  <p time="928079" is_ac="true">paletta right here let's try it out</p>
  <p time="934320" is_ac="true">oh my God</p>
  <p time="937440" is_ac="true">what the hell</p>
  <p time="946380" is_ac="true">I know you guys saw that marshmallow</p>
  <p time="947940" is_ac="true">pool</p>
  <p time="948959" is_ac="true">it feels like I'm biting into a pillow</p>
  <p time="951360" is_ac="true">of cookies and cream and marshmallow</p>
  <p time="953820" is_ac="true">goodness</p>
  <p time="954779" is_ac="true">hmm</p>
  <p time="958920" is_ac="true">this is literally fire</p>
  <p time="961199" is_ac="true">Flames guys this is amazing I've</p>
  <p time="964019" is_ac="true">actually had paletta before but this</p>
  <p time="965880" is_ac="true">palette in general is just really thick</p>
  <p time="968699" is_ac="true">and chewy it's like look at it</p>
  <p time="974339" is_ac="true">and literally just bite into it and on</p>
  <p time="976440" is_ac="true">the outside there's that s'mores crust</p>
  <p time="978480" is_ac="true">with the graham cracker</p>
  <p time="980220" is_ac="true">and then you just get the Milky creamy</p>
  <p time="982680" is_ac="true">but thick goodness of the belletta guys</p>
  <p time="985940" is_ac="true">this is fire oh my gosh</p>
  <p time="993019" is_ac="true">I literally just finished this in one</p>
  <p time="995100" is_ac="true">bite I can't stop oh so good</p>
  <p time="998279" is_ac="true">I love cookies and cream too because</p>
  <p time="999839" is_ac="true">there's Taro there's like a bunch of</p>
  <p time="1001820" is_ac="true">other flavors there's fruity flavors but</p>
  <p time="1003920" is_ac="true">um whenever I see cookies and cream at</p>
  <p time="1005420" is_ac="true">any ice cream shop I always go for</p>
  <p time="1006860" is_ac="true">cookies and cream but the Taro sampler</p>
  <p time="1008779" is_ac="true">we had was really good as well it's like</p>
  <p time="1010399" is_ac="true">some of the thickest consistency of like</p>
  <p time="1012500" is_ac="true">a palette that I've ever had so good</p>
  <p time="1014899" is_ac="true">yeah I really love this location</p>
  <p time="1017240" is_ac="true">Shanghai Plaza that's why every like the</p>
  <p time="1020360" is_ac="true">very delicious things across the feet</p>
  <p time="1022880" is_ac="true">here so BBQ chicken right there and then</p>
  <p time="1025819" is_ac="true">85 degree thicker right here and then</p>
  <p time="1028220" is_ac="true">sumizomi serenbean yeah many desserts</p>
  <p time="1030559" is_ac="true">you have over here also they have many</p>
  <p time="1032179" is_ac="true">sushi place here so everything is</p>
  <p time="1034959" is_ac="true">mostly Asian food right yeah that's why</p>
  <p time="1037699" is_ac="true">Chinatown we are yeah so they</p>
  <p time="1040400" is_ac="true">recommended me to get this one it's the</p>
  <p time="1042199" is_ac="true">sunset drink right here let's try it out</p>
  <p time="1046220" is_ac="true">wow</p>
  <p time="1047360" is_ac="true">this is amazing I think it's um August</p>
  <p time="1049640" is_ac="true">Frescas but it is a basically watermelon</p>
  <p time="1052220" is_ac="true">with orange oh kind of tastes like a mai</p>
  <p time="1054559" is_ac="true">tai but with watermelon I love</p>
  <p time="1056240" is_ac="true">watermelon juice so refreshing</p>
  <p time="1060140" is_ac="true">palette cleanse for the next location</p>
  <p time="1061700" is_ac="true">let's go let's go</p>
  <p time="1066740" is_ac="true">all right so for the third spot on this</p>
  <p time="1068360" is_ac="true">tour we actually flew to Hawaii no I'm</p>
  <p time="1071900" is_ac="true">just kidding but this spot is close</p>
  <p time="1073280" is_ac="true">enough we're in downtown right now at</p>
  <p time="1075440" is_ac="true">the California Hotel and Casino it's</p>
  <p time="1078140" is_ac="true">kind of funny because this hotel is</p>
  <p time="1079940" is_ac="true">called the California but it is a Aloha</p>
  <p time="1082580" is_ac="true">and Hawaiian theme as you guys can see</p>
  <p time="1085039" is_ac="true">they speak Aloha here so let's go inside</p>
  <p time="1087380" is_ac="true">and check out some of their food all</p>
  <p time="1089419" is_ac="true">right y'all so we're at our third Place</p>
  <p time="1090679" is_ac="true">Aloha Specialties in the California this</p>
  <p time="1093320" is_ac="true">is one of my favorite spots to get</p>
  <p time="1094760" is_ac="true">Hawaiian and local type food this spot</p>
  <p time="1097280" is_ac="true">has been voted best Hawaiian food in</p>
  <p time="1099559" is_ac="true">2021 by the best of Las Vegas Journal so</p>
  <p time="1102200" is_ac="true">yeah and I've been here a couple times</p>
  <p time="1104299" is_ac="true">it's pretty good I got the Simon here</p>
  <p time="1106220" is_ac="true">last time another couple of dishes but</p>
  <p time="1108260" is_ac="true">today we just got the uh Aloha Bento</p>
  <p time="1111260" is_ac="true">special right here so it comes with a</p>
  <p time="1113240" is_ac="true">little bit of everything Teriyaki steak</p>
  <p time="1114980" is_ac="true">uh teriyaki chicken a Redondo hot dog</p>
  <p time="1118280" is_ac="true">sausage and someahi Mahi so try it out</p>
  <p time="1122720" is_ac="true">also I would include this in kind of</p>
  <p time="1124820" is_ac="true">like the Cheap Eats category because</p>
  <p time="1127059" is_ac="true">I just came back from Hawaii guys this</p>
  <p time="1130280" is_ac="true">looks like the real deal because they</p>
  <p time="1131660" is_ac="true">really feed you out there this is like</p>
  <p time="1133580" is_ac="true">15 something and it's a pretty hefty</p>
  <p time="1135799" is_ac="true">plate with a lot of protein and rice and</p>
  <p time="1138320" is_ac="true">when I was in Hawaii it was the same way</p>
  <p time="1140840" is_ac="true">like they really fill up your plate so</p>
  <p time="1142940" is_ac="true">throughout this Teriyaki or steak right</p>
  <p time="1145220" is_ac="true">here oh it's like a whole state so we</p>
  <p time="1147980" is_ac="true">gotta cut it off let's try out this</p>
  <p time="1149360" is_ac="true">Teriyaki steak right here</p>
  <p time="1153460" is_ac="true">a nice thin piece of grilled steak but</p>
  <p time="1156559" is_ac="true">the key to this is the glaze it's a nice</p>
  <p time="1159200" is_ac="true">thick Teriyaki glaze a little kick to it</p>
  <p time="1162020" is_ac="true">sweet a little bit salty it's a good</p>
  <p time="1164120" is_ac="true">glaze I'm gonna wash it down with this</p>
  <p time="1166400" is_ac="true">white rice love eating rice with onion</p>
  <p time="1168559" is_ac="true">proteins they also have mac salad too</p>
  <p time="1171260" is_ac="true">here as a side one of my favorite sides</p>
  <p time="1173660" is_ac="true">ever Hawaiian mac salad but this</p>
  <p time="1176539" is_ac="true">particular plate doesn't come with it</p>
  <p time="1177799" is_ac="true">but if you guys get some other ones they</p>
  <p time="1179960" is_ac="true">might have that for you let's try this</p>
  <p time="1182120" is_ac="true">uh teriyaki chicken right here</p>
  <p time="1187840" is_ac="true">crispy crust on the top the sauce is</p>
  <p time="1191240" is_ac="true">nice and caramelized on the chicken oh</p>
  <p time="1194480" is_ac="true">it's really crunchy</p>
  <p time="1197020" is_ac="true">oh I know why it's so crispy this is</p>
  <p time="1199280" is_ac="true">actually Korean crispy chicken that's</p>
  <p time="1201919" is_ac="true">why um the outer shells very crispy it's</p>
  <p time="1204620" is_ac="true">not just regular teriyaki chicken it's</p>
  <p time="1206120" is_ac="true">really good chicken thigh really juicy</p>
  <p time="1208580" is_ac="true">on the inside has a nice glaze similar</p>
  <p time="1210440" is_ac="true">to the steak teriyaki really like that</p>
  <p time="1212840" is_ac="true">glaze really thick but uh just really</p>
  <p time="1215120" is_ac="true">really crispy fire</p>
  <p time="1220240" is_ac="true">I just take the skin</p>
  <p time="1222559" is_ac="true">by itself is so crispy</p>
  <p time="1227679" is_ac="true">really crispy and the soft teriyaki</p>
  <p time="1230660" is_ac="true">sauce nice and caramelized on top of the</p>
  <p time="1233000" is_ac="true">skin fire oh let's try this Redondo</p>
  <p time="1235460" is_ac="true">sausage right here we got a little</p>
  <p time="1237440" is_ac="true">wiener</p>
  <p time="1240919" is_ac="true">a little bit sweet</p>
  <p time="1242299" is_ac="true">Char on the outside it's kind of like</p>
  <p time="1244039" is_ac="true">eating a hot dog without the bun but</p>
  <p time="1245720" is_ac="true">with rice which is how I prefer to eat a</p>
  <p time="1248179" is_ac="true">hot dog I actually don't like hot dog</p>
  <p time="1249320" is_ac="true">buns</p>
  <p time="1250340" is_ac="true">I'm weird like that all right let's try</p>
  <p time="1252380" is_ac="true">this Mahi they already have some tartar</p>
  <p time="1254840" is_ac="true">sauce lathered on top for us let's try</p>
  <p time="1257539" is_ac="true">this out foreign</p>
  <p time="1263679" is_ac="true">definitely need tartar sauce though</p>
  <p time="1265640" is_ac="true">because it's not a lot of flavor on</p>
  <p time="1267080" is_ac="true">there I mean that's why they gave it to</p>
  <p time="1268280" is_ac="true">us but I like Mahi because it's not like</p>
  <p time="1271460" is_ac="true">a flaky fish there's a lot of protein to</p>
  <p time="1273500" is_ac="true">the fish so it almost has like a</p>
  <p time="1275120" is_ac="true">consistency of like chicken or like</p>
  <p time="1276980" is_ac="true">another type of meat because yeah like I</p>
  <p time="1279500" is_ac="true">said it'll fill you up you'll get your</p>
  <p time="1281360" is_ac="true">protein with the fish and all these</p>
  <p time="1283520" is_ac="true">other meat items the main selling point</p>
  <p time="1285679" is_ac="true">of Aloha special because it's just the</p>
  <p time="1288620" is_ac="true">Cheap Eats like they have a little bit</p>
  <p time="1290419" is_ac="true">of everything on the menu Simon local</p>
  <p time="1292520" is_ac="true">plate lunches just a little taste of</p>
  <p time="1294980" is_ac="true">Hawaii a little taste of Aloha pork very</p>
  <p time="1297799" is_ac="true">inexpensive prices very casual eats and</p>
  <p time="1300380" is_ac="true">um okay quick bowl and you're on your</p>
  <p time="1302840" is_ac="true">way to fill you up all right dvw score</p>
  <p time="1305179" is_ac="true">for Aloha Specialties nine out of ten</p>
  <p time="1308140" is_ac="true">certified hello DBW fans and hello to my</p>
  <p time="1312500" is_ac="true">family in Northern California San</p>
  <p time="1314360" is_ac="true">Francisco Bay Area all right to</p>
  <p time="1316039" is_ac="true">everybody in the Philippines all right</p>
  <p time="1317900" is_ac="true">story time me and Larry are going to</p>
  <p time="1319039" is_ac="true">tell you guys the story that we had with</p>
  <p time="1321020" is_ac="true">Gordon Ramsay so basically Leia signed</p>
  <p time="1323840" is_ac="true">us up for a Hell's Kitchen tasting in La</p>
  <p time="1326600" is_ac="true">we got there we're really hungry we</p>
  <p time="1329000" is_ac="true">didn't eat beforehand because we wanted</p>
  <p time="1330559" is_ac="true">to try their food so basically like you</p>
  <p time="1332539" is_ac="true">sign up you're kind of like an extra on</p>
  <p time="1334640" is_ac="true">their Hell's Kitchen show so they feed</p>
  <p time="1336559" is_ac="true">you for free basically yeah we drove</p>
  <p time="1338539" is_ac="true">there and we had to wait in like this</p>
  <p time="1339799" is_ac="true">waiting room with a bunch of other</p>
  <p time="1340880" is_ac="true">contestants or not contestants just like</p>
  <p time="1342919" is_ac="true">extras we went for like over two hours</p>
  <p time="1344960" is_ac="true">we're really hungry they're calling in</p>
  <p time="1347720" is_ac="true">groups we saw a group go in after group</p>
  <p time="1350360" is_ac="true">they're calling Group after group and we</p>
  <p time="1351679" is_ac="true">were getting kind of nervous we're like</p>
  <p time="1352820" is_ac="true">oh they're gonna get us I mean we drove</p>
  <p time="1354860" is_ac="true">all this way takes like an hour and a</p>
  <p time="1356720" is_ac="true">half to get there basically during prime</p>
  <p time="1358700" is_ac="true">time traffic</p>
  <p time="1360380" is_ac="true">and then</p>
  <p time="1362140" is_ac="true">there was like maybe seven people left</p>
  <p time="1365299" is_ac="true">oh it's too traumatizing I can't talk</p>
  <p time="1367520" is_ac="true">about it</p>
  <p time="1368780" is_ac="true">the worst part is that we were hungry</p>
  <p time="1370880" is_ac="true">hungry like we came hungry wanting to go</p>
  <p time="1374179" is_ac="true">foreign</p>
  <p time="1381220" is_ac="true">so then when they came out they were</p>
  <p time="1383539" is_ac="true">like and there was a few of us like us</p>
  <p time="1385039" is_ac="true">and a few other couples and they're like</p>
  <p time="1386840" is_ac="true">unfortunately we're already fully booked</p>
  <p time="1388880" is_ac="true">so they overbooked people knowing that</p>
  <p time="1392480" is_ac="true">like not everybody would be seated which</p>
  <p time="1395299" is_ac="true">we didn't really know that so then we</p>
  <p time="1396740" is_ac="true">were actually unfortunately told to</p>
  <p time="1398539" is_ac="true">leave like there's nothing they can do</p>
  <p time="1399799" is_ac="true">they can't see this they were trying to</p>
  <p time="1401360" is_ac="true">reschedule us to come back another time</p>
  <p time="1403039" is_ac="true">for another team I wasn't going to drive</p>
  <p time="1404360" is_ac="true">an hour and a half to come back after</p>
  <p time="1405740" is_ac="true">that experience because it was far away</p>
  <p time="1407299" is_ac="true">it was like somewhere in L.A somewhere</p>
  <p time="1409220" is_ac="true">the whole location was just like it just</p>
  <p time="1411919" is_ac="true">took a while we had to get covet tested</p>
  <p time="1413419" is_ac="true">like it was a whole thing so we were</p>
  <p time="1415880" is_ac="true">really disappointed it was just uh then</p>
  <p time="1418700" is_ac="true">we went to Global Paradise after so yeah</p>
  <p time="1420500" is_ac="true">we went to eat somewhere after that was</p>
  <p time="1422059" is_ac="true">good well we were starving and then we</p>
  <p time="1424159" is_ac="true">were disappointed we kind of went our</p>
  <p time="1426080" is_ac="true">time and mostly because we really wanted</p>
  <p time="1428179" is_ac="true">to be on the on the Hell's Kitchen like</p>
  <p time="1429799" is_ac="true">we thought it would be a really fun</p>
  <p time="1430700" is_ac="true">experience yeah but I actually can't</p>
  <p time="1432919" is_ac="true">really get mad it was free yeah we found</p>
  <p time="1434900" is_ac="true">a good restaurant after so it's all good</p>
  <p time="1436880" is_ac="true">but yes</p>
  <p time="1438280" is_ac="true">I mean going around to these restaurants</p>
  <p time="1440240" is_ac="true">are good I mean it's obviously not his</p>
  <p time="1441919" is_ac="true">fault it was like kind of like their</p>
  <p time="1443659" is_ac="true">Staffing or whatever but anyways that is</p>
  <p time="1446539" is_ac="true">our Gordon Ramsay fail story all right</p>
  <p time="1448880" is_ac="true">so we're ending our video here in Hawaii</p>
  <p time="1451940" is_ac="true">no I'm just kidding this is just a</p>
  <p time="1454400" is_ac="true">painting guys some people call Las Vegas</p>
  <p time="1457400" is_ac="true">and Ninth Island and California hotel is</p>
  <p time="1460700" is_ac="true">one of the hot spots here in Vegas for</p>
  <p time="1463280" is_ac="true">Hawaiians alright guys so if you guys</p>
  <p time="1464900" is_ac="true">liked our tour here in Las Vegas please</p>
  <p time="1468080" is_ac="true">like this video comment down below some</p>
  <p time="1470059" is_ac="true">recommendations for us and subscribe for</p>
  <p time="1471799" is_ac="true">more dvw Vlogs deuces</p>
  <p time="1475460" is_ac="true">foreign</p>
</text>
