<?xml version='1.0' encoding='UTF-8'?>
<text date_d="28" date_m="10" date_y="2022" format="srv3" age_limit="0" comment_count="3300" description="Today Lord Z takes us to a very special place from his past... and we discover that there's a whole extra level of food we didn't know existed! Get your Jolly merch here: http://getjolly.store &#10;&#10;Huge thanks to Massimo and the team at Osteria Francescana for giving us the best foodie experience in the world! Check him out on Insta @massimobottura&#10;&#10;Click here to buy Josh's bestselling autobiography! https://amzn.eu/d/73xtwcy&#10;&#10;Hit join and become a Jollybean member to join us in our members-only livestreams:&#10;https://www.youtube.com/jolly/join&#10;&#10;Special thanks to our Jollybean VIPs for supporting us in making this video!&#10;&#10;Nora yousef&#10;Bettie Meier&#10;AJ Villanueva&#10;Sweetzerlandia&#10;Noob_cabbageleaf&#10;Julian Leung&#10;G. J Chua&#10;Reilly Willoughby&#10;Li Winslow&#10;Yun Lim&#10;유경Ella&#10;Victor koh&#10;Anthony Jefferson&#10;Alex Kunis&#10;Koral JollyBean&#10;Uyen Ngo&#10;Diana Woon&#10;Patricia Veronica&#10;63angel&#10;Bada Choi&#10;Nurse Laykan&#10;heather owen&#10;CitrusQuill&#10;Clare&#10;Gloria Kwon&#10;lira12tan&#10;Andi526" fulltitle="The Best Restaurant in the World (literally)" like_count="131546" location="na" playlist_title="na" release_date="na" upload_date="20221028" repost_count="na" tags="JOLLY; josh; ollie; British; UK; English; englishman; comedy; duo; food; react; try; tries; best; weirdest; craziest; series; online; guest; memes; Gentleman; Brits; international; spicy; spiciest; hottest; fire; noodles; snacks; fast food; best friends; infinite possibilities; gabie; kook; carrott; kendal; review; taste; test; steven lim; watcher; travel; sorted food; highschoolers; meme; tiktok; weird; rappers; actually good; paris; london; L.A.; mcdonalds; michelin; crazy; " title="The Best Restaurant in the World (literally)" uploader="JOLLY" view_count="3461369" webpage_url="https://www.youtube.com/watch?v=cWJ9KYqWVqY" autocaption="false">
  <p time="1951" is_ac="false">We are in Modena.</p>
  <p time="3508" is_ac="false">I am bringing you for lunch to a very special place.</p>
  <p time="6540" is_ac="false">Osteria Francescana.</p>
  <p time="7987" is_ac="false">World's best restaurant, Italy’s best restaurant.</p>
  <p time="9853" is_ac="false">This restaurant was literally voted the best
restaurant in the world.</p>
  <p time="13265" is_ac="false">Ok.</p>
  <p time="14489" is_ac="false">We are out of our depth.</p>
  <p time="16010" is_ac="false">It’s time, we are doing it Ollie.</p>
  <p time="18301" is_ac="false">Sunglasses.</p>
  <p time="19524" is_ac="false">Sorry.</p>
  <p time="21765" is_ac="false">Ciao.</p>
  <p time="23876" is_ac="false">Is ciao not a bit informal?</p>
  <p time="26421" is_ac="false">I don’t know.</p>
  <p time="28828" is_ac="false">Somehow Mr Z has organised it so they have
given us a private wine cellar room.</p>
  <p time="35618" is_ac="false">Entirely for us to film in.</p>
  <p time="38140" is_ac="false">Incredible right?</p>
  <p time="39820" is_ac="false">What the hell is going on?</p>
  <p time="41350" is_ac="false">We’re starting already.</p>
  <p time="42350" is_ac="false">Why do I feel like I can’t speak?</p>
  <p time="45640" is_ac="false">You can do whatever you want.</p>
  <p time="46640" is_ac="false">That’s why we got the cellar you know.</p>
  <p time="47737" is_ac="false">So Massimo is going to create this upside
down scenario of Italy.</p>
  <p time="51510" is_ac="false">So right now at the beginning already serving
the end of the menu.</p>
  <p time="55343" is_ac="false">Which is the dessert.</p>
  <p time="56613" is_ac="false">So this is a dessert?</p>
  <p time="58680" is_ac="false">Yes, that's a dessert.</p>
  <p time="59980" is_ac="false">Is that normal?</p>
  <p time="60980" is_ac="false">Massimo Vatura is the head chef the founder.</p>
  <p time="63920" is_ac="false">He’s a Newton.</p>
  <p time="65510" is_ac="false">An Einstein.</p>
  <p time="66580" is_ac="false">He’s a genius.</p>
  <p time="68170" is_ac="false">He doesn't live on this planet.</p>
  <p time="69939" is_ac="false">They say the line between genius and madman
is very thin.</p>
  <p time="73270" is_ac="false">Correct.</p>
  <p time="74270" is_ac="false">And doesn’t Massimo mean a bit extra in Italian?</p>
  <p time="76680" is_ac="false">Correct, that's the one.</p>
  <p time="77728" is_ac="false">Wait what?</p>
  <p time="79479" is_ac="false">He knows.</p>
  <p time="80502" is_ac="false">First taste of the best food in the world.</p>
  <p time="89229" is_ac="false">This is really good.</p>
  <p time="91542" is_ac="false">This is a great first bite.</p>
  <p time="93390" is_ac="false">Am I wrong?</p>
  <p time="94390" is_ac="false">You are not wrong.</p>
  <p time="95680" is_ac="false">That is the nicest soggy bread I have ever had.</p>
  <p time="99460" is_ac="false">This looks like a red prawn.</p>
  <p time="100379" is_ac="false">Look at this.</p>
  <p time="101232" is_ac="false">Wow look at that!</p>
  <p time="105356" is_ac="false">No, all in mouth.</p>
  <p time="108780" is_ac="false">This is amazing.</p>
  <p time="110740" is_ac="false">The flavours!</p>
  <p time="111740" is_ac="false">You know what that’s like?</p>
  <p time="114299" is_ac="false">It’s like a prawn cocktail inside two communion wafers.</p>
  <p time="118140" is_ac="false">You are genuinely an idiot.</p>
  <p time="120727" is_ac="false">Alright, liquid salad.</p>
  <p time="122181" is_ac="false">Liquid salad to normal people is a smoothie right.</p>
  <p time="124780" is_ac="false">A hot smoothie.</p>
  <p time="125780" is_ac="false">Oh this is hot?</p>
  <p time="126690" is_ac="false">Yes.</p>
  <p time="127913" is_ac="false">Geonbae. [Cheers in Korean]</p>
  <p time="129037" is_ac="false">Salute.</p>
  <p time="135015" is_ac="false">The flavours.</p>
  <p time="136905" is_ac="false">I can taste the bread actually.</p>
  <p time="138680" is_ac="false">Wow that is like a Willy Wonka concoction.</p>
  <p time="141330" is_ac="false">You can taste all of the salad in there.</p>
  <p time="143980" is_ac="false">If you just juiced a salad, the flavours would
all blend together it would be genuinely disgusting.</p>
  <p time="149129" is_ac="false">But it works.</p>
  <p time="150129" is_ac="false">It’s remarkably good.</p>
  <p time="151209" is_ac="false">It works.</p>
  <p time="152209" is_ac="false">It’s amazing.</p>
  <p time="153209" is_ac="false">Surely this is the peak of the crescendo.</p>
  <p time="154849" is_ac="false">No.</p>
  <p time="155849" is_ac="false">As I told you my crescendo does not descendo.</p>
  <p time="160962" is_ac="false">You didn’t tell us that.</p>
  <p time="163906" is_ac="false">So you used to work here?</p>
  <p time="165875" is_ac="false">Yes.</p>
  <p time="166698" is_ac="false">What was that like?</p>
  <p time="167940" is_ac="false">Exciting, just working with excellency, working
with this level of execution and training.</p>
  <p time="174260" is_ac="false">Exciting.</p>
  <p time="175260" is_ac="false">That’s a panettone.</p>
  <p time="177154" is_ac="false">So now we’re going to another dessert.</p>
  <p time="178980" is_ac="false">This looks incredible.</p>
  <p time="180470" is_ac="false">But I love the heavy…</p>
  <p time="181470" is_ac="false">I just touched it.</p>
  <p time="184353" is_ac="false">You just touched it.</p>
  <p time="185893" is_ac="false">Oh.</p>
  <p time="186839" is_ac="false">Wow!</p>
  <p time="193732" is_ac="false">It’s everything you want.</p>
  <p time="195098" is_ac="false">And now I’m gonna teach you something.</p>
  <p time="196620" is_ac="false">No no you don’t do that.</p>
  <p time="197620" is_ac="false">Yeah man, in Italy we do that.</p>
  <p time="199350" is_ac="false">Can I just dip it in instead, I’d be more
comfortable with that.</p>
  <p time="202480" is_ac="false">I’m dipping.</p>
  <p time="203480" is_ac="false">I’m dipping.</p>
  <p time="204728" is_ac="false">Are you serious?</p>
  <p time="205314" is_ac="false">More.</p>
  <p time="205867" is_ac="false">I feel like we’re gonna get in trouble when
people watch this, this isn’t real.</p>
  <p time="213420" is_ac="false">He dropped his panetone in his wine…</p>
  <p time="220351" is_ac="false">He did not laugh, he saw it and left.</p>
  <p time="224821" is_ac="false">You told me to do it.</p>
  <p time="226328" is_ac="false">I told you to do this.</p>
  <p time="227457" is_ac="false">You did say to do that.</p>
  <p time="228950" is_ac="false">If they don’t kick us out I hope we have
a good dinner.</p>
  <p time="231173" is_ac="false">Do you think they are gonna kick us out?</p>
  <p time="233365" is_ac="false">Italy is difficult.</p>
  <p time="234849" is_ac="false">Shut up.</p>
  <p time="235998" is_ac="false">Yeah it can happen.</p>
  <p time="238833" is_ac="false">Bongiorno.</p>
  <p time="240354" is_ac="false">Bongiorno.</p>
  <p time="242372" is_ac="false">What’s going on here?</p>
  <p time="245269" is_ac="false">These two gentlemen over here Josh and Ollie.</p>
  <p time="248170" is_ac="false">Nice to meet you.</p>
  <p time="249170" is_ac="false">Have a pretty important YouTube channel, and
we're doing a tour throughout Emilia Romagna.</p>
  <p time="254870" is_ac="false">We visited the best people from producers
to parmesan to squacarone to piadina.</p>
  <p time="261870" is_ac="false">Balsamic vinegar?</p>
  <p time="263272" is_ac="false">Balsamic vinegar.</p>
  <p time="264649" is_ac="false">You should come to Maria Luigia and try the 1910.</p>
  <p time="269738" is_ac="false">After here you are welcome to try.</p>
  <p time="272730" is_ac="false">That would be amazing.</p>
  <p time="273780" is_ac="false">So I’m going to explain this dish.</p>
  <p time="275320" is_ac="false">That you have to eat in a very short time
because it’s a risotto.</p>
  <p time="279960" is_ac="false">So risotto is all about creaminess.</p>
  <p time="281220" is_ac="false">The thing that I see as Picasso was always saying.</p>
  <p time="284830" is_ac="false">I was drawing as Raphael since I was 13.</p>
  <p time="287340" is_ac="false">But it took my whole life to paint like a kid.</p>
  <p time="290500" is_ac="false">So to me, we are playing like a kid.</p>
  <p time="294030" is_ac="false">So I see everything upside down, from under
the table.</p>
  <p time="297460" is_ac="false">So that's why we serve panettone and baba
to start.</p>
  <p time="301120" is_ac="false">Caprese and spaghetti at the end.</p>
  <p time="303440" is_ac="false">So I transformed the eggplant parmigiana into
a broth.</p>
  <p time="307500" is_ac="false">And I cooked the risotto into that broth.</p>
  <p time="309750" is_ac="false">Ok.</p>
  <p time="310750" is_ac="false">Leaving the most important part of the eggplant
parmigiana.</p>
  <p time="313280" is_ac="false">That is the crusty part.</p>
  <p time="315020" is_ac="false">You break it, you go down.</p>
  <p time="316169" is_ac="false">And you eat the eggplant parmigiana in the
shape of risotto.</p>
  <p time="320170" is_ac="false">Enjoy.</p>
  <p time="321170" is_ac="false">Thank you so much!</p>
  <p time="322410" is_ac="false">You’re welcome.</p>
  <p time="328721" is_ac="false">He’s such a character.</p>
  <p time="330148" is_ac="false">Let’s just be thankful that I didn’t have
a Panettone in my glass.</p>
  <p time="335901" is_ac="false">Guys, let's try this risotto.</p>
  <p time="337000" is_ac="false">Dig down, dig deep down.</p>
  <p time="338820" is_ac="false">Look at how thin that layer is.</p>
  <p time="344962" is_ac="false">Delicious dish.</p>
  <p time="347110" is_ac="false">Don’t take this the wrong way, it is reminiscent
of pizza flavoured crisps.</p>
  <p time="352648" is_ac="false">Stop right now.</p>
  <p time="353350" is_ac="false">Pringles.</p>
  <p time="354350" is_ac="false">That risotto is unbelievable.</p>
  <p time="355722" is_ac="false">How good is this risotto?</p>
  <p time="357739" is_ac="false">It’s unbelievable.</p>
  <p time="359461" is_ac="false">Massimo, that's the man who just came in.</p>
  <p time="361560" is_ac="false">To introduce his signature dish.</p>
  <p time="364240" is_ac="false">You have to understand he, at the moment and
for the past 5 years,</p>
  <p time="368690" is_ac="false">Has been the most famous chef in the world.</p>
  <p time="370897" is_ac="false">Any foodie knows him.</p>
  <p time="372840" is_ac="false">Any.</p>
  <p time="373840" is_ac="false">In the world.</p>
  <p time="374840" is_ac="false">Any country.</p>
  <p time="375716" is_ac="false">So here is the pasta course.</p>
  <p time="378226" is_ac="false">Ravioli has always been a container of ideas.</p>
  <p time="380557" is_ac="false">If you understand that, you understand what
we are doing here.</p>
  <p time="383940" is_ac="false">The top one is the landscape north and the
flavours are almost dark.</p>
  <p time="389740" is_ac="false">Because the north of Italy it’s all about
work and work.</p>
  <p time="393390" is_ac="false">The second one is the centre.</p>
  <p time="394949" is_ac="false">The third one is the south of Italy.</p>
  <p time="397520" is_ac="false">And you try to make a raviolo down south but
the pasta crack.</p>
  <p time="403720" is_ac="false">When I cook it, oops, I cracked the pasta.</p>
  <p time="406660" is_ac="false">Because for the south of Italy it’s all
about dry pasta.</p>
  <p time="410090" is_ac="false">So start from north and go south.</p>
  <p time="412490" is_ac="false">Start from north to south, fantastic thank
you so much.</p>
  <p time="416533" is_ac="false">Sorry I just want establish that he doesn't
introduce every dish to all of the guests in the restaurant right?</p>
  <p time="424680" is_ac="false">No, I don't think so, usually not.</p>
  <p time="426780" is_ac="false">Let's start in the north.</p>
  <p time="428550" is_ac="false">Amazing.</p>
  <p time="429770" is_ac="false">I love the passion he has introducing these dishes.</p>
  <p time="435090" is_ac="false">I wouldn’t want anything more perfect than that.</p>
  <p time="439520" is_ac="false">Ok I can say honestly without a shadow of a doubt.</p>
  <p time="444340" is_ac="false">That is the best piece of pasta I have ever eaten.</p>
  <p time="447379" is_ac="false">By a long long way.</p>
  <p time="448889" is_ac="false">Look at him.</p>
  <p time="449889" is_ac="false">This is redefining pasta entirely.</p>
  <p time="454650" is_ac="false">This one, tomato?</p>
  <p time="458033" is_ac="false">Very good right?</p>
  <p time="463373" is_ac="false">Oozing flavour.</p>
  <p time="467840" is_ac="false">I don’t know what to say.</p>
  <p time="471840" is_ac="false">Ok so this is southern Italy it is dried and
cracked pasta.</p>
  <p time="479743" is_ac="false">Intense.</p>
  <p time="481460" is_ac="false">For me it’s too intense.</p>
  <p time="482750" is_ac="false">Wow, very, very different.</p>
  <p time="484960" is_ac="false">Can I suggest he doesn’t like southern Italy
as much as northern Italy.</p>
  <p time="488250" is_ac="false">I’m definitely getting that feeling.</p>
  <p time="489840" is_ac="false">100 percent, probably that’s why he did that.</p>
  <p time="492330" is_ac="false">I’m gonna ask him a question.</p>
  <p time="493703" is_ac="false">What?</p>
  <p time="494703" is_ac="false">Can we hear the question before?</p>
  <p time="495844" is_ac="false">You wait.</p>
  <p time="497340" is_ac="false">Oh my gosh.</p>
  <p time="498509" is_ac="false">I’m terrified.</p>
  <p time="499509" is_ac="false">So here you have a turbot that wants to be
a porchetta.</p>
  <p time="502409" is_ac="false">It’s bread with suckling pig fat, mixed
with some rosemary, some fennel seeds.</p>
  <p time="508060" is_ac="false">Like all the flavours from porchetta.</p>
  <p time="509990" is_ac="false">Can I ask a question?</p>
  <p time="511200" is_ac="false">Yeah.</p>
  <p time="512200" is_ac="false">Your food is storytelling right?</p>
  <p time="514039" is_ac="false">Yeah.</p>
  <p time="515039" is_ac="false">When you’re creating a recipe, when does
the story come in?</p>
  <p time="518270" is_ac="false">Do you start with the story?</p>
  <p time="520450" is_ac="false">Our food since ever, first of all is the quality
of the idea.</p>
  <p time="525600" is_ac="false">Then the quality of the idea leads you to
the quality of the ingredients.</p>
  <p time="531140" is_ac="false">And the preparation that we create.</p>
  <p time="533660" is_ac="false">Thank you so much.</p>
  <p time="534700" is_ac="false">Enjoy the turbot.</p>
  <p time="536020" is_ac="false">Enjoy the porchetta, sorry.</p>
  <p time="537779" is_ac="false">That was a good question.</p>
  <p time="539070" is_ac="false">It was an excellent question.</p>
  <p time="540490" is_ac="false">You represented us well Ollie.</p>
  <p time="543230" is_ac="false">I got goosebumps from him.</p>
  <p time="544408" is_ac="false">You got goosebumps from that experience.</p>
  <p time="546230" is_ac="false">Just him speaking.</p>
  <p time="548856" is_ac="false">He’s so cool.</p>
  <p time="550861" is_ac="false">I’m sort of in awe of him.</p>
  <p time="552120" is_ac="false">Charisma explosion.</p>
  <p time="554950" is_ac="false">So this is a…</p>
  <p time="555950" is_ac="false">A turbot that wants to be a porchetta.</p>
  <p time="558480" is_ac="false">He’s clearly had an influence on you.</p>
  <p time="560840" is_ac="false">What influence is that?</p>
  <p time="561870" is_ac="false">I guess the influence of someone that understands
and respects ingredients.</p>
  <p time="565360" is_ac="false">And to make a story for me is fantastic.</p>
  <p time="568140" is_ac="false">And I didn’t think I took it from him, he
was saying something I never thought.</p>
  <p time="573070" is_ac="false">Do you understand that?</p>
  <p time="574750" is_ac="false">Personally I’m really thankful that you
were willing to come back here with us.</p>
  <p time="579490" is_ac="false">And expose that personal side of you.</p>
  <p time="582459" is_ac="false">9 years later yeah.</p>
  <p time="584100" is_ac="false">For sure.</p>
  <p time="585100" is_ac="false">With us.</p>
  <p time="586100" is_ac="false">Welcome us into that experience.</p>
  <p time="587100" is_ac="false">I recognize that there’s a certain vulnerability
to that.</p>
  <p time="589480" is_ac="false">Of course.</p>
  <p time="590281" is_ac="false">Thank you.</p>
  <p time="590909" is_ac="false">Thanks Andrea.</p>
  <p time="591661" is_ac="false">Thank you gents.</p>
  <p time="592661" is_ac="false">I can’t believe that’s fish.</p>
  <p time="594480" is_ac="false">It’s insane, it does not taste like fish.</p>
  <p time="595480" is_ac="false">It doesn’t taste like fish.</p>
  <p time="596480" is_ac="false">Wait, I thought that was pork.</p>
  <p time="597959" is_ac="false">No, that’s fish.</p>
  <p time="599580" is_ac="false">What are you talking about?</p>
  <p time="600900" is_ac="false">It’s fish but he dressed it to be like pork.</p>
  <p time="602977" is_ac="false">It’s turbot.</p>
  <p time="605751" is_ac="false">That turbot was incredible.</p>
  <p time="608761" is_ac="false">So incredible that he thought it was actually
pork not turbot.</p>
  <p time="612840" is_ac="false">I was worried about my question to you so
I wasn’t really listening to your story.</p>
  <p time="618000" is_ac="false">Well I have to say you ask a very good question.</p>
  <p time="622000" is_ac="false">That’s the key question to understand our
way of thinking, you know.</p>
  <p time="626060" is_ac="false">Fantastic, that’s good to hear.</p>
  <p time="627260" is_ac="false">This is another very very important conceptually dish.</p>
  <p time="632060" is_ac="false">What we did here is that we used the most
amazing part of the beef to create a grill juice.</p>
  <p time="642000" is_ac="false">And we compress it inside a salad to give
you the perception of eating grilled meat.</p>
  <p time="650580" is_ac="false">In every bite that you have.</p>
  <p time="653270" is_ac="false">This is fascinating.</p>
  <p time="655478" is_ac="false">This is the first step of the salad.</p>
  <p time="657810" is_ac="false">This is first step.</p>
  <p time="659370" is_ac="false">Because we compressed all the side dishes inside.</p>
  <p time="663560" is_ac="false">From the big bag, we go down down down.</p>
  <p time="666810" is_ac="false">You arrive at the end and it’s like this.</p>
  <p time="669472" is_ac="false">Because the use of the plastic is also extremely
important.</p>
  <p time="672112" is_ac="false">Amazing.</p>
  <p time="673410" is_ac="false">Wow.</p>
  <p time="675155" is_ac="false">Very good to be honest.</p>
  <p time="676155" is_ac="false">It’s actually a very good dish.</p>
  <p time="677521" is_ac="false">I can’t believe there’s no meat in that.</p>
  <p time="679180" is_ac="false">There’s so much flavour from that.</p>
  <p time="680760" is_ac="false">The only way to describe that is a cabbage
that tastes like beef.</p>
  <p time="683570" is_ac="false">I am energised, this is fantastic.</p>
  <p time="687011" is_ac="false">Hey man you don’t eat anything.</p>
  <p time="688830" is_ac="false">You want a plate of tortellini?</p>
  <p time="692598" is_ac="false">They’re sharing the 4th course after filming.</p>
  <p time="695820" is_ac="false">This is called vein green.</p>
  <p time="698100" is_ac="false">It’s about the reflection about the quality
of life of the cows.</p>
  <p time="703970" is_ac="false">How they are treated and the milk and the
quality of the milk gives you back.</p>
  <p time="709800" is_ac="false">So I would love you to eat it like a cow.</p>
  <p time="712399" is_ac="false">Chew these beautiful herbs, mix with the milk.</p>
  <p time="715630" is_ac="false">That is like a creamy sauce of ricotta and
yoghurt from this morning.</p>
  <p time="721730" is_ac="false">Fantastic.</p>
  <p time="723000" is_ac="false">Thank you so much.</p>
  <p time="724420" is_ac="false">Smell that, it smells like freshly cut grass.</p>
  <p time="726630" is_ac="false">Yes it does, yes it does.</p>
  <p time="728260" is_ac="false">And I mean that in the best way.</p>
  <p time="729752" is_ac="false">It does, yeah.</p>
  <p time="736250" is_ac="false">This…</p>
  <p time="737810" is_ac="false">I don’t even have a point of reference.</p>
  <p time="739598" is_ac="false">This tastes like grass.</p>
  <p time="740561" is_ac="false">I mean it’s absolutely bizarre.</p>
  <p time="743139" is_ac="false">It’s so finely cut that you have to chew
it like a cow, literally with your molars.</p>
  <p time="749120" is_ac="false">You can’t eat it with this.</p>
  <p time="751459" is_ac="false">This is fascinating.</p>
  <p time="753715" is_ac="false">3 star.</p>
  <p time="755450" is_ac="false">It wouldn't be 3 stars without things like this.</p>
  <p time="757260" is_ac="false">It would be a 2 star.</p>
  <p time="758630" is_ac="false">This is above and beyond.</p>
  <p time="759680" is_ac="false">Like the things we are eating here, we’re
never going to eat anything like this.</p>
  <p time="762980" is_ac="false">Precisely.</p>
  <p time="763980" is_ac="false">So this is the spaghetto.</p>
  <p time="765019" is_ac="false">Looks like spaghetti and tomato, no?</p>
  <p time="767350" is_ac="false">But actually this is a plate that united Italy
along the flavours.</p>
  <p time="771149" is_ac="false">So we start from Piedmont, with a red pepper
from Carmagnola that we grill.</p>
  <p time="776010" is_ac="false">On the magic bus you go down and you stop
in Modena with the sour cherry.</p>
  <p time="780430" is_ac="false">You mix the soup and you have the juice.</p>
  <p time="782990" is_ac="false">And you cook the spaghetti inside this juice
as a risotto.</p>
  <p time="786160" is_ac="false">You go down and you arrive in Sicily.</p>
  <p time="789000" is_ac="false">And you have the bitter almond, grated as
parmigiano.</p>
  <p time="791800" is_ac="false">But also the sweet almond that goes inside.</p>
  <p time="795020" is_ac="false">That’s why we serve as a desert.</p>
  <p time="798019" is_ac="false">Beautiful.</p>
  <p time="799019" is_ac="false">The stories that you tell are very connected
to the Italian story.</p>
  <p time="802779" is_ac="false">It’s about breaking rules.</p>
  <p time="805240" is_ac="false">It’s about showing the Italians that Italy
is a country.</p>
  <p time="809220" is_ac="false">It’s not Modena or Bologna.</p>
  <p time="810880" is_ac="false">It’s not the Amalfi Coast or Puglia.</p>
  <p time="814080" is_ac="false">I's about Italy.</p>
  <p time="815660" is_ac="false">It’s about the red pepper from Piedmont,
but also the almonds from Noto.</p>
  <p time="820140" is_ac="false">Italy is Italy.</p>
  <p time="821299" is_ac="false">But everything seen with the eyes of a kid.</p>
  <p time="825026" is_ac="false">So that’s why it’s becoming so interesting
and so new.</p>
  <p time="828589" is_ac="false">I think the responsibility for someone like me.</p>
  <p time="831198" is_ac="false">Is to communicate to the world the quality
of the soil, of the farmers, of the fishermen, of the cheesemakers.</p>
  <p time="839215" is_ac="false">Because we work for that, we work for our dreams.</p>
  <p time="842959" is_ac="false">It’s not about other than that.</p>
  <p time="847514" is_ac="false">Wow.</p>
  <p time="848514" is_ac="false">Amazing.</p>
  <p time="849538" is_ac="false">Thank you.</p>
  <p time="850583" is_ac="false">Thank you so much.</p>
  <p time="852980" is_ac="false">This is exciting.</p>
  <p time="856117" is_ac="false">Look at this!</p>
  <p time="861185" is_ac="false">Weird.</p>
  <p time="862233" is_ac="false">Weird really?</p>
  <p time="864000" is_ac="false">Is it almost cold?</p>
  <p time="864525" is_ac="false">He said it was cold right.</p>
  <p time="866064" is_ac="false">You know what this is like?</p>
  <p time="867557" is_ac="false">Strawberry laces.</p>
  <p time="870258" is_ac="false">It’s like candy laces.</p>
  <p time="872118" is_ac="false">Yeah I get it.</p>
  <p time="873448" is_ac="false">I freaking love it.</p>
  <p time="875339" is_ac="false">It somehow tastes incredible.</p>
  <p time="876529" is_ac="false">Somehow?!</p>
  <p time="877529" is_ac="false">Strawberry laces are amazing.</p>
  <p time="878157" is_ac="false">I don’t like strawberry laces, I’m not
a big fan.</p>
  <p time="880531" is_ac="false">Strawberry laces are amazing.</p>
  <p time="883149" is_ac="false">This is like the petit-fours.</p>
  <p time="884610" is_ac="false">This is Venezian liver.</p>
  <p time="887190" is_ac="false">This is a canolo, Sicilian style but with
carbonara inside.</p>
  <p time="891139" is_ac="false">And this is chocolate with a salad inside.</p>
  <p time="893610" is_ac="false">So you have salad, Venezian liver, carbonara
to finish, to end.</p>
  <p time="900000" is_ac="false">I love it.</p>
  <p time="900904" is_ac="false">We’ve been exploring the traditions of Emilia-Romagna.</p>
  <p time="904380" is_ac="false">And then learning about the history behind
each of these places.</p>
  <p time="907600" is_ac="false">And coming here gives such a deeper understanding
behind the inspiration of each of these dishes.</p>
  <p time="913529" is_ac="false">And it's just fascinating how you’ve used
that history and the culture to then make these creations.</p>
  <p time="920260" is_ac="false">It’s the essence of what we do.</p>
  <p time="923560" is_ac="false">Otherwise it would make no sense for me to
cook and stay here every lunch and dinner.</p>
  <p time="928540" is_ac="false">You know 7 on 7.</p>
  <p time="929766" is_ac="false">I love it.</p>
  <p time="931364" is_ac="false">Amazing.</p>
  <p time="937800" is_ac="false">Ok can we stop and appreciate Ollie that you
have been asking for carbonara on this entire trip.</p>
  <p time="943931" is_ac="false">I have. X2</p>
  <p time="944931" is_ac="false"> 
And here we are.</p>
  <p time="946676" is_ac="false">In here in a cannoli we have some carbonara.</p>
  <p time="950140" is_ac="false">We tried 40 macarons in Paris.</p>
  <p time="952990" is_ac="false">Oh my gosh that’s true yeah.</p>
  <p time="953990" is_ac="false">I saw that.</p>
  <p time="954990" is_ac="false">We tried so many macarons.</p>
  <p time="955990" is_ac="false">We didn't try a liver flavoured one.</p>
  <p time="968312" is_ac="false">Is it better than other macarons you had?</p>
  <p time="971550" is_ac="false">It’s incomparable to the macarons we had in Paris.</p>
  <p time="976149" is_ac="false">The home of macarons!</p>
  <p time="978886" is_ac="false">The carbonara cannoli.</p>
  <p time="981465" is_ac="false">It smells like carbonara.</p>
  <p time="986579" is_ac="false">What is this I’m tasting?</p>
  <p time="989589" is_ac="false">What is this - lemon?</p>
  <p time="991430" is_ac="false">Why did they put some lemon?</p>
  <p time="994389" is_ac="false">Custard?</p>
  <p time="995389" is_ac="false">It’s custardy.</p>
  <p time="996389" is_ac="false">Again very good though.</p>
  <p time="997839" is_ac="false">I’ll keep waiting for my carbonara pizza.</p>
  <p time="1002880" is_ac="false">Chocolate salad.</p>
  <p time="1004720" is_ac="false">This one can’t be good.</p>
  <p time="1005720" is_ac="false">I don’t even know what I’m expecting.</p>
  <p time="1007820" is_ac="false">It is like a mini garden built into some dark
chocolate.</p>
  <p time="1011247" is_ac="false">It works.</p>
  <p time="1012468" is_ac="false">No...it does?</p>
  <p time="1017924" is_ac="false">The bitterness of the dark chocolate.</p>
  <p time="1019684" is_ac="false">It works because the chocolate is at least
85, 90 percent.</p>
  <p time="1023079" is_ac="false">Yeah, very very strong dark chocolate.</p>
  <p time="1024920" is_ac="false">There is some caramel element in there.</p>
  <p time="1027680" is_ac="false">And a lot of greenness.</p>
  <p time="1030102" is_ac="false">Oops, forgot about the caprese.</p>
  <p time="1034015" is_ac="false">In every single place, every single pizzeria,
every single trattoria</p>
  <p time="1039126" is_ac="false">In Italy, guys, what do you want to start?</p>
  <p time="1042410" is_ac="false">Tomato mozzarella and basil, so that’s what it is.</p>
  <p time="1045010" is_ac="false">Break the tomato.</p>
  <p time="1046710" is_ac="false">This is not a tomato?</p>
  <p time="1047972" is_ac="false">No, this is the tomato.</p>
  <p time="1053924" is_ac="false">This is the way you eat.</p>
  <p time="1061145" is_ac="false">It’s a desert you know.</p>
  <p time="1064386" is_ac="false">It’s the perfect way to...BOOM.</p>
  <p time="1066403" is_ac="false">It’s amazing.</p>
  <p time="1067230" is_ac="false">It explodes like crazy.</p>
  <p time="1069073" is_ac="false">Fantastic.</p>
  <p time="1070073" is_ac="false">It’s amazing.</p>
  <p time="1071073" is_ac="false">To end the story.</p>
  <p time="1071601" is_ac="false">Last chapter.</p>
  <p time="1072601" is_ac="false">Exactly thank you.</p>
  <p time="1074000" is_ac="false">Wow.</p>
  <p time="1075000" is_ac="false">He just fed me by hand.</p>
  <p time="1078878" is_ac="false">The flavour of the tomato is intense.</p>
  <p time="1081020" is_ac="false">I’m trying to understand it.</p>
  <p time="1082039" is_ac="false">It’s intense, it's creamy, it’s balanced,
it’s acidic.</p>
  <p time="1086929" is_ac="false">It’s very creamy.</p>
  <p time="1088000" is_ac="false">It’s not what my brain is trying to understand
of the meal.</p>
  <p time="1093390" is_ac="false">Yeah my brain can’t really handle it.</p>
  <p time="1095640" is_ac="false">You understand?</p>
  <p time="1096640" is_ac="false">Yeah it’s very different.</p>
  <p time="1098000" is_ac="false">Well this has been a dream.</p>
  <p time="1102440" is_ac="false">It’s been amazing.</p>
  <p time="1104000" is_ac="false">This is one of the best meals of my life,easily.</p>
  <p time="1105920" is_ac="false">You know what it’s like?</p>
  <p time="1107000" is_ac="false">It’s like going to an art gallery to see
an exhibition.</p>
  <p time="1111210" is_ac="false">And the artist is there.</p>
  <p time="1112679" is_ac="false">And he introduces each painting.</p>
  <p time="1115530" is_ac="false">Correct, incredible.</p>
  <p time="1116679" is_ac="false">You couldn't hope for a better experience.</p>
  <p time="1123428" is_ac="false">Thanks for everything.</p>
  <p time="1125255" is_ac="false">Really thank you so much.</p>
  <p time="1126570" is_ac="false">This was amazing genuinely amazing.</p>
  <p time="1129200" is_ac="false">A privilege, thank you.</p>
  <p time="1132309" is_ac="false">Ciao.</p>
  <p time="1136337" is_ac="false">Have a beautiful rest of your day.</p>
  <p time="1139688" is_ac="false">Thank you so much.</p>
  <p time="1141396" is_ac="false">We will not forget this.</p>
  <p time="1147051" is_ac="false">It can be a bit bumpy, but don't worry, it's normal.</p>
  <p time="1149299" is_ac="false">Ok......</p>
  <p time="1150207" is_ac="false">Is it just me or do the wings look really small?</p>
  <p time="1152653" is_ac="false">I can literally move this whole plane, just with a little push.</p>
  <p time="1155224" is_ac="false">Are we supposed to be doing this?</p>
  <p time="1157224" is_ac="false">Is this supposed to happen?</p>
  <p time="1159224" is_ac="false">We went full 90 degrees a couple of times.</p>
  <p time="1161001" is_ac="false">Woahhhhhhhh!</p>
  <p time="1164000" is_ac="false">Up again, the crescendo continues.</p>
  <p time="1168731" is_ac="false">Ok.</p>
</text>
