<?xml version='1.0' encoding='UTF-8'?>
<text date_d="2" date_m="3" date_y="2024" format="srv3" age_limit="0" comment_count="150" description="Subscribe: https://tinyurl.com/swydjazp | Website: https://www.FoodReviewClub.co.uk/&#10;&#10;Follow Food Review Club&#10;Instagram: https://tinyurl.com/584w6r8c&#10;TikTok: https://tinyurl.com/39mhw585&#10;Facebook: https://tinyurl.com/3a6ktzm3&#10;Twitter: https://tinyurl.com/3hvdffa9&#10;&#10;Watch more videos!&#10;Newest Videos: https://tinyurl.com/57hhzn2c&#10;Food Reviews: https://tinyurl.com/fuw5xh3v&#10;Fish &amp; Chip Reviews: https://tinyurl.com/dztaacd6&#10;Most Popular Videos: https://tinyurl.com/h377f2p6&#10;&#10;About Food Review Club:&#10;Welcome to the official Food Review Club YouTube channel, a UK based Food Review Channel!&#10;&#10;We are on a quest to cover these wonderful shores reviewing the UK’s best restaurants, street food, fish and chips, Sunday roasts, takeaways &amp; pubs with honest, real opinions. We will be hunting down those secret hot spots and local favorites! If you run an establishment and think your food is ‘Good enough for a review’ get in touch and let’s find out.&#10;&#10;Make sure to subscribe and turn on ALL notifications!&#10;&#10;“THAT’S A REVIEW…”&#10;&#10;Business Enquires: foodreviewclub@zodiacglobal.com&#10;&#10;#FoodReviewClub #Food #mrboney #edinburgh #ribs #sandwich" fulltitle="This Could Be The BEST Food We've EVER Had" like_count="1500" location="na" playlist_title="na" release_date="na" upload_date="20240302" repost_count="na" tags="food review club; food review club youtube; youtube food review club; frc; food review club uk; food review uk; food review; food review show; food channel; food channel youtube; food blogger; best food; food market; food festival 2021; best food in the uk; christmas food; cheap food uk; expensive food; takeout food; take away food; restaurant reviews; pizza review; kebab review; fish and chip review; burger review; fried chicken review; takeaway review; foodie; food; " title="This Could Be The BEST Food We've EVER Had" uploader="Food Review Club" view_count="56048" webpage_url="https://www.youtube.com/watch?v=fmHDoQAngOE" autocaption="true">
  <p time="120" is_ac="true">right everyone we think we have found</p>
  <p time="3240" is_ac="true">the most instagrammable sexy looking</p>
  <p time="6399" is_ac="true">piece of food I've ever seen now I'm not</p>
  <p time="9120" is_ac="true">going to tell you what it is just</p>
  <p time="10920" is_ac="true">yet we walking around the block trying</p>
  <p time="12880" is_ac="true">to find it to start with freezing to</p>
  <p time="14639" is_ac="true">death this looks good I'm super excited</p>
  <p time="17119" is_ac="true">I'm hyped for this come with us and</p>
  <p time="19320" is_ac="true">you're going to see a big bone oh so</p>
  <p time="24000" is_ac="true">this is Edinburgh Street Food where said</p>
  <p time="27039" is_ac="true">location lives I can't believe if this</p>
  <p time="29759" is_ac="true">is what I think it is I can't believe</p>
  <p time="31279" is_ac="true">what I've seen here it</p>
  <p time="32960" is_ac="true">is trust it to be outside I know Jesus</p>
  <p time="35800" is_ac="true">Christ all these nice shops in the warm</p>
  <p time="37680" is_ac="true">L look at them all in fact the only one</p>
  <p time="41440" is_ac="true">outside is one we're going to Fantastic</p>
  <p time="44160" is_ac="true">ladies and gents I present to</p>
  <p time="46120" is_ac="true">you Mr</p>
  <p time="48920" is_ac="true">Bony</p>
  <p time="50480" is_ac="true">24-hour bone in rib</p>
  <p time="53920" is_ac="true">sandwiches just the sound of just saying</p>
  <p time="56280" is_ac="true">that I'm salivating get in my face yeah</p>
  <p time="61199" is_ac="true">where's the heat lamps bro I know can we</p>
  <p time="63320" is_ac="true">get one of these on hello wow look at</p>
  <p time="66600" is_ac="true">this how you I'm good how are you is</p>
  <p time="70200" is_ac="true">it's warm here</p>
  <p time="72119" is_ac="true">okay okay so you you've literally got</p>
  <p time="74960" is_ac="true">one product yeah the sauce and the and</p>
  <p time="79320" is_ac="true">the and the sprinkle on the top what's</p>
  <p time="80920" is_ac="true">the sprinkle they they look like that</p>
  <p time="83560" is_ac="true">nicely stick the you on the top we we</p>
  <p time="86840" is_ac="true">give it on the side yeah are you okay in</p>
  <p time="89479" is_ac="true">there you warm I'm okay you're okay</p>
  <p time="92600" is_ac="true">warmer than us probably more or less you</p>
  <p time="95479" is_ac="true">know what if you were sending hugs right</p>
  <p time="96720" is_ac="true">now I think I'd buy one of them at all I</p>
  <p time="98880" is_ac="true">am freezing so we got you got peppercorn</p>
  <p time="100600" is_ac="true">sauce with pepper corn sauce highly</p>
  <p time="102079" is_ac="true">recommended 24hour cooked yeah yeah and</p>
  <p time="105119" is_ac="true">all our sauces out homemade you know wow</p>
  <p time="107680" is_ac="true">yeah Mr Bony I love that they got one</p>
  <p time="109759" is_ac="true">thing and they're like this is what we</p>
  <p time="110680" is_ac="true">do yeah 100% one product on the menu you</p>
  <p time="112960" is_ac="true">know it's going to be half decent cuz</p>
  <p time="114119" is_ac="true">they're concentrating on diving deep on</p>
  <p time="116200" is_ac="true">one product love that more power to it</p>
  <p time="119320" is_ac="true">being known for one ping incredible</p>
  <p time="121880" is_ac="true">you've been called Mr Bon few you a few</p>
  <p time="124759" is_ac="true">times in a few oh yeah few different</p>
  <p time="126920" is_ac="true">concepts yeah thank you it's cool yeah</p>
  <p time="130479" is_ac="true">you get you got like a very pink face</p>
  <p time="132120" is_ac="true">from oh yeah high blood pressure but</p>
  <p time="136000" is_ac="true">look this is the street food yeah it's</p>
  <p time="138319" is_ac="true">got loads of cool stuff like I</p>
  <p time="140400" is_ac="true">absolutely love these places it's an</p>
  <p time="142239" is_ac="true">incubator for startups an opportunity</p>
  <p time="145519" is_ac="true">opportunity for people to move into a</p>
  <p time="146840" is_ac="true">residence with great footful it looks</p>
  <p time="149920" is_ac="true">fresh fun colorful vibrant what more</p>
  <p time="153680" is_ac="true">could you want this is brilliant</p>
  <p time="154800" is_ac="true">Edinburgh I love the place this might be</p>
  <p time="157160" is_ac="true">my new spirit</p>
  <p time="158840" is_ac="true">animal there's so many places here bro</p>
  <p time="161280" is_ac="true">we we here for like two days we're going</p>
  <p time="162519" is_ac="true">to do like six or seven reviews like</p>
  <p time="165280" is_ac="true">there's hundreds of other places we have</p>
  <p time="167080" is_ac="true">to come and visit if you're new here by</p>
  <p time="168840" is_ac="true">the way hit the Subscribe button because</p>
  <p time="169840" is_ac="true">we got some mad content coming which you</p>
  <p time="171319" is_ac="true">already know about what up here this has</p>
  <p time="172760" is_ac="true">already been already been cooked yeah</p>
  <p time="175280" is_ac="true">that been been cooked and Dr in the oven</p>
  <p time="177959" is_ac="true">and finished on barbecue oh wow and then</p>
  <p time="180319" is_ac="true">see now you're barbecuing yeah how does</p>
  <p time="182840" is_ac="true">the how do you maintain moisture into</p>
  <p time="184720" is_ac="true">the meat it's because of our brain you</p>
  <p time="187200" is_ac="true">know and it's because it's very like</p>
  <p time="189280" is_ac="true">slowly cooked you know for 24 hours in</p>
  <p time="191640" is_ac="true">low temperature so heat it's get busy</p>
  <p time="194319" is_ac="true">here yeah yeah it's quite busy yeah yeah</p>
  <p time="196879" is_ac="true">like December was really good for us you</p>
  <p time="198760" is_ac="true">know right nice looks like an amazing</p>
  <p time="200959" is_ac="true">product thank you the the little the</p>
  <p time="203440" is_ac="true">sprinkles on top with the and the sauce</p>
  <p time="205799" is_ac="true">over it and just shove it in I agree</p>
  <p time="209239" is_ac="true">let's AB C man shove it</p>
  <p time="212360" is_ac="true">in this could be the coolest review ever</p>
  <p time="215519" is_ac="true">could be wow and coldest yeah coolest</p>
  <p time="218480" is_ac="true">and coldest yeah takes like 3 4 hours to</p>
  <p time="221560" is_ac="true">caramelize our onion so you got onion on</p>
  <p time="224120" is_ac="true">the bun first spices yeah we put then</p>
  <p time="226319" is_ac="true">then the meat goes on then Meats yeah</p>
  <p time="228159" is_ac="true">simple as that yeah yeah and sauce on</p>
  <p time="230480" is_ac="true">the side with our sprinkles on the side</p>
  <p time="232760" is_ac="true">yeah also we have a bone alone if you</p>
  <p time="235799" is_ac="true">prefer we can do without the roll ja a</p>
  <p time="238840" is_ac="true">Bone Alone a Bone Alone Bone</p>
  <p time="242079" is_ac="true">Alone a sauce on the top and sprinkles</p>
  <p time="246239" is_ac="true">this one's called this one's called the</p>
  <p time="247400" is_ac="true">boner then you got the boner</p>
  <p time="251239" is_ac="true">alone okay the boner there we have it</p>
  <p time="254280" is_ac="true">the got a big boner here in uh edur</p>
  <p time="257199" is_ac="true">let's cut to the food yeah hope you</p>
  <p time="259600" is_ac="true">enjoy and waiting for your</p>
  <p time="261840" is_ac="true">feedback you'll see my feedback please</p>
  <p time="265040" is_ac="true">uh where do I pay like no it's okay it's</p>
  <p time="268800" is_ac="true">okay no please let me pay please I'm</p>
  <p time="270800" is_ac="true">it's okay yeah I'm absolutely sure yeah</p>
  <p time="274120" is_ac="true">just I will be grateful if you give us</p>
  <p time="276560" is_ac="true">your your feedback said give us a 10</p>
  <p time="279639" is_ac="true">yeah God bless you my friend thank you</p>
  <p time="282080" is_ac="true">for your time us it was nice to talk to</p>
  <p time="283560" is_ac="true">you stay warm please yeah take more</p>
  <p time="286680" is_ac="true">nothing because messy is it messy I like</p>
  <p time="289520" is_ac="true">to get messy oh with the boner oh sorry</p>
  <p time="293000" is_ac="true">the</p>
  <p time="293759" is_ac="true">Bony um goodbye sorry for being vulgar</p>
  <p time="296720" is_ac="true">thank you it's Dan He leads me astray</p>
  <p time="298759" is_ac="true">yeah sorry and here we have</p>
  <p time="301800" is_ac="true">it look at that look toasted bread beef</p>
  <p time="305400" is_ac="true">rib caramelized onions in there pepper</p>
  <p time="307759" is_ac="true">corn</p>
  <p time="308560" is_ac="true">sauce crispy little sprinkles here we go</p>
  <p time="312759" is_ac="true">brother are you ready I'm ready go I'm</p>
  <p time="315720" is_ac="true">excited for this share this video tag</p>
  <p time="318440" is_ac="true">someone do something with this video now</p>
  <p time="320120" is_ac="true">just got a boner oh here we</p>
  <p time="325160" is_ac="true">go are you ready I don't need that look</p>
  <p time="328960" is_ac="true">well</p>
  <p time="330280" is_ac="true">that didn't take a lot did it no that</p>
  <p time="332759" is_ac="true">did not take a lot of Co in bro let's uh</p>
  <p time="335400" is_ac="true">do we need to shred this a little bit</p>
  <p time="337039" is_ac="true">yeah look spread that out a little bit</p>
  <p time="339520" is_ac="true">oh my God oh my God are you ready</p>
  <p time="343960" is_ac="true">bro pepper corn</p>
  <p time="351639" is_ac="true">sauce get some pepper corns in there oh</p>
  <p time="354600" is_ac="true">my God and then we've got the</p>
  <p time="358479" is_ac="true">sprinkles</p>
  <p time="362360" is_ac="true">that little bit of salty texture oh God</p>
  <p time="366160" is_ac="true">look at</p>
  <p time="367560" is_ac="true">that I</p>
  <p time="370240" is_ac="true">can't believe</p>
  <p time="372680" is_ac="true">this this is a Wonder product yeah that</p>
  <p time="375280" is_ac="true">looks this is like this might go down in</p>
  <p time="377280" is_ac="true">the history books was the best thing</p>
  <p time="379319" is_ac="true">ever I'm getting really excited now will</p>
  <p time="381720" is_ac="true">it taste good or will it be like dry and</p>
  <p time="384639" is_ac="true">I don't</p>
  <p time="388039" is_ac="true">know oh</p>
  <p time="390440" is_ac="true">a a lot of noises a okay let's go I</p>
  <p time="395599" is_ac="true">don't know how to here we go right just</p>
  <p time="397199" is_ac="true">get</p>
  <p time="418400" is_ac="true">in</p>
  <p time="420199" is_ac="true">I feel like I've waited all my life to</p>
  <p time="421639" is_ac="true">eat that that looked almost orgasmic</p>
  <p time="423599" is_ac="true">I'll be</p>
  <p time="426080" is_ac="true">honest look bigger than that that is my</p>
  <p time="430919" is_ac="true">love</p>
  <p time="436800" is_ac="true">language I'm not</p>
  <p time="440360" is_ac="true">words it looks like really</p>
  <p time="442560" is_ac="true">instagrammable blah blah blah blah tasty</p>
  <p time="446400" is_ac="true">it's like the the onions I'm ridiculous</p>
  <p time="450800" is_ac="true">this bread is awesome like the the beef</p>
  <p time="453560" is_ac="true">is just</p>
  <p time="458080" is_ac="true">like I'm so happy I'm so</p>
  <p time="463240" is_ac="true">happy I wish you not could taste</p>
  <p time="468039" is_ac="true">this it's game</p>
  <p time="470599" is_ac="true">over street from game is just finished</p>
  <p time="474000" is_ac="true">completed the</p>
  <p time="475919" is_ac="true">boner Mr boner the boner</p>
  <p time="481919" is_ac="true">it's just amazing it's warm it's</p>
  <p time="485840" is_ac="true">comforting it feels and tastes really</p>
  <p time="488720" is_ac="true">high quality it reminds me of like Deli</p>
  <p time="492560" is_ac="true">I went to a New York where you've got</p>
  <p time="493680" is_ac="true">that that deep gravy where you dunk in</p>
  <p time="495879" is_ac="true">the hot</p>
  <p time="497280" is_ac="true">beef the pepper corn has that gravy</p>
  <p time="500400" is_ac="true">warmth creaminess to it with that</p>
  <p time="502440" is_ac="true">peppery kick you're getting</p>
  <p time="508240" is_ac="true">everything</p>
  <p time="512159" is_ac="true">lost</p>
  <p time="514640" is_ac="true">words nearly my favorite thing I've ever</p>
  <p time="517200" is_ac="true">read</p>
  <p time="520399" is_ac="true">like a runner has just gone past on the</p>
  <p time="522760" is_ac="true">icest</p>
  <p time="524000" is_ac="true">day rest in peace he's 100% going to die</p>
  <p time="527839" is_ac="true">at some point during his run he's dead</p>
  <p time="529760" is_ac="true">under a bus hey this is so Good by thank</p>
  <p time="533600" is_ac="true">you my pleasure bro pleasure he knows it</p>
  <p time="536680" is_ac="true">as well he knows it</p>
  <p time="542720" is_ac="true">why is the whole of the city not</p>
  <p time="544480" is_ac="true">queueing up there for this this is the</p>
  <p time="546880" is_ac="true">coolest thing I've ever</p>
  <p time="549839" is_ac="true">read you know what</p>
  <p time="554200" is_ac="true">it 35 there is that right time for a</p>
  <p time="563640" is_ac="true">score that ladies and</p>
  <p time="567720" is_ac="true">gents is a 10 out of 10 love it</p>
  <p time="571560" is_ac="true">faultless we give 10 out of 10 to things</p>
  <p time="573880" is_ac="true">every now and again that have magic</p>
  <p time="576920" is_ac="true">above and beyond just the food and this</p>
  <p time="579000" is_ac="true">has pulled it off on a cold day lacking</p>
  <p time="581760" is_ac="true">an atmosphere yeah if we're the only</p>
  <p time="583480" is_ac="true">ones here like I'm not certainly not</p>
  <p time="585600" is_ac="true">catching a Vibe right now I'll tell you</p>
  <p time="586800" is_ac="true">that for a fact if F the opposite it's</p>
  <p time="589040" is_ac="true">dead out here lifeless that score has</p>
  <p time="592560" is_ac="true">come exclusively from what that has just</p>
  <p time="595200" is_ac="true">done in my mouth Edinburgh you have got</p>
  <p time="598760" is_ac="true">a giant here that's one of the coolest</p>
  <p time="601640" is_ac="true">things I've ever read a really simple</p>
  <p time="604079" is_ac="true">high quality perfectly executed piece of</p>
  <p time="607160" is_ac="true">street food that has made my heart smile</p>
  <p time="611600" is_ac="true">thanks for watching everyone that that's</p>
  <p time="613440" is_ac="true">a review</p>
</text>
