<?xml version='1.0' encoding='UTF-8'?>
<text date_d="24" date_m="1" date_y="2018" format="srv3" age_limit="0" comment_count="4600" description="Every Tuesday, Indo Java in Queens, New York, turns into the hottest spot in town for traditional Indonesian cuisine. And the best part? You’re always guaranteed the best seat in the house. With only one table, Warung Selasa is one of the smallest restaurants in the city, located inside a tiny, two-aisle grocery store. Owned and operated by Dewi Tjahjadi, Warung Selasa has been spreading the flavors of Indonesia in Queens for the past 10 years. &#10;&#10;SUBSCRIBE: https://goo.gl/vR6Acb&#10;&#10;This story is a part of our Flavors series, where we do so much more than play with our food. Come with us as we dive into deliciously different and tastefully off-beat stories in the culinary world.&#10;&#10;Got a story idea for us? Shoot us an email at hey [at] GreatBigStory [dot] com&#10;&#10;Follow us behind the scenes on Instagram: http://goo.gl/2KABeX&#10;Make our acquaintance on Facebook: http://goo.gl/Vn0XIZ&#10;Give us a shout on Twitter: http://goo.gl/sY1GLY&#10;Come hang with us on Vimeo: http://goo.gl/T0OzjV&#10;Visit our world directly: http://www.greatbigstory.com" fulltitle="This Is One of the Smallest Restaurants in New York" like_count="98994" location="na" playlist_title="na" release_date="na" upload_date="20180124" repost_count="na" tags="great big story; gbs; lag; documentary; docs; Queens; New York; New York City; Indonesian; Indonesian cuisine; Indo Java; Flushing; Cuisine; Food &amp; Drink; Warung Selesa; Biography &amp; Profile; grocery store; " title="This Is One of the Smallest Restaurants in New York" uploader="Great Big Story" view_count="5988384" webpage_url="https://www.youtube.com/watch?v=uikOKrrwsfw" autocaption="true">
  <p time="2939" is_ac="true">nestled in between the skin care love</p>
  <p time="5040" is_ac="true">beauty spa and advani's Pest Control</p>
  <p time="6839" is_ac="true">School here in Elmhurst Queens is indo</p>
  <p time="9120" is_ac="true">Java a two-ile mini mart for all things</p>
  <p time="11519" is_ac="true">Indonesian but every Tuesday it turns</p>
  <p time="14880" is_ac="true">into the city's smallest restaurant with</p>
  <p time="17580" is_ac="true">truly authentic Indonesian food</p>
  <p time="24660" is_ac="true">you're in luck you got the best table in</p>
  <p time="26699" is_ac="true">the house</p>
  <p time="29519" is_ac="true">it's also the only table</p>
  <p time="32460" is_ac="true">foreign</p>
  <p time="32770" is_ac="true">[Music]</p>
  <p time="40020" is_ac="true">I'm the owner of the Indo Java</p>
  <p time="43920" is_ac="true">we open in the Java 10 years ago</p>
  <p time="47760" is_ac="true">every Tuesday I cook right here for all</p>
  <p time="51480" is_ac="true">the customers</p>
  <p time="53100" is_ac="true">we call Warren's Lassa so it's meant</p>
  <p time="56219" is_ac="true">Tuesday food stall this little supret</p>
  <p time="59340" is_ac="true">turned one table pop-up restaurant isn't</p>
  <p time="61559" is_ac="true">complete without one of the smallest</p>
  <p time="63180" is_ac="true">kitchens in the world our kitchen is</p>
  <p time="65580" is_ac="true">very tiny it's a love kitchen because</p>
  <p time="68159" is_ac="true">just enough for two person</p>
  <p time="71180" is_ac="true">two people might be a stretch it's half</p>
  <p time="74820" is_ac="true">the size of a broom closet but it</p>
  <p time="76680" is_ac="true">doesn't stop daily from whipping up</p>
  <p time="78119" is_ac="true">classic Indonesian fare like gudeg and</p>
  <p time="80700" is_ac="true">rendang I am</p>
  <p time="81680" is_ac="true">[Music]</p>
  <p time="82979" is_ac="true">just like the original</p>
  <p time="86640" is_ac="true">me</p>
  <p time="88259" is_ac="true">before there is none Indonesian store</p>
  <p time="90979" is_ac="true">it's difficult to find the ingredient</p>
  <p time="93659" is_ac="true">from Indonesia and we miss the community</p>
  <p time="98220" is_ac="true">if we have a store the Indonesian people</p>
  <p time="101520" is_ac="true">will come here and then we still can</p>
  <p time="104100" is_ac="true">chop Indonesian language</p>
  <p time="106259" is_ac="true">that's our our dream and then now it's</p>
  <p time="109439" is_ac="true">happened</p>
  <p time="110850" is_ac="true">[Music]</p>
  <p time="113040" is_ac="true">I'm not a professional chef I don't have</p>
  <p time="115500" is_ac="true">any the education share background so I</p>
  <p time="118680" is_ac="true">just learned from my mom in the</p>
  <p time="120840" is_ac="true">restaurant the chef always hide in the</p>
  <p time="123540" is_ac="true">kitchen I like talk with the customer</p>
  <p time="125820" is_ac="true">when I serve the food so that weekend</p>
  <p time="128039" is_ac="true">sharing the story they always say it</p>
  <p time="130979" is_ac="true">next week I have to come again</p>
  <p time="135780" is_ac="true">foreign</p>
  <p time="141330" is_ac="true">[Music]</p>
</text>
