<?xml version='1.0' encoding='UTF-8'?>
<text date_d="18" date_m="3" date_y="2018" format="srv3" age_limit="0" comment_count="2400" description="Hanoi Noodle Tour → https://www.youtube.com/watch?v=j-USg2l-Akc&#10;&#10;Learn more about ONETRIP Tours  → https://www.christinas.vn/onetrip/&#10;&#10;LOCATION 1: Modern Toilet&#10;&#10;LOCATION 2: Hello Kitty Cafe&#10;&#10;&#10;Come say hi on:&#10;INSTAGRAM → https://www.instagram.com/instasonnyside/&#10;FACEBOOK → https://www.facebook.com/BestEverFoodReviewShow/&#10;&#10;- - - - - - - - - - - - - - - - - - - -&#10;&#10;Support My Channel: &#10;Patreon is a platform that allows people to support creators on a recurring basis. Your contribution is an investment in creative freedom. Your generous donation will allow me the time and resources to create more videos for you.  → https://www.patreon.com/BestEverFoodReviewShow&#10;&#10;Disclaimer:&#10;If you see any factual food errors in my video, please feel free to politely let me know in the comments. &#10;&#10;I'm a huge fan of trying different, interesting and strange foods in each country. My show is from a Western point of view, but more importantly MY point of view, but is not meant to offend any person or culture." fulltitle="TOILET Restaurant and Hello Kitty - The CRAZIEST Restaurants in Taiwan!" like_count="48745" location="na" playlist_title="na" release_date="na" upload_date="20180318" repost_count="na" tags="crazy restaurants; weird restaurants; taiwan restaurants; where to eat taiwan; where to eat taipei; toilet restaurant; poop icecream; hello kitty cafe; hello kitty taiwan; best ever food review shot; toilet curry; weirdest restaurants; crazy food; taipei food; taipei street food; taiwan food; asia food; weird asian food; " title="TOILET Restaurant and Hello Kitty - The CRAZIEST Restaurants in Taiwan!" uploader="Best Ever Food Review Show" view_count="2847221" webpage_url="https://www.youtube.com/watch?v=u8oit_p5kTw" autocaption="true">
  <p time="30" is_ac="true">fun food videos festival food review</p>
  <p time="3389" is_ac="true">show has been running around time pain</p>
  <p time="5370" is_ac="true">looking for the tastiest treats this</p>
  <p time="7470" is_ac="true">place has to offer but today I'm looking</p>
  <p time="10110" is_ac="true">for something weird we're hunting down</p>
  <p time="15839" is_ac="true">the wackiest restaurants and foods in</p>
  <p time="18210" is_ac="true">this city including a toilet themed</p>
  <p time="20220" is_ac="true">restaurant that's serving hot diarrhea</p>
  <p time="23070" is_ac="true">cocoa that's this isn't a joke this is a</p>
  <p time="27359" is_ac="true">real place</p>
  <p time="32000" is_ac="true">we all remember being a young Japanese</p>
  <p time="34980" is_ac="true">girl and today I'm gonna relive my child</p>
  <p time="38579" is_ac="true">to the Japanese memories here at the</p>
  <p time="40440" is_ac="true">Hello Kitty good day cafe and spa I</p>
  <p time="43320" is_ac="true">should I don't think it's a spot I've no</p>
  <p time="44610" is_ac="true">idea what to expect all I know is that I</p>
  <p time="46559" is_ac="true">do not mix with this very well so I</p>
  <p time="48989" is_ac="true">think it's gonna be an interesting clash</p>
  <p time="50460" is_ac="true">I'm not too tough I'm not even too cool</p>
  <p time="52829" is_ac="true">I'm just gonna fully absorb all the</p>
  <p time="55110" is_ac="true">adorableness until my heart explodes</p>
  <p time="57750" is_ac="true">let's go</p>
  <p time="61280" is_ac="true">BAM all right check it out automatic</p>
  <p time="64290" is_ac="true">swords I like it as we enter we see the</p>
  <p time="66689" is_ac="true">cake section do you like the idea of a</p>
  <p time="69420" is_ac="true">cat head on top of your tank is this</p>
  <p time="71460" is_ac="true">actually allowed for me to eat here</p>
  <p time="72780" is_ac="true">alone I hope they don't call the police</p>
  <p time="73950" is_ac="true">this is the main kind of bakery area</p>
  <p time="76860" is_ac="true">upstairs is the actual restaurant let's</p>
  <p time="78750" is_ac="true">head up there and see what they have</p>
  <p time="82790" is_ac="true">[Music]</p>
  <p time="89410" is_ac="true">we've come to the second floor and I'm</p>
  <p time="92540" is_ac="true">so pumped some pub guys and right here</p>
  <p time="95210" is_ac="true">BAM more desserts they have figured out</p>
  <p time="97550" is_ac="true">the pastry branding they have all these</p>
  <p time="99800" is_ac="true">little cakes strawberry pie tara misu</p>
  <p time="102590" is_ac="true">it's very adorable I'm waiting for</p>
  <p time="104510" is_ac="true">something to really strike my fancy whoa</p>
  <p time="106700" is_ac="true">look at this it's a Hello Kitty waffle</p>
  <p time="109790" is_ac="true">press looks expensive how's Luke eating</p>
  <p time="111950" is_ac="true">waffles okay that's a hundred percent</p>
  <p time="113570" is_ac="true">what we're doing some Hello Kitty</p>
  <p time="114860" is_ac="true">waffles and I'm gonna check out the menu</p>
  <p time="116690" is_ac="true">to see what else they have</p>
  <p time="118380" is_ac="true">[Music]</p>
  <p time="123490" is_ac="true">okay I think I have a big enough seats</p>
  <p time="125600" is_ac="true">guys let's take a look at this menu here</p>
  <p time="127160" is_ac="true">first of all can I just comment how</p>
  <p time="129160" is_ac="true">disruptive it is there's a lot of kids</p>
  <p time="131630" is_ac="true">running around here I'm gonna adult man</p>
  <p time="133940" is_ac="true">I'm going to a Hello Kitty cafe I'm</p>
  <p time="136160" is_ac="true">trying to enjoy some peace and some</p>
  <p time="137450" is_ac="true">delicious food shaped like a cat and</p>
  <p time="139160" is_ac="true">there's kids running around everywhere</p>
  <p time="140540" is_ac="true">it's just oh hello could I please have</p>
  <p time="142400" is_ac="true">oh can I please have the strawberry</p>
  <p time="146780" is_ac="true">latte with the cute cat face mmm and</p>
  <p time="149950" is_ac="true">fruit in season ice cream pancake thank</p>
  <p time="153770" is_ac="true">you okay I'm gonna be honest I think</p>
  <p time="155330" is_ac="true">this booth is a little bit too big for</p>
  <p time="157490" is_ac="true">me I'm gonna sit in something a little</p>
  <p time="159110" is_ac="true">bit more my size I know you will always</p>
  <p time="161660" is_ac="true">be the</p>
  <p time="162960" is_ac="true">[Music]</p>
  <p time="167160" is_ac="true">it is our first location our first meal</p>
  <p time="169020" is_ac="true">I'm so excited because I'm showing you</p>
  <p time="170640" is_ac="true">this really authentic Taiwanese cuisine</p>
  <p time="174319" is_ac="true">have there been any complaints yet you</p>
  <p time="177420" is_ac="true">can come here and probably no one's</p>
  <p time="179099" is_ac="true">gonna even complain about you this</p>
  <p time="180150" is_ac="true">tastes really good</p>
  <p time="181080" is_ac="true">then tastes like strawberry milk oh</p>
  <p time="182430" is_ac="true">there's the coffee party ain't by the</p>
  <p time="184440" is_ac="true">way our kids supposed to drink coffee if</p>
  <p time="186000" is_ac="true">I was a kid I would love this coffee</p>
  <p time="187590" is_ac="true">the real reason I'm here is for this</p>
  <p time="189330" is_ac="true">authentic oh that's it hey that's a</p>
  <p time="191730" is_ac="true">dense waffle so now we're gonna drizzle</p>
  <p time="193739" is_ac="true">on some kiddie serum it's hard to say if</p>
  <p time="196830" is_ac="true">this is a breakfast or a dessert I think</p>
  <p time="198540" is_ac="true">it's a little bit about what we're gonna</p>
  <p time="199620" is_ac="true">do is just slap on some of that ice</p>
  <p time="201209" is_ac="true">cream - we're gonna fork up some of this</p>
  <p time="203400" is_ac="true">waffle and we're gonna put it all</p>
  <p time="204480" is_ac="true">together Cheers mmm Oh GMA it just it</p>
  <p time="213599" is_ac="true">tastes like a waffle with ice cream it's</p>
  <p time="214890" is_ac="true">about what you would expect but it's in</p>
  <p time="216360" is_ac="true">the shape of a cat head</p>
  <p time="217590" is_ac="true">[Music]</p>
  <p time="224480" is_ac="true">we have traveled to our last destination</p>
  <p time="226950" is_ac="true">for today a toilet themed restaurant of</p>
  <p time="230430" is_ac="true">all things and I know what you're</p>
  <p time="232140" is_ac="true">thinking why would someone make a toilet</p>
  <p time="235319" is_ac="true">themed restaurant basically this place</p>
  <p time="238740" is_ac="true">is like the clickbait version of a</p>
  <p time="241110" is_ac="true">restaurant I think people come in for</p>
  <p time="242700" is_ac="true">the Instagram photos maybe I don't know</p>
  <p time="244530" is_ac="true">if it's for the flavors the exotic</p>
  <p time="246600" is_ac="true">flavors very exotic flavors maybe</p>
  <p time="248760" is_ac="true">they've got some good beef noodles in</p>
  <p time="250050" is_ac="true">there - oh man beef noodles served in a</p>
  <p time="252330" is_ac="true">toilet bowl can't wait for that let's go</p>
  <p time="254880" is_ac="true">our restaurant it is called modern</p>
  <p time="256739" is_ac="true">toilet we can see some of their</p>
  <p time="258600" is_ac="true">specialties on their little promo board</p>
  <p time="260400" is_ac="true">well guys do you want some curled up</p>
  <p time="262380" is_ac="true">sausage that looks like some poop modern</p>
  <p time="264750" is_ac="true">toilet turd sub sandwich oh man they got</p>
  <p time="269190" is_ac="true">gross names for everything modern toilet</p>
  <p time="272040" is_ac="true">poop meatballs that one's not even a</p>
  <p time="274440" is_ac="true">creative title I'm curious what makes it</p>
  <p time="276419" is_ac="true">modern okay a modern toilet chicken</p>
  <p time="278310" is_ac="true">curry already very enticing crap all</p>
  <p time="281550" is_ac="true">right let's go upstairs and try to</p>
  <p time="282720" is_ac="true">figure this out together</p>
  <p time="283740" is_ac="true">oh very nice we have the bathroom sign</p>
  <p time="285720" is_ac="true">right here I just heard a flushing sound</p>
  <p time="287669" is_ac="true">it's pretty slamming in here right now</p>
  <p time="289590" is_ac="true">we see the toilet theme is everywhere</p>
  <p time="291780" is_ac="true">look at these ice cream in a urinal</p>
  <p time="294030" is_ac="true">that's adorable an ice-cream swirl in a</p>
  <p time="296850" is_ac="true">urinal that one's actually kind of</p>
  <p time="298440" is_ac="true">clever they have toilet bowls as chairs</p>
  <p time="301050" is_ac="true">I'm actually not sure how you find a</p>
  <p time="302850" is_ac="true">bathroom in a place like this we're</p>
  <p time="304560" is_ac="true">gonna go upstairs to order guys it's the</p>
  <p time="306210" is_ac="true">king of toilets it's like a king kong</p>
  <p time="308040" is_ac="true">sized toilet bowl right here okay</p>
  <p time="309660" is_ac="true">doesn't this one's not functioning yet</p>
  <p time="311460" is_ac="true">BAM</p>
  <p time="312210" is_ac="true">toilet shaped menu I'm super curious</p>
  <p time="315000" is_ac="true">what they're gonna have on the menu</p>
  <p time="316290" is_ac="true">we've got pictures and I like that some</p>
  <p time="318300" is_ac="true">of these have normal names and some of</p>
  <p time="319710" is_ac="true">them have great pun names modern toilet</p>
  <p time="321900" is_ac="true">diarrhea Coco like there's a green curry</p>
  <p time="324900" is_ac="true">chicken out rotten there's nothing</p>
  <p time="327870" is_ac="true">there's no pun in there at all unless</p>
  <p time="329669" is_ac="true">you think green curry is just synonymous</p>
  <p time="331830" is_ac="true">with</p>
  <p time="333080" is_ac="true">okay toi okay toilet chicken nuggets</p>
  <p time="336570" is_ac="true">what do you recommend</p>
  <p time="338180" is_ac="true">[Music]</p>
  <p time="342449" is_ac="true">which one looks the most like poop great</p>
  <p time="346229" is_ac="true">curry looks the most like poop let's do</p>
  <p time="348060" is_ac="true">the green one I think we're just we want</p>
  <p time="349949" is_ac="true">we're here for the toilet theme we want</p>
  <p time="351780" is_ac="true">the full effect yes the answer is yes</p>
  <p time="356880" is_ac="true">all right thank you so much the</p>
  <p time="358560" is_ac="true">confidence to be able to say hey we're</p>
  <p time="360599" is_ac="true">gonna make a drink with the word</p>
  <p time="361770" is_ac="true">diarrhea and people are gonna bite it</p>
  <p time="364020" is_ac="true">that takes guts it has all arrived can</p>
  <p time="375810" is_ac="true">you believe all these insane insane</p>
  <p time="378840" is_ac="true">treats and I only ordered a couple of</p>
  <p time="380970" is_ac="true">these things they also brought this to</p>
  <p time="383220" is_ac="true">us modern toilet bread good perhaps the</p>
  <p time="386820" is_ac="true">most disconcerting thing on this table</p>
  <p time="388530" is_ac="true">right here modern toilet poop meatballs</p>
  <p time="391340" is_ac="true">good she did a great job with this</p>
  <p time="394440" is_ac="true">recommendation here it does look like</p>
  <p time="396389" is_ac="true">someone had a long night I don't think</p>
  <p time="402630" is_ac="true">this place could exist without Instagram</p>
  <p time="404610" is_ac="true">right like people come here just to be</p>
  <p time="406440" is_ac="true">like look what I did I went to a crazy</p>
  <p time="408300" is_ac="true">thing isn't that crazy guys and then</p>
  <p time="410220" is_ac="true">Here I am let's just jump into it it</p>
  <p time="411930" is_ac="true">starting to look more like meat and less</p>
  <p time="413400" is_ac="true">like actual poo</p>
  <p time="415289" is_ac="true">let's try it up mmm that's actually good</p>
  <p time="420800" is_ac="true">tasty it's just like a neat curry</p>
  <p time="423270" is_ac="true">meatball are we doing a real food review</p>
  <p time="425190" is_ac="true">here am I really reacting to the food</p>
  <p time="426900" is_ac="true">and I think that's uh yeah they've just</p>
  <p time="429060" is_ac="true">kind of created some swirly mashed</p>
  <p time="430500" is_ac="true">potatoes I like that and when you need</p>
  <p time="431969" is_ac="true">to wash it all down we've got a nice</p>
  <p time="434159" is_ac="true">diarrhea cocoa right here mmm</p>
  <p time="438930" is_ac="true">mmm all right that's actually good</p>
  <p time="440890" is_ac="true">served in a year and all you serve the</p>
  <p time="442930" is_ac="true">solid ingredients in a toilet bowl and</p>
  <p time="445030" is_ac="true">you serve the liquids in a urinal this</p>
  <p time="447550" is_ac="true">is like the most intimidating right here</p>
  <p time="449770" is_ac="true">I mean look how look how poopy that</p>
  <p time="451870" is_ac="true">looks you wouldn't want to step on that</p>
  <p time="453160" is_ac="true">if you found that in your yard I've been</p>
  <p time="454690" is_ac="true">neglecting this guy I'm sorry we've got</p>
  <p time="456460" is_ac="true">a nice blue porcelain toilet here it's a</p>
  <p time="458860" is_ac="true">pretty small toilet hmm well Kareem no</p>
  <p time="464500" is_ac="true">rice it's pretty good it's pretty good</p>
  <p time="467470" is_ac="true">wash it down with some toilet water we</p>
  <p time="470350" is_ac="true">saw on the way in here they also have</p>
  <p time="472120" is_ac="true">that dessert and that looks like a</p>
  <p time="473770" is_ac="true">classic it also looks like my potential</p>
  <p time="475450" is_ac="true">clickbait thumbnail so I'm gonna order</p>
  <p time="477160" is_ac="true">that dessert right now the thing I'm</p>
  <p time="478840" is_ac="true">worried about now is I actually have to</p>
  <p time="480760" is_ac="true">go to the bathroom really quick these</p>
  <p time="482020" is_ac="true">are toilets but this is definitely not</p>
  <p time="483700" is_ac="true">the bathroom okay cuz you can't even</p>
  <p time="485440" is_ac="true">flush that I don't VIP lunch do you</p>
  <p time="493300" is_ac="true">think that's the actual bathroom</p>
  <p time="494440" is_ac="true">see that's not she just brought dishes</p>
  <p time="496510" is_ac="true">in there that's not the bathroom and</p>
  <p time="497710" is_ac="true">then when you look here what is this</p>
  <p time="499180" is_ac="true">this toilet to sink okay let's just go</p>
  <p time="501130" is_ac="true">we're gonna go I'm gonna save it I'm</p>
  <p time="502300" is_ac="true">gonna hold it I'm gonna hold it in hold</p>
  <p time="504100" is_ac="true">it in let's go eat they've been very</p>
  <p time="509470" is_ac="true">kind to us and it's you know this place</p>
  <p time="511330" is_ac="true">that's really all about the experience</p>
  <p time="512470" is_ac="true">for example here I'm experiencing ice</p>
  <p time="515140" is_ac="true">cream in the shape of poop that's been</p>
  <p time="516670" is_ac="true">placed in a urinal well first of all</p>
  <p time="518500" is_ac="true">that's just rude conduct you don't poop</p>
  <p time="520660" is_ac="true">in a urinal Oh</p>
  <p time="522070" is_ac="true">anyways let's try it out</p>
  <p time="523140" is_ac="true">[Music]</p>
  <p time="526519" is_ac="true">that is definitely some chocolate ice</p>
  <p time="529649" is_ac="true">cream I feel like they could have pushed</p>
  <p time="531000" is_ac="true">it a step further and gone for the poo</p>
  <p time="532800" is_ac="true">flavor that's some nice sweet soft-serve</p>
  <p time="535620" is_ac="true">chocolatey ice cream</p>
  <p time="537170" is_ac="true">mm-hmm the perfect way to end a day</p>
  <p time="539519" is_ac="true">through touring all these amazingly</p>
  <p time="541920" is_ac="true">weird restaurants next time you're in</p>
  <p time="543480" is_ac="true">Taiwan if you're looking for an amazing</p>
  <p time="545279" is_ac="true">Instagram of a moment check out one of</p>
  <p time="547680" is_ac="true">these neat restaurants from this video</p>
  <p time="551300" is_ac="true">all right check please before you go I</p>
  <p time="556829" is_ac="true">just want to thank both of these</p>
  <p time="558269" is_ac="true">restaurants for being so kind and</p>
  <p time="560160" is_ac="true">inviting also this video was made</p>
  <p time="562379" is_ac="true">possible by one trip Vietnam one trip is</p>
  <p time="565319" is_ac="true">a top-rated to her company putting on</p>
  <p time="567300" is_ac="true">amazing tours all throughout the country</p>
  <p time="569490" is_ac="true">of Vietnam currently in Saigon hoi an</p>
  <p time="572279" is_ac="true">and Danang whether its food tours the</p>
  <p time="574709" is_ac="true">Mekong Delta tour or village tours one</p>
  <p time="577529" is_ac="true">trip is the best way to experience the</p>
  <p time="579990" is_ac="true">real Vietnam that's it for this video I</p>
  <p time="582180" is_ac="true">will see you next week</p>
  <p time="583439" is_ac="true">a peace</p>
  <p time="587430" is_ac="true">[Music]</p>
  <p time="591660" is_ac="true">and my</p>
  <p time="602920" is_ac="true">[Music]</p>
</text>
