<?xml version='1.0' encoding='UTF-8'?>
<text date_d="30" date_m="4" date_y="2023" format="srv3" age_limit="0" comment_count="1400" description="Top 3 berühmte italienische Pasta-Rezepte! Bolognese, Carbonara und Fettuccine Alfredo!&#10;&#10;●●Untertitel sind in allen Sprachen verfügbar. 💡 SIE KÖNNEN UNTERTITEL AKTIVIEREN, indem Sie auf den [cc]-Text oben rechts und die drei Punkte oben rechts im Video klicken und auf ÜBERSETZEN klicken●●&#10;&#10;Italienische Pasta - was könnte schmackhafter sein?! 😋&#10;Ich habe für dich leckere italienische Pasta-Rezepte vorbereitet, die du zu Hause nachkochen kannst, ohne in ein Restaurant zu gehen 👩‍🍳&#10;Es ist einfach und großartig zum Abendessen!&#10;Ihre Familie wird es lieben! 💖🥰💖&#10;&#10;00:00 Rezept Nr. 1&#10; Zutaten:&#10; ● Hackfleisch - 450 g&#10; ● Zwiebel - 1 Stck&#10; ● 3 Knoblauchzehen&#10; ● Karotte - 1 Stück&#10; ● 3 Selleriestangen&#10; ● Trockener Rotwein - 120 ml&#10; ● Basilikum&#10; ● Gehackte Tomaten - 200 g&#10; ● Tagliatelle-Pasta - 250 g&#10; ● Parmesan&#10; ● Salz, Schwarzer Pfeffer&#10; ● Olivenöl&#10;&#10;06:02 Rezept Nr. 2&#10;Zutaten: (Portionen: 2)&#10; ● Hühnerbrust - 450 g (2 Stück)&#10; ● Pilze - 200 g&#10; ● Salz, schwarzer Pfeffer&#10; ● Pasta-Fettuccine - 250 g&#10; ● 3 Knoblauchzehen&#10; ● Sahne - 450 ml&#10; ● Parmesankäse - 70 g&#10; ● Petersilie&#10; ● Olivenöl, Butter&#10; ● Olivenöl - 3 EL&#10; ● Zwiebel - 1 Stck&#10;&#10; Tipps:&#10; ● Wenn Sie Parmesankäse weglassen, fügen Sie mehr Salz hinzu&#10; ● Wenn Sie keine Butter verwenden, können Sie diese durch Olivenöl ersetzen&#10;&#10;12:00 Rezept Nr. 3&#10;Zutaten:&#10; ● Pancetta - 100 g&#10; ● Spaghettoni - 250 g&#10; ● Salz, schwarzer Pfeffer&#10; ● 3 Eigelb&#10; ● Parmesan - 40 g&#10;&#10;Guten Appetit! 😘&#10;&#10;Meine Freunde, wenn Ihnen dieses Video gefallen hat, können Sie helfen, den Kanal zu vergrößern:&#10;&#10;👍 Bewerte das Video! Wir werden uns sehr freuen, das ist wichtig für die Weiterentwicklung des Kanals!&#10;&#10;SCHREIBEN SIE EINEN KOMMENTAR oder stellen Sie eine Frage! Ich antworte Ihnen gerne!&#10;&#10;📢Sie können dieses Video mit Ihren Freunden in sozialen Netzwerken teilen. Klicken Sie auf + und das Rezept wird auf Ihrer Seite gespeichert!&#10;&#10;💡 Kanal abonnieren: https://www.youtube.com/channel/UCOaIBTo1-yp31gJbOezVbKg&#10;🔔 Klicke auf die Glocke, um neue Rezepte zu sehen!&#10;&#10;Danke, dass du dir dieses Rezept angeschaut hast!&#10;&#10;#Herzhaft_und_lecker&#10;#Rezept&#10;#Carbonara&#10;#fettuccinealfredo&#10;#abendessen&#10;#bolognese&#10;#pasta" fulltitle="Top 3 berühmte italienische Pasta-Rezepte! Bolognese, Carbonara und Fettuccine Alfredo!" like_count="55032" location="na" playlist_title="na" release_date="na" upload_date="20230430" repost_count="na" tags="Herzhaft und lecker; Herzhaft und lecker Abendessen; asmr cooking; herzhaft; kochrezept; asmr; rezept; rezepte; asmr eating; wie man kocht; yt:cc=on; pasta; pasta rezept; Abendessen; pasta recipes; einfaches pasta rezept; pasta recipe; nudeln; pasta bolognese; bolognese; spaghetti bolognese; bolognese recipe; bolognese pasta; ground beef recipes; recipe; fettuccine alfredo; dinner; dinner recipes; fettuccine alfredo recipe; carbonara; pasta carbonara; spaghetti; carbonara recipe; abendessen; " title="Top 3 berühmte italienische Pasta-Rezepte! Bolognese, Carbonara und Fettuccine Alfredo!" uploader="Hearty and tasty" view_count="3828977" webpage_url="https://www.youtube.com/watch?v=HrAi1R1F9Pw" autocaption="false">
  <p time="100" is_ac="false">Olive oil.</p>
  <p time="4833" is_ac="false">Hello my loves!🥰.</p>
  <p time="9533" is_ac="false">Onion - 1 pc.</p>
  <p time="13833" is_ac="false">Write in the comments, from which country do you see my recipes?  🤗.</p>
  <p time="18833" is_ac="false">Today I'm cooking pasta with the legendary Bolognese sauce.</p>
  <p time="24433" is_ac="false">I am very happy that many of you are trying to cook my recipes!  🥰.</p>
  <p time="35933" is_ac="false">Fry ~1 minute.</p>
  <p time="45733" is_ac="false">3 cloves of garlic.</p>
  <p time="50166" is_ac="false">Pasta lovers will love this recipe!  😉.</p>
  <p time="55299" is_ac="false">Write in the comments what dishes your guests like for the holidays?😊.</p>
  <p time="66066" is_ac="false">Fry ~30 seconds.</p>
  <p time="75566" is_ac="false">Carrot - 1 piece.</p>
  <p time="80599" is_ac="false">Have a nice day and enjoy watching!💖.</p>
  <p time="118866" is_ac="false">Fry for ~2 minutes.</p>
  <p time="133900" is_ac="false">3 sticks of celery.</p>
  <p time="160900" is_ac="false">Fry for ~2 minutes.</p>
  <p time="170000" is_ac="false">Minced meat - 450 g.</p>
  <p time="178166" is_ac="false">Fry ~5 minutes.</p>
  <p time="195099" is_ac="false">Salt.</p>
  <p time="202366" is_ac="false">Black pepper.</p>
  <p time="223333" is_ac="false">Dry red wine - 120 ml.</p>
  <p time="229800" is_ac="false">Bring to a boil over high heat and cook until the alcohol evaporates.</p>
  <p time="236800" is_ac="false">It takes no more than 5 minutes.</p>
  <p time="247133" is_ac="false">Basil.</p>
  <p time="260233" is_ac="false">Chopped tomatoes - 200 g.</p>
  <p time="272933" is_ac="false">Let the bolognese sauce simmer for about 2 hours.</p>
  <p time="281333" is_ac="false">Stir regularly during this time and add hot water or broth as needed.</p>
  <p time="292000" is_ac="false">Salt.</p>
  <p time="295966" is_ac="false">Tagliatelle pasta - 250 g.</p>
  <p time="306433" is_ac="false">Cook al dente.</p>
  <p time="357866" is_ac="false">Recipe #2 ======&gt;</p>
  <p time="368266" is_ac="false">Chicken breast - 450 g (2 pieces).</p>
  <p time="372966" is_ac="false">I am very happy that many of you are trying to cook my recipes!  🥰.</p>
  <p time="377600" is_ac="false">Write in the comments, from which country do you see my recipes?  🤗.</p>
  <p time="382399" is_ac="false">Pasta lovers will love this recipe!  😉.</p>
  <p time="387066" is_ac="false">Write in the comments what dishes your guests like for the holidays?😊.</p>
  <p time="392033" is_ac="false">Olive oil.</p>
  <p time="396500" is_ac="false">Have a nice day and enjoy watching!💖.</p>
  <p time="408899" is_ac="false">Season with salt and pepper.</p>
  <p time="427899" is_ac="false">Fry the chicken until golden brown, about 5-7 minutes.</p>
  <p time="451066" is_ac="false">Olive oil.</p>
  <p time="455833" is_ac="false">Butter.</p>
  <p time="465466" is_ac="false">Onion - 1 pc.</p>
  <p time="493466" is_ac="false">Fry ~2-3 minutes.</p>
  <p time="509633" is_ac="false">Mushrooms - 200 g.</p>
  <p time="536500" is_ac="false">Fry ~5-7 minutes.</p>
  <p time="544700" is_ac="false">Pasta Fettuccine - 250 g.</p>
  <p time="547833" is_ac="false">Salt.</p>
  <p time="554533" is_ac="false">Cook al dente.</p>
  <p time="562399" is_ac="false">Pasta Fettuccine - 250 g.</p>
  <p time="591100" is_ac="false">Fry ~1 minute.</p>
  <p time="600033" is_ac="false">Cream - 450 ml.</p>
  <p time="606700" is_ac="false">Season with salt and pepper.</p>
  <p time="619466" is_ac="false">Boil ~4 minutes.</p>
  <p time="627066" is_ac="false">Parmesan cheese - 70 g.</p>
  <p time="632966" is_ac="false">Boil ~3-4 minutes.</p>
  <p time="647166" is_ac="false">Boil ~3-4 minutes.</p>
  <p time="663966" is_ac="false">Parsely.</p>
  <p time="715000" is_ac="false">Recipe #3 ======&gt;</p>
  <p time="725833" is_ac="false">3 egg yolks</p>
  <p time="730533" is_ac="false">I'm so happy that so many of you are trying to copy my recipes!  🥰</p>
  <p time="735466" is_ac="false">Write in the comments, from which country do you see my recipes?  🤗</p>
  <p time="740799" is_ac="false">Have a nice day and enjoy watching!  ❤</p>
  <p time="751266" is_ac="false">Salt</p>
  <p time="754666" is_ac="false">Spaghettoni - 250g</p>
  <p time="759833" is_ac="false">Cook spaghettoni al dente</p>
  <p time="768100" is_ac="false">Parmesan - 40g</p>
  <p time="801899" is_ac="false">Pancetta - 100g</p>
  <p time="845733" is_ac="false">Fry without oil until golden brown</p>
  <p time="858266" is_ac="false">We reduce the fire, put the cooked spaghettoni in a slightly cooled pan of</p>
  <p time="869966" is_ac="false">water in which pasta is cooked,</p>
  <p time="872933" is_ac="false">pour the sauce on top and stir</p>
  <p time="878433" is_ac="false">The temperature in the  Pan should be high enough to melt the cheese and thicken the sauce</p>
  <p time="884000" is_ac="false">At the same time, it shouldn't be too high so the egg white doesn't curdle</p>
  <p time="903766" is_ac="false">Grate the cheese and add a pinch of black pepper for flavor</p>
  <p time="919200" is_ac="false">The classic pasta carbonara is  complete!</p>
  <p time="923433" is_ac="false">Mmmm.... very tasty!  💖</p>
  <p time="927633" is_ac="false">Thanks for watching!  Bon appetit!  💖</p>
</text>
