<?xml version='1.0' encoding='UTF-8'?>
<text date_d="29" date_m="10" date_y="2023" format="srv3" age_limit="0" comment_count="939" description="From calorie count to portion sizes, we wanted to find all the differences between Mcdonald's in the US and Italy. This is &quot;Food Wars.&quot;&#10;&#10;00:00 Introduction&#10;00:09 Portion Sizes&#10;02:58 Exclusives &#10;30:00 Price&#10;32:15 Nutrition&#10;34:14 Ingredients&#10;37:31 Cultural Perceptions &#10;&#10;WATCH MORE FOOD WARS VIDEOS:&#10;US vs Italy KFC | Food Wars | Insider Food&#10;https://www.youtube.com/watch?v=b5oAsI_8Hh4&#10;US vs UK Military MREs | Food Wars | Insider Food&#10;https://www.youtube.com/watch?v=eRe00ygtzFk&#10;US vs UK Popeyes | Food Wars&#10;https://www.youtube.com/watch?v=Z9RD_wPDlpQ&#10;&#10;------------------------------------------------------&#10;&#10;#McDonalds #FoodWars #InsiderFood&#10;&#10;Insider is great journalism about what passionate people actually want to know. That’s everything from news to food, celebrity to science, politics to sports and all the rest. It’s smart. It’s fearless. It’s fun. We push the boundaries of digital storytelling. Our mission is to inform and inspire.&#10;&#10;Visit our homepage for the top stories of the day: https://www.insider.com/food&#10;Insider Food on Facebook: https://www.facebook.com/foodinsider&#10;Insider Food on Instagram: https://www.instagram.com/insiderfood&#10;Insider Food on Twitter: https://twitter.com/FoodInsider&#10;Insider Food on TikTok: https://www.tiktok.com/@foodinsider&#10;Food Wars on Snapchat: https://www.snapchat.com/discover/Food_Wars/9045577297&#10;&#10;US vs Italy Mcdonald's | Food Wars | Insider Food" fulltitle="US vs Italy McDonald's | Food Wars | Insider Food" like_count="14544" location="na" playlist_title="na" release_date="na" upload_date="20231029" repost_count="na" tags="INSIDER; FOOD INSIDER; " title="US vs Italy McDonald's | Food Wars | Insider Food" uploader="Insider Food" view_count="1200598" webpage_url="https://www.youtube.com/watch?v=S5TbHPXux9k" autocaption="false">
  <p time="150" is_ac="false">Claudia: From calorie
count to portion sizes,</p>
  <p time="2130" is_ac="false">we wanted to find out all the differences</p>
  <p time="4080" is_ac="false">between McDonald's in the US and Italy.</p>
  <p time="7062" is_ac="false">This is "Food Wars."</p>
  <p time="10560" is_ac="false">Drinks at McDonald's in
Italy come in three sizes,</p>
  <p time="13380" is_ac="false">250 milliliters,</p>
  <p time="15363" is_ac="false">400 milliliters,</p>
  <p time="16771" is_ac="false">and 500 milliliters.</p>
  <p time="18870" is_ac="false">We're now going to measure</p>
  <p time="19861" is_ac="false">a 500-ml Coke to see if that's true.</p>
  <p time="23194" is_ac="false">Oh, oh.</p>
  <p time="24811" is_ac="false">I think we're surpassing that.</p>
  <p time="26580" is_ac="false">It's just right below the 600 mark,</p>
  <p time="30305" is_ac="false">but almost there.</p>
  <p time="31805" is_ac="false">So quite generous.</p>
  <p time="33390" is_ac="false">Drinks in the US also come in four sizes.</p>
  <p time="35970" is_ac="false">The extra small, which is 355 milliliters,</p>
  <p time="39090" is_ac="false">or 12 fluid ounces.</p>
  <p time="40830" is_ac="false">The small, 474 milliliters,
or 16 fluid ounces.</p>
  <p time="45150" is_ac="false">And the medium, 621
milliliters, or 21 fluid ounces.</p>
  <p time="49410" is_ac="false">And the large, 946 milliliters,</p>
  <p time="53151" is_ac="false">or 32 fluid ounces.</p>
  <p time="54984" is_ac="false">Since we were the ones that
filled this up at the restaurant</p>
  <p time="59220" is_ac="false">and I don't think we got it all full up,</p>
  <p time="62040" is_ac="false">I'm going to go ahead and fill this</p>
  <p time="63180" is_ac="false">what I think is reasonable.</p>
  <p time="65700" is_ac="false">I can't do to the top
because the cap is recessed.</p>
  <p time="74138" is_ac="false">OK. 32? Surely you jest.</p>
  <p time="77400" is_ac="false">But there's the 32 line. Not even close.</p>
  <p time="80160" is_ac="false">It's closer to 24 than it is 32.</p>
  <p time="83745" is_ac="false">So, fries in Italy come in three sizes.</p>
  <p time="86880" is_ac="false">The regular, which is
technically the small,</p>
  <p time="89910" is_ac="false">medium, and large.</p>
  <p time="91680" is_ac="false">Here in America, our
fries come in four sizes.</p>
  <p time="94650" is_ac="false">The kids, which comes in the Happy Meal.</p>
  <p time="97200" is_ac="false">Look at this little guy.</p>
  <p time="98708" is_ac="false">Little guy!</p>
  <p time="99624" is_ac="false">The small, the medium, and the large.</p>
  <p time="102450" is_ac="false">All the "Food Wars" heads watching</p>
  <p time="104062" is_ac="false">know that in the China episode,</p>
  <p time="105450" is_ac="false">our large McDonald's fry was 175 grams.</p>
  <p time="108630" is_ac="false">In the Japan episode,</p>
  <p time="109890" is_ac="false">our large McDonald's fry was 190 grams.</p>
  <p time="112680" is_ac="false">So clearly there's some
difference in grammage</p>
  <p time="115050" is_ac="false">depending on, I don't know,
the McDonald's we go to,</p>
  <p time="117390" is_ac="false">the scooper, who knows?</p>
  <p time="118560" is_ac="false">So we're going to weigh
our large right now.</p>
  <p time="121620" is_ac="false">Ready? Fantastic.</p>
  <p time="126210" is_ac="false">Eh, let's go 185.</p>
  <p time="128617" is_ac="false">Not a bad scoop. We got
a good scooper this time.</p>
  <p time="131370" is_ac="false">Seems pretty small, actually.</p>
  <p time="133140" is_ac="false">What about McNuggets?</p>
  <p time="134307" is_ac="false">In Italy you can get a bag of four,</p>
  <p time="137490" is_ac="false">a box of six pieces,</p>
  <p time="139456" is_ac="false">nine pieces, and 20 pieces.</p>
  <p time="142380" is_ac="false">Claudia, in the US,</p>
  <p time="143580" is_ac="false">our McNuggets are
available in these sizes:</p>
  <p time="146130" is_ac="false">the four-piece, the
six-piece, 10-piece, 20-piece,</p>
  <p time="149430" is_ac="false">which you also have, but we go
up one more here in America.</p>
  <p time="152700" is_ac="false">Our largest size, the 40-piece.</p>
  <p time="155100" is_ac="false">Now, if my calculations are correct,</p>
  <p time="157440" is_ac="false">this is double your largest size.</p>
  <p time="160320" is_ac="false">The iconic Big Mac.
Both countries have it,</p>
  <p time="162570" is_ac="false">but we're going to compare
ours to Italy's by weighing it.</p>
  <p time="165990" is_ac="false">226 grams for a US Big Mac.</p>
  <p time="170190" is_ac="false">And here is an Italian Big Mac,</p>
  <p time="171720" is_ac="false">or Il Big Mac, as is written here,</p>
  <p time="174330" is_ac="false">and we're going to weigh it now.</p>
  <p time="176640" is_ac="false">209 grams.</p>
  <p time="180150" is_ac="false">Here are all the items on
the McDonald's Italy menu</p>
  <p time="183060" is_ac="false">that you won't find in the US.</p>
  <p time="184857" is_ac="false">And here are all the McDonald's
menu items from the US</p>
  <p time="188070" is_ac="false">you won't find in Italy.</p>
  <p time="190020" is_ac="false">Get a good look, Claudia.</p>
  <p time="193230" is_ac="false">Let's start from the burgers.</p>
  <p time="194820" is_ac="false">We have a bunch of Italian burgers</p>
  <p time="197220" is_ac="false">that you won't get in the US.</p>
  <p time="199260" is_ac="false">The first one we got here
is a chicken Big Mac.</p>
  <p time="202290" is_ac="false">Oh, right. Just destroyed chicken Big Mac.</p>
  <p time="205857" is_ac="false">Has that been inverted?</p>
  <p time="208230" is_ac="false">Is that supposed to look like this?</p>
  <p time="213840" is_ac="false">The cheese helps a little
bit. Sauce as well.</p>
  <p time="216480" is_ac="false">Moving on, we have a bacon Big Mac.</p>
  <p time="220560" is_ac="false">Yeah, there's two strips of bacon,</p>
  <p time="222840" is_ac="false">but they're not quite
big, so it does look like</p>
  <p time="225930" is_ac="false">maybe it's just one
that's been cut in half.</p>
  <p time="227850" is_ac="false">We got a crispy McBacon,
which is like cheeseburger,</p>
  <p time="232800" is_ac="false">double patty, and some bacon
again, a bit on the side.</p>
  <p time="236700" is_ac="false">It's funny actually because growing up,</p>
  <p time="239550" is_ac="false">I thought that the crispy McBacon</p>
  <p time="241470" is_ac="false">was the iconic McDonald's item,</p>
  <p time="245250" is_ac="false">and it's weird that it is
actually an Italian exclusive.</p>
  <p time="248583" is_ac="false">Here are all the burgers in the US</p>
  <p time="250470" is_ac="false">that you can't get in Italy.</p>
  <p time="251640" is_ac="false">Starting down here, the
Quarter Pounder with cheese.</p>
  <p time="253710" is_ac="false">It really is just a cheeseburger</p>
  <p time="255510" is_ac="false">that is a quarter pound of meat.</p>
  <p time="258060" is_ac="false">It's a great go-to burger.</p>
  <p time="259395" is_ac="false">Meat, cheese, onions,
pickles, ketchup, and mustard.</p>
  <p time="263880" is_ac="false">And if you want more meat,</p>
  <p time="265380" is_ac="false">you can get the double Quarter Pounder.</p>
  <p time="267060" is_ac="false">Correct. Not the half pounder,</p>
  <p time="269010" is_ac="false">the double Quarter Pounder with cheese.</p>
  <p time="271650" is_ac="false">Two patties, more meat, more cheese.</p>
  <p time="274668" is_ac="false">Fantastic sandwich.</p>
  <p time="275700" is_ac="false">And then we've got the first one</p>
  <p time="277140" is_ac="false">of the My Selection range,</p>
  <p time="278790" is_ac="false">which is a range that was
designed with Joe Bastianich.</p>
  <p time="283320" is_ac="false">He's an American TV personality and chef.</p>
  <p time="286590" is_ac="false">This one is speck and Asiago,
so yeah, very traditional.</p>
  <p time="291420" is_ac="false">Speck is a type of cured
meat. It's like a smoked ham.</p>
  <p time="295650" is_ac="false">Yeah, it's a smoked ham
from the north of Italy.</p>
  <p time="297690" is_ac="false">It's actually very, very nice,</p>
  <p time="299430" is_ac="false">just very salty with that smoky flavor.</p>
  <p time="301350" is_ac="false">It's one of my favorites.</p>
  <p time="302977" is_ac="false">And then we have Asiago,</p>
  <p time="304560" is_ac="false">which is a cheese made
pretty much in the same area.</p>
  <p time="307620" is_ac="false">There's also mayo and zucchini in there.</p>
  <p time="313140" is_ac="false">A bit dry, I think.</p>
  <p time="314910" is_ac="false">You do taste the cold cut, the speck.</p>
  <p time="317700" is_ac="false">Just brings that saltiness, smokiness.</p>
  <p time="320190" is_ac="false">Very nice, and the cheese
also is quite good.</p>
  <p time="322230" is_ac="false">Yeah, actually I don't
know if you've noticed,</p>
  <p time="323550" is_ac="false">but it is much bigger than the others.</p>
  <p time="326910" is_ac="false">You can even take, like, bacon Big Mac.</p>
  <p time="330090" is_ac="false">Even though it's supposed
to have two patties,</p>
  <p time="331830" is_ac="false">it is much bigger.</p>
  <p time="334050" is_ac="false">And then we have another
My Selection burger.</p>
  <p time="336870" is_ac="false">This one is called My BBQ.</p>
  <p time="339150" is_ac="false">This one has got barbecue sauce,</p>
  <p time="341520" is_ac="false">yes, I can see it,</p>
  <p time="343440" is_ac="false">Gouda cheese, and bacon,</p>
  <p time="346920" is_ac="false">and it's all topped off
with some balsamic vinegar.</p>
  <p time="350880" is_ac="false">It does still have the
same sort of fancy patty</p>
  <p time="355050" is_ac="false">that we had before.</p>
  <p time="357120" is_ac="false">Right, and after these very
nice and fancy burgers,</p>
  <p time="360540" is_ac="false">we have a gluten-free burger.</p>
  <p time="364290" is_ac="false">Oh. [record scratching]</p>
  <p time="365499" is_ac="false">Wait, why does it come in a bag?</p>
  <p time="368250" is_ac="false">Ooh. Yeah. Very -- ooh.</p>
  <p time="372300" is_ac="false">Yeah, not excited about this.</p>
  <p time="373800" is_ac="false">Just, I don't like the bread.</p>
  <p time="376860" is_ac="false">I'm sure you can find
better gluten-free bread.</p>
  <p time="379170" is_ac="false">There are so many around.</p>
  <p time="380790" is_ac="false">And if you want vegetables on your burger</p>
  <p time="384450" is_ac="false">for some strange reason,</p>
  <p time="385830" is_ac="false">you can get the Quarter
Pounder with cheese deluxe,</p>
  <p time="389070" is_ac="false">with lettuce and tomato and mayo.</p>
  <p time="393009" is_ac="false">Oh, did you see that squirt coming out?</p>
  <p time="395034" is_ac="false">Hit, like, a pocket of
mayonnaise on that one.</p>
  <p time="396492" is_ac="false">That's kind of weird.</p>
  <p time="397560" is_ac="false">It tastes great.</p>
  <p time="398393" is_ac="false">And if you just want to
go all in on the meat,</p>
  <p time="399819" is_ac="false">you can get a double
Quarter Pounder with bacon.</p>
  <p time="404010" is_ac="false">Look at this.</p>
  <p time="405660" is_ac="false">Right?</p>
  <p time="408985" is_ac="false">It's really good. Enough said.</p>
  <p time="410400" is_ac="false">And, surprise, another thing on our menu</p>
  <p time="412980" is_ac="false">you guys don't have: the McDouble.</p>
  <p time="415710" is_ac="false">McDonald's has a double cheeseburger,</p>
  <p time="417360" is_ac="false">which is double the
meat, double the cheese,</p>
  <p time="419070" is_ac="false">but also there's a McDouble on the menu.</p>
  <p time="421230" is_ac="false">What's the difference, you ask?</p>
  <p time="422370" is_ac="false">Well, McDouble only has
one slice of cheese.</p>
  <p time="425220" is_ac="false">As you can see from here, on top,</p>
  <p time="427560" is_ac="false">you got ketchup, mustard,
and pickles, no cheese.</p>
  <p time="431393" is_ac="false">The cheese is in between here.</p>
  <p time="433410" is_ac="false">I get it. Times are tough in this economy,</p>
  <p time="435390" is_ac="false">but get the extra slice
of cheese, guys. Come on.</p>
  <p time="438628" is_ac="false">I mean, we're not robots here.</p>
  <p time="439830" is_ac="false">We gotta have some pleasure in our lives,</p>
  <p time="441900" is_ac="false">and I think you should get
that extra slice of cheese.</p>
  <p time="444810" is_ac="false">Absorb the cost of it.
It's perfectly fine.</p>
  <p time="447240" is_ac="false">You're doing great. Come on!</p>
  <p time="449640" is_ac="false">Next one is another one
of those My Selection.</p>
  <p time="452310" is_ac="false">It's a chicken, avocado, and bacon burger.</p>
  <p time="456960" is_ac="false">Hm, it's got a different bun, this one.</p>
  <p time="459660" is_ac="false">Ooh, fancy.</p>
  <p time="461370" is_ac="false">All right, yeah, avocado is there.</p>
  <p time="463200" is_ac="false">There's, like, cabbage.</p>
  <p time="464663" is_ac="false">Mm, bit less excited about that.</p>
  <p time="466380" is_ac="false">And this one has
caciocavallo Silano cheese.</p>
  <p time="470520" is_ac="false">I don't know. We can call this --</p>
  <p time="471990" is_ac="false">you know sauce talk. The cheese talk.</p>
  <p time="474540" is_ac="false">Caciocavallo comes from the
same family of mozzarella.</p>
  <p time="477630" is_ac="false">They're called pasta filata cheeses,</p>
  <p time="479580" is_ac="false">and it's just basically the
way that you make cheese,</p>
  <p time="482949" is_ac="false">when you split the milk
into curds and whey.</p>
  <p time="485850" is_ac="false">It's made in a different way.</p>
  <p time="487260" is_ac="false">And you could say that caciocavallo</p>
  <p time="489570" is_ac="false">is like an aged mozzarella.</p>
  <p time="491580" is_ac="false">So it's a very versatile cheese</p>
  <p time="493290" is_ac="false">that I think is not
very well known abroad.</p>
  <p time="496200" is_ac="false">So, yeah, thank you, McDonald's,
for making that a thing</p>
  <p time="499290" is_ac="false">on your menu so everybody
can know about it.</p>
  <p time="501420" is_ac="false">So, here's the cheese that we
were talking about. [laughs]</p>
  <p time="505770" is_ac="false">It's just always a shame.</p>
  <p time="507060" is_ac="false">It's been put there with,
like, avocado and this cabbage.</p>
  <p time="511590" is_ac="false">Next one, we've got
double chicken barbecue.</p>
  <p time="515580" is_ac="false">After seeing all these big
ones, they do look quite small.</p>
  <p time="518280" is_ac="false">And then we have a chicken burger.</p>
  <p time="520230" is_ac="false">This one is different from a McChicken</p>
  <p time="522390" is_ac="false">because it has Caesar
sauce and no lettuce.</p>
  <p time="526643" is_ac="false">I think this is glue.</p>
  <p time="528870" is_ac="false">It looks like -- there is a type of glue</p>
  <p time="530301" is_ac="false">that looks exactly like that.</p>
  <p time="532200" is_ac="false">We also thought it'd be
fun to compare Happy Meals.</p>
  <p time="536070" is_ac="false">Here's the US one.</p>
  <p time="538170" is_ac="false">Open up this box, take a look around.</p>
  <p time="540150" is_ac="false">I'm pretty sure this is Pokémon.</p>
  <p time="541800" is_ac="false">This one comes with kid fries,</p>
  <p time="544362" is_ac="false">nuggets, which, we got a six-piece,</p>
  <p time="546395" is_ac="false">and this is their Pokémon toy.</p>
  <p time="548977" is_ac="false">So, they get the six-piece.</p>
  <p time="549810" is_ac="false">It's funny, like, a six-piece still seems</p>
  <p time="551040" is_ac="false">kind of like a lot for a kid.</p>
  <p time="552450" is_ac="false">Pokémon-themed toys
coming at you these days.</p>
  <p time="554580" is_ac="false">What is this?</p>
  <p time="556650" is_ac="false">OK, so we got Pikachu.</p>
  <p time="559920" is_ac="false">Does this have any value?
Because there's rare ones.</p>
  <p time="562153" is_ac="false">There's ones that have
a lot of value to them.</p>
  <p time="563460" is_ac="false">But not the ones at McDonald's, right?</p>
  <p time="565946" is_ac="false">Cyclizar? Any value?</p>
  <p time="569754" is_ac="false">We got Tandemaus.</p>
  <p time="575475" is_ac="false">Yeah.</p>
  <p time="576441" is_ac="false">And, of course, Sandaconda.</p>
  <p time="581970" is_ac="false">I'll go look on eBay after this</p>
  <p time="583860" is_ac="false">and see if these are worth anything.</p>
  <p time="585990" is_ac="false">Culturally, I have no idea what this is.</p>
  <p time="588780" is_ac="false">I don't know what -- this is a thing?</p>
  <p time="592607" is_ac="false">No, I have no idea who.</p>
  <p time="596820" is_ac="false">I don't remember any of those names.</p>
  <p time="601437" is_ac="false">Charlizard?</p>
  <p time="603840" is_ac="false">Cylizard?</p>
  <p time="605220" is_ac="false">Is this Cylizard?</p>
  <p time="607666" is_ac="false">Charmagarg.</p>
  <p time="610797" is_ac="false">OK.</p>
  <p time="611630" is_ac="false">In a Happy Meal in Italy,
you can find four items.</p>
  <p time="614460" is_ac="false">Obviously there is a drink,
then there is a main course</p>
  <p time="617880" is_ac="false">that could be either
nuggets [or] a hamburger.</p>
  <p time="620850" is_ac="false">And exclusive to Italy is a chicken burger</p>
  <p time="623760" is_ac="false">and a McToast, which is what we got today.</p>
  <p time="626850" is_ac="false">We're going to see that in a moment.</p>
  <p time="628260" is_ac="false">Then there is a side.</p>
  <p time="629352" is_ac="false">It can either be fries or baby carrots.</p>
  <p time="632418" is_ac="false">And a dessert.</p>
  <p time="633780" is_ac="false">This can be either fresh fruit, Actimel,</p>
  <p time="638070" is_ac="false">which is technically a drink
but it's a dessert here,</p>
  <p time="641460" is_ac="false">and Parmesan.</p>
  <p time="643170" is_ac="false">Here's our McToast. Nice.</p>
  <p time="647610" is_ac="false">The surprise of the day.</p>
  <p time="651360" is_ac="false">Yeah, they're just doing some
Hot Wheels collaboration.</p>
  <p time="654690" is_ac="false">So let's have a look at what is it.</p>
  <p time="656970" is_ac="false">I don't know, do you think
I can find a Vespa in here?</p>
  <p time="659850" is_ac="false">Oh, cute little skateboard,</p>
  <p time="664275" is_ac="false">pink one.</p>
  <p time="665953" is_ac="false">Nyoom.</p>
  <p time="667410" is_ac="false">We also have one exclusive
wrap option here in Italy.</p>
  <p time="670920" is_ac="false">It's a McWrap with crisp chicken breast</p>
  <p time="673740" is_ac="false">and Parmesan, or Parmigiano-Reggiano.</p>
  <p time="676410" is_ac="false">It's made in collaboration
with Giallozafferano,</p>
  <p time="678990" is_ac="false">which is the No. 1
recipe website in Italy.</p>
  <p time="683040" is_ac="false">To be honest, I think
they could have come up</p>
  <p time="686610" is_ac="false">with a better recipe, maybe, for the wrap.</p>
  <p time="689850" is_ac="false">The wrap does look very
sad, just the actual bread.</p>
  <p time="693420" is_ac="false">Chicken looks OK.</p>
  <p time="694920" is_ac="false">Italy clearly has plenty of exclusive</p>
  <p time="696840" is_ac="false">chicken-sandwich options, but
we have a few of our own here,</p>
  <p time="699570" is_ac="false">namely the McCrispy and the spicy McCrispy</p>
  <p time="702720" is_ac="false">and a deluxe version of each sandwich.</p>
  <p time="705210" is_ac="false">Let's take a look.</p>
  <p time="706043" is_ac="false">It looks closer to a chicken sandwich</p>
  <p time="708180" is_ac="false">you would find at a Chick-fil-A,</p>
  <p time="710160" is_ac="false">and then now Burger King has
the chicken king, I think?</p>
  <p time="714660" is_ac="false">McDonald's did all the
research that they do</p>
  <p time="718020" is_ac="false">to release this, the McCrispy sandwich.</p>
  <p time="721950" is_ac="false">Now, as you can tell,
it's just pickles on here.</p>
  <p time="725100" is_ac="false">A crispier, more natural-looking
piece of fried chicken,</p>
  <p time="729480" is_ac="false">and no sauce. Does it
always have no sauce?</p>
  <p time="735540" is_ac="false">I don't like that. I don't like
a place that gives you food</p>
  <p time="737373" is_ac="false">and, like, assembly requirements.</p>
  <p time="740940" is_ac="false">For the most part, I
should get the sandwich</p>
  <p time="742470" is_ac="false">the way it's supposed to be.</p>
  <p time="743303" is_ac="false">So this put your own sauce in it,</p>
  <p time="744900" is_ac="false">it's like, no, you put it on.</p>
  <p time="746190" is_ac="false">Here's the deluxe of it.</p>
  <p time="749580" is_ac="false">Yay, it has mayo. Whoa.</p>
  <p time="751572" is_ac="false">This to me is like,
yeah, do this every time.</p>
  <p time="753360" is_ac="false">This should just be the
sandwich. I don't ...</p>
  <p time="758280" is_ac="false">If you're like me and
you want to spice it up,</p>
  <p time="761035" is_ac="false">ah,</p>
  <p time="763852" is_ac="false">they have the spicy -- oh, come on.</p>
  <p time="766418" is_ac="false">There's spicy sauce on here somewhere.</p>
  <p time="768360" is_ac="false">Then, of course, they
got the spicy deluxe,</p>
  <p time="771960" is_ac="false">which of course has spicy sauce</p>
  <p time="773550" is_ac="false">and all those veggies in there.</p>
  <p time="774510" is_ac="false">So, yeah. McDonald's, still a contender</p>
  <p time="777030" is_ac="false">in the chicken-sandwich game, I feel.</p>
  <p time="778950" is_ac="false">Now we're on to the exclusive
sides here in Italy.</p>
  <p time="782310" is_ac="false">The first one that we got is cheesy fries.</p>
  <p time="785760" is_ac="false">The same fry, just with a
bit more bacon we got here.</p>
  <p time="789330" is_ac="false">Yeah, cheddar and bacon.</p>
  <p time="792330" is_ac="false">This is, like, I don't know,</p>
  <p time="794070" is_ac="false">a very sad Italian take on poutine.</p>
  <p time="797310" is_ac="false">On the menu next for sides,
we've got panzerotti.</p>
  <p time="801030" is_ac="false">So, actually very excited
about these because,</p>
  <p time="804672" is_ac="false">ooh,</p>
  <p time="807150" is_ac="false">panzerotti are from my hometown,</p>
  <p time="809458" is_ac="false">Bari, in the south of Italy.</p>
  <p time="811008" is_ac="false">The main difference is
that usually panzerotti,</p>
  <p time="813390" is_ac="false">the traditional ones, they are this big.</p>
  <p time="815790" is_ac="false">They're usually pretty wide.
It's, like, a main meal.</p>
  <p time="818706" is_ac="false">Panzerotti normally, they
have, tomatoes and mozzarella</p>
  <p time="821520" is_ac="false">is the most common filling,
but in Bari, again,</p>
  <p time="825750" is_ac="false">where they are from, you can
get them with ground beef,</p>
  <p time="829650" is_ac="false">mozzarella, and cooked ham.</p>
  <p time="831600" is_ac="false">These are actually my favorites.</p>
  <p time="833580" is_ac="false">I used to go and get them after school.</p>
  <p time="837557" is_ac="false">That's just, they are the perfect snack.</p>
  <p time="843240" is_ac="false">Quite good, actually.</p>
  <p time="844800" is_ac="false">Filling is OK, but I
think a real panzerotto,</p>
  <p time="847227" is_ac="false">when you bite into it,</p>
  <p time="849330" is_ac="false">basically all the filling
should almost come out.</p>
  <p time="851940" is_ac="false">It should, like, pop.</p>
  <p time="853530" is_ac="false">Like, the first reaction
when you eat a panzerotti,</p>
  <p time="855300" is_ac="false">this is like,</p>
  <p time="856841" is_ac="false">and then you sort of put your hand here</p>
  <p time="859024" is_ac="false">and just avoid a complete mess.</p>
  <p time="861600" is_ac="false">This brings us to the next snack,</p>
  <p time="863370" is_ac="false">which is Parmigiano-Reggiano, or Parmesan.</p>
  <p time="867060" is_ac="false">This is one of the most
counterfeit cheeses</p>
  <p time="869151" is_ac="false">in the world, so.</p>
  <p time="871085" is_ac="false">In Italy but also in Europe,</p>
  <p time="873120" is_ac="false">because of this whole protection thing,</p>
  <p time="875100" is_ac="false">anything that's called even
Parmesan, not the real name,</p>
  <p time="877980" is_ac="false">Parmigiano-Reggiano, is
in fact the real thing,</p>
  <p time="880800" is_ac="false">so at least we are safe on that side.</p>
  <p time="883410" is_ac="false">Having said that, I think
most of the Parmesan,</p>
  <p time="886560" is_ac="false">Parmigiano that you will
find around in supermarkets,</p>
  <p time="891288" is_ac="false">it's been aged for the bare minimum,</p>
  <p time="893430" is_ac="false">which is 12 months.</p>
  <p time="894810" is_ac="false">So it is good, it is the real thing,</p>
  <p time="896310" is_ac="false">but if you can choose,</p>
  <p time="897750" is_ac="false">just have something that's
been aged for a bit longer.</p>
  <p time="901350" is_ac="false">I think in Italy we do eat a lot of cheese</p>
  <p time="903270" is_ac="false">as a snack as it is, and I
do have definitely memories</p>
  <p time="907680" is_ac="false">of me coming back from school</p>
  <p time="909271" is_ac="false">and then just in the afternoon grabbing</p>
  <p time="911910" is_ac="false">some cheese off the fridge</p>
  <p time="913380" is_ac="false">and having a couple of slices
or even more than that.</p>
  <p time="917256" is_ac="false">I think my mom still does that,</p>
  <p time="918510" is_ac="false">so, sorry for exposing you, Mom.</p>
  <p time="924745" is_ac="false">Love it.</p>
  <p time="926010" is_ac="false">Over here we got another exclusive.</p>
  <p time="929100" is_ac="false">There are actually three
salads on the menu.</p>
  <p time="932218" is_ac="false">One is just a plain salad,
one is a salad with tomatoes,</p>
  <p time="935700" is_ac="false">and then we got one with crispy
chicken breast and Parmesan.</p>
  <p time="939240" is_ac="false">We could also select a dressing,
and we added olive oil.</p>
  <p time="943410" is_ac="false">You could also get a tiny
bottle of balsamic vinegar</p>
  <p time="946440" is_ac="false">or just vinegar.</p>
  <p time="948210" is_ac="false">We actually have no
exclusive sides in the US.</p>
  <p time="951510" is_ac="false">Every side option on our menu
can also be found in Italy.</p>
  <p time="954450" is_ac="false">I will say, though, I love that they have</p>
  <p time="956190" is_ac="false">a stick of cheese as a side,
kind of like a palate cleanser.</p>
  <p time="959910" is_ac="false">I would love that.</p>
  <p time="960930" is_ac="false">I would love to snack on cheese.
I love snacking on cheese.</p>
  <p time="963840" is_ac="false">We should have more cheese,
is what I'm trying to say.</p>
  <p time="966120" is_ac="false">We can bring it back with the sauces.</p>
  <p time="967950" is_ac="false">It's time for sauce talk, Italy edition.</p>
  <p time="970860" is_ac="false">La la la sauce talk!</p>
  <p time="974219" is_ac="false">That had to offend somebody.</p>
  <p time="976200" is_ac="false">Sauce talk.</p>
  <p time="977850" is_ac="false">We have several exclusive sauces</p>
  <p time="980490" is_ac="false">here in the United States,
including spicy Buffalo,</p>
  <p time="984450" is_ac="false">and then we have ranch, honey
mustard, sweet 'n' sour.</p>
  <p time="989040" is_ac="false">Now, I have two because one</p>
  <p time="991800" is_ac="false">is from the movie "Loki," apparently.</p>
  <p time="994020" is_ac="false">And of course you just get honey.</p>
  <p time="996180" is_ac="false">Of all these, I'd probably
go sweet 'n' sour,</p>
  <p time="999210" is_ac="false">but barbecue, which they
do have, is my favorite.</p>
  <p time="1002090" is_ac="false">We have one exclusive sauce in Italy,</p>
  <p time="1005390" is_ac="false">which is spicy mustard sauce.</p>
  <p time="1008570" is_ac="false">Yeah.</p>
  <p time="1013260" is_ac="false">Yeah, it is a bit spicy.</p>
  <p time="1015650" is_ac="false">Not so much, though.
Doesn't numb your tongue.</p>
  <p time="1018770" is_ac="false">I think actually it has a sweet
aftertaste for some reason.</p>
  <p time="1021950" is_ac="false">For the early risers,</p>
  <p time="1023330" is_ac="false">there are plenty of
exclusive breakfast items</p>
  <p time="1025594" is_ac="false">at the US McDonald's,
and they're all savory.</p>
  <p time="1029330" is_ac="false">Now, first thing I'm going to
talk about are the biscuits.</p>
  <p time="1031940" is_ac="false">I'm not the person to
describe American biscuits</p>
  <p time="1034430" is_ac="false">to the rest of the world.
They should have hired a poet.</p>
  <p time="1037220" is_ac="false">This is the bacon, egg,
and cheese biscuit,</p>
  <p time="1040310" is_ac="false">but you can get a biscuit version</p>
  <p time="1041840" is_ac="false">of any meat or cheese
combination that you want.</p>
  <p time="1045620" is_ac="false">In the middle here, though,</p>
  <p time="1047428" is_ac="false">Italy, Claudia, everyone,</p>
  <p time="1050753" is_ac="false">look at what I'm about to show you.</p>
  <p time="1051950" is_ac="false">You know what pancakes are.
You know what syrup is.</p>
  <p time="1054350" is_ac="false">You obviously know what
breakfast sandwiches are.</p>
  <p time="1056450" is_ac="false">This right here is a McGriddle,</p>
  <p time="1058640" is_ac="false">and they replaced the buns with this.</p>
  <p time="1061070" is_ac="false">These bun pancakes.</p>
  <p time="1062630" is_ac="false">This is a pancake, Italy. A pancake.</p>
  <p time="1065270" is_ac="false">These, here. And they somehow
injected syrup in them,</p>
  <p time="1069620" is_ac="false">so it's not like syrup like a sauce,</p>
  <p time="1071870" is_ac="false">it's just, like, already syrup somehow,</p>
  <p time="1074990" is_ac="false">and it is savory and
sweet at the same time.</p>
  <p time="1077630" is_ac="false">It is so delicious.</p>
  <p time="1079610" is_ac="false">It's a McGriddle. It's
fantastic. I love these.</p>
  <p time="1082220" is_ac="false">This is a bacon, egg,
and cheese McGriddle,</p>
  <p time="1083780" is_ac="false">but once again, you can get
it in any various sausage,</p>
  <p time="1086900" is_ac="false">egg, and/or cheese
combination that you want.</p>
  <p time="1089540" is_ac="false">McGriddles. Check 'em out.</p>
  <p time="1091070" is_ac="false">I am the McGriddle No. 1 fan over here.</p>
  <p time="1093497" is_ac="false">And the OG breakfast sandwich,
this is the egg McMuffin.</p>
  <p time="1098210" is_ac="false">They got the Big Breakfast
with or without hotcakes.</p>
  <p time="1100730" is_ac="false">I went with hotcakes.</p>
  <p time="1101960" is_ac="false">You got eggs, bacon,
pancakes, English muffin,</p>
  <p time="1106490" is_ac="false">this thing's fantastic.</p>
  <p time="1107750" is_ac="false">And if you want to just
get hotcakes and sausage,</p>
  <p time="1111620" is_ac="false">you can also do that.</p>
  <p time="1112670" is_ac="false">And each order of pancakes</p>
  <p time="1116211" is_ac="false">comes with our hotcakes syrup.</p>
  <p time="1119452" is_ac="false">I think an unsung hero of the
McDonald's breakfast menu,</p>
  <p time="1123980" is_ac="false">been a fan of this for years,</p>
  <p time="1126650" is_ac="false">it is the sausage breakfast burrito.</p>
  <p time="1129530" is_ac="false">Now, let's be honest.</p>
  <p time="1131755" is_ac="false">Italy, in case you're wondering,</p>
  <p time="1133205" is_ac="false">this in no way represents
an actual burrito.</p>
  <p time="1137930" is_ac="false">I want to make that perfectly clear.</p>
  <p time="1139700" is_ac="false">I would not put this in the same category</p>
  <p time="1141230" is_ac="false">as any sort of burrito,
breakfast or otherwise,</p>
  <p time="1144020" is_ac="false">but it's its own thing, and
I think it is fantastic.</p>
  <p time="1148100" is_ac="false">It is in a flour tortilla.</p>
  <p time="1151966" is_ac="false">Scrambled eggs, sausage, yes, I know,</p>
  <p time="1154599" is_ac="false">peppers, cheese, and the secret weapon</p>
  <p time="1161252" is_ac="false">is this, their Mexican-style salsa.</p>
  <p time="1163100" is_ac="false">Again, there is nothing
authentically Mexican about this,</p>
  <p time="1168020" is_ac="false">but it tastes great.</p>
  <p time="1171080" is_ac="false">This was a go-to for years.</p>
  <p time="1172970" is_ac="false">I could put away about four of these.</p>
  <p time="1178010" is_ac="false">McDonald's also does offer oatmeal,</p>
  <p time="1180260" is_ac="false">specifically fruit and maple oatmeal.</p>
  <p time="1183260" is_ac="false">Moving on.</p>
  <p time="1184130" is_ac="false">The Italian McDonald's
also sells breakfast items.</p>
  <p time="1187730" is_ac="false">We've got ... [laughs]</p>
  <p time="1190355" is_ac="false">That's super sad.</p>
  <p time="1192121" is_ac="false">We got scrambled eggs with
bacon and a muffin and bread,</p>
  <p time="1195770" is_ac="false">which does look more like a muffin.</p>
  <p time="1197990" is_ac="false">And then we have a McMuffin
with bacon and egg.</p>
  <p time="1201140" is_ac="false">Yeah, Italians don't really
have savory breakfast.</p>
  <p time="1203660" is_ac="false">It's definitely a habit.</p>
  <p time="1206180" is_ac="false">Like, you just associate
breakfast with sweet items.</p>
  <p time="1210470" is_ac="false">All right, US also has their
own exclusive McCafé items.</p>
  <p time="1215510" is_ac="false">Where'd they go?</p>
  <p time="1217820" is_ac="false">The McDonald'ses near our studio</p>
  <p time="1220820" is_ac="false">did not have the McCafé food items.</p>
  <p time="1231680" is_ac="false">McDonald's in Italy has
really made an effort</p>
  <p time="1233960" is_ac="false">with the McCafé menu items,</p>
  <p time="1236660" is_ac="false">and there are really a lot
of items on the menu here.</p>
  <p time="1240440" is_ac="false">So let's start from the croissants.</p>
  <p time="1242270" is_ac="false">We've got quite a few on the menu.</p>
  <p time="1244010" is_ac="false">I think this one here,</p>
  <p time="1246938" is_ac="false">because you can see a little bit of brown,</p>
  <p time="1249080" is_ac="false">this is the cocoa one with sourdough.</p>
  <p time="1256370" is_ac="false">Pretty safe to eat.</p>
  <p time="1258260" is_ac="false">This is the plain one.</p>
  <p time="1259760" is_ac="false">Does look more like a
French-style croissant.</p>
  <p time="1262760" is_ac="false">Nice layers in there as well, some air.</p>
  <p time="1266300" is_ac="false">Over here, it's quite hard to tell,</p>
  <p time="1269540" is_ac="false">but there is a subtle,
subtle layer of jam.</p>
  <p time="1272510" is_ac="false">This is berries and cereal.</p>
  <p time="1276200" is_ac="false">So, the dough, it's a little bit stiffer,</p>
  <p time="1279020" is_ac="false">and, yeah, does smell a little bit</p>
  <p time="1283795" is_ac="false">more like cereals.</p>
  <p time="1285811" is_ac="false">Same amount of jam as in the others.</p>
  <p time="1289565" is_ac="false">Not very generous, actually.</p>
  <p time="1291800" is_ac="false">I think this one is the
last one that we got,</p>
  <p time="1294170" is_ac="false">so it's the custard.</p>
  <p time="1295340" is_ac="false">This looks like we have
a bit more in there.</p>
  <p time="1299540" is_ac="false">Obviously, it's hard to tell</p>
  <p time="1300530" is_ac="false">because the custard is the
same color as the dough,</p>
  <p time="1305360" is_ac="false">has kind of turned the dough yellow.</p>
  <p time="1310670" is_ac="false">Nice. Lots of lemon in there.</p>
  <p time="1313430" is_ac="false">Another pastry option that you can get</p>
  <p time="1315394" is_ac="false">is this cream braid.</p>
  <p time="1317900" is_ac="false">This is quite a typical
thing as well in Italy.</p>
  <p time="1321440" is_ac="false">Like, you do get these kind of pastries.</p>
  <p time="1324320" is_ac="false">You can get them also savory
in different regions of Italy.</p>
  <p time="1327561" is_ac="false">Let's see if they were
generous with the cream here.</p>
  <p time="1329997" is_ac="false">Mm, yeah, I'll say so.</p>
  <p time="1334550" is_ac="false">I prefer this cream.</p>
  <p time="1335840" is_ac="false">In Italy, you can also get some cakes.</p>
  <p time="1338990" is_ac="false">We have tiramisu, which is,
yeah, traditional Italian thing,</p>
  <p time="1343490" is_ac="false">but not a breakfast item.</p>
  <p time="1345080" is_ac="false">Like, I wouldn't really have
breakfast with tiramisu.</p>
  <p time="1347930" is_ac="false">I know you guys want to hear
the opinion of an Italian,</p>
  <p time="1352250" is_ac="false">so we're going to try this
tiramisu and see if it's proper.</p>
  <p time="1358610" is_ac="false">Yes, quite good, actually.</p>
  <p time="1360200" is_ac="false">We do have other cakes as well.</p>
  <p time="1363050" is_ac="false">We have this one, which is
torta della nonna in Italian,</p>
  <p time="1366930" is_ac="false">and that literally translates to</p>
  <p time="1368830" is_ac="false">"grandma's cake" in English.</p>
  <p time="1371155" is_ac="false">This one has lemon custard and pine nuts.</p>
  <p time="1376160" is_ac="false">I think it's a bit of a joke</p>
  <p time="1377210" is_ac="false">that this is actually
called grandma's cake</p>
  <p time="1379190" is_ac="false">just because every Italian grandma</p>
  <p time="1381500" is_ac="false">that's good in the kitchen
will be able to make something,</p>
  <p time="1383630" is_ac="false">like, 100 times better than this.</p>
  <p time="1386090" is_ac="false">We've got a strawberry cheesecake.</p>
  <p time="1389180" is_ac="false">Let's move on to this
three-layer chocolate cake.</p>
  <p time="1393440" is_ac="false">It's an absolute beast.</p>
  <p time="1399020" is_ac="false">It's a bit too much.</p>
  <p time="1400160" is_ac="false">I wouldn't have this for breakfast.</p>
  <p time="1402470" is_ac="false">And then we have a few more items here</p>
  <p time="1404960" is_ac="false">at the McCafé in Italy.</p>
  <p time="1406460" is_ac="false">We have a marshmallow doughnut,</p>
  <p time="1410035" is_ac="false">which looks like the most artificial thing</p>
  <p time="1412730" is_ac="false">I've ever seen.</p>
  <p time="1414320" is_ac="false">Then we've got a Nutella muffin.</p>
  <p time="1416810" is_ac="false">It is true that Italians love Nutella,</p>
  <p time="1418790" is_ac="false">and they eat it all the time.</p>
  <p time="1421010" is_ac="false">Again, when I was a child,
my parents used to hide it.</p>
  <p time="1425450" is_ac="false">Mm, sad. [laughs]</p>
  <p time="1428450" is_ac="false">And the last item that
we've got is macarons.</p>
  <p time="1432680" is_ac="false">We have chocolate macarons,
raspberry macarons,</p>
  <p time="1435500" is_ac="false">and pistachios macarons,</p>
  <p time="1437508" is_ac="false">or pistacchio, as we do say here.</p>
  <p time="1443240" is_ac="false">Oh, the inside is, like,</p>
  <p time="1446981" is_ac="false">dangerously green.</p>
  <p time="1449072" is_ac="false">They don't taste so much
like pistachio, to be honest.</p>
  <p time="1451610" is_ac="false">Desserts, McDonald's US,</p>
  <p time="1453590" is_ac="false">we have these exclusives.</p>
  <p time="1455480" is_ac="false">Starting down here, the baked apple pie.</p>
  <p time="1458000" is_ac="false">The day they stopped frying these</p>
  <p time="1459260" is_ac="false">is the day I stopped eating them.</p>
  <p time="1460520" is_ac="false">Now they're pulling this with, like,</p>
  <p time="1462120" is_ac="false">trying to make it look like
it's a homemade pastry.</p>
  <p time="1464036" is_ac="false">It's not. This was just spit out</p>
  <p time="1467069" is_ac="false">of an AI oven machine.</p>
  <p time="1470710" is_ac="false">Blip, blip, blip. One a second. No human.</p>
  <p time="1474590" is_ac="false">I'm the first human hand to touch this.</p>
  <p time="1476720" is_ac="false">Also chocolate chip cookies.</p>
  <p time="1478490" is_ac="false">They come in orders of
one, three, the trilogy,</p>
  <p time="1482000" is_ac="false">or a tote of 13.</p>
  <p time="1483890" is_ac="false">One good thing about the
McDonald's we went to today</p>
  <p time="1485720" is_ac="false">is the McFlurry machine
was totally working,</p>
  <p time="1488480" is_ac="false">and I got this one, the M&amp;M's McFlurry.</p>
  <p time="1491390" is_ac="false">We use the mini M&amp;M's,</p>
  <p time="1492530" is_ac="false">which are better than regular M&amp;M's,</p>
  <p time="1493820" is_ac="false">I don't know why, they just are.</p>
  <p time="1495080" is_ac="false">Sundaes, sundaes, sundaes.</p>
  <p time="1498170" is_ac="false">Maybe my favorite as a
kid, the caramel sundae.</p>
  <p time="1501594" is_ac="false">Mm. Ooh, that's my childhood right there.</p>
  <p time="1504710" is_ac="false">And you can get a fudge one as well.</p>
  <p time="1506900" is_ac="false">For Italian exclusive desserts,</p>
  <p time="1508550" is_ac="false">we have a pistachios McFlurry,</p>
  <p time="1511858" is_ac="false">then a Baci Perugina McFlurry.</p>
  <p time="1514103" is_ac="false">Baci Perugina are very popular chocolates.</p>
  <p time="1518360" is_ac="false">They are made in Perugia, which
is in the center of Italy,</p>
  <p time="1521210" is_ac="false">a town in the center.</p>
  <p time="1522650" is_ac="false">And here we have a coffee sundae.</p>
  <p time="1525440" is_ac="false">It's quite nice that they
actually gave us the espresso</p>
  <p time="1528770" is_ac="false">so that we can make our own.</p>
  <p time="1530486" is_ac="false">A bit like an affogato, in a way.</p>
  <p time="1532052" is_ac="false">The other sundaes are caramel, berries,</p>
  <p time="1534440" is_ac="false">another Baci Perugina again,
and the fior di latte,</p>
  <p time="1537680" is_ac="false">which is basically the
Italian version of vanilla.</p>
  <p time="1541730" is_ac="false">Ooh.</p>
  <p time="1545600" is_ac="false">Nice, yeah.</p>
  <p time="1547190" is_ac="false">Now on to the cold drink
options, starting down here,</p>
  <p time="1550190" is_ac="false">all the soda options
you get here in the US.</p>
  <p time="1551840" is_ac="false">Of course, we have way more than Italy.</p>
  <p time="1554600" is_ac="false">Starting with Dr Pepper.</p>
  <p time="1557030" is_ac="false">Oh, OK there.</p>
  <p time="1559700" is_ac="false">So fantastic.</p>
  <p time="1560720" is_ac="false">Diet Coke. No.</p>
  <p time="1564027" is_ac="false">Ugh.</p>
  <p time="1564860" is_ac="false">This completely unnatural-looking thing</p>
  <p time="1567800" is_ac="false">is Hi-C Orange Lavaburst.</p>
  <p time="1570650" is_ac="false">It's not carbonated,
but it's also not juice.</p>
  <p time="1574160" is_ac="false">I can't explain it. It's Hi-C.</p>
  <p time="1577910" is_ac="false">You can also get a sweet tea</p>
  <p time="1579830" is_ac="false">and an unsweetened iced tea at McDonald's.</p>
  <p time="1583190" is_ac="false">What I did feel like getting was this,</p>
  <p time="1584480" is_ac="false">the frozen Fanta blue raspberry.</p>
  <p time="1588530" is_ac="false">Oh, God, it's so sweet and so syrupy.</p>
  <p time="1591170" is_ac="false">Don't drink this, don't
give it to children,</p>
  <p time="1593240" is_ac="false">don't have it ever.</p>
  <p time="1594470" is_ac="false">They also have a Coke
version, frozen Coke.</p>
  <p time="1596150" is_ac="false">Also don't bother.</p>
  <p time="1597560" is_ac="false">Lemonade, though.</p>
  <p time="1599090" is_ac="false">So, we found out that lemonade in America</p>
  <p time="1600920" is_ac="false">is the least different
from lemonade in the UK.</p>
  <p time="1602840" is_ac="false">Again, this is not carbonated,</p>
  <p time="1604760" is_ac="false">it's not really juice,
it's something different.</p>
  <p time="1606620" is_ac="false">I don't know what
lemonade is like in Italy.</p>
  <p time="1612814" is_ac="false">Oh, man, it's so tart and so good.</p>
  <p time="1614630" is_ac="false">On to coffee drinks,</p>
  <p time="1616780" is_ac="false">or should I say cold coffee drinks,</p>
  <p time="1618738" is_ac="false">from here to here.</p>
  <p time="1619880" is_ac="false">I understand that's not a thing in Italy,</p>
  <p time="1621320" is_ac="false">which I think is hilarious.</p>
  <p time="1623090" is_ac="false">This giant glass right
here is iced coffee.</p>
  <p time="1625940" is_ac="false">You can also get it caramel flavored</p>
  <p time="1628100" is_ac="false">or French vanilla flavored.</p>
  <p time="1629420" is_ac="false">I went with black, the
ace of spades right here.</p>
  <p time="1632960" is_ac="false">Mm.</p>
  <p time="1635330" is_ac="false">Oh, man, they do something
with their coffee there.</p>
  <p time="1637610" is_ac="false">They do something where it
tastes like it's really roasted.</p>
  <p time="1640877" is_ac="false">I mean, I'm sure it's not.</p>
  <p time="1642380" is_ac="false">You can also get a iced latte.</p>
  <p time="1644205" is_ac="false">This over here is a frappé.</p>
  <p time="1646305" is_ac="false">You can get a mocha frappé
or a caramel frappé.</p>
  <p time="1648980" is_ac="false">Basically if you're an adult
and you want a milkshake,</p>
  <p time="1651500" is_ac="false">you get a frap.</p>
  <p time="1652333" is_ac="false">You can also get smoothies at McDonald's.</p>
  <p time="1654560" is_ac="false">We have a mango pineapple smoothie</p>
  <p time="1657950" is_ac="false">and a strawberry banana smoothie.</p>
  <p time="1659770" is_ac="false">In Italy, we have a few exclusive drinks.</p>
  <p time="1662540" is_ac="false">Let's start with the cold options.</p>
  <p time="1664910" is_ac="false">We have Lipton iced tea
both in lemon and peach.</p>
  <p time="1668870" is_ac="false">Then we have some fruit juices.</p>
  <p time="1670760" is_ac="false">We have pear,</p>
  <p time="1672293" is_ac="false">ace, which is very popular here in Italy.</p>
  <p time="1675259" is_ac="false">It should be very orange.</p>
  <p time="1677300" is_ac="false">It's a mix of orange, carrots, and lemon.</p>
  <p time="1679790" is_ac="false">Yeah, very orange.</p>
  <p time="1681500" is_ac="false">And it's named ace, which is A-C-E,</p>
  <p time="1684740" is_ac="false">after the three vitamins
that these fruits,</p>
  <p time="1687950" is_ac="false">or vegetables, I guess,
these carrots, contains.</p>
  <p time="1690860" is_ac="false">And then we got peach fruit juice.</p>
  <p time="1693350" is_ac="false">And here are our McDonald's
hot coffee drinks.</p>
  <p time="1697520" is_ac="false">"Coffee," right, Italy?</p>
  <p time="1699590" is_ac="false">All right, we get it.</p>
  <p time="1701120" is_ac="false">We went a little overboard
with our coffee drinks</p>
  <p time="1702860" is_ac="false">here in America, and McDonald's,
of course, is no different.</p>
  <p time="1705920" is_ac="false">You can get a caramel macchiato,</p>
  <p time="1709136" is_ac="false">a caramel cappuccino.</p>
  <p time="1711686" is_ac="false">Why are we doing so much
caramel stuff in America, right?</p>
  <p time="1715460" is_ac="false">Ah, caramel latte.</p>
  <p time="1717890" is_ac="false">You can also get it in vanilla.</p>
  <p time="1720260" is_ac="false">Don't.</p>
  <p time="1721093" is_ac="false">You can also get a mocha latte.</p>
  <p time="1722690" is_ac="false">We have a premium roast coffee.</p>
  <p time="1726080" is_ac="false">As I said before, I don't
know what they're doing</p>
  <p time="1727880" is_ac="false">at McDonald's, but</p>
  <p time="1731846" is_ac="false">I like the coffee.</p>
  <p time="1733212" is_ac="false">But you can also get,
finally, a black hot tea.</p>
  <p time="1736670" is_ac="false">What is this? The UK?</p>
  <p time="1739560" is_ac="false">Ugh.</p>
  <p time="1740594" is_ac="false">The hot drinks exclusive to Italy</p>
  <p time="1742280" is_ac="false">are obviously the king
of hot drinks, espresso.</p>
  <p time="1746047" is_ac="false">Then we've got a Moroccan coffee,</p>
  <p time="1747980" is_ac="false">which is not Moroccan in the sense of</p>
  <p time="1750440" is_ac="false">it's not Moroccan-style
coffee, but weirdly enough,</p>
  <p time="1754070" is_ac="false">and to be honest, I never
really understood this,</p>
  <p time="1755960" is_ac="false">it's named after a type
of Moroccan leather</p>
  <p time="1758870" is_ac="false">that looks this color.</p>
  <p time="1761300" is_ac="false">Honestly, it's like an
espresso with some milk.</p>
  <p time="1764540" is_ac="false">And then we got ginseng
coffee and barley coffee,</p>
  <p time="1767750" is_ac="false">which technically shouldn't
really be called coffee</p>
  <p time="1770180" is_ac="false">because it contains no
coffee, it has just barley,</p>
  <p time="1773750" is_ac="false">and this is like an alternative for people</p>
  <p time="1776180" is_ac="false">that cannot drink coffee</p>
  <p time="1778159" is_ac="false">and they still want to have something</p>
  <p time="1781070" is_ac="false">like a little espresso after lunch.</p>
  <p time="1783260" is_ac="false">Yeah, it smells very cereally.</p>
  <p time="1788090" is_ac="false">I don't know. I'm not a big fan.</p>
  <p time="1789860" is_ac="false">And then we got just a
standard latte macchiato.</p>
  <p time="1793730" is_ac="false">This is the closest thing
you will get to a latte</p>
  <p time="1796977" is_ac="false">that you will find here in Italy,</p>
  <p time="1798890" is_ac="false">so it's just a lot of
milk with a bit of coffee</p>
  <p time="1803120" is_ac="false">and some foam at the top.</p>
  <p time="1807230" is_ac="false">In Italy, a Big Mac will cost
you 6 euros and 10 cents.</p>
  <p time="1811220" is_ac="false">In dollars, that's about $6.76.</p>
  <p time="1816215" is_ac="false">A Big Mac in the US will cost you $6.29.</p>
  <p time="1819800" is_ac="false">That's a 3% price increase
from Italy to the US.</p>
  <p time="1824210" is_ac="false">What if you turn that into a combo meal?</p>
  <p time="1826460" is_ac="false">In Italy, a small Big Mac
meal with medium fries</p>
  <p time="1830390" is_ac="false">and a medium drink will
cost you 8 euros 90,</p>
  <p time="1833780" is_ac="false">and that's $9.86.</p>
  <p time="1836810" is_ac="false">Does a combo meal make
a difference in the US?</p>
  <p time="1839030" is_ac="false">A medium Big Mac combo meal over here</p>
  <p time="1841130" is_ac="false">will cost you $11.42.</p>
  <p time="1843410" is_ac="false">You can also save some
money if you buy in bulk.</p>
  <p time="1845870" is_ac="false">Here in Italy, you can
get a two-person Mac menu,</p>
  <p time="1848990" is_ac="false">which includes two Big Macs,
two large portions of fries,</p>
  <p time="1853190" is_ac="false">two large Coca-Colas, six nuggets,</p>
  <p time="1856515" is_ac="false">for 18 euros.</p>
  <p time="1858589" is_ac="false">In the US, we only do Big Mac combo meals,</p>
  <p time="1861170" is_ac="false">as mentioned before.</p>
  <p time="1862100" is_ac="false">So in order to get the
same order in Italy,</p>
  <p time="1864650" is_ac="false">you would have to order two Big Mac meals</p>
  <p time="1867320" is_ac="false">plus six nuggets on the side.</p>
  <p time="1869300" is_ac="false">It would cost around $36, which
in Italy is about 33 euros.</p>
  <p time="1873260" is_ac="false">Price-wise, I think they
are definitely better value</p>
  <p time="1876230" is_ac="false">than other fast-food chains.</p>
  <p time="1877820" is_ac="false">Well, not to believe Five Guys,</p>
  <p time="1879380" is_ac="false">I know that one has a reputation
for being quite expensive,</p>
  <p time="1883550" is_ac="false">but I think the burger
is, like, half the price.</p>
  <p time="1885710" is_ac="false">For the panzerotti, I think
that was more than 3 euros,</p>
  <p time="1888320" is_ac="false">3 euros something, which, honestly,</p>
  <p time="1890450" is_ac="false">for, like, three of those as a
side, it is a little bit sad.</p>
  <p time="1894710" is_ac="false">But again, I grew up in
the town of panzerotti,</p>
  <p time="1898460" is_ac="false">and I used to have, like,
a full one this size</p>
  <p time="1902150" is_ac="false">for, like, 2 euros. That was 15 years ago,</p>
  <p time="1905120" is_ac="false">so maybe now it would
translate into something</p>
  <p time="1907340" is_ac="false">like maybe 5 or 6.</p>
  <p time="1909710" is_ac="false">Once upon a time, McDonald's
was the cheaper option.</p>
  <p time="1913250" is_ac="false">It was a lot of food
for not a lot of money.</p>
  <p time="1916250" is_ac="false">As many people probably
pointed out on social media,</p>
  <p time="1919130" is_ac="false">this food is no longer
inexpensive. It's not expensive.</p>
  <p time="1923690" is_ac="false">Maybe because of the competition,</p>
  <p time="1925248" is_ac="false">maybe because of inflation,</p>
  <p time="1926639" is_ac="false">probably because of corporate greed,</p>
  <p time="1928280" is_ac="false">McDonald's and most fast food, I find,</p>
  <p time="1931070" is_ac="false">is not a good value anymore.</p>
  <p time="1936500" is_ac="false">Let's compare some items to see</p>
  <p time="1937730" is_ac="false">what the nutrition is of McDonald's food.</p>
  <p time="1939740" is_ac="false">A sandwich that exists in both countries</p>
  <p time="1941510" is_ac="false">and is theoretically
identical is the Big Mac.</p>
  <p time="1945110" is_ac="false">In the US, a Big Mac
contains 590 calories,</p>
  <p time="1948890" is_ac="false">34 grams of total fat, 46 grams of carbs,</p>
  <p time="1952700" is_ac="false">and 9 grams of sugar.</p>
  <p time="1954290" is_ac="false">How about an Italian Big Mac?</p>
  <p time="1956180" is_ac="false">One of those here contains 509 calories.</p>
  <p time="1960485" is_ac="false">Of these, there are 26 grams of total fat,</p>
  <p time="1964430" is_ac="false">42 grams of carbs, of
which 9 grams are sugars,</p>
  <p time="1968840" is_ac="false">and then there are 920
milligrams of sodium.</p>
  <p time="1972890" is_ac="false">What if we made it a combo meal?</p>
  <p time="1974330" is_ac="false">Starting with the fries,
a medium fry in the US</p>
  <p time="1976670" is_ac="false">contains 320 calories,
15 grams of total fat,</p>
  <p time="1980510" is_ac="false">43 grams of carbs, no sugar,</p>
  <p time="1982901" is_ac="false">and 260 milligrams of sodium.</p>
  <p time="1984859" is_ac="false">While a medium fries in
Italy contains 330 calories,</p>
  <p time="1989540" is_ac="false">16 grams of total fat, 41 grams of carbs,</p>
  <p time="1994070" is_ac="false">of which 0.4 grams are sugars,</p>
  <p time="1997305" is_ac="false">and 212 milligrams of sodium.</p>
  <p time="2001030" is_ac="false">And let's add the medium
Coke into the mix.</p>
  <p time="2003550" is_ac="false">It contains 210 calories, no fat,</p>
  <p time="2006512" is_ac="false">56 carbs, 56 of those are sugar,</p>
  <p time="2009028" is_ac="false">and 55 milligrams of sodium.</p>
  <p time="2010611" is_ac="false">That's funny there's salt in the soda.</p>
  <p time="2012100" is_ac="false">We'll do the same here.</p>
  <p time="2013420" is_ac="false">Here's what's inside a
medium Coke in Italy.</p>
  <p time="2016821" is_ac="false">It's 168 calories,</p>
  <p time="2019895" is_ac="false">zero grams of fat,</p>
  <p time="2022228" is_ac="false">42 grams of carbs, 42 grams of sugar,</p>
  <p time="2026230" is_ac="false">so it's all sugar,</p>
  <p time="2027888" is_ac="false">and zero grams of sodium.</p>
  <p time="2029938" is_ac="false">That leaves the total for
the Italian meal at this:</p>
  <p time="2033157" is_ac="false">1,007 calories,</p>
  <p time="2035439" is_ac="false">42 grams of fat,</p>
  <p time="2037264" is_ac="false">125 grams of carbs,</p>
  <p time="2039945" is_ac="false">51.4 grams of sugars,</p>
  <p time="2042753" is_ac="false">and 1,132 milligrams of sodium.</p>
  <p time="2047094" is_ac="false">While in the US, the total
ends up looking like this.</p>
  <p time="2054640" is_ac="false">Let's talk about ingredients now.</p>
  <p time="2056950" is_ac="false">McDonald's Italy shares a
lot of information, actually,</p>
  <p time="2060010" is_ac="false">about its ingredients.</p>
  <p time="2062035" is_ac="false">That's because the majority
of the items on the menu</p>
  <p time="2065170" is_ac="false">are made with 100% Italian products.</p>
  <p time="2069160" is_ac="false">The beef, like the one
that's used in the Big Mac,</p>
  <p time="2071590" is_ac="false">is sourced from over
15,000 different farms</p>
  <p time="2075455" is_ac="false">located in northern Italy</p>
  <p time="2077079" is_ac="false">around the regions of
Lombardy, where we are now,</p>
  <p time="2081836" is_ac="false">the capital of which is Milan,</p>
  <p time="2083560" is_ac="false">and Piedmont.</p>
  <p time="2085153" is_ac="false">There are apples from South Tyrol,</p>
  <p time="2086860" is_ac="false">which is where speck is made,</p>
  <p time="2088450" is_ac="false">just on the border with Austria.</p>
  <p time="2090160" is_ac="false">And just to give some recognition</p>
  <p time="2091840" is_ac="false">to the southern regions,
because I'm from there,</p>
  <p time="2094180" is_ac="false">so no bias at all, we've got some apricots</p>
  <p time="2097240" is_ac="false">from the Vesuvio National
Park, so in Campania,</p>
  <p time="2100960" is_ac="false">and Sicilian oranges.</p>
  <p time="2103090" is_ac="false">And when we talk about
DOP, this red label here,</p>
  <p time="2106000" is_ac="false">it's what you are looking for.</p>
  <p time="2107770" is_ac="false">It's a label that's used for
a lot of traditional products</p>
  <p time="2111910" is_ac="false">around the EU, and that means
that they have to be made</p>
  <p time="2116518" is_ac="false">following certain specific standards,</p>
  <p time="2119110" is_ac="false">most of the time in a very artisanal way.</p>
  <p time="2122590" is_ac="false">That also means that certain
products like Parmesan</p>
  <p time="2125692" is_ac="false">cannot be made outside of a specific area.</p>
  <p time="2128320" is_ac="false">That has to do with the climate.</p>
  <p time="2130510" is_ac="false">So, for example, for cheese,</p>
  <p time="2131800" is_ac="false">the main argument is that
it's a raw-milk cheese,</p>
  <p time="2134530" is_ac="false">and in raw-milk cheeses, you
do taste what the cows eat.</p>
  <p time="2138130" is_ac="false">So obviously, the grass
has a different taste</p>
  <p time="2140650" is_ac="false">depending on where you are in the world.</p>
  <p time="2142810" is_ac="false">But we do have some
American-sourced ingredients</p>
  <p time="2145723" is_ac="false">for McDonald's.</p>
  <p time="2146860" is_ac="false">The potatoes used for our
fries are grown in Washington</p>
  <p time="2150160" is_ac="false">at 100 Circles Farm,</p>
  <p time="2152320" is_ac="false">which is owned by Bill Gates, apparently.</p>
  <p time="2154510" is_ac="false">They grow the potatoes in circles so big</p>
  <p time="2156910" is_ac="false">you can see it from space.</p>
  <p time="2158920" is_ac="false">The potatoes are then cut into
fries at 70 miles per hour,</p>
  <p time="2162310" is_ac="false">which is faster than a cheetah.</p>
  <p time="2165400" is_ac="false">That's the unit of measurement?</p>
  <p time="2167770" is_ac="false">That not-so-secret ingredient
to McDonald's fries</p>
  <p time="2169750" is_ac="false">is beef flavoring, which they've
been doing since the 1950s.</p>
  <p time="2173477" is_ac="false">You want to see if there's
any differences in the US</p>
  <p time="2174970" is_ac="false">and Italy's Big Mac?</p>
  <p time="2177320" is_ac="false">These are all the ingredients
in a Big Mac in the US.</p>
  <p time="2179573" is_ac="false">Altogether, that's 68 ingredients
that make up a Big Mac.</p>
  <p time="2183010" is_ac="false">That's a lot.</p>
  <p time="2183880" is_ac="false">28 of those ingredients are in the bun,</p>
  <p time="2185410" is_ac="false">which is quite a lot for bread.</p>
  <p time="2187030" is_ac="false">The Big Mac sauce also
has a lot of ingredients,</p>
  <p time="2189430" is_ac="false">26 altogether, and it seems like we added</p>
  <p time="2192340" is_ac="false">a lot of relish to ours, which
bulks out the ingredients.</p>
  <p time="2195370" is_ac="false">In Italy, there are 54
ingredients in a Big Mac.</p>
  <p time="2198550" is_ac="false">Here they are.</p>
  <p time="2200560" is_ac="false">We only have 20 ingredients
in the bun, actually,</p>
  <p time="2203470" is_ac="false">because we don't fortify the
flour like you do in the US.</p>
  <p time="2207490" is_ac="false">Our Big Mac sauce has 15 ingredients,</p>
  <p time="2210580" is_ac="false">which is still nine less
than the US Big Mac, Joe.</p>
  <p time="2215093" is_ac="false">Most of the other ingredients are similar,</p>
  <p time="2217540" is_ac="false">but we don't have as many colorings</p>
  <p time="2219580" is_ac="false">or thickeners as you do in the US.</p>
  <p time="2222337" is_ac="false">Some of the ingredients
listed in our US Big Mac sauce</p>
  <p time="2225280" is_ac="false">caught our attention, so we
want to explain what they are.</p>
  <p time="2228130" is_ac="false">First up, propylene glycol alginate</p>
  <p time="2231250" is_ac="false">is derived from brown seaweed</p>
  <p time="2233050" is_ac="false">and is a thickener used in foods</p>
  <p time="2234910" is_ac="false">to give a smooth natural texture.</p>
  <p time="2237340" is_ac="false">Next up we got hydrolyzed corn,</p>
  <p time="2239530" is_ac="false">which is a plant protein
from corn or maize</p>
  <p time="2241780" is_ac="false">and is used as a flavoring
for its umami taste.</p>
  <p time="2245260" is_ac="false">Sodium citrate helps cheese to
melt without becoming greasy.</p>
  <p time="2251080" is_ac="false">I did grow up with McDonald's.</p>
  <p time="2253600" is_ac="false">I definitely celebrated a
couple birthdays over there.</p>
  <p time="2257230" is_ac="false">I had my share of Happy Meals</p>
  <p time="2260470" is_ac="false">with lots of little girly toys.</p>
  <p time="2263560" is_ac="false">It is definitely considered healthier</p>
  <p time="2265360" is_ac="false">than other fast-food chains</p>
  <p time="2267330" is_ac="false">because it has been around
for quite some time,</p>
  <p time="2270488" is_ac="false">but also, obviously,</p>
  <p time="2272030" is_ac="false">because it has Italianized
a lot over the years,</p>
  <p time="2275462" is_ac="false">incorporating things like Parmesan</p>
  <p time="2277390" is_ac="false">or like traditional cheeses and cold cuts.</p>
  <p time="2279820" is_ac="false">So just appealing a little bit more</p>
  <p time="2281170" is_ac="false">to the taste of Italians.</p>
  <p time="2283660" is_ac="false">I have been to stores
in the US and the UK,</p>
  <p time="2288460" is_ac="false">and Italian McDonald's seem, I don't know,</p>
  <p time="2291409" is_ac="false">a little bit fancier.</p>
  <p time="2292900" is_ac="false">It's everywhere and made burgers and fries</p>
  <p time="2295240" is_ac="false">and sodas to go the most
popular meal in the country,</p>
  <p time="2298720" is_ac="false">and then how many places followed suit?</p>
  <p time="2301090" is_ac="false">With Burger King and
Wendy's and all the like.</p>
  <p time="2303730" is_ac="false">And now we got
chicken-sandwich-version ones,</p>
  <p time="2305610" is_ac="false">we got fried chicken.</p>
  <p time="2306460" is_ac="false">McDonald's McDonald's-ified
the entire country</p>
  <p time="2310660" is_ac="false">and the world.</p>
  <p time="2311920" is_ac="false">McDonald's is like Nike or Christianity.</p>
  <p time="2315661" is_ac="false">It's everywhere!</p>
  <p time="2317560" is_ac="false">The No. 1?</p>
  <p time="2318393" is_ac="false">Yuelei: It's like the mascot of the show.</p>
  <p time="2320057" is_ac="false">OK. And is it named Pokémon?</p>
  <p time="2322360" is_ac="false">Yuelei: No! Pokémon is a
type. It's like the animal.</p>
  <p time="2324550" is_ac="false">Oh.</p>
</text>
