<?xml version='1.0' encoding='UTF-8'?>
<text date_d="23" date_m="8" date_y="2021" format="srv3" age_limit="0" comment_count="36" description="Paris food vlog! What I ate over a week in Paris.  &#10;&#10;Where I get my music: https://www.epidemicsound.com/&#10;&#10;MY SOCIAL LINKS:&#10;➡️INSTAGRAM: https://www.instagram.com/annawildman/&#10;➡️BLOG: https://annawildman.blog&#10;➡️PODCAST: https://goo.gl/aiWyJ2" fulltitle="VEGAN IN PARIS | best vegan eats" like_count="810" location="PARIS" playlist_title="na" release_date="na" upload_date="20210823" repost_count="na" tags="" title="VEGAN IN PARIS | best vegan eats" uploader="Anna Wildman" view_count="28835" webpage_url="https://www.youtube.com/watch?v=1_nIcdlnohg" autocaption="true">
  <p time="2530" is_ac="true">[Music]</p>
  <p time="6580" is_ac="true">[Applause]</p>
  <p time="7700" is_ac="true">[Music]</p>
  <p time="18330" is_ac="true">[Music]</p>
  <p time="21760" is_ac="true">today tomorrow is a vegan concept store</p>
  <p time="25680" is_ac="true">um located in the 11th era des mont it</p>
  <p time="28320" is_ac="true">has a bunch of cakes and pastries</p>
  <p time="31279" is_ac="true">cookies and a wide ranging menu with</p>
  <p time="34160" is_ac="true">burgers and salads and stuff like that</p>
  <p time="36719" is_ac="true">i opted for the fish burger which was</p>
  <p time="39280" is_ac="true">beautiful and joseph got the blt burger</p>
  <p time="42559" is_ac="true">one funny thing about this place is the</p>
  <p time="44879" is_ac="true">plates are all kind of chipped</p>
  <p time="47600" is_ac="true">um the food is amazing but the plates</p>
  <p time="50559" is_ac="true">are it just made me laugh how everything</p>
  <p time="53360" is_ac="true">was a bit chipped</p>
  <p time="65530" is_ac="true">[Music]</p>
  <p time="70560" is_ac="true">it's fun</p>
  <p time="72710" is_ac="true">[Music]</p>
  <p time="82000" is_ac="true">and then um in the back of the store</p>
  <p time="84159" is_ac="true">there's this huge area with vegan</p>
  <p time="86799" is_ac="true">groceries and little goodies</p>
  <p time="89520" is_ac="true">sauces ice cream you know you name it</p>
  <p time="92400" is_ac="true">they have it</p>
  <p time="93759" is_ac="true">and they also have an entire section for</p>
  <p time="96320" is_ac="true">clothing and shoes and accessories and</p>
  <p time="98320" is_ac="true">things like that all vegan</p>
  <p time="100960" is_ac="true">[Music]</p>
  <p time="142000" is_ac="true">fiji patisserie is an all vegan</p>
  <p time="144239" is_ac="true">patisserie located in the 11th aridis</p>
  <p time="146879" is_ac="true">moon as well</p>
  <p time="148560" is_ac="true">and they have a bunch of different</p>
  <p time="149840" is_ac="true">pastries croissants</p>
  <p time="152400" is_ac="true">they have flan and a few savory items uh</p>
  <p time="155519" is_ac="true">we didn't try the croissant on camera</p>
  <p time="158400" is_ac="true">but it was absolutely delicious we also</p>
  <p time="160879" is_ac="true">got a panna chocolate which was great</p>
  <p time="163840" is_ac="true">so what we got is this is a pizza</p>
  <p time="167920" is_ac="true">espresso</p>
  <p time="169760" is_ac="true">flan</p>
  <p time="171440" is_ac="true">that jiggles a lot</p>
  <p time="173290" is_ac="true">[Music]</p>
  <p time="176560" is_ac="true">and then i got a latte with almond milk</p>
  <p time="180239" is_ac="true">macaron</p>
  <p time="182159" is_ac="true">and a sandwich to share</p>
  <p time="185760" is_ac="true">so this has corn tomato cucumber</p>
  <p time="189519" is_ac="true">and some sort of vegan mayo yeah</p>
  <p time="193519" is_ac="true">you like it yeah</p>
  <p time="198000" is_ac="true">bread is good too</p>
  <p time="205920" is_ac="true">it's super fluffy</p>
  <p time="209200" is_ac="true">the bread is like</p>
  <p time="210799" is_ac="true">like a focaccia i think</p>
  <p time="212560" is_ac="true">yeah</p>
  <p time="213680" is_ac="true">it's good</p>
  <p time="221290" is_ac="true">[Music]</p>
  <p time="247120" is_ac="true">oh how did you cut this i have a bit</p>
  <p time="249200" is_ac="true">more than that</p>
  <p time="250480" is_ac="true">oh you're making a mess</p>
  <p time="258320" is_ac="true">i know</p>
  <p time="259600" is_ac="true">it's immediate no eggs the freshness</p>
  <p time="263440" is_ac="true">it tastes like custard</p>
  <p time="265199" is_ac="true">yes it's crazy</p>
  <p time="268560" is_ac="true">but it's vegan</p>
  <p time="271759" is_ac="true">well that's crazy</p>
  <p time="274160" is_ac="true">that's impressive</p>
  <p time="275520" is_ac="true">i wonder what they use</p>
  <p time="280880" is_ac="true">do your best it's dropping yeah be</p>
  <p time="282800" is_ac="true">careful all right</p>
  <p time="284720" is_ac="true">i barely got anything oh okay it's</p>
  <p time="287040" is_ac="true">really good it's fine it's super sweet</p>
  <p time="289600" is_ac="true">it's my caramel babe it's normal god</p>
  <p time="292800" is_ac="true">it's like candy</p>
  <p time="296800" is_ac="true">when was the last time you headed my</p>
  <p time="298080" is_ac="true">camera</p>
  <p time="299520" is_ac="true">oh no</p>
  <p time="301840" is_ac="true">it's very elegant</p>
  <p time="305840" is_ac="true">i've destroyed it oh my gosh</p>
  <p time="310400" is_ac="true">i think i haven't had a macaroni in like</p>
  <p time="313360" is_ac="true">seven years</p>
  <p time="314880" is_ac="true">how is it though it's not my favorite</p>
  <p time="317120" is_ac="true">the custard is too sweet for you</p>
  <p time="319759" is_ac="true">yeah it's too sweet but the custard is</p>
  <p time="321360" is_ac="true">good on the inside</p>
  <p time="323280" is_ac="true">yeah i don't think i like macaroni</p>
  <p time="334160" is_ac="true">can you think it's too sweet</p>
  <p time="336000" is_ac="true">yeah you don't think so but don't try</p>
  <p time="338240" is_ac="true">larger as my car</p>
  <p time="340400" is_ac="true">they are even further i like that you</p>
  <p time="342160" is_ac="true">say lingerie with an american accent</p>
  <p time="344880" is_ac="true">it's for listeners so if you don't they</p>
  <p time="346560" is_ac="true">understand</p>
  <p time="348560" is_ac="true">say it with a french accent</p>
  <p time="360000" is_ac="true">my hot ride</p>
  <p time="362880" is_ac="true">come on in</p>
  <p time="365039" is_ac="true">seoul samia is a restaurant located in</p>
  <p time="367520" is_ac="true">the 10th era dismal i went with joseph's</p>
  <p time="370000" is_ac="true">siblings for dinner it kind of focuses</p>
  <p time="372800" is_ac="true">on veggies local food it was really</p>
  <p time="375680" is_ac="true">really good then straight after that we</p>
  <p time="377759" is_ac="true">went to this ice cream place i had a</p>
  <p time="379360" is_ac="true">bunch of sorbet flavors i opted for</p>
  <p time="381759" is_ac="true">chocolate and strawberry</p>
  <p time="385200" is_ac="true">[Music]</p>
  <p time="396319" is_ac="true">so d which is actually located straight</p>
  <p time="398560" is_ac="true">across the street from samia we went for</p>
  <p time="400639" is_ac="true">lunch the next day they only have two</p>
  <p time="402639" is_ac="true">sandwiches on the menu one purple and</p>
  <p time="404800" is_ac="true">one red but both were absolutely amazing</p>
  <p time="407680" is_ac="true">i highly recommend this place kind of</p>
  <p time="410000" is_ac="true">gave me like superiority burger vibes um</p>
  <p time="412960" is_ac="true">so so good and everything was really</p>
  <p time="414639" is_ac="true">well done</p>
  <p time="416510" is_ac="true">[Music]</p>
  <p time="436080" is_ac="true">so i got a pokeball so this is tofu</p>
  <p time="439680" is_ac="true">cucumber avocado edamame and cabbage</p>
  <p time="442560" is_ac="true">with</p>
  <p time="443440" is_ac="true">rice if you can see there</p>
  <p time="445759" is_ac="true">yours is the napolitan</p>
  <p time="448400" is_ac="true">can i open it yep</p>
  <p time="451360" is_ac="true">oh</p>
  <p time="452880" is_ac="true">okay looks like a standard burger yep</p>
  <p time="456319" is_ac="true">they only had two options for us</p>
  <p time="459039" is_ac="true">a pokeball or burger so</p>
  <p time="461599" is_ac="true">that's what we got</p>
  <p time="463280" is_ac="true">the choice was easy</p>
  <p time="466280" is_ac="true">[Music]</p>
  <p time="498000" is_ac="true">so for starters</p>
  <p time="499840" is_ac="true">we already started</p>
  <p time="501360" is_ac="true">because i forgot to record but we got a</p>
  <p time="503840" is_ac="true">tart</p>
  <p time="504800" is_ac="true">with like veggies</p>
  <p time="506560" is_ac="true">salad vegetarian of the day yeah this is</p>
  <p time="509680" is_ac="true">a plantain with cassava and coconut milk</p>
  <p time="514000" is_ac="true">and you love plantains a newly</p>
  <p time="516320" is_ac="true">discovered love</p>
  <p time="526399" is_ac="true">it's still</p>
  <p time="546880" is_ac="true">i want to make this it's so good</p>
  <p time="549680" is_ac="true">this is a great start</p>
  <p time="553360" is_ac="true">okay so i got the</p>
  <p time="555839" is_ac="true">what was it called the place</p>
  <p time="558480" is_ac="true">i see it</p>
  <p time="559519" is_ac="true">which is like arabian like middle</p>
  <p time="561519" is_ac="true">eastern plate inspired us</p>
  <p time="563920" is_ac="true">yeah with tofu seitan veggies</p>
  <p time="567440" is_ac="true">i don't know what this is</p>
  <p time="569040" is_ac="true">rice maybe</p>
  <p time="570720" is_ac="true">and you got the uh</p>
  <p time="573360" is_ac="true">i see it's real real which is i don't</p>
  <p time="576560" is_ac="true">know some sort of</p>
  <p time="578399" is_ac="true">graton</p>
  <p time="580160" is_ac="true">is that lasagna i don't know</p>
  <p time="584320" is_ac="true">yeah looks delicious</p>
  <p time="590000" is_ac="true">chocolate cake</p>
  <p time="591839" is_ac="true">gator</p>
  <p time="595360" is_ac="true">looks amazing</p>
  <p time="600480" is_ac="true">so tell us about your thoughts about</p>
  <p time="602560" is_ac="true">this place this place is amazing i mean</p>
  <p time="606320" is_ac="true">like the cuisine the cuisine</p>
  <p time="608880" is_ac="true">the food is like</p>
  <p time="610240" is_ac="true">i don't know i don't know if it's like</p>
  <p time="611200" is_ac="true">authentically french but it is french</p>
  <p time="614079" is_ac="true">yeah it's very like cozy homey food good</p>
  <p time="616959" is_ac="true">portions everything we had so far is</p>
  <p time="619600" is_ac="true">great the only thing i didn't love was</p>
  <p time="621680" is_ac="true">the coconut plantain thing but but i</p>
  <p time="624720" is_ac="true">guess that's a that's some enough taste</p>
  <p time="626399" is_ac="true">because it's a matter of cheese</p>
  <p time="628079" is_ac="true">i like salad</p>
  <p time="630320" is_ac="true">and</p>
  <p time="631519" is_ac="true">yeah the seitan was amazing in my dish</p>
  <p time="634160" is_ac="true">and all the components were great</p>
  <p time="636720" is_ac="true">um</p>
  <p time="637680" is_ac="true">and you also loved it</p>
  <p time="640000" is_ac="true">yeah i absolutely loved it yeah amazing</p>
  <p time="642720" is_ac="true">restaurant and what i'm having is not</p>
  <p time="646320" is_ac="true">vegan but it's a taste look at these</p>
  <p time="649519" is_ac="true">guys</p>
  <p time="650800" is_ac="true">oh my gosh</p>
  <p time="653040" is_ac="true">apple pie</p>
  <p time="655920" is_ac="true">let's dig in</p>
  <p time="659760" is_ac="true">our last meal in paris</p>
  <p time="663200" is_ac="true">is finito</p>
  <p time="665920" is_ac="true">finite</p>
  <p time="669420" is_ac="true">[Music]</p>
  <p time="679760" is_ac="true">you</p>
</text>
