<?xml version='1.0' encoding='UTF-8'?>
<text date_d="20" date_m="11" date_y="2022" format="srv3" age_limit="0" comment_count="15" description="Looking for vegan food in Budapest? I've got you covered! In this video I share with you the best vegan-friendly cafes and restaurants in Budapest, as well as vegan-friendly street food. &#10;&#10;Subscribe to enjoy more vegan travel vlogs! &#10;&#10;If you'd like to see more of Budapest and other travel destinations, subscribe to our travel channel: @cjexplores &#10;&#10;Thank you for watching! ♥️&#10;&#10;#vegantravel #veganfoodbudapest #budapest" fulltitle="VEGAN BUDAPEST! Vegan-Friendly cafes &amp; street food | VEGAN TRAVEL" like_count="146" location="BUDAPEST" playlist_title="na" release_date="na" upload_date="20221120" repost_count="na" tags="vegan food budapest; vegan travel; budapest vlog; budapest vegan; budapest; budapest vegan food; Vegan budapest; vegan in budapest; vegan food; vegan street food; vegan food guide; food in budapest; Budapest street food; vegan travel vlog; vegan travel tips; vegan travel guide; vegan explores; vegan friendly; Vegan travel diaries; Vegan bucket list; budapest hungary; Hungary travel vlog; budapest food vlog; vegan traveller; vegan travel video; " title="VEGAN BUDAPEST! Vegan-Friendly cafes &amp; street food | VEGAN TRAVEL" uploader="VEGAN EXPLORES" view_count="5255" webpage_url="https://www.youtube.com/watch?v=1Lg7OUy3Ge4" autocaption="true">
  <p time="0" is_ac="true">hi everyone welcome to vegan explorers</p>
  <p time="1860" is_ac="true">I'm Charlotte and I travel the world</p>
  <p time="3179" is_ac="true">with my husband Corey in this Vlog we're</p>
  <p time="4920" is_ac="true">in the beautiful city of Budapest and</p>
  <p time="6720" is_ac="true">we're going to share with you some of</p>
  <p time="7859" is_ac="true">the best places to eat as a vegan</p>
  <p time="11940" is_ac="true">okay massive signs of vegan so actually</p>
  <p time="16080" is_ac="true">having a quick Google it looks like</p>
  <p time="17940" is_ac="true">there's not really many issues finally</p>
  <p time="19560" is_ac="true">your third year there's plenty of</p>
  <p time="20880" is_ac="true">options which is really nice but we also</p>
  <p time="23699" is_ac="true">want to try and have some of like the</p>
  <p time="26460" is_ac="true">more traditional maybe Buddhism</p>
  <p time="28080" is_ac="true">Hungarian food if you can find a vegan</p>
  <p time="29760" is_ac="true">option too but for now we'll go here</p>
  <p time="31439" is_ac="true">well the bar staff here have recommended</p>
  <p time="34260" is_ac="true">this our Bay Bridge is a surprise a</p>
  <p time="37680" is_ac="true">traditional Hungarian lager</p>
  <p time="43200" is_ac="true">tastes like beer to me we have gone for</p>
  <p time="45899" is_ac="true">a couple of dishes here they're not</p>
  <p time="47399" is_ac="true">actually massive but they are hopefully</p>
  <p time="49559" is_ac="true">tasty and I've gone for a brush of roast</p>
  <p time="52320" is_ac="true">which is a traditional Hungarian dish it</p>
  <p time="55980" is_ac="true">is their take on meat and veg and</p>
  <p time="58500" is_ac="true">instead of meat I've got vegan nugget</p>
  <p time="60480" is_ac="true">Charlotte has gone for a shepherd's pie</p>
  <p time="62340" is_ac="true">and there's a side salad as well so</p>
  <p time="64619" is_ac="true">let's tuck in and see how it tastes</p>
  <p time="67300" is_ac="true">[Music]</p>
  <p time="70220" is_ac="true">that's it's yummy it's very yummy I've</p>
  <p time="72600" is_ac="true">got potatoes in there and some yeah</p>
  <p time="74820" is_ac="true">vegan meat uh the flavors are very like</p>
  <p time="79020" is_ac="true">homely kind of like rich tomatoey</p>
  <p time="82020" is_ac="true">flavors I guess</p>
  <p time="85380" is_ac="true">but yeah</p>
  <p time="87180" is_ac="true">I can eat that every day</p>
  <p time="90240" is_ac="true">very yummy but</p>
  <p time="92759" is_ac="true">they're doing meal dishes but</p>
  <p time="94799" is_ac="true">these aren't gonna fill it up so they're</p>
  <p time="98100" is_ac="true">late lunch we're still going to have</p>
  <p time="99060" is_ac="true">dinner so that's okay so Cory wasn't</p>
  <p time="102420" is_ac="true">full and he wanted more food we've</p>
  <p time="104640" is_ac="true">ordered okay I'm getting quite full now</p>
  <p time="107040" is_ac="true">because I nearly finished this dish it</p>
  <p time="108420" is_ac="true">was a little small but it's quite</p>
  <p time="110280" is_ac="true">filling but we've gone for a selection</p>
  <p time="112380" is_ac="true">of dips with some pitted avocados</p>
  <p time="114420" is_ac="true">Thunder enchilada soup and what's that a</p>
  <p time="116420" is_ac="true">eggplant dip maybe yeah eggplant dip</p>
  <p time="119340" is_ac="true">yeah so why not just stuff our faces</p>
  <p time="125420" is_ac="true">the eggplant one is quite spicy but the</p>
  <p time="128340" is_ac="true">sun-dried tomato is beautiful and the</p>
  <p time="131840" is_ac="true">avocado is just a classic avocado</p>
  <p time="135060" is_ac="true">guacamole kind of a dip</p>
  <p time="136980" is_ac="true">very good</p>
  <p time="137650" is_ac="true">[Music]</p>
  <p time="141140" is_ac="true">first impressions of the prize</p>
  <p time="145140" is_ac="true">now if you're looking for a nice brunch</p>
  <p time="146760" is_ac="true">location I recommend this Cafe it's got</p>
  <p time="148739" is_ac="true">loads of smoothie bowls and a few vegan</p>
  <p time="150360" is_ac="true">dishes it's also located on the Buddhist</p>
  <p time="152400" is_ac="true">side of Budapest so if you're going to</p>
  <p time="154020" is_ac="true">go spend the day across the river</p>
  <p time="155099" is_ac="true">definitely add this one to itinerary</p>
  <p time="158160" is_ac="true">foreign</p>
  <p time="163160" is_ac="true">we're going to go into New York Cafe now</p>
  <p time="165599" is_ac="true">this Cafe is special because it is</p>
  <p time="167400" is_ac="true">consistently voted the best cafe in the</p>
  <p time="170040" is_ac="true">entire world it's supposed to be</p>
  <p time="171180" is_ac="true">absolutely beautiful so our expectations</p>
  <p time="173280" is_ac="true">are up here</p>
  <p time="176060" is_ac="true">[Music]</p>
  <p time="190340" is_ac="true">so this place has absolutely lived up to</p>
  <p time="193200" is_ac="true">expectations it is so stunning inside</p>
  <p time="195239" is_ac="true">here we have both ordered some potato</p>
  <p time="197280" is_ac="true">soup and employees gone for a coffee and</p>
  <p time="199560" is_ac="true">I've gone for a new lemonade that is</p>
  <p time="201900" is_ac="true">live music that seems to be like</p>
  <p time="204480" is_ac="true">um people just going around different</p>
  <p time="205860" is_ac="true">sections and cafes playing some</p>
  <p time="207900" is_ac="true">instruments so behind us there's a man</p>
  <p time="209700" is_ac="true">on the piano just playing live music</p>
  <p time="211140" is_ac="true">it's just such a nice atmosphere then</p>
  <p time="213180" is_ac="true">it's a built for that there was like a</p>
  <p time="214800" is_ac="true">violinist and he was singing with the</p>
  <p time="216480" is_ac="true">crowd but yeah this place is very</p>
  <p time="218700" is_ac="true">magical well that food was so tasty it</p>
  <p time="221879" is_ac="true">was um truffle with a potato in a suit</p>
  <p time="224400" is_ac="true">and they had a little tiny diced</p>
  <p time="226200" is_ac="true">potatoes in there super tasty so it</p>
  <p time="229140" is_ac="true">feels very nice but the drinks a little</p>
  <p time="230819" is_ac="true">disappointing I went for the New York</p>
  <p time="233220" is_ac="true">lemonade</p>
  <p time="234659" is_ac="true">but it's just orange juice there's some</p>
  <p time="236459" is_ac="true">fruit in there I'm supposed to be like</p>
  <p time="238200" is_ac="true">elderflower limes I mean there is sliced</p>
  <p time="240120" is_ac="true">lime but it just tastes like orange</p>
  <p time="241739" is_ac="true">juice that's going to be watery ice</p>
  <p time="243480" is_ac="true">cubes and Cory's coffee was a bit was it</p>
  <p time="246480" is_ac="true">like a Barista Coffee it was quite</p>
  <p time="248519" is_ac="true">bitter my nine Euro orange juice but</p>
  <p time="252060" is_ac="true">we're here for the experienced an</p>
  <p time="253439" is_ac="true">experience here is yeah very very nice</p>
  <p time="261060" is_ac="true">[Music]</p>
  <p time="263900" is_ac="true">this is the other main shopping area of</p>
  <p time="266460" is_ac="true">Budapest this is actually called fashion</p>
  <p time="268440" is_ac="true">Street just over there and here you have</p>
  <p time="270300" is_ac="true">all of your High Street stores they've</p>
  <p time="272100" is_ac="true">got a lot of restaurants with Alfresco</p>
  <p time="273720" is_ac="true">dining and we're going to look for</p>
  <p time="275340" is_ac="true">somewhere to have dinner tonight I think</p>
  <p time="276840" is_ac="true">here in this nice Square baby I know</p>
  <p time="280400" is_ac="true">let's go check out the prices we've been</p>
  <p time="282780" is_ac="true">going to a lot of our piano stores</p>
  <p time="284479" is_ac="true">around Europe because we know they do</p>
  <p time="287759" is_ac="true">yummy Italian food and they have vegan</p>
  <p time="289800" is_ac="true">options and usually pretty affordable we</p>
  <p time="292919" is_ac="true">actually go to them a lot and the</p>
  <p time="294720" is_ac="true">cheapest was in little most expensive in</p>
  <p time="296460" is_ac="true">jerk we didn't go there it was like</p>
  <p time="297960" is_ac="true">double the price we're like no so yeah</p>
  <p time="300180" is_ac="true">we'll go check out the prices here okay</p>
  <p time="301919" is_ac="true">we've gone for pasta again oh my god</p>
  <p time="304620" is_ac="true">I've had this so badly lately and I know</p>
  <p time="307020" is_ac="true">it's all this pasta but I will</p>
  <p time="310199" is_ac="true">um yeah and it was super cheap very</p>
  <p time="312479" is_ac="true">cheap dinner just over 10 euros for</p>
  <p time="315000" is_ac="true">everything</p>
  <p time="318680" is_ac="true">so I keep going past this store gelato</p>
  <p time="321180" is_ac="true">Rosa and every time I go past it I see</p>
  <p time="323039" is_ac="true">people with amazing like ice creams and</p>
  <p time="325199" is_ac="true">I keep thinking I need to go try one and</p>
  <p time="327240" is_ac="true">I've Just Seen they have a lot of vegan</p>
  <p time="328500" is_ac="true">options so we're gonna go in we're gonna</p>
  <p time="330479" is_ac="true">go get one yummy</p>
  <p time="340800" is_ac="true">we've got vegan coconut vegan hazelnut</p>
  <p time="343680" is_ac="true">chocolate and mango</p>
  <p time="345419" is_ac="true">I think the pink ones like the</p>
  <p time="346979" is_ac="true">strawberry or Berry ones look prettier</p>
  <p time="348479" is_ac="true">but I love mango sorbet</p>
  <p time="351130" is_ac="true">[Music]</p>
  <p time="353720" is_ac="true">we have come to and Jesse Avenue today</p>
  <p time="356220" is_ac="true">for lunch and we have come to a Thai</p>
  <p time="357900" is_ac="true">restaurant I've got a nice noodle soup</p>
  <p time="359699" is_ac="true">of course going for a noodle with it</p>
  <p time="361500" is_ac="true">it's really lovely here it just seems</p>
  <p time="363660" is_ac="true">like a very nice and a relaxed</p>
  <p time="365759" is_ac="true">atmosphere around here it's a Thai hotel</p>
  <p time="367560" is_ac="true">next week too which seems pretty nice</p>
  <p time="369240" is_ac="true">and yeah it seems really lovely the Sun</p>
  <p time="372060" is_ac="true">is up</p>
  <p time="373240" is_ac="true">[Music]</p>
  <p time="382800" is_ac="true">we're a little bit peckish so we're</p>
  <p time="384660" is_ac="true">gonna go and try some traditional</p>
  <p time="385800" is_ac="true">Hungarian foods from street food and</p>
  <p time="387780" is_ac="true">it's called langosh</p>
  <p time="389750" is_ac="true">[Music]</p>
  <p time="397100" is_ac="true">very popular spot here I think this is</p>
  <p time="399539" is_ac="true">one of the recommended spots to try some</p>
  <p time="401580" is_ac="true">of this traditional it's like a fried</p>
  <p time="403440" is_ac="true">bread</p>
  <p time="404580" is_ac="true">um it looks really tasty it's actually</p>
  <p time="405840" is_ac="true">quite big we have got one with vegan</p>
  <p time="407699" is_ac="true">sour cream and cheese and then we also</p>
  <p time="410100" is_ac="true">got one with just vegan cheese</p>
  <p time="412560" is_ac="true">just cheese one</p>
  <p time="415199" is_ac="true">um we'll see how this goes</p>
  <p time="418800" is_ac="true">it's like um Donuts that's it sweet</p>
  <p time="423000" is_ac="true">bread it's like that fried it smells</p>
  <p time="426660" is_ac="true">delish yeah I think that</p>
  <p time="430319" is_ac="true">was like Nutella and stuff would be so</p>
  <p time="431880" is_ac="true">naughty yeah there's so many options</p>
  <p time="434160" is_ac="true">that you can have for your toppings like</p>
  <p time="435720" is_ac="true">sweet and some Savory we don't have many</p>
  <p time="438960" is_ac="true">options obviously because we are eating</p>
  <p time="440400" is_ac="true">plant-based but I feel like if I wanted</p>
  <p time="443039" is_ac="true">a nice dessert I'd have this with the</p>
  <p time="444599" is_ac="true">Nutella or I would have this but maybe</p>
  <p time="446759" is_ac="true">like they had um like onions and some</p>
  <p time="448860" is_ac="true">like vegetables and some meat toppings</p>
  <p time="450900" is_ac="true">so yeah this is actually quite big and</p>
  <p time="454319" is_ac="true">it was very cheap aren't they</p>
  <p time="457259" is_ac="true">a couple of Euros each really</p>
  <p time="459479" is_ac="true">I'm gonna try get some cheese on it</p>
  <p time="462660" is_ac="true">I want to put cheese on this but I guess</p>
  <p time="464639" is_ac="true">it's popular</p>
  <p time="465960" is_ac="true">okay I've decided to roll mine now</p>
  <p time="467759" is_ac="true">because it's quite tricky to manage it's</p>
  <p time="470340" is_ac="true">like a fluffy pizza so I've gone for the</p>
  <p time="474660" is_ac="true">roll and it's working out a lot better I</p>
  <p time="476880" is_ac="true">think that this is probably something</p>
  <p time="478020" is_ac="true">you could share if you weren't too</p>
  <p time="479880" is_ac="true">hungry</p>
  <p time="481259" is_ac="true">um but if you really push it I reckon</p>
  <p time="483539" is_ac="true">you can finish one by yourself and I</p>
  <p time="484919" is_ac="true">think that's what we're going to do</p>
  <p time="485940" is_ac="true">today</p>
  <p time="489230" is_ac="true">[Applause]</p>
  <p time="492720" is_ac="true">foreign</p>
  <p time="498319" is_ac="true">this is like a specialty here it's a</p>
  <p time="501780" is_ac="true">really yummy street food I've actually</p>
  <p time="503580" is_ac="true">had a support in Prague I remember it</p>
  <p time="505139" is_ac="true">being really tasty</p>
  <p time="506639" is_ac="true">um this one is super hot and they put in</p>
  <p time="508259" is_ac="true">a plastic bag I kind of wish I didn't</p>
  <p time="509520" is_ac="true">use plastic but yeah it's fresh off the</p>
  <p time="512399" is_ac="true">heater we have cinnamon sugar and it's</p>
  <p time="515880" is_ac="true">actually the vegan the dough itself is</p>
  <p time="517919" is_ac="true">vegan and then depends on what toppings</p>
  <p time="519479" is_ac="true">you have and some of them actually have</p>
  <p time="521880" is_ac="true">it all filled so you can get like I've</p>
  <p time="523800" is_ac="true">seen like Oreo bouncy chocolate ice</p>
  <p time="526200" is_ac="true">cream all stuff in there but we're just</p>
  <p time="528120" is_ac="true">going for a classic sugar yeah</p>
  <p time="531660" is_ac="true">it's yummy it's like a little bit</p>
  <p time="534240" is_ac="true">crunchy on the outside</p>
  <p time="537360" is_ac="true">nice and doughy inside</p>
  <p time="542240" is_ac="true">and that wraps up our time in Budapest</p>
  <p time="544620" is_ac="true">leave a comment below if you plan on</p>
  <p time="546000" is_ac="true">visiting soon or if you like any other</p>
  <p time="547380" is_ac="true">tips of being vegan in Budapest</p>
  <p time="549000" is_ac="true">otherwise if you like this video please</p>
  <p time="550860" is_ac="true">like And subscribe and I'll see you on</p>
  <p time="552540" is_ac="true">the next adventure</p>
</text>
