<?xml version='1.0' encoding='UTF-8'?>
<text date_d="26" date_m="1" date_y="2023" format="srv3" age_limit="0" comment_count="655" description="We couldn't go to Dublin without trying the one and only Conor McGregor's pub The Black Forge Inn 🇮🇪 &#10;&#10;Have you been? If so what did you think?&#10;&#10;Subscribe: https://tinyurl.com/swydjazp &#10;Website: https://www.FoodReviewClub.co.uk/&#10;&#10;Follow Food Review Club&#10;Instagram: https://tinyurl.com/584w6r8c&#10;TikTok: https://tinyurl.com/39mhw585&#10;Facebook: https://tinyurl.com/3a6ktzm3&#10;Twitter: https://tinyurl.com/3hvdffa9&#10;&#10;Watch more videos!&#10;Newest Videos: https://tinyurl.com/57hhzn2c&#10;Food Reviews: https://tinyurl.com/fuw5xh3v&#10;Fish &amp; Chip Reviews: https://tinyurl.com/dztaacd6&#10;Most Popular Videos: https://tinyurl.com/h377f2p6&#10;&#10;About Food Review Club:&#10;Welcome to the official Food Review Club YouTube channel, a UK based Food Review Channel!&#10;&#10;We are on a quest to cover these wonderful shores reviewing the UK’s best restaurants, street food, fish and chips, Sunday roasts, takeaways &amp; pubs with honest, real opinions. We will be hunting down those secret hot spots and local favorites! If you run an establishment and think your food is ‘Good enough for a review’ get in touch and let’s find out.&#10;&#10;Make sure to subscribe and turn on ALL notifications!&#10;&#10;“THAT’S A REVIEW…”&#10;&#10;Business Enquires: foodreviewclub@zodiacglobal.com&#10;&#10;#foodreviewclub  #food  #conormcgregor" fulltitle="WE REVIEW CONOR MCGREGOR'S PUB IN DUBLIN | FOOD REVIEW CLUB" like_count="6803" location="DUBLIN" playlist_title="na" release_date="na" upload_date="20230126" repost_count="na" tags="food review club; food review club youtube; youtube food review club; frc; food review club uk; food review uk; food review; food review show; food channel; food channel youtube; food blogger; best food; best food in the uk; cheap food uk; expensive food; takeout food; take away food; restaurant reviews; pizza review; takeaway review; foodie; food; steak; conor mcgregor; conor mcgregor pub; pub; pub food; best food dublin; dublin food; pub grub; cheat meal; mcgregor; ireland; " title="WE REVIEW CONOR MCGREGOR'S PUB IN DUBLIN | FOOD REVIEW CLUB" uploader="Food Review Club" view_count="622836" webpage_url="https://www.youtube.com/watch?v=kB_9QxytSDI" autocaption="true">
  <p time="0" is_ac="true">did you really think we were going to</p>
  <p time="2220" is_ac="true">come to Dublin without visiting Conor</p>
  <p time="4380" is_ac="true">McGregor's the black Forge here in</p>
  <p time="6720" is_ac="true">crumlin I've heard the stake here slaps</p>
  <p time="9720" is_ac="true">let's go first impressions when you</p>
  <p time="11700" is_ac="true">walked in it's clean it's Chris the</p>
  <p time="14219" is_ac="true">staff all looking Immaculate</p>
  <p time="16560" is_ac="true">um the lady on the front very very</p>
  <p time="18960" is_ac="true">welcoming it definitely has that sort of</p>
  <p time="22100" is_ac="true">friendly comfortable homely vibing in</p>
  <p time="26460" is_ac="true">first impression's really really cool</p>
  <p time="28080" is_ac="true">we've got some we've got proper 12</p>
  <p time="29519" is_ac="true">everywhere in the glass cases nice sort</p>
  <p time="32460" is_ac="true">of</p>
  <p time="33360" is_ac="true">nice design</p>
  <p time="35280" is_ac="true">I'm happy now let's look at the menu</p>
  <p time="39660" is_ac="true">price point I've not I genuinely have no</p>
  <p time="43680" is_ac="true">idea what to expect all I was told is to</p>
  <p time="46559" is_ac="true">do a really nice steak</p>
  <p time="49020" is_ac="true">um and we'll see there we go there's the</p>
  <p time="51120" is_ac="true">starters</p>
  <p time="52920" is_ac="true">soup from six pounds hot and sticky</p>
  <p time="55800" is_ac="true">wings up to a tenner</p>
  <p time="58260" is_ac="true">we've got a guest feature as well today</p>
  <p time="60600" is_ac="true">big daddy B's in the house what's going</p>
  <p time="62460" is_ac="true">on guys special guest you sound a bit</p>
  <p time="64799" is_ac="true">more happier I'll be happier when I get</p>
  <p time="67320" is_ac="true">that cool oh yeah water's backboard yeah</p>
  <p time="70200" is_ac="true">Stout excited to try it see how it</p>
  <p time="72540" is_ac="true">Stacks up compared to the Guinness and</p>
  <p time="74820" is_ac="true">there's the uh Java stuff</p>
  <p time="76820" is_ac="true">the other stuff AKA</p>
  <p time="79740" is_ac="true">the mains right Stakes we've got 10</p>
  <p time="83340" is_ac="true">ounce Johnstone rump dry age eight ounce</p>
  <p time="87320" is_ac="true">Angus fillet and 10 ounce</p>
  <p time="91140" is_ac="true">Prime dry aged sirloin a 10 ounce dry</p>
  <p time="94140" is_ac="true">Edge rum it's 36. oh wow look at this</p>
  <p time="97259" is_ac="true">this is the 145 12-12 2050 and Conor</p>
  <p time="102000" is_ac="true">McGregor an adult 30 and second baby</p>
  <p time="105079" is_ac="true">Carlo says 12. he was gonna argue with</p>
  <p time="108119" is_ac="true">the bus thanks for coming here</p>
  <p time="111380" is_ac="true">this is the actual belt this is it wow</p>
  <p time="115020" is_ac="true">12 seconds Connor says belts come out</p>
  <p time="117899" is_ac="true">that's cool</p>
  <p time="119040" is_ac="true">um I think that was one of the most uh</p>
  <p time="121920" is_ac="true">Monumental things to happen in the UFC</p>
  <p time="123780" is_ac="true">when he sparked out I love that I'm</p>
  <p time="125700" is_ac="true">actually remember watching it I was</p>
  <p time="127740" is_ac="true">jumping around do you remember that yeah</p>
  <p time="130080" is_ac="true">iconic</p>
  <p time="132780" is_ac="true">loved it all right cool should we um now</p>
  <p time="136800" is_ac="true">let's let's settle a bit more all right</p>
  <p time="139140" is_ac="true">come back in a minute all right first</p>
  <p time="140760" is_ac="true">try</p>
  <p time="142980" is_ac="true">forged Irish Stout</p>
  <p time="145080" is_ac="true">look at that people</p>
  <p time="147920" is_ac="true">looks creamy</p>
  <p time="150800" is_ac="true">very good</p>
  <p time="152720" is_ac="true">very very nice let's go</p>
  <p time="160099" is_ac="true">oh yeah</p>
  <p time="173900" is_ac="true">how profession is that so in comparison</p>
  <p time="176580" is_ac="true">to the Guinness</p>
  <p time="178580" is_ac="true">a little bit more coffee and chocolate</p>
  <p time="181140" is_ac="true">notes</p>
  <p time="182280" is_ac="true">what where the [ __ ] you bought that from</p>
  <p time="184080" is_ac="true">brilliant</p>
  <p time="185940" is_ac="true">did you hear that people actual flavor</p>
  <p time="188760" is_ac="true">analysis first time ever in the food</p>
  <p time="190440" is_ac="true">review Club history someone's talked</p>
  <p time="192060" is_ac="true">about flavor</p>
  <p time="193319" is_ac="true">let's go I'll say that was [ __ ]</p>
  <p time="194580" is_ac="true">delicious that's what went through my</p>
  <p time="197099" is_ac="true">mind</p>
  <p time="199159" is_ac="true">that's a lovely job very smooth</p>
  <p time="203819" is_ac="true">what is that all about bro</p>
  <p time="206220" is_ac="true">what is that about it's a fish like</p>
  <p time="208340" is_ac="true">lacing all the the whole mouth getting</p>
  <p time="212159" is_ac="true">all the flavors you know</p>
  <p time="214500" is_ac="true">it's like a fish</p>
  <p time="220220" is_ac="true">okay he's right it has a bit of a bit</p>
  <p time="223860" is_ac="true">more of a kick to it different flavor</p>
  <p time="226019" is_ac="true">but one thing is for sure without it</p>
  <p time="228420" is_ac="true">being so carbonated</p>
  <p time="230280" is_ac="true">very easy to drink</p>
  <p time="232140" is_ac="true">I realized that they're not when I was</p>
  <p time="233400" is_ac="true">drinking any other black stuff in town</p>
  <p time="235379" is_ac="true">um</p>
  <p time="236400" is_ac="true">get a few yeah well I had a few</p>
  <p time="238620" is_ac="true">yeah add a few too many but beautiful</p>
  <p time="241500" is_ac="true">stuff love it cheers everyone</p>
  <p time="243959" is_ac="true">also food is ordered</p>
  <p time="245940" is_ac="true">right food is ordered</p>
  <p time="247760" is_ac="true">[Music]</p>
  <p time="249360" is_ac="true">I asked if they had any rib eye which</p>
  <p time="251939" is_ac="true">they don't</p>
  <p time="253140" is_ac="true">it's my favorite cut they might have had</p>
  <p time="254519" is_ac="true">a couple laying around you never know</p>
  <p time="255659" is_ac="true">but we've gone for the 15 ounce rum</p>
  <p time="259440" is_ac="true">with the proper 12 source</p>
  <p time="263520" is_ac="true">excited do you go for the same uh</p>
  <p time="266900" is_ac="true">same with Bugsy but two fillets and that</p>
  <p time="271500" is_ac="true">we've got starters coming yeah I've got</p>
  <p time="273419" is_ac="true">chicken with stuff which was highly</p>
  <p time="275280" is_ac="true">recommended these are the hot and sticky</p>
  <p time="277259" is_ac="true">hot and sticky wings brother got a bit</p>
  <p time="279900" is_ac="true">of performance jewelry on there</p>
  <p time="283620" is_ac="true">nice Ceramics things are going well</p>
  <p time="286340" is_ac="true">uncomplicated easy food that is here the</p>
  <p time="291300" is_ac="true">proper 12 Taco look at that</p>
  <p time="295979" is_ac="true">looks banging looks really really nice</p>
  <p time="298320" is_ac="true">really getting into my tacos now as well</p>
  <p time="300540" is_ac="true">nothing let's know that how that tasting</p>
  <p time="302340" is_ac="true">so let's tasty really good really really</p>
  <p time="305520" is_ac="true">good all right let's dive into These</p>
  <p time="307139" is_ac="true">Wings love [ __ ] wins oh my God it</p>
  <p time="309419" is_ac="true">smells amazing I really do color</p>
  <p time="311940" is_ac="true">are you ready</p>
  <p time="316160" is_ac="true">naked wings</p>
  <p time="319639" is_ac="true">oh come on</p>
  <p time="325740" is_ac="true">absolutely</p>
  <p time="326840" is_ac="true">[Music]</p>
  <p time="339180" is_ac="true">[Music]</p>
  <p time="346199" is_ac="true">yeah</p>
  <p time="348560" is_ac="true">that sauce</p>
  <p time="351680" is_ac="true">there's not a standard sauce</p>
  <p time="356900" is_ac="true">based on that familiar Buffalo but it's</p>
  <p time="360360" is_ac="true">got a oh it's got a butter in there yeah</p>
  <p time="365220" is_ac="true">probably [ __ ] gorgeous</p>
  <p time="366890" is_ac="true">[Music]</p>
  <p time="368580" is_ac="true">great cooking</p>
  <p time="370100" is_ac="true">cooked to Perfection</p>
  <p time="373460" is_ac="true">what an amazing way</p>
  <p time="375720" is_ac="true">yeah</p>
  <p time="378500" is_ac="true">just stop</p>
  <p time="382340" is_ac="true">also These Wings Are nice and small</p>
  <p time="386580" is_ac="true">sometimes they're small ones</p>
  <p time="391580" is_ac="true">a little sweetest</p>
  <p time="394919" is_ac="true">perfect for a starter as well</p>
  <p time="399539" is_ac="true">you're gonna love that bro</p>
  <p time="401580" is_ac="true">yeah I can't wait to dig in smells that</p>
  <p time="403500" is_ac="true">sauce is exceptional it's Rich buttery</p>
  <p time="408120" is_ac="true">not too much heat just enough very</p>
  <p time="410699" is_ac="true">enjoyable flavor</p>
  <p time="412620" is_ac="true">right I'm going to scroun the rest of</p>
  <p time="414240" is_ac="true">these</p>
  <p time="415800" is_ac="true">but plenty of this blue cheese sauce</p>
  <p time="421750" is_ac="true">[Music]</p>
  <p time="424699" is_ac="true">wow</p>
  <p time="427580" is_ac="true">nope we're going to get you a well here</p>
  <p time="430199" is_ac="true">for us over here so you can here we go</p>
  <p time="432660" is_ac="true">look at this time so long get the fist</p>
  <p time="435600" is_ac="true">out let's get the fist out one two three</p>
  <p time="438600" is_ac="true">one two three</p>
  <p time="446699" is_ac="true">big spoil Giddy Up McGregor you know</p>
  <p time="449880" is_ac="true">nothing there you go people</p>
  <p time="451979" is_ac="true">that's the actual actual belt after the</p>
  <p time="454919" is_ac="true">Aldo fight 2015. wow</p>
  <p time="458520" is_ac="true">amazing</p>
  <p time="459900" is_ac="true">that's like the steaks is good</p>
  <p time="480530" is_ac="true">[Music]</p>
  <p time="484460" is_ac="true">whiskey for you okay here we go you tell</p>
  <p time="487919" is_ac="true">me when you're ready ready we're ready</p>
  <p time="490259" is_ac="true">keep your eyebrows back as slowly okay</p>
  <p time="493620" is_ac="true">ready</p>
  <p time="496790" is_ac="true">[Music]</p>
  <p time="507300" is_ac="true">laughs</p>
  <p time="512640" is_ac="true">thank you thank you so much thank you</p>
  <p time="515580" is_ac="true">thank you look forward to seeing the</p>
  <p time="516899" is_ac="true">video now that wasn't any old theatrics</p>
  <p time="519599" is_ac="true">that's the problem giving it that bit of</p>
  <p time="521700" is_ac="true">flavor on top let's Dive In</p>
  <p time="525180" is_ac="true">I'm so excited for this honestly right</p>
  <p time="527820" is_ac="true">we've got two</p>
  <p time="529800" is_ac="true">mannequins here</p>
  <p time="531560" is_ac="true">mannequins ramekins salt</p>
  <p time="536100" is_ac="true">and that sauce</p>
  <p time="539940" is_ac="true">there's only one thing left to do my</p>
  <p time="541680" is_ac="true">friend</p>
  <p time="542880" is_ac="true">about a steak knife</p>
  <p time="545160" is_ac="true">onion rings</p>
  <p time="547620" is_ac="true">chips</p>
  <p time="549410" is_ac="true">[Music]</p>
  <p time="555600" is_ac="true">oh look at that</p>
  <p time="558899" is_ac="true">oh</p>
  <p time="575350" is_ac="true">[Music]</p>
  <p time="580700" is_ac="true">absolutely gorgeous these guys in the</p>
  <p time="583920" is_ac="true">kitchen I know it's Connor's Pub</p>
  <p time="586320" is_ac="true">but he's got the real deal</p>
  <p time="588300" is_ac="true">oh the real deal and that for the money</p>
  <p time="591959" is_ac="true">spot on absolutely gorgeous</p>
  <p time="595560" is_ac="true">highly recommend it</p>
  <p time="598320" is_ac="true">you're coming let me try to Source here</p>
  <p time="606779" is_ac="true">a sources electric</p>
  <p time="610820" is_ac="true">give me a bit more steak put that sauce</p>
  <p time="613500" is_ac="true">on it</p>
  <p time="615120" is_ac="true">foreign</p>
  <p time="617930" is_ac="true">[Music]</p>
  <p time="625090" is_ac="true">[Music]</p>
  <p time="628260" is_ac="true">let's get that sauce on there as well</p>
  <p time="631019" is_ac="true">you ready</p>
  <p time="644720" is_ac="true">[Music]</p>
  <p time="646440" is_ac="true">sure</p>
  <p time="649579" is_ac="true">we're gonna scram the rest of this so</p>
  <p time="651959" is_ac="true">hold tight for the real verdict in the</p>
  <p time="654600" is_ac="true">meantime we have a few of these enjoy</p>
  <p time="656880" is_ac="true">the rest of this</p>
  <p time="658380" is_ac="true">and have a bit of down time thank you</p>
  <p time="660600" is_ac="true">everyone</p>
  <p time="666560" is_ac="true">dessert could we</p>
  <p time="669600" is_ac="true">let's go</p>
  <p time="671000" is_ac="true">that's the strawberries and cream yeah I</p>
  <p time="673740" is_ac="true">oh wow look at this</p>
  <p time="676500" is_ac="true">oh okay look it's like a</p>
  <p time="679440" is_ac="true">excuse fingers guys</p>
  <p time="684330" is_ac="true">[Music]</p>
  <p time="695540" is_ac="true">how beautiful after a heavy steak nice</p>
  <p time="698820" is_ac="true">bit of sweetness on your bit of ice</p>
  <p time="700440" is_ac="true">cream spot on</p>
  <p time="702420" is_ac="true">we're just chatting off camera</p>
  <p time="705660" is_ac="true">I can't focus babe</p>
  <p time="709019" is_ac="true">price point vibe</p>
  <p time="711779" is_ac="true">just spot on</p>
  <p time="713519" is_ac="true">what do you think yeah I think good</p>
  <p time="715320" is_ac="true">value for money a lot of these places</p>
  <p time="716519" is_ac="true">are quite tough and over probably</p>
  <p time="718920" is_ac="true">something really really good value for</p>
  <p time="720600" is_ac="true">money</p>
  <p time="721320" is_ac="true">good quality good vibe only good flavors</p>
  <p time="724800" is_ac="true">yeah</p>
  <p time="727560" is_ac="true">It's gotta come give this one a try</p>
  <p time="728760" is_ac="true">right see you outside so this is amazing</p>
  <p time="731880" is_ac="true">this is the flagship store right this is</p>
  <p time="733740" is_ac="true">the flagship yeah it's gonna go Global</p>
  <p time="735839" is_ac="true">this vision is gone the whole world</p>
  <p time="737519" is_ac="true">you've got a smile on your face when</p>
  <p time="739140" is_ac="true">you're talking about that's amazing</p>
  <p time="739980" is_ac="true">because he's amazing yeah because</p>
  <p time="741720" is_ac="true">everything he says he does and like I'm</p>
  <p time="745079" is_ac="true">only walking there since last May the</p>
  <p time="747600" is_ac="true">business plan the business map is</p>
  <p time="749579" is_ac="true">rolling as he said obviously you enjoy</p>
  <p time="752760" is_ac="true">working there on the label best job I've</p>
  <p time="755160" is_ac="true">had so far is one of the best chefs that</p>
  <p time="757800" is_ac="true">I've walked on like the better</p>
  <p time="759680" is_ac="true">well it's hard for us right because</p>
  <p time="761700" is_ac="true">obviously we're coming we're coming in I</p>
  <p time="763200" is_ac="true">loved it and people are going to think</p>
  <p time="765480" is_ac="true">it's just because we're here in his Pub</p>
  <p time="768180" is_ac="true">but you can verify me on this that food</p>
  <p time="770639" is_ac="true">is Sensational isn't it that's the best</p>
  <p time="772560" is_ac="true">it's the best we're going for a goal</p>
  <p time="774240" is_ac="true">this year so we'll get it it's the real</p>
  <p time="776399" is_ac="true">deal it is it's proper field proper food</p>
  <p time="778440" is_ac="true">nice maintenance</p>
  <p time="780139" is_ac="true">safe home congratulations</p>
  <p time="782480" is_ac="true">cheers thanks very much</p>
  <p time="788399" is_ac="true">well there we are for everyone</p>
  <p time="790560" is_ac="true">um</p>
  <p time="791399" is_ac="true">I was really unsure what to expect here</p>
  <p time="794220" is_ac="true">at the black Forge in an</p>
  <p time="796920" is_ac="true">I haven't got a bad word to say about it</p>
  <p time="798779" is_ac="true">in fact</p>
  <p time="799800" is_ac="true">it's all positives the team were on</p>
  <p time="802380" is_ac="true">point they were energetic they were</p>
  <p time="804060" is_ac="true">polite they were well drilled it was a</p>
  <p time="806100" is_ac="true">slick service the food was delicious</p>
  <p time="808079" is_ac="true">particularly those wings the steak was</p>
  <p time="810600" is_ac="true">delicious we got the whiskey flame steak</p>
  <p time="812579" is_ac="true">as well a nice little addition</p>
  <p time="815220" is_ac="true">and the desserts showed a real class and</p>
  <p time="818100" is_ac="true">intent and the Stout they're doing as</p>
  <p time="819839" is_ac="true">well</p>
  <p time="821040" is_ac="true">was fantastic</p>
  <p time="823560" is_ac="true">everything about what we've experienced</p>
  <p time="825300" is_ac="true">today was delicious</p>
  <p time="827700" is_ac="true">I don't mean that I really mean that</p>
  <p time="830040" is_ac="true">come and try it for yourself and another</p>
  <p time="831540" is_ac="true">thing it wasn't overpriced nonsense too</p>
  <p time="834000" is_ac="true">very very nicely priced all of that was</p>
  <p time="836579" is_ac="true">a very reasonable amount for example our</p>
  <p time="839760" is_ac="true">Stakes were 36 quid each for a nice</p>
  <p time="842100" is_ac="true">piece of Irish fill it</p>
  <p time="844200" is_ac="true">cooking on the stone as well so you can</p>
  <p time="846000" is_ac="true">take it off top it up salt it yourself</p>
  <p time="849839" is_ac="true">absolutely [ __ ] brilliant loved it</p>
  <p time="852079" is_ac="true">highly recommend if you're in the area</p>
  <p time="853980" is_ac="true">come down and give it a go you will not</p>
  <p time="855779" is_ac="true">be let down by the services it's a slick</p>
  <p time="858480" is_ac="true">operation that whoever's in charge of</p>
  <p time="860700" is_ac="true">running this shot</p>
  <p time="863100" is_ac="true">Bravo and there's only one thing left to</p>
  <p time="865320" is_ac="true">do now let's give it a score All Things</p>
  <p time="867060" is_ac="true">Considered</p>
  <p time="868560" is_ac="true">I want to give this</p>
  <p time="871800" is_ac="true">a 9 out of ten</p>
  <p time="873420" is_ac="true">Big Score like</p>
  <p time="876899" is_ac="true">for me 90 of food when you go out</p>
  <p time="879779" is_ac="true">someone like this is about the service</p>
  <p time="881040" is_ac="true">and how you feel when you're there</p>
  <p time="883740" is_ac="true">is there an atmosphere is there a Vibe</p>
  <p time="885480" is_ac="true">what's the service like that all pieces</p>
  <p time="887880" is_ac="true">together it doesn't matter how good the</p>
  <p time="889620" is_ac="true">food is if you get service it wrecks</p>
  <p time="891839" is_ac="true">everything</p>
  <p time="892680" is_ac="true">leaves a bitter taste in your mouth and</p>
  <p time="894480" is_ac="true">I've walked out of there today with a</p>
  <p time="896040" is_ac="true">very sweet taste in my mouth I'm smiling</p>
  <p time="897899" is_ac="true">on the inside and on the outside</p>
  <p time="900000" is_ac="true">wasn't sure whether it's coming or not</p>
  <p time="901560" is_ac="true">I'm really glad we did thanks for</p>
  <p time="903420" is_ac="true">watching everyone and that</p>
  <p time="905699" is_ac="true">that's a review see you speak Daddy on a</p>
  <p time="909480" is_ac="true">mission to find it's got the fastest</p>
  <p time="911279" is_ac="true">freshest food in the kitchen different</p>
  <p time="912899" is_ac="true">places different flavors try different</p>
  <p time="914699" is_ac="true">things</p>
  <p time="917420" is_ac="true">who's the king of Kebabs where's the</p>
  <p time="919980" is_ac="true">boss of the burger</p>
</text>
