<?xml version='1.0' encoding='UTF-8'?>
<text date_d="16" date_m="3" date_y="2024" format="srv3" age_limit="0" comment_count="350" description="Help the planet and your wallet by shopping on ThredUp at https://tdup.co/ABBY and use code ABBY to get 35% off plus free shipping on your first order (Offer expires 4/1/24. Applies to US customers only and only applicable to select merchandise. See site for full terms). This video is sponsored by ThredUp!&#10;&#10;Video concept inspired by @ryan" fulltitle="We Tried the Worst Rated Restaurants in our City" like_count="9606" location="na" playlist_title="na" release_date="na" upload_date="20240316" repost_count="na" tags="Trying 1 star reviewed restaurants; Rating 1 star reviewed restaurants; Trying the worst restaurants in our city; Rating the worst restaurants in our city; Reviewing the worst rated restaurants; " title="We Tried the Worst Rated Restaurants in our City" uploader="Matt &amp; Abby" view_count="241809" webpage_url="https://www.youtube.com/watch?v=f0CsMgRZDio" autocaption="true">
  <p time="40" is_ac="true">we went to the worst rated restaurants</p>
  <p time="1680" is_ac="true">in our city and left positive reviews</p>
  <p time="4160" is_ac="true">the Only Rule was we couldn't lie my</p>
  <p time="6759" is_ac="true">family did tag along which was probably</p>
  <p time="9000" is_ac="true">a bad idea because my mom saw people</p>
  <p time="11400" is_ac="true">potentially doing drugs in the bathroom</p>
  <p time="12880" is_ac="true">of the Rainforest Cafe bathroom let's</p>
  <p time="15280" is_ac="true">just forget about that we start off by</p>
  <p time="16840" is_ac="true">going to this local restaurant called</p>
  <p time="18199" is_ac="true">IHOP I don't know why the reviews are so</p>
  <p time="20480" is_ac="true">bad I personally love IHOP this place</p>
  <p time="23080" is_ac="true">has 2 and a half Stars you may have</p>
  <p time="25000" is_ac="true">heard of it only has two not a half oh</p>
  <p time="27039" is_ac="true">not even a half I think it's probably</p>
  <p time="28439" is_ac="true">because of Lisa G picked up for a</p>
  <p time="30439" is_ac="true">homebound couple and my fault for not</p>
  <p time="32200" is_ac="true">checking the order but I didn't learn</p>
  <p time="33640" is_ac="true">that the vegetarian burrito was full of</p>
  <p time="35320" is_ac="true">chicken and bacon Lisa I am so sorry</p>
  <p time="37360" is_ac="true">that happened to you we're going to go</p>
  <p time="38879" is_ac="true">put this to the test and see if they</p>
  <p time="40559" is_ac="true">indeed give us a meat burrito if we</p>
  <p time="42960" is_ac="true">order a vegetarian one let's find out a</p>
  <p time="44960" is_ac="true">huge thank you to the right up for</p>
  <p time="46399" is_ac="true">sponsoring today's video I'm not trying</p>
  <p time="48079" is_ac="true">to be dramatic but I'm pretty sure that</p>
  <p time="49559" is_ac="true">I have the best secondhand haul and I</p>
  <p time="51840" is_ac="true">want to show you everything so let's get</p>
  <p time="53000" is_ac="true">started wonderful tripod we got going</p>
  <p time="54760" is_ac="true">here got this white short sleeve</p>
  <p time="56559" is_ac="true">bodysuit from abber cromie it was only</p>
  <p time="58519" is_ac="true">$30.99 on up and it's amazing quality</p>
  <p time="61680" is_ac="true">super thick not see-through I'm going to</p>
  <p time="63280" is_ac="true">wear this all the time this Free People</p>
  <p time="65600" is_ac="true">bodysuit this is my first bodysuit from</p>
  <p time="67520" is_ac="true">free people because they're just so</p>
  <p time="68799" is_ac="true">expensive but this one was only</p>
  <p time="70960" is_ac="true">$27.99 on thread up you're just not</p>
  <p time="73640" is_ac="true">going to find that at a traditional</p>
  <p time="74920" is_ac="true">thrift store I'm a thrifting Queen with</p>
  <p time="76520" is_ac="true">thread up on my own I'm just I'm just</p>
  <p time="78920" is_ac="true">lost I got this bodysuit from Princess</p>
  <p time="81840" is_ac="true">Polly fits like a bug in a rug fits like</p>
  <p time="85119" is_ac="true">a glove that's what I'm looking for</p>
  <p time="87280" is_ac="true">hello this bodysuit also makes me feel</p>
  <p time="89479" is_ac="true">kind of G yeah I got this one from</p>
  <p time="91759" is_ac="true">cottonon kind of feel like I'm a</p>
  <p time="93439" is_ac="true">superhero and this is my super suit I</p>
  <p time="95479" is_ac="true">feel like this is what Spider-Man would</p>
  <p time="96799" is_ac="true">feel like or something like okay classy</p>
  <p time="100079" is_ac="true">gal hello this is like an Ann Taylor</p>
  <p time="103200" is_ac="true">sweater vest next I got this little</p>
  <p time="105040" is_ac="true">athletic Romper from Princess Polly and</p>
  <p time="107680" is_ac="true">this jacket from abber cromie I could</p>
  <p time="109560" is_ac="true">keep going and going I mean I also got</p>
  <p time="111000" is_ac="true">these jeans from Madewell they didn't</p>
  <p time="112640" is_ac="true">quite fit me I'm not quite sure of my</p>
  <p time="114360" is_ac="true">sizes nowadays their return policy is</p>
  <p time="116240" is_ac="true">amazing so it's not a huge deal and the</p>
  <p time="118520" is_ac="true">best part is I've done a lot of the hard</p>
  <p time="119960" is_ac="true">work for you already I already went into</p>
  <p time="122240" is_ac="true">thread up and favored a bunch of items</p>
  <p time="124560" is_ac="true">that I know you guys would like I got</p>
  <p time="126079" is_ac="true">bodysuit athletic wear cute sweaters you</p>
  <p time="129119" is_ac="true">can shop it if you click the link in the</p>
  <p time="130479" is_ac="true">description and use my code to get 35%</p>
  <p time="132920" is_ac="true">off your first order so thank you so</p>
  <p time="134840" is_ac="true">much to threer for making shopping</p>
  <p time="136239" is_ac="true">secondhand so much easier truly is so</p>
  <p time="138440" is_ac="true">much better for your wallet the planet</p>
  <p time="140879" is_ac="true">and your wardrobe because you get some</p>
  <p time="143200" is_ac="true">really cute items thank you thread up if</p>
  <p time="145680" is_ac="true">you look at the menu it says new</p>
  <p time="147120" is_ac="true">impossible plant-based sausage power</p>
  <p time="149200" is_ac="true">combo but that's not a burrito in honor</p>
  <p time="151440" is_ac="true">of them Abby ordered the impossible</p>
  <p time="153080" is_ac="true">sausage and I got a regular burrito with</p>
  <p time="155360" is_ac="true">no meat first bite what do we</p>
  <p time="157560" is_ac="true">think the smell is off but the taste is</p>
  <p time="162599" is_ac="true">on that tastes like real sausage that's</p>
  <p time="165080" is_ac="true">crazy that that's actually not real</p>
  <p time="167040" is_ac="true">sausages plants Matt what did you just</p>
  <p time="169319" is_ac="true">say wait those are vegetarian eggs babe</p>
  <p time="171120" is_ac="true">all eggs are vegetarian you should have</p>
  <p time="172959" is_ac="true">finished your</p>
  <p time="175519" is_ac="true">college first bite of the</p>
  <p time="178840" is_ac="true">burrito want B my</p>
  <p time="182200" is_ac="true">egg wait for what eat it I love how they</p>
  <p time="184879" is_ac="true">put hash browns in that burrito also I</p>
  <p time="186799" is_ac="true">just want to emphasize how nice our</p>
  <p time="188280" is_ac="true">server was she was a sweetheart Mom how</p>
  <p time="191120" is_ac="true">was your food fluffy buttery good would</p>
  <p time="194159" is_ac="true">you describe that as fire it's flame</p>
  <p time="196440" is_ac="true">that's awesome thank you so good M oh</p>
  <p time="199120" is_ac="true">I'm not paying for yours we're paying</p>
  <p time="200280" is_ac="true">for everybody else's but not for yours</p>
  <p time="201840" is_ac="true">okay we also have this review from</p>
  <p time="203480" is_ac="true">Miguel it says worst service by far took</p>
  <p time="206599" is_ac="true">my daughter here on her birthday asked</p>
  <p time="208319" is_ac="true">for them to sing Happy Birthday and my</p>
  <p time="209959" is_ac="true">waiter says yes and no it never happened</p>
  <p time="212879" is_ac="true">I can't believe that happened to you</p>
  <p time="213879" is_ac="true">Miguel I am so</p>
  <p time="215720" is_ac="true">sorry oh excuse me this a weird question</p>
  <p time="218400" is_ac="true">do you guys sing Happy Birthday by</p>
  <p time="219959" is_ac="true">chance yeah we can do that okay sweet</p>
  <p time="221799" is_ac="true">it's my brother's birthday so that' be</p>
  <p time="223000" is_ac="true">awesome attention all I customers we</p>
  <p time="226000" is_ac="true">have a very special birthday</p>
  <p time="231250" is_ac="true">[Applause]</p>
  <p time="236000" is_ac="true">now yes thank</p>
  <p time="238720" is_ac="true">you</p>
  <p time="240920" is_ac="true">the server was very friendly and</p>
  <p time="242319" is_ac="true">attentive the vegetarian burito was in</p>
  <p time="244760" is_ac="true">fact vegetarian we loved everything we</p>
  <p time="247280" is_ac="true">ordered and took the rest to go the best</p>
  <p time="249920" is_ac="true">part was when they came to sing to my</p>
  <p time="251519" is_ac="true">brother-in-law to celebrate his 21st</p>
  <p time="253159" is_ac="true">birthday and even gave him a scoop of</p>
  <p time="254599" is_ac="true">celebratory ice cream with sprinkles I</p>
  <p time="256320" is_ac="true">have to say this was overall an</p>
  <p time="257759" is_ac="true">incredible dining experience let's go</p>
  <p time="260320" is_ac="true">the next worst rated restaurant in our</p>
  <p time="261759" is_ac="true">city was Rainforest Cafe you would have</p>
  <p time="264040" is_ac="true">thought that I told my parents that they</p>
  <p time="265600" is_ac="true">won tickets at the Super Bowl when I</p>
  <p time="267080" is_ac="true">told them we were going</p>
  <p time="268720" is_ac="true">here oh rainforest Let's Go Happy</p>
  <p time="272280" is_ac="true">Birthday Josh yes it's my birthday I</p>
  <p time="275199" is_ac="true">personally love Rainforest Cafe it</p>
  <p time="276720" is_ac="true">reminds me of Disney World I used to go</p>
  <p time="278240" is_ac="true">there when I was a kid the smell</p>
  <p time="280000" is_ac="true">honestly inside the establishment is</p>
  <p time="281680" is_ac="true">unbelievable I love it I got my favorite</p>
  <p time="283320" is_ac="true">stuffed animal as a kid from rainfor it</p>
  <p time="285600" is_ac="true">was a monkey and his name was swinger it</p>
  <p time="286919" is_ac="true">smells like we're back in Hawaii I bet</p>
  <p time="288520" is_ac="true">you they don't have the same monkey</p>
  <p time="289960" is_ac="true">anymore what happened what happened</p>
  <p time="291720" is_ac="true">something oh my gosh there's a freaking</p>
  <p time="294320" is_ac="true">cheetah up there but it seems like</p>
  <p time="296160" is_ac="true">Johnny B has a problem with the shrimp</p>
  <p time="298639" is_ac="true">tacos so sad went back to get the shrimp</p>
  <p time="301320" is_ac="true">tacos and it was completely uneatable</p>
  <p time="304080" is_ac="true">the replacement tasted not great not</p>
  <p time="306039" is_ac="true">sure why probably won't be back most</p>
  <p time="307720" is_ac="true">annoying is the manager giving a 20%</p>
  <p time="309919" is_ac="true">discount meal was not 20% awful it was</p>
  <p time="312600" is_ac="true">99% awful to be honest I don't know what</p>
  <p time="315320" is_ac="true">all that meant but it seems like Johnny</p>
  <p time="317000" is_ac="true">was pretty frustrated about the shrimp</p>
  <p time="318120" is_ac="true">tacos so let's go try them Teresa has</p>
  <p time="320440" is_ac="true">whipped out her flashlight on her phone</p>
  <p time="322919" is_ac="true">you need to get your eyes check Mom I</p>
  <p time="325080" is_ac="true">already had cataract surgery while we're</p>
  <p time="327160" is_ac="true">waiting for our food we decided it might</p>
  <p time="328560" is_ac="true">be fun to play the law machine you can</p>
  <p time="330759" is_ac="true">pay on your phone now no no way no way</p>
  <p time="333560" is_ac="true">no way no way are you kidding me wait we</p>
  <p time="336600" is_ac="true">just spent $5 on that yeah that's why I</p>
  <p time="338639" is_ac="true">think one time is a charm that's a</p>
  <p time="340280" is_ac="true">ripoff but you know it's not a ripoff</p>
  <p time="342199" is_ac="true">what the photo booth you can buy that</p>
  <p time="343960" is_ac="true">video for $3 no thanks wait that's</p>
  <p time="346360" is_ac="true">actually kind of funny buy it we got to</p>
  <p time="348080" is_ac="true">buy</p>
  <p time="350960" is_ac="true">it oh this was so exciting I love that</p>
  <p time="355520" is_ac="true">bookmarks if you care about your kids</p>
  <p time="357280" is_ac="true">and their mental well-being why in God's</p>
  <p time="359199" is_ac="true">name would would you ever take them to</p>
  <p time="360560" is_ac="true">this depressing sad excuse of a</p>
  <p time="362479" is_ac="true">restaurant do your family a favor and go</p>
  <p time="364360" is_ac="true">somewhere else that actually has a</p>
  <p time="365919" is_ac="true">decent kids SL adults menu and has an</p>
  <p time="368479" is_ac="true">atmosphere that's not some washed up</p>
  <p time="370120" is_ac="true">'90s fever</p>
  <p time="372720" is_ac="true">dream our food has arrived Matt is</p>
  <p time="376639" is_ac="true">currently in the restroom first Taco</p>
  <p time="379039" is_ac="true">let's go for</p>
  <p time="383319" is_ac="true">it that's honestly really good these</p>
  <p time="385680" is_ac="true">shrimp tacos might even be better than</p>
  <p time="387080" is_ac="true">the shrimp tacos Abby makes at home</p>
  <p time="389080" is_ac="true">sorry babe</p>
  <p time="390680" is_ac="true">then we have a one-star view from Susan</p>
  <p time="392840" is_ac="true">S I went to take my kids to eat there</p>
  <p time="394720" is_ac="true">and see the fish in the tanks there</p>
  <p time="396280" is_ac="true">wasn't any fish in the tanks this is so</p>
  <p time="398759" is_ac="true">disappointing they're gone I feel like a</p>
  <p time="400479" is_ac="true">good gauge of if a restaurant's nice or</p>
  <p time="402080" is_ac="true">not is the restrooms and let me tell you</p>
  <p time="404759" is_ac="true">my mom was pretty sure that she saw</p>
  <p time="406639" is_ac="true">people doing drugs in the bathroom what</p>
  <p time="408639" is_ac="true">happened in the bathroom mom the stall</p>
  <p time="410520" is_ac="true">next to me had two pairs of shoes that</p>
  <p time="413400" is_ac="true">were big like two adults were in there I</p>
  <p time="416599" is_ac="true">think it was drugs and then she said</p>
  <p time="418280" is_ac="true">they eventually like just ran out like</p>
  <p time="420199" is_ac="true">sprinted out of there and I was like are</p>
  <p time="421599" is_ac="true">you sure they weren't doing any like you</p>
  <p time="423000" is_ac="true">know crazy business in there and she's</p>
  <p time="424360" is_ac="true">like no I don't think they were like</p>
  <p time="425240" is_ac="true">making out or anything she was pretty</p>
  <p time="426479" is_ac="true">sure they were doing drugs Abby look up</p>
  <p time="428199" is_ac="true">look up I don't like that Abby let's</p>
  <p time="430560" is_ac="true">hear the review honey where do I begin I</p>
  <p time="432639" is_ac="true">walked into this Cafe wanting a lunch</p>
  <p time="434680" is_ac="true">and left with memories to last a</p>
  <p time="436240" is_ac="true">lifetime the '90s animatronics are</p>
  <p time="438560" is_ac="true">wildly lifelike my shrimp tacos were</p>
  <p time="440800" is_ac="true">tasty and my beans warm the wonderful</p>
  <p time="443720" is_ac="true">experience was perfectly documented by</p>
  <p time="446039" is_ac="true">the convenient photo booth in the gift</p>
  <p time="447479" is_ac="true">shop in the end there may not have been</p>
  <p time="449319" is_ac="true">fish in the tanks but there's nostalgia</p>
  <p time="451199" is_ac="true">in my heart oh my</p>
  <p time="454520" is_ac="true">God and the best part is they responded</p>
  <p time="457280" is_ac="true">to our review the manager Katie W said</p>
  <p time="460360" is_ac="true">thanks for taking the time to share your</p>
  <p time="461840" is_ac="true">feedback with us we hope to see you</p>
  <p time="463840" is_ac="true">again</p>
  <p time="464860" is_ac="true">[Music]</p>
  <p time="466280" is_ac="true">soon I actually love Rainforest Cafe</p>
  <p time="468680" is_ac="true">it's I wish I could go there every week</p>
  <p time="470199" is_ac="true">maybe I should maybe that needs to be</p>
  <p time="471680" is_ac="true">like a weekly date night spot I freaking</p>
  <p time="473479" is_ac="true">love it there okay we've got one more</p>
  <p time="475840" is_ac="true">place to go for our final restaurant we</p>
  <p time="477919" is_ac="true">wanted to really up the antie we went to</p>
  <p time="479879" is_ac="true">this place called Zips and let me tell</p>
  <p time="481919" is_ac="true">you guys people hate this place the</p>
  <p time="483800" is_ac="true">reviews are so brutal I mean I feel like</p>
  <p time="485599" is_ac="true">out of all the restaurants people seem</p>
  <p time="486960" is_ac="true">to be the angriest in the reviews for</p>
  <p time="489120" is_ac="true">Zips we have Kim first bad review I've</p>
  <p time="491599" is_ac="true">ever posted I've been a ref frequenter</p>
  <p time="493360" is_ac="true">of this location since it opened and</p>
  <p time="494960" is_ac="true">it's a shame that service has gotten so</p>
  <p time="496520" is_ac="true">bad there were even reviews about</p>
  <p time="498159" is_ac="true">cockroaches being seen inside the</p>
  <p time="500080" is_ac="true">restaurant how the fries were greasy and</p>
  <p time="502599" is_ac="true">how the guacamole did not have enough</p>
  <p time="504240" is_ac="true">salt Abby is taking</p>
  <p time="506039" is_ac="true">in is it anything special I told you a</p>
  <p time="509280" is_ac="true">little</p>
  <p time="510479" is_ac="true">okay so we added salt to the guacamole</p>
  <p time="512959" is_ac="true">and it's obviously fire now Mom can you</p>
  <p time="515000" is_ac="true">st busting guac is busting you can have</p>
  <p time="517360" is_ac="true">the Last Ship babe it's for you you're a</p>
  <p time="519120" is_ac="true">mom of two growing boys go</p>
  <p time="521919" is_ac="true">mama get it get it get it yay so</p>
  <p time="525480" is_ac="true">apparently the french fries are soggy</p>
  <p time="527760" is_ac="true">they could be a little crispy let's try</p>
  <p time="529200" is_ac="true">them they are soggy actually anybody see</p>
  <p time="531600" is_ac="true">any Roaches on their food RS any rats</p>
  <p time="535240" is_ac="true">okay excuse me hello okay well the</p>
  <p time="538959" is_ac="true">server just ran away from me started off</p>
  <p time="540720" is_ac="true">my meal with chips / guacamole / salsa</p>
  <p time="543200" is_ac="true">and was pleasantly surprised they allow</p>
  <p time="545399" is_ac="true">you to Salt it to your taste which was</p>
  <p time="547160" is_ac="true">very thoughtful the servings were</p>
  <p time="548760" is_ac="true">generous especially when it comes to the</p>
  <p time="550360" is_ac="true">fries that weren't crispy but they were</p>
  <p time="552480" is_ac="true">greasy and that's the way french fries</p>
  <p time="553959" is_ac="true">are supposed to be am I right not a</p>
  <p time="555720" is_ac="true">cockroach in sight also so I think this</p>
  <p time="557839" is_ac="true">place is a win five stars if I have</p>
  <p time="561000" is_ac="true">learned anything from doing this video</p>
  <p time="562720" is_ac="true">it's that you get what you're looking</p>
  <p time="565200" is_ac="true">for out of an experience if you're</p>
  <p time="567440" is_ac="true">looking for the bad you're going to have</p>
  <p time="569480" is_ac="true">have a bad experience Bing but if you're</p>
  <p time="571600" is_ac="true">looking for the positive you're going to</p>
  <p time="573560" is_ac="true">have a much greater experience go try a</p>
  <p time="576440" is_ac="true">horribly reviewed restaurant in your</p>
  <p time="578079" is_ac="true">city let us know in the comments how the</p>
  <p time="579640" is_ac="true">experience goes for you John is asleep</p>
  <p time="581760" is_ac="true">right now in the car and he couldn't</p>
  <p time="583399" is_ac="true">even pronounce our our merch website</p>
  <p time="585560" is_ac="true">correctly get your unplanned merch at</p>
  <p time="588880" is_ac="true">unplanned dcom Dad it's unplan</p>
  <p time="591240" is_ac="true">podcast.com and it's what's up dudes</p>
  <p time="592839" is_ac="true">thanks so much again to thread up for</p>
  <p time="594079" is_ac="true">sponsoring this video don't forget to</p>
  <p time="595760" is_ac="true">shop my secondhand favorites with my</p>
  <p time="597279" is_ac="true">link below and use code Abby in all caps</p>
  <p time="599640" is_ac="true">for an extra 35% off your first</p>
  <p time="601860" is_ac="true">[Music]</p>
  <p time="609040" is_ac="true">order</p>
</text>
