<?xml version='1.0' encoding='UTF-8'?>
<text date_d="2" date_m="4" date_y="2023" format="srv3" age_limit="0" comment_count="380" description="This might be the best restaurant we've ever tried!! If you like Italian food, heck! if you like food in general, you're gonna love seeing some of the traditional and local foods they eat in the Italian mountains!&#10;&#10;Thank you for all of your love and support! Don't forget to subscribe and turn on the bell so you never miss a new video! You can also follow us on our other socials below! Ciao for now! -Jessi and Alessio&#10;&#10;Our favorite olive oil brand- https://entimio.com/pages/artisanal-evoo-collection&#10;&#10;Our TikTok Page- https://www.tiktok.com/@thepasinis&#10;Our Insta- https://www.instagram.com/thepasinis/&#10;Jessi's IG- https://www.instagram.com/jessipasini/&#10;Alessio's IG- https://www.instagram.com/alessio_pasini_&#10;Our Facebook- https://www.facebook.com/thepasinis&#10;&#10;Shop Our Merch: https://www.bonfire.com/store/thepasinis&#10;Shop Our Amazon Storefront: https://www.amazon.com/shop/jessipasini_&#10;Business Inquiries: pasini@henrytalents.com&#10;&#10;Did you know we have a BRAND NEW PODCAST? &quot;Pop the Prosecco&quot; with The Pasinis is available on all podcast platforms, Apple podcasts, Spotify, etc. You can also listen on our website- https://poptheprosecco.buzzsprout.com/" fulltitle="We Tried A Michelin Restaurant in Italy" like_count="3454" location="na" playlist_title="na" release_date="na" upload_date="20230402" repost_count="na" tags="the pasinis; italian husband; italian husband TikTok; passinis; italian; my italian husband TikTok; italy; italian American; italian couple; italian couple TikTok; michelin star; Jessi and alessio; Michelin Restaurant in Italy; Italian food; traditional and local foods they eat in the Italian mountains; " title="We Tried A Michelin Restaurant in Italy" uploader="Jessi &amp; Alessio" view_count="83969" webpage_url="https://www.youtube.com/watch?v=4MfGn8W17qQ" autocaption="true">
  <p time="800" is_ac="true">where are we so here we are in the</p>
  <p time="4259" is_ac="true">Italian restaurant Michelin in the close</p>
  <p time="7859" is_ac="true">to the mountains</p>
  <p time="9780" is_ac="true">in my house</p>
  <p time="11340" is_ac="true">so now you know why I'm picky because</p>
  <p time="13259" is_ac="true">I'm born Michelin oh my goodness I'm</p>
  <p time="16020" is_ac="true">more bushling I burn like eating</p>
  <p time="18920" is_ac="true">everything so good now we're gonna show</p>
  <p time="22080" is_ac="true">some traditional food here</p>
  <p time="23750" is_ac="true">[Music]</p>
  <p time="38420" is_ac="true">today we are here because uh they make a</p>
  <p time="43320" is_ac="true">reservation in the when it's empty they</p>
  <p time="46800" is_ac="true">start to be have people from tomorrow</p>
  <p time="49820" is_ac="true">and then always full</p>
  <p time="52330" is_ac="true">[Music]</p>
  <p time="57030" is_ac="true">[Laughter]</p>
  <p time="61980" is_ac="true">You're Gonna Save It yes so does he put</p>
  <p time="65939" is_ac="true">her bag down on the floor and they pick</p>
  <p time="70979" is_ac="true">up a put on the chair because if you</p>
  <p time="73740" is_ac="true">live on the floor bring misery misery</p>
  <p time="77820" is_ac="true">Michelin</p>
  <p time="89060" is_ac="true">avoid</p>
  <p time="91520" is_ac="true">oh that's good Prosecco</p>
  <p time="95130" is_ac="true">[Music]</p>
  <p time="97200" is_ac="true">come with me too</p>
  <p time="100860" is_ac="true">where I bring you then you figure out</p>
  <p time="111720" is_ac="true">Road</p>
  <p time="113780" is_ac="true">foreign</p>
  <p time="116020" is_ac="true">[Laughter]</p>
  <p time="131180" is_ac="true">because of</p>
  <p time="133440" is_ac="true">course what we talking about</p>
  <p time="138020" is_ac="true">here now</p>
  <p time="139360" is_ac="true">[Music]</p>
  <p time="144000" is_ac="true">oh wow you can show everybody up close</p>
  <p time="146760" is_ac="true">if they want to try and find it</p>
  <p time="149599" is_ac="true">everything just feels like really nice</p>
  <p time="152160" is_ac="true">quality it is really beautiful and I'm</p>
  <p time="154739" is_ac="true">sorry</p>
  <p time="158760" is_ac="true">I'm digging right into this oh</p>
  <p time="162420" is_ac="true">warm warm no</p>
  <p time="165540" is_ac="true">I just buy it</p>
  <p time="172680" is_ac="true">foreign</p>
  <p time="189840" is_ac="true">wow</p>
  <p time="198599" is_ac="true">oh it looks like a leak or something oh</p>
  <p time="201480" is_ac="true">yeah something like that yeah ready yeah</p>
  <p time="206519" is_ac="true">yeah how is it good really good</p>
  <p time="210000" is_ac="true">the score oh 10. that's</p>
  <p time="213360" is_ac="true">immediately immediately yeah so this is</p>
  <p time="215819" is_ac="true">supposed to be prosciutto deep boar and</p>
  <p time="219319" is_ac="true">Radicchio specific radicchio</p>
  <p time="222360" is_ac="true">oh</p>
  <p time="223920" is_ac="true">I'm not okay I don't belong here no you</p>
  <p time="228060" is_ac="true">ready what</p>
  <p time="235019" is_ac="true">yeah</p>
  <p time="239480" is_ac="true">and I'll be honest because she does it's</p>
  <p time="242700" is_ac="true">not my favorite thing right I'm gonna</p>
  <p time="244680" is_ac="true">yeah this is good I like it a lot I want</p>
  <p time="248760" is_ac="true">to play a game you have to try the cheat</p>
  <p time="254939" is_ac="true">that's so good right</p>
  <p time="258299" is_ac="true">You're Gonna Love Pursuit though this is</p>
  <p time="261359" is_ac="true">food</p>
  <p time="262560" is_ac="true">you're gonna love this</p>
  <p time="271080" is_ac="true">important to leave for this to eat this</p>
  <p time="273479" is_ac="true">stuff</p>
  <p time="282660" is_ac="true">was a break</p>
  <p time="284840" is_ac="true">dip it in the chip</p>
  <p time="288020" is_ac="true">[Music]</p>
  <p time="295919" is_ac="true">Tito</p>
  <p time="298720" is_ac="true">[Music]</p>
  <p time="317340" is_ac="true">'s questions</p>
  <p time="345780" is_ac="true">and of course I would like to bring</p>
  <p time="348780" is_ac="true">people here everybody you watching I pay</p>
  <p time="352740" is_ac="true">for your lunch here so you can</p>
  <p time="354300" is_ac="true">understand the level you will start</p>
  <p time="356699" is_ac="true">eating here the level the more new</p>
  <p time="360180" is_ac="true">America let me try</p>
  <p time="365100" is_ac="true">cheese</p>
  <p time="373380" is_ac="true">[Music]</p>
  <p time="377900" is_ac="true">I don't know what it is but I like it</p>
  <p time="381020" is_ac="true">it's delicious I'm wondering we need to</p>
  <p time="383460" is_ac="true">eat this immediately immediately and</p>
  <p time="385080" is_ac="true">then this they said to eat later after</p>
  <p time="387720" is_ac="true">after so we're gonna finish this this</p>
  <p time="389699" is_ac="true">and then that is this appropriate or not</p>
  <p time="394759" is_ac="true">you love it okay</p>
  <p time="397340" is_ac="true">here we are Italians</p>
  <p time="400440" is_ac="true">it's not manners when you eat</p>
  <p time="404639" is_ac="true">this when you clean the plate means 100</p>
  <p time="407039" is_ac="true">percent</p>
  <p time="408120" is_ac="true">agree beginner</p>
  <p time="412039" is_ac="true">it's a different kind</p>
  <p time="416190" is_ac="true">[Music]</p>
  <p time="418979" is_ac="true">of</p>
  <p time="421860" is_ac="true">Osage</p>
  <p time="431300" is_ac="true">so homemade wow</p>
  <p time="439740" is_ac="true">yeah</p>
  <p time="441000" is_ac="true">this looks like it might be the best</p>
  <p time="442680" is_ac="true">thing I've ever eaten in my life</p>
  <p time="444120" is_ac="true">just by the look of it homemade</p>
  <p time="446990" is_ac="true">[Music]</p>
  <p time="453900" is_ac="true">the gnocchi are so soft they just melt</p>
  <p time="457440" is_ac="true">in your mouth the cheese the flavor of</p>
  <p time="460740" is_ac="true">the cheese not too delicate not too</p>
  <p time="463199" is_ac="true">strong it's the perfect cheese Montezuma</p>
  <p time="465180" is_ac="true">is the perfect cheese in the world</p>
  <p time="466199" is_ac="true">really look at this look at this this is</p>
  <p time="470699" is_ac="true">the best thing I've ever eaten</p>
  <p time="473539" is_ac="true">a thousand out of ten you have to try</p>
  <p time="476759" is_ac="true">this gnocchi right now</p>
  <p time="482099" is_ac="true">you're right</p>
  <p time="483900" is_ac="true">I smell macaroni and cheese what yeah</p>
  <p time="486900" is_ac="true">macaroni and cheese what</p>
  <p time="488720" is_ac="true">[Music]</p>
  <p time="491880" is_ac="true">go with this turtle</p>
  <p time="496990" is_ac="true">[Music]</p>
  <p time="504660" is_ac="true">not in the vision anymore</p>
  <p time="507530" is_ac="true">[Music]</p>
  <p time="512880" is_ac="true">this is the sign because this is the</p>
  <p time="514740" is_ac="true">best ever I hope every single person</p>
  <p time="517140" is_ac="true">watching can come here one day and try</p>
  <p time="518940" is_ac="true">this oh yes and then have this at the</p>
  <p time="521219" is_ac="true">bottom</p>
  <p time="522300" is_ac="true">s inside sheets</p>
  <p time="523150" is_ac="true">[Music]</p>
  <p time="531380" is_ac="true">you have to try this no no no</p>
  <p time="537180" is_ac="true">no you have to try that</p>
  <p time="538930" is_ac="true">[Music]</p>
  <p time="540839" is_ac="true">oh</p>
  <p time="544620" is_ac="true">it crossed yeah</p>
  <p time="546320" is_ac="true">yeah you're never gonna eat any more of</p>
  <p time="548940" is_ac="true">this enjoy the moment we have it we go</p>
  <p time="551220" is_ac="true">back to us so</p>
  <p time="553279" is_ac="true">do all this carpet do you think is</p>
  <p time="563240" is_ac="true">[Music]</p>
  <p time="568680" is_ac="true">[Music]</p>
  <p time="579920" is_ac="true">this is my first time eating venison</p>
  <p time="582360" is_ac="true">yeah I like it yeah it's good</p>
  <p time="585360" is_ac="true">take some</p>
  <p time="587279" is_ac="true">foreign</p>
  <p time="590390" is_ac="true">[Music]</p>
  <p time="598459" is_ac="true">it doesn't matter all of them are good</p>
  <p time="601380" is_ac="true">yeah this is extra special</p>
  <p time="605200" is_ac="true">[Music]</p>
  <p time="609180" is_ac="true">happy dance</p>
  <p time="611160" is_ac="true">peaceful happy dance</p>
  <p time="614100" is_ac="true">thank you</p>
  <p time="616810" is_ac="true">[Music]</p>
  <p time="620399" is_ac="true">flavor go ahead</p>
  <p time="624779" is_ac="true">okay it's</p>
  <p time="630650" is_ac="true">[Music]</p>
  <p time="632040" is_ac="true">um</p>
  <p time="636360" is_ac="true">and then this chocolate</p>
  <p time="638130" is_ac="true">[Music]</p>
  <p time="644820" is_ac="true">the perfect finish wow</p>
  <p time="648899" is_ac="true">you're gonna love it</p>
  <p time="650150" is_ac="true">[Music]</p>
  <p time="659940" is_ac="true">soft light</p>
  <p time="662399" is_ac="true">but then it's sweet with the zombie</p>
  <p time="664380" is_ac="true">Leone but the the chocolate fondante</p>
  <p time="667019" is_ac="true">makes a nice compliment wow</p>
  <p time="675420" is_ac="true">follow us for now good food where to eat</p>
  <p time="678480" is_ac="true">we're gonna do Florence we're gonna do</p>
  <p time="680279" is_ac="true">raw prepare yourself we're gonna tell</p>
  <p time="682500" is_ac="true">you where to go if you are eaters like</p>
  <p time="684420" is_ac="true">us you deserve to eat really good</p>
  <p time="691460" is_ac="true">[Music]</p>
</text>
