<?xml version='1.0' encoding='UTF-8'?>
<text date_d="3" date_m="9" date_y="2023" format="srv3" age_limit="0" comment_count="71" description="Costa Rica trip is SOLD OUT! 😰 Join the waitlist in case of any open spots:  https://www.trovatrip.com/trip/central-america/costa-rica/costa-rica-with-rose-lee-jan-2024&#10;&#10;❤️ MORE VIDEOS YOU'LL LOVE ❤️ &#10;➥ Travelling as a VEGAN - http://bit.ly/2MbnT4x &#10;➥ Thailand as a VEGAN - https://bit.ly/CLVthailand2022 &#10;&#10;🔴 DOWNLOAD MY EBOOKS - https://www.thecheaplazyvegan.com/shop/&#10;&#10;🔴 BRAND NEW &quot;No More Cabbage Soup&quot; Weight Loss Recipes eBook - https://www.thecheaplazyvegan.com/no-more-cabbage-soup&#10;&#10;★ Ultimate Bundle (Includes all 4 of my eBooks at a discount!) - https://www.thecheaplazyvegan.com/ultimatebundle&#10;&#10;BUSINESS INQUIRIES: hello@thecheaplazyvegan.com&#10;&#10;MY NEW SHORTS CHANNEL - https://www.youtube.com/channel/UCS_6_6KoUGdi90UeETK2BUA/&#10;&#10;Get my FREE Sauces Mini eBook by getting on my EMAIL LIST - https://www.thecheaplazyvegan.com/freesauces/&#10;&#10;✅ LISTEN TO OUR PODCAST (The SaVeg Podcast) - &#10;★ PATREON (bonus episodes &amp; more) - http://www.patreon.com/thesavegpodcast&#10;★ LISTEN - https://linktr.ee/thesavegpodcast&#10;★ WATCH (SUBSCRIBE) - http://www.youtube.com/thesavegpodcast&#10;&#10;✅ MY VEGAN CAFE -&#10;★ Follow on IG - http://www.instagram.com/savegyyc&#10;★ Our website - http://www.savegcafe.ca&#10;&#10;✅  SHORTS CHANNEL - https://www.youtube.com/channel/UCS_6_6KoUGdi90UeETK2BUA&#10;✅ MY VLOG CHANNEL - http://www.youtube.com/therosatron88&#10;&#10;&#10;Note: This is not a sponsored video. &#10;&#10;&#10;CONNECT WITH ME &#10;********************&#10;★ Business inquiries ONLY: hello@thecheaplazyvegan.com&#10;★ Instagram: http://www.instagram.com/cheaplazyvegan @cheaplazyvegan&#10;★ TikTok: @cheaplazyvegan&#10;★ Website/blog: http://www.thecheaplazyvegan.com&#10;★ Facebook: http://www.facebook.com/cheaplazyvegan&#10;★ Twitter: http://www.twitter.com/cheaplazyvegan&#10;★ Personal Instagram: @therosatron&#10;&#10;——&#10;&#10;PRODUCTS I USE &amp; DISCOUNT CODES&#10;********************&#10;Note: These are affiliate links, meaning I will make a small commission/reward if you purchase any products using these links. &#10;&#10;SHOP MY RECOMMENDED PRODUCTS (my amazon shop) - &#10;USA - https://www.amazon.com/shop/cheaplazyvegan &#10;Canada - https://www.amazon.ca/shop/cheaplazyvegan&#10;&#10;★ FREE AUDIOBOOK &amp; 1 MONTH TRIAL - http://www.audibletrial.com/cheaplazyvegan&#10;&#10;★ iHERB.com   5% instant discount on any iHerb order with code CJW878&#10;http://www.iherb.com/iherb-brands?rcode=CJW878&#10;&#10;——&#10;&#10;♫ MUSIC ♫ &#10;By www.epidemicsound.com&#10;&#10;#vegan #italy #rome" fulltitle="What I ate in ROME, ITALY 🇮🇹 as a VEGAN" like_count="882" location="na" playlist_title="na" release_date="na" upload_date="20230903" repost_count="na" tags="cheap lazy vegan; whole foods plant based diet; plant based diet; plant based; vegan diet benefits; what is a vegan diet; what can vegans eat; vegan recipes; easy vegan recipes; 10 minute vegan recipe; budget friendly vegan recipe; budget friendly; VEGAN; recipes; recipe; veganuary; what i ate in italy; what i ate in rome; rome italy; rome travel; italy travel; rome vlog; italy vlog; rome vegan; vegan rome; vegan roma; vegan italy; italy vegan; eating vegan in italy; roma; " title="What I ate in ROME, ITALY 🇮🇹 as a VEGAN" uploader="Cheap Lazy Vegan" view_count="13400" webpage_url="https://www.youtube.com/watch?v=6YzeoXmw3Ro" autocaption="true">
  <p time="0" is_ac="true">bonjourno</p>
  <p time="6090" is_ac="true">[Music]</p>
  <p time="17279" is_ac="true">hello beautiful people if you guys</p>
  <p time="19080" is_ac="true">haven't heard yet I am doing a vegan</p>
  <p time="21060" is_ac="true">trip to Costa Rica in January and you</p>
  <p time="23939" is_ac="true">are invited this is basically a group</p>
  <p time="26160" is_ac="true">holiday where we're going to be eating</p>
  <p time="27779" is_ac="true">tons of delicious vegan food going on</p>
  <p time="29820" is_ac="true">lots of Adventures and learning all</p>
  <p time="31380" is_ac="true">about Costa Rica from a local guide so</p>
  <p time="34140" is_ac="true">if you want to come on a trip with me</p>
  <p time="35640" is_ac="true">and my best friend slash podcast co-host</p>
  <p time="37739" is_ac="true">Daniel definitely check out the link</p>
  <p time="39300" is_ac="true">below to get all of the details and the</p>
  <p time="41340" is_ac="true">full itinerary there are limited spots</p>
  <p time="43680" is_ac="true">available so make sure you book now see</p>
  <p time="46020" is_ac="true">you there ciao</p>
  <p time="48920" is_ac="true">[Music]</p>
  <p time="51660" is_ac="true">we are in Rome oh my gosh we got here</p>
  <p time="55020" is_ac="true">yesterday and oh look at that sun and</p>
  <p time="60059" is_ac="true">what did we do yesterday we walked</p>
  <p time="61379" is_ac="true">around drink wine</p>
  <p time="63660" is_ac="true">and we had a lovely dinner and then we</p>
  <p time="66720" is_ac="true">came home because we're grannies</p>
  <p time="70700" is_ac="true">the plan was to go out but we were very</p>
  <p time="73020" is_ac="true">tired and also I'm very jet-lagged so</p>
  <p time="75840" is_ac="true">we'll do that tonight we'll do that</p>
  <p time="77460" is_ac="true">tonight we're gonna go out tonight</p>
  <p time="78240" is_ac="true">that's the plan so the first day in Rome</p>
  <p time="79920" is_ac="true">my friend and I walked around and we</p>
  <p time="81840" is_ac="true">drank espresso and Vino all day this was</p>
  <p time="85140" is_ac="true">my first time back in Rome in about 10</p>
  <p time="87060" is_ac="true">years or so and I forgot how beautiful</p>
  <p time="89340" is_ac="true">Rome is I will say though that we went</p>
  <p time="91920" is_ac="true">in June and it was already really really</p>
  <p time="93840" is_ac="true">hot so definitely don't recommend going</p>
  <p time="96060" is_ac="true">in like July or August because you may</p>
  <p time="98820" is_ac="true">die of heat anyway Rome is awesome</p>
  <p time="100740" is_ac="true">because it's basically literally an</p>
  <p time="103020" is_ac="true">outdoor Museum so everywhere you go</p>
  <p time="105060" is_ac="true">there's always something beautiful to</p>
  <p time="107520" is_ac="true">look at there's so much history so much</p>
  <p time="109619" is_ac="true">culture it is so beautiful and when we</p>
  <p time="112259" is_ac="true">got to the Spanish Steps which is one of</p>
  <p time="115020" is_ac="true">the tourist destinations we realized</p>
  <p time="118079" is_ac="true">that they were having some sort of red</p>
  <p time="119759" is_ac="true">carpet event for the new Mission</p>
  <p time="121860" is_ac="true">Impossible movie and can you guys let me</p>
  <p time="124979" is_ac="true">know if you can spot Tom Cruise on the</p>
  <p time="127860" is_ac="true">red carpet there okay okay let me know</p>
  <p time="129959" is_ac="true">if you see him because he is there okay</p>
  <p time="132120" is_ac="true">for dinner we went to this vegan</p>
  <p time="134160" is_ac="true">restaurant called mava and we sat</p>
  <p time="136980" is_ac="true">Outside The Vibes were immaculate we got</p>
  <p time="139739" is_ac="true">a few appetizers I really liked this</p>
  <p time="141720" is_ac="true">soup I forgot what the soup was but it</p>
  <p time="143819" is_ac="true">was really good okay and we got like a</p>
  <p time="146220" is_ac="true">bunch of little dishes to share and the</p>
  <p time="148560" is_ac="true">star of the show guys was this spaghetti</p>
  <p time="150959" is_ac="true">with pistachio cream</p>
  <p time="153660" is_ac="true">I mean come on okay</p>
  <p time="156420" is_ac="true">spaghetti with pistachio Creek it was so</p>
  <p time="159599" is_ac="true">good</p>
  <p time="161239" is_ac="true">that's how you start this morning this</p>
  <p time="164400" is_ac="true">is our first full day</p>
  <p time="166319" is_ac="true">in Rome both of us have been here before</p>
  <p time="168540" is_ac="true">but quite a few years ago</p>
  <p time="171000" is_ac="true">for me it's been like 10 years for you</p>
  <p time="173160" is_ac="true">it's been what seven yeah we woke up</p>
  <p time="175319" is_ac="true">somewhat early</p>
  <p time="176519" is_ac="true">it's pretty early yeah it's like seven</p>
  <p time="178379" is_ac="true">No 7 20 okay really okay so we woke up</p>
  <p time="182940" is_ac="true">pretty early because we want to get to</p>
  <p time="184080" is_ac="true">the Trevi Fountain</p>
  <p time="186360" is_ac="true">um early</p>
  <p time="187379" is_ac="true">so that it's not so crowded so we can</p>
  <p time="190260" is_ac="true">get some nice uh insta shots</p>
  <p time="202260" is_ac="true">and we are now approaching</p>
  <p time="204900" is_ac="true">the traffic fountain</p>
  <p time="207420" is_ac="true">and I think we did a good job waking up</p>
  <p time="209280" is_ac="true">early to come here because</p>
  <p time="211500" is_ac="true">it's definitely gonna get super crowded</p>
  <p time="213000" is_ac="true">later and uh</p>
  <p time="216000" is_ac="true">look how crowded it is it's so crowded I</p>
  <p time="218280" is_ac="true">think you could have come here at like</p>
  <p time="219300" is_ac="true">six I think that's the only time but</p>
  <p time="221280" is_ac="true">then it would be dark</p>
  <p time="223080" is_ac="true">horrible let's move out of the way okay</p>
  <p time="225180" is_ac="true">we got our photos</p>
  <p time="227159" is_ac="true">well I think we should admire the view a</p>
  <p time="229560" is_ac="true">little bit</p>
  <p time="230000" is_ac="true">[Music]</p>
  <p time="252560" is_ac="true">we're in</p>
  <p time="256820" is_ac="true">Russia</p>
  <p time="259100" is_ac="true">I don't know Cafe</p>
  <p time="265440" is_ac="true">um</p>
  <p time="267020" is_ac="true">nothing like fresh is these orange juice</p>
  <p time="274680" is_ac="true">everything I've ever wanted and more</p>
  <p time="276720" is_ac="true">so we got espresso or a cafe tofio which</p>
  <p time="280800" is_ac="true">is Double Espresso because the small</p>
  <p time="283259" is_ac="true">ones are too small oh we got</p>
  <p time="287180" is_ac="true">a piece of toast</p>
  <p time="290820" is_ac="true">for 16 euros 16 years so expensive we</p>
  <p time="295080" is_ac="true">are in the pantheon</p>
  <p time="298699" is_ac="true">pops let's jump off so thoughts on the</p>
  <p time="302759" is_ac="true">pantheon beautiful just like most of</p>
  <p time="304800" is_ac="true">most of yes</p>
  <p time="307020" is_ac="true">Roman architecture</p>
  <p time="309660" is_ac="true">[Music]</p>
  <p time="322580" is_ac="true">yeah I think good plan this one is</p>
  <p time="325740" is_ac="true">actually open this is the third one</p>
  <p time="327180" is_ac="true">we're trying okay where's the vegan</p>
  <p time="329580" is_ac="true">stuff</p>
  <p time="332520" is_ac="true">look at this look at this View</p>
  <p time="345120" is_ac="true">I'm so happy</p>
  <p time="347500" is_ac="true">[Music]</p>
  <p time="357680" is_ac="true">here we are there's the calls we're not</p>
  <p time="362520" is_ac="true">going in this time I've been inside</p>
  <p time="364380" is_ac="true">twice so no need to go in and plus you</p>
  <p time="368280" is_ac="true">have to get tickets in advance and we</p>
  <p time="369600" is_ac="true">definitely do not get tickets so we will</p>
  <p time="371940" is_ac="true">not go in but we will enjoy The View</p>
  <p time="374100" is_ac="true">from outside</p>
  <p time="375600" is_ac="true">[Music]</p>
  <p time="391080" is_ac="true">oh wow so we got cacio Pepe vegan Pepe</p>
  <p time="396180" is_ac="true">um spaghetti with truffles</p>
  <p time="398580" is_ac="true">and then what was this one</p>
  <p time="400580" is_ac="true">vegan taco</p>
  <p time="404759" is_ac="true">oh mine looks so good</p>
  <p time="409020" is_ac="true">salty</p>
  <p time="410400" is_ac="true">but with the arugula it kind of balances</p>
  <p time="412620" is_ac="true">it out and it taste of truffle is so</p>
  <p time="415800" is_ac="true">good okay</p>
  <p time="418990" is_ac="true">[Music]</p>
  <p time="446900" is_ac="true">I'm probably gonna eat most of it</p>
  <p time="449220" is_ac="true">because Chrissy is full</p>
  <p time="452460" is_ac="true">my bottomless thick</p>
  <p time="456460" is_ac="true">[Music]</p>
  <p time="457919" is_ac="true">Ness</p>
  <p time="462419" is_ac="true">so good morning</p>
  <p time="464479" is_ac="true">good morning</p>
  <p time="466500" is_ac="true">so it's the same day but we took a very</p>
  <p time="470520" is_ac="true">long Siesta three hours I think that was</p>
  <p time="474900" is_ac="true">we took three hours right</p>
  <p time="476759" is_ac="true">it was very hot so we needed to nap and</p>
  <p time="479220" is_ac="true">it was Perfection and then we got ready</p>
  <p time="481139" is_ac="true">we took our time</p>
  <p time="482819" is_ac="true">we're on Italy time which means we're</p>
  <p time="486240" is_ac="true">not we're not in a rush so we are going</p>
  <p time="488400" is_ac="true">to try to trusted I think</p>
  <p time="492440" is_ac="true">Trust of it</p>
  <p time="495240" is_ac="true">I think that's what it's called I'm</p>
  <p time="496680" is_ac="true">gonna have to look at it but</p>
  <p time="498360" is_ac="true">um lots of restaurants lots of bars</p>
  <p time="502500" is_ac="true">um looks really cute so see you there</p>
  <p time="505560" is_ac="true">just casually walking by the Vatican no</p>
  <p time="508319" is_ac="true">big deal yeah oh this is like</p>
  <p time="510960" is_ac="true">the fridge with all the nice statues oh</p>
  <p time="513839" is_ac="true">I remember that bridge</p>
  <p time="515700" is_ac="true">I don't know I remember being in there</p>
  <p time="518640" is_ac="true">and then that's a nice little like place</p>
  <p time="520500" is_ac="true">to take photos</p>
  <p time="522360" is_ac="true">I think and then I and that bridge has a</p>
  <p time="524640" is_ac="true">lot of like cool statues so here we are</p>
  <p time="528060" is_ac="true">this is the area</p>
  <p time="530040" is_ac="true">that we've been told is great yay cheers</p>
  <p time="535800" is_ac="true">all the vibes</p>
  <p time="537540" is_ac="true">minus this non-viving music</p>
  <p time="542390" is_ac="true">[Music]</p>
  <p time="545160" is_ac="true">uh here this is a vegan so we got the</p>
  <p time="549120" is_ac="true">vegan Carpaccio with artichoke looks so</p>
  <p time="552480" is_ac="true">good</p>
  <p time="553980" is_ac="true">oh</p>
  <p time="561600" is_ac="true">um</p>
  <p time="565690" is_ac="true">[Music]</p>
  <p time="572140" is_ac="true">[Music]</p>
  <p time="584720" is_ac="true">we also got some chili oil</p>
  <p time="587519" is_ac="true">this one's really good quite spicy we</p>
  <p time="589860" is_ac="true">got another tiramisu</p>
  <p time="592680" is_ac="true">vegan</p>
  <p time="596170" is_ac="true">[Music]</p>
  <p time="608300" is_ac="true">good morning</p>
  <p time="611600" is_ac="true">because he's dying we're back at it</p>
  <p time="615240" is_ac="true">again</p>
  <p time="616980" is_ac="true">um this is Chrissy's last day she's</p>
  <p time="618779" is_ac="true">leaving this evening it's basically my</p>
  <p time="621360" is_ac="true">last day too because</p>
  <p time="623100" is_ac="true">I leave tomorrow for Florence pretty</p>
  <p time="625560" is_ac="true">early so we're gonna have another great</p>
  <p time="628140" is_ac="true">day</p>
  <p time="629519" is_ac="true">so we have a very Italian breakfast</p>
  <p time="632040" is_ac="true">we're waiting for us</p>
  <p time="639770" is_ac="true">[Music]</p>
  <p time="643920" is_ac="true">oh this is like</p>
  <p time="645320" is_ac="true">my drug of choice</p>
  <p time="650760" is_ac="true">oh</p>
  <p time="653160" is_ac="true">yeah</p>
  <p time="653480" is_ac="true">[Music]</p>
  <p time="655160" is_ac="true">this one is the protein here's my</p>
  <p time="657779" is_ac="true">breakfast curly ever many of calories so</p>
  <p time="660510" is_ac="true">[Music]</p>
  <p time="666740" is_ac="true">all right so we just took pictures in</p>
  <p time="669899" is_ac="true">front of the Vatican it is very hot and</p>
  <p time="673019" is_ac="true">now we're walking to Piazza</p>
  <p time="676380" is_ac="true">I forgot the name</p>
  <p time="677850" is_ac="true">[Music]</p>
  <p time="687440" is_ac="true">all right we are in Piazza navona very</p>
  <p time="692040" is_ac="true">famous Piazza here in roma roma no Roma</p>
  <p time="702280" is_ac="true">[Music]</p>
  <p time="709579" is_ac="true">or somewhere pick one here</p>
  <p time="712200" is_ac="true">five five</p>
  <p time="714060" is_ac="true">okay we're gonna pay 15 pounds for wine</p>
  <p time="717300" is_ac="true">for Vibes we're Chasing The Vibes</p>
  <p time="719100" is_ac="true">chasing chasing the vibe Jason so we're</p>
  <p time="721500" is_ac="true">just sat in the Square</p>
  <p time="724440" is_ac="true">I mean if we're gonna spend money might</p>
  <p time="726720" is_ac="true">as well spend it in a beautiful Square</p>
  <p time="730019" is_ac="true">having a coffee and orange juice</p>
  <p time="732180" is_ac="true">absolutely we're chasing Vibes cheers</p>
  <p time="735680" is_ac="true">yay</p>
  <p time="737220" is_ac="true">we're also chasing shade it's very hot</p>
  <p time="744480" is_ac="true">made it to the restaurant we thought we</p>
  <p time="746880" is_ac="true">would never make it Chrissy tried to get</p>
  <p time="749220" is_ac="true">a scooter twice</p>
  <p time="752660" is_ac="true">and simply wasted like five euros it was</p>
  <p time="756240" is_ac="true">fine it was High apparently it was alive</p>
  <p time="758579" is_ac="true">I'm</p>
  <p time="761160" is_ac="true">kind of weird</p>
  <p time="765959" is_ac="true">it's really cute oh yeah very cute</p>
  <p time="769380" is_ac="true">and we got the lunch special</p>
  <p time="772090" is_ac="true">[Music]</p>
  <p time="774720" is_ac="true">it's a vibe</p>
  <p time="775780" is_ac="true">[Music]</p>
  <p time="793220" is_ac="true">so Chrissy has left and I am now taking</p>
  <p time="797639" is_ac="true">myself out for dinner just roaming</p>
  <p time="800160" is_ac="true">around Rome and it is so gorgeous I'm</p>
  <p time="803279" is_ac="true">just living my best life I am going back</p>
  <p time="805860" is_ac="true">to that buddy Veggie Restaurant I'm</p>
  <p time="808620" is_ac="true">gonna get some delicious food and then</p>
  <p time="810839" is_ac="true">I'm gonna walk around</p>
  <p time="815160" is_ac="true">thank you</p>
  <p time="818300" is_ac="true">[Music]</p>
  <p time="833839" is_ac="true">thank you</p>
  <p time="837840" is_ac="true">[Music]</p>
  <p time="859459" is_ac="true">thank you</p>
  <p time="873480" is_ac="true">thank you</p>
</text>
