<?xml version='1.0' encoding='UTF-8'?>
<text date_d="5" date_m="5" date_y="2023" format="srv3" age_limit="0" comment_count="1000" description="#LeLouisXV #AlainDucasse #3michelinstar &#10;&#10;Today, we go to Monaco, home to our restaurant, Le Louis XV - Alain Ducasse at L'Hôtel de Paris Monaco. Here, you can experience what it's like to be a king. It’s a palace of pure luxury.&#10;The cooking style is classic French cuisine thanks to Chef Alain Ducasse.&#10;&#10;----------------------------------------------------------------&#10;&#10;Follow my journey on instagram: https://www.instagram.com/alexandertheguest&#10;&#10;My name is Alexander. I’m the co-owner of a ONE Michelin star restaurant, and I’m on a mission - to find inspiration in gastronomy. I love fine dining, good wine and sharing what I know with other people.&#10;&#10;----------------------------------------------------------------&#10;&#10;Check out my restaurant: &#10;https://www.instagram.com/42restaurant/&#10;&#10;YOU CAN ALSO FIND ME HERE:&#10;&#10;Instagram - https://www.instagram.com/alexandertheguest&#10;Email - hello@alexandertheguest.com" fulltitle="World's Most LUXURIOUS Restaurant - Le Louis XV - Alain Ducasse" like_count="24829" location="MONACO" playlist_title="na" release_date="na" upload_date="20230505" repost_count="na" tags="Alain Ducasse; le louis xv restaurant; luxurious; luxury; le louis xv alain ducasse; three michelin stars; 3 michelin; alain ducasse restaurant; louis 15; monaco; 3 michelin star restaurant; 3 michelin star chef; three michelin star dishes; louis xv; monte carlo; The world’s best restaurant; fine dining restaurant; three Michelin stars; Michelin star; best chef; alexander the guest; french cuisine; best restaurant; Le Louis XV - Alain Ducasse à l'Hôtel de Paris; france; " title="World's Most LUXURIOUS Restaurant - Le Louis XV - Alain Ducasse" uploader="Alexander The Guest" view_count="1696436" webpage_url="https://www.youtube.com/watch?v=-RAmiqe2neU" autocaption="false">
  <p time="300" is_ac="false">Today, we go to Monaco.</p>
  <p time="2160" is_ac="false">The playground of the rich and famous.</p>
  <p time="4260" is_ac="false">And home to our restaurant for today,</p>
  <p time="6720" is_ac="false">Le Louis XV.</p>
  <p time="8760" is_ac="false">It’s located inside the Hotel de Paris</p>
  <p time="11160" is_ac="false">in the entertainment district of Monte Carlo.</p>
  <p time="13500" is_ac="false">The hotel opened in 1864</p>
  <p time="15960" is_ac="false">and has been entertaining guests 
for more than a 150 years.</p>
  <p time="20280" is_ac="false">They have every service under the sun.</p>
  <p time="22440" is_ac="false">They will even pick you up at a nearby airport</p>
  <p time="25200" is_ac="false">with a helicopter for 1500 Euros.</p>
  <p time="27840" is_ac="false">The casino is also world-famous.</p>
  <p time="30660" is_ac="false">You might recognize it from films 
like Iron Man 2 and Golden Eye.</p>
  <p time="35160" is_ac="false">Le Louis takes fine dining to a new level.</p>
  <p time="38100" is_ac="false">It is named after King Louis the 15th of France</p>
  <p time="41100" is_ac="false">who was known for his love of food and luxury.</p>
  <p time="43740" is_ac="false">They spared no expense and 
the restaurant opened in 1987.</p>
  <p time="48360" is_ac="false">Everything is dripping in luxury.</p>
  <p time="50880" is_ac="false">The fresco on the ceiling, the 
chandeliers, the gold leaf.</p>
  <p time="54274" is_ac="false">Plus the view of the sea.</p>
  <p time="54300" is_ac="false">And downstairs, there are 4 
hundred thousand bottles of wine.</p>
  <p time="57960" is_ac="false">The cooking style is classic French 
cuisine thanks to Chef Alain Ducasse.</p>
  <p time="62760" is_ac="false">So who is Alain Ducasse?</p>
  <p time="65580" is_ac="false">He was born in 1956 in France.</p>
  <p time="68160" is_ac="false">He got his education in culinary arts,</p>
  <p time="70620" is_ac="false">and at age 24 was awarded his first Michelin star.</p>
  <p time="73980" is_ac="false">He was well on his way.</p>
  <p time="75540" is_ac="false">Then, in 1984, a disaster 
nearly cost him his life.</p>
  <p time="79680" is_ac="false">He was on a private jet with some members 
of his team, flying over the alps.</p>
  <p time="84180" is_ac="false">They hit a patch of bad weather and 
crashed into the face of the mountain.</p>
  <p time="91020" is_ac="false">Ducasse was the sole survivor.</p>
  <p time="93660" is_ac="false">He was badly injured, but he was alive.</p>
  <p time="96120" is_ac="false">From his hospital bed, he went back to work.</p>
  <p time="99360" is_ac="false">Creating recipes, writing menus, 
and managing his restaurant.</p>
  <p time="103800" is_ac="false">He was unstoppable.</p>
  <p time="106740" is_ac="false">In 1986, the Prince of Monaco 
offered young Alain Ducasse a job.</p>
  <p time="111000" is_ac="false">Head chef at his brand new restaurant</p>
  <p time="113220" is_ac="false">Le Louis the 15th</p>
  <p time="115400" is_ac="false">But the position came with a challenge.</p>
  <p time="117600" is_ac="false">Get 3 Michelin stars within 4 years.</p>
  <p time="120720" is_ac="false">It took him just 33 months.</p>
  <p time="123900" is_ac="false">Today, Ducasse is the 2nd most decorated 
chef of all time with 21 Michelin stars.</p>
  <p time="129900" is_ac="false">He seems to have done it all.</p>
  <p time="131880" is_ac="false">Including a special menu for 
the International Space Station.</p>
  <p time="135600" is_ac="false">Making him one chef who’s cooking 
truly is out of this world.</p>
  <p time="143726" is_ac="false">We step in the door and wow.</p>
  <p time="147840" is_ac="false">Take your breath away.</p>
  <p time="149040" is_ac="false">The space is absolutely huge.</p>
  <p time="151980" is_ac="false">Now I know why it’s called Le Louis.</p>
  <p time="154920" is_ac="false">It was designed for a king.</p>
  <p time="157260" is_ac="false">I have to say, I’ve been here before.</p>
  <p time="159720" is_ac="false">In 2019.</p>
  <p time="160920" is_ac="false">And was not for me.</p>
  <p time="162600" is_ac="false">It was a bit boring and old-fashioned.</p>
  <p time="165120" is_ac="false">We are greeted warmly and shown to our table.</p>
  <p time="168180" is_ac="false">The champagne trolley comes around 
and they have a great selection.</p>
  <p time="171780" is_ac="false">I go for a glass of Bereche and Sons.</p>
  <p time="174960" is_ac="false">We decide on the 6 course 
tasting menu for 380 euros.</p>
  <p time="181760" is_ac="false">The first thing to the table was 
flat bread with mushrooms baked in.</p>
  <p time="186300" is_ac="false">They were super crunchy with a nutty flavor.</p>
  <p time="190620" is_ac="false">I really liked it.</p>
  <p time="194040" is_ac="false">Our appetiser shows us the 
colors along the riviera.</p>
  <p time="201289" is_ac="false">The amuse bouche is lightly smoked sashimi</p>
  <p time="203760" is_ac="false">from 4 different fish caught fresh that day.</p>
  <p time="208675" is_ac="false">The service is dramatic.</p>
  <p time="210540" is_ac="false">Everyone and everything is treated as if 
they are the most important in the world.</p>
  <p time="216480" is_ac="false">Here you can experience what 
it’s like to be royalty.</p>
  <p time="222061" is_ac="false">The first course is shrimp with 
rockfish jelly covered in gold caviar.</p>
  <p time="227220" is_ac="false">They say “if you’re going to 
serve caviar, use a big spoon.”</p>
  <p time="231900" is_ac="false">The chefs at Le Louis were listening.</p>
  <p time="234720" is_ac="false">It’s a tremendous opening course.</p>
  <p time="240524" is_ac="false">Our next course is Zebra squash with sea anemone.</p>
  <p time="244740" is_ac="false">Anemone are also known as the flowers of the sea.</p>
  <p time="248760" is_ac="false">But they are most famous as 
protectors of the clownfish</p>
  <p time="252300" is_ac="false">who are immune to their poisonous tentacles.</p>
  <p time="255420" is_ac="false">The cooking process makes them safe for us to eat.</p>
  <p time="258840" is_ac="false">They have an intense seafood 
flavor, offset nicely by the squash.</p>
  <p time="264360" is_ac="false">The eating tools here are playful, 
interesting and luxurious.</p>
  <p time="273180" is_ac="false">Our next course is blue lobster over a woodfire</p>
  <p time="276360" is_ac="false">The sweet, smoky flavor is 
mouthwatering to think about.</p>
  <p time="282900" is_ac="false">One of my favorites of the day.</p>
  <p time="288855" is_ac="false">Suddenly we are invited to tour the kitchen.</p>
  <p time="291780" is_ac="false">It is massive and buzzing with excitement.</p>
  <p time="296160" is_ac="false">We get to meet Chef Emmanuelle Pilon.</p>
  <p time="298680" is_ac="false">He is super friendly and generous with his time.</p>
  <p time="301560" is_ac="false">He puts the final touches on our next course.</p>
  <p time="304380" is_ac="false">Cuttlefish sliced razor thin with 
porcini mushrooms and ink juice.</p>
  <p time="310140" is_ac="false">This dish has rich, complex flavors</p>
  <p time="312660" is_ac="false">and we eat right there in the kitchen.</p>
  <p time="315120" is_ac="false">It feels spontaneous, but I’m 
sure it’s all part of the plan.</p>
  <p time="323199" is_ac="false">We get back for our main course.</p>
  <p time="325140" is_ac="false">Veal with green cabbage, 
crushed citron and anchovy</p>
  <p time="329580" is_ac="false">The veal is free-range, ultra-tender 
and cooked to perfection.</p>
  <p time="334912" is_ac="false">They find a beautiful balance of 
sweet, salty, sour and bitter.</p>
  <p time="341400" is_ac="false">The pre-dessert is a green apple and mint granita.</p>
  <p time="344580" is_ac="false">It’s a frozen dessert from Italy 
and here it is absolutely perfect.</p>
  <p time="349472" is_ac="false">No meal would be complete 
without the cheese trolley.</p>
  <p time="352620" is_ac="false">Of course, these are some of the best 
and most expensive cheeses in the world.</p>
  <p time="357420" is_ac="false">It's always nice to make your own selection.</p>
  <p time="360665" is_ac="false">The next dish looks delicious 
but its not for eating.</p>
  <p time="365460" is_ac="false">It’s actually rose petal-infused 
water for cleaning our hands.</p>
  <p time="370260" is_ac="false">Royal treatment once again.</p>
  <p time="373067" is_ac="false">We tried two desserts.</p>
  <p time="374880" is_ac="false">One is a rum baba, with a choice of rum.</p>
  <p time="378600" is_ac="false">I love the dramatic presentation.</p>
  <p time="382807" is_ac="false">The other is pear in three ways.</p>
  <p time="385560" is_ac="false">Slices, in a soufflé and a sorbet.</p>
  <p time="388740" is_ac="false">Irresistible.</p>
  <p time="393001" is_ac="false">After the meal, we go out to the terrace,</p>
  <p time="395435" is_ac="false">to enjoy the sights and sounds of Monte Carlo at night.</p>
  <p time="399251" is_ac="false">The waiter was so kind to bring the petit fours out to us.</p>
  <p time="404520" is_ac="false">It was a perfect end to a delightful experience.</p>
  <p time="408360" is_ac="false">For the drinks, the wine menu is huge.</p>
  <p time="411360" is_ac="false">Remember, they have four hundred thousand bottles.</p>
  <p time="415140" is_ac="false">I let the sommelier do his job and 
select wines to go with each course.</p>
  <p time="420107" is_ac="false">With the sashimi,</p>
  <p time="421200" is_ac="false">a lovely chardonnay, a premier cru from 
the Saint-Aubin region in France 2017.</p>
  <p time="427020" is_ac="false">With the squash and sea anemone,</p>
  <p time="429640" is_ac="false">an another wonderful chardonnay, 
a Chassange Montracher 2019</p>
  <p time="434525" is_ac="false">With the lobster,</p>
  <p time="435480" is_ac="false">a nice pinot from 2016.</p>
  <p time="438189" is_ac="false">With the main coure,</p>
  <p time="439140" is_ac="false">A Carignon from the South of 
France. A good match with the veal.</p>
  <p time="443340" is_ac="false">The sommelier was highly skilled and the 
wine work really nicely for it's price.</p>
  <p time="448973" is_ac="false">At the end of the day, the 
total for 2 came to 1007 Euros.</p>
  <p time="454500" is_ac="false">And now my final thoughts 
on Le Louis the fifteenth.</p>
  <p time="458040" is_ac="false">The design is unreal.</p>
  <p time="459720" is_ac="false">It’s a palace of pure luxury.</p>
  <p time="462300" is_ac="false">The walls, the ceiling.</p>
  <p time="464520" is_ac="false">All the special utencils.</p>
  <p time="466200" is_ac="false">I love it.</p>
  <p time="467220" is_ac="false">The service was great.</p>
  <p time="469020" is_ac="false">They really know how to make you feel important.</p>
  <p time="472080" is_ac="false">I liked the perfect mirror service.</p>
  <p time="474660" is_ac="false">Elegant and professional but kind and generous.</p>
  <p time="478860" is_ac="false">I had a great meal.</p>
  <p time="480480" is_ac="false">Since my last visit, the kitchen has 
grown and exiting new directions.</p>
  <p time="484547" is_ac="false">They have kept the traditional 
French cuisine but added a twist.</p>
  <p time="488040" is_ac="false">Like the fermented vegetables and the sashimi.</p>
  <p time="490860" is_ac="false">Beside the chef, I would like 
to highlight another gentlemen,</p>
  <p time="494040" is_ac="false">the headwaiter.</p>
  <p time="495420" is_ac="false">He was like a conductor, 
organizing everything brilliantly.</p>
  <p time="499080" is_ac="false">It must be challenging to maintain 
perfection in this massive place.</p>
  <p time="503220" is_ac="false">For me, Le Louis the 15th redeemed itself today.</p>
  <p time="507480" is_ac="false">Here you can experience what it's like to be king.</p>
  <p time="512637" is_ac="false">Thank you for joining me</p>
  <p time="514123" is_ac="false">If you like this video, hit the subscribe button</p>
  <p time="516354" is_ac="false">See you next time</p>
</text>
